[2025-12-16T08:04:10.733+0000][0.006s][info][gc] Using G1
[2025-12-16T08:04:10.737+0000][0.010s][info][gc,init] Version: 17.0.16+8-Debian-1deb12u1 (release)
[2025-12-16T08:04:10.737+0000][0.010s][info][gc,init] CPUs: 16 total, 16 available
[2025-12-16T08:04:10.737+0000][0.010s][info][gc,init] Memory: 7590M
[2025-12-16T08:04:10.737+0000][0.010s][info][gc,init] Large Page Support: Disabled
[2025-12-16T08:04:10.737+0000][0.010s][info][gc,init] NUMA Support: Disabled
[2025-12-16T08:04:10.737+0000][0.010s][info][gc,init] Compressed Oops: Enabled (32-bit)
[2025-12-16T08:04:10.737+0000][0.010s][info][gc,init] Heap Region Size: 1M
[2025-12-16T08:04:10.737+0000][0.010s][info][gc,init] Heap Min Capacity: 8M
[2025-12-16T08:04:10.737+0000][0.010s][info][gc,init] Heap Initial Capacity: 120M
[2025-12-16T08:04:10.737+0000][0.010s][info][gc,init] Heap Max Capacity: 1898M
[2025-12-16T08:04:10.737+0000][0.010s][info][gc,init] Pre-touch: Disabled
[2025-12-16T08:04:10.737+0000][0.010s][info][gc,init] Parallel Workers: 13
[2025-12-16T08:04:10.737+0000][0.010s][info][gc,init] Concurrent Workers: 3
[2025-12-16T08:04:10.737+0000][0.010s][info][gc,init] Concurrent Refinement Workers: 13
[2025-12-16T08:04:10.737+0000][0.010s][info][gc,init] Periodic GC: Disabled
[2025-12-16T08:04:10.766+0000][0.039s][info][gc,metaspace] CDS archive(s) mapped at: [0x000070e8ab000000-0x000070e8abbca000-0x000070e8abbca000), size 12361728, SharedBaseAddress: 0x000070e8ab000000, ArchiveRelocationMode: 1.
[2025-12-16T08:04:10.766+0000][0.039s][info][gc,metaspace] Compressed class space mapped at: 0x000070e8ac000000-0x000070e8ec000000, reserved size: 1073741824
[2025-12-16T08:04:10.766+0000][0.039s][info][gc,metaspace] Narrow klass base: 0x000070e8ab000000, Narrow klass shift: 0, Narrow klass range: 0x100000000
[2025-12-16T08:04:10.778+0000][0.052s][info][cds,heap    ] initialize_from_archived_subgraph java.lang.Module$ArchivedData 0x000070e8ab1837f0 (early)
[2025-12-16T08:04:10.779+0000][0.052s][info][cds,heap    ] initialize_from_archived_subgraph java.util.ImmutableCollections 0x000070e8ab072308 (early)
[2025-12-16T08:04:10.783+0000][0.057s][info][cds,heap    ] initialize_from_archived_subgraph java.lang.Integer$IntegerCache 0x000070e8ab037660 (early)
[2025-12-16T08:04:10.789+0000][0.062s][info][cds,heap    ] initialize_from_archived_subgraph java.lang.module.Configuration 0x000070e8ab171770 (early)
[2025-12-16T08:04:10.789+0000][0.062s][info][cds,heap    ] initialize_from_archived_subgraph java.lang.ModuleLayer 0x000070e8ab145ba8 (early)
[2025-12-16T08:04:10.790+0000][0.063s][info][cds,heap    ] initialize_from_archived_subgraph jdk.internal.loader.ArchivedClassLoaders 0x000070e8ab1a7e68 (early)
[2025-12-16T08:04:10.790+0000][0.063s][info][cds,heap    ] initialize_from_archived_subgraph jdk.internal.module.ArchivedBootLayer 0x000070e8ab1783b0 (early)
[2025-12-16T08:04:10.792+0000][0.065s][info][cds,heap    ] initialize_from_archived_subgraph sun.util.locale.BaseLocale 0x000070e8ab26ebf0
[2025-12-16T08:04:10.807+0000][0.080s][info][cds,heap    ] initialize_from_archived_subgraph java.util.jar.Attributes$Name 0x000070e8ab1998d0
[2025-12-16T08:04:10.846+0000][0.119s][info][cds,heap    ] initialize_from_archived_subgraph java.lang.Long$LongCache 0x000070e8ab020f98
[2025-12-16T08:04:10.952+0000][0.225s][info][cds,heap    ] initialize_from_archived_subgraph java.lang.Character$CharacterCache 0x000070e8ab03a9e8
[2025-12-16T08:04:11.295+0000][0.569s][debug][safepoint   ] Safepoint synchronization initiated using futex wait barrier. (20 threads)
[2025-12-16T08:04:11.296+0000][0.569s][info ][safepoint   ] Safepoint "ICBufferFull", Time since last: 518307308 ns, Reaching safepoint: 151934 ns, Cleanup: 102308 ns, At safepoint: 99243 ns, Total: 353485 ns
[2025-12-16T08:04:11.579+0000][0.852s][debug][safepoint   ] Safepoint synchronization initiated using futex wait barrier. (20 threads)
[2025-12-16T08:04:11.579+0000][0.852s][info ][gc,start    ] GC(0) Pause Young (Normal) (G1 Evacuation Pause)
[2025-12-16T08:04:11.580+0000][0.853s][info ][gc,task     ] GC(0) Using 2 workers of 13 for evacuation
[2025-12-16T08:04:11.600+0000][0.873s][info ][gc,phases   ] GC(0)   Pre Evacuate Collection Set: 0.2ms
[2025-12-16T08:04:11.600+0000][0.873s][info ][gc,phases   ] GC(0)   Merge Heap Roots: 0.2ms
[2025-12-16T08:04:11.600+0000][0.873s][info ][gc,phases   ] GC(0)   Evacuate Collection Set: 17.1ms
[2025-12-16T08:04:11.600+0000][0.873s][info ][gc,phases   ] GC(0)   Post Evacuate Collection Set: 2.3ms
[2025-12-16T08:04:11.600+0000][0.873s][info ][gc,phases   ] GC(0)   Other: 0.6ms
[2025-12-16T08:04:11.600+0000][0.873s][info ][gc,heap     ] GC(0) Eden regions: 56->0(58)
[2025-12-16T08:04:11.600+0000][0.873s][info ][gc,heap     ] GC(0) Survivor regions: 0->7(7)
[2025-12-16T08:04:11.600+0000][0.873s][info ][gc,heap     ] GC(0) Old regions: 0->2
[2025-12-16T08:04:11.600+0000][0.873s][info ][gc,heap     ] GC(0) Archive regions: 2->2
[2025-12-16T08:04:11.600+0000][0.873s][info ][gc,heap     ] GC(0) Humongous regions: 0->0
[2025-12-16T08:04:11.600+0000][0.873s][info ][gc,metaspace] GC(0) Metaspace: 2686K(2880K)->2686K(2880K) NonClass: 2437K(2560K)->2437K(2560K) Class: 249K(320K)->249K(320K)
[2025-12-16T08:04:11.600+0000][0.873s][info ][gc          ] GC(0) Pause Young (Normal) (G1 Evacuation Pause) 56M->9M(122M) 20.468ms
[2025-12-16T08:04:11.600+0000][0.873s][info ][gc,cpu      ] GC(0) User=0.07s Sys=0.02s Real=0.02s
[2025-12-16T08:04:11.600+0000][0.873s][info ][safepoint   ] Safepoint "G1CollectForAllocation", Time since last: 283199724 ns, Reaching safepoint: 46661 ns, Cleanup: 52802 ns, At safepoint: 20655243 ns, Total: 20754706 ns
[2025-12-16T08:04:11.970+0000][1.243s][debug][safepoint   ] Safepoint synchronization initiated using futex wait barrier. (20 threads)
[2025-12-16T08:04:11.970+0000][1.244s][info ][gc,start    ] GC(1) Pause Young (Normal) (G1 Evacuation Pause)
[2025-12-16T08:04:11.970+0000][1.244s][info ][gc,task     ] GC(1) Using 2 workers of 13 for evacuation
[2025-12-16T08:04:11.988+0000][1.261s][info ][gc,phases   ] GC(1)   Pre Evacuate Collection Set: 0.1ms
[2025-12-16T08:04:11.988+0000][1.261s][info ][gc,phases   ] GC(1)   Merge Heap Roots: 0.1ms
[2025-12-16T08:04:11.988+0000][1.261s][info ][gc,phases   ] GC(1)   Evacuate Collection Set: 14.5ms
[2025-12-16T08:04:11.988+0000][1.261s][info ][gc,phases   ] GC(1)   Post Evacuate Collection Set: 2.9ms
[2025-12-16T08:04:11.988+0000][1.262s][info ][gc,phases   ] GC(1)   Other: 0.1ms
[2025-12-16T08:04:11.988+0000][1.262s][info ][gc,heap     ] GC(1) Eden regions: 58->0(65)
[2025-12-16T08:04:11.988+0000][1.262s][info ][gc,heap     ] GC(1) Survivor regions: 7->3(9)
[2025-12-16T08:04:11.988+0000][1.262s][info ][gc,heap     ] GC(1) Old regions: 2->9
[2025-12-16T08:04:11.988+0000][1.262s][info ][gc,heap     ] GC(1) Archive regions: 2->2
[2025-12-16T08:04:11.988+0000][1.262s][info ][gc,heap     ] GC(1) Humongous regions: 0->0
[2025-12-16T08:04:11.988+0000][1.262s][info ][gc,metaspace] GC(1) Metaspace: 4634K(4928K)->4634K(4928K) NonClass: 4091K(4224K)->4091K(4224K) Class: 543K(704K)->543K(704K)
[2025-12-16T08:04:11.988+0000][1.262s][info ][gc          ] GC(1) Pause Young (Normal) (G1 Evacuation Pause) 67M->11M(122M) 17.987ms
[2025-12-16T08:04:11.988+0000][1.262s][info ][gc,cpu      ] GC(1) User=0.07s Sys=0.02s Real=0.02s
[2025-12-16T08:04:11.989+0000][1.262s][info ][safepoint   ] Safepoint "G1CollectForAllocation", Time since last: 370604406 ns, Reaching safepoint: 47272 ns, Cleanup: 73221 ns, At safepoint: 18127070 ns, Total: 18247563 ns
[2025-12-16T08:04:12.460+0000][1.734s][debug][safepoint   ] Safepoint synchronization initiated using futex wait barrier. (20 threads)
[2025-12-16T08:04:12.461+0000][1.734s][info ][gc,start    ] GC(2) Pause Young (Normal) (G1 Evacuation Pause)
[2025-12-16T08:04:12.461+0000][1.734s][info ][gc,task     ] GC(2) Using 2 workers of 13 for evacuation
[2025-12-16T08:04:12.468+0000][1.741s][info ][gc,phases   ] GC(2)   Pre Evacuate Collection Set: 0.2ms
[2025-12-16T08:04:12.468+0000][1.741s][info ][gc,phases   ] GC(2)   Merge Heap Roots: 0.2ms
[2025-12-16T08:04:12.468+0000][1.741s][info ][gc,phases   ] GC(2)   Evacuate Collection Set: 5.9ms
[2025-12-16T08:04:12.468+0000][1.741s][info ][gc,phases   ] GC(2)   Post Evacuate Collection Set: 0.8ms
[2025-12-16T08:04:12.468+0000][1.741s][info ][gc,phases   ] GC(2)   Other: 0.1ms
[2025-12-16T08:04:12.468+0000][1.741s][info ][gc,heap     ] GC(2) Eden regions: 65->0(67)
[2025-12-16T08:04:12.468+0000][1.741s][info ][gc,heap     ] GC(2) Survivor regions: 3->5(9)
[2025-12-16T08:04:12.468+0000][1.741s][info ][gc,heap     ] GC(2) Old regions: 9->9
[2025-12-16T08:04:12.468+0000][1.741s][info ][gc,heap     ] GC(2) Archive regions: 2->2
[2025-12-16T08:04:12.468+0000][1.741s][info ][gc,heap     ] GC(2) Humongous regions: 0->0
[2025-12-16T08:04:12.468+0000][1.741s][info ][gc,metaspace] GC(2) Metaspace: 7859K(8192K)->7859K(8192K) NonClass: 6859K(7040K)->6859K(7040K) Class: 1000K(1152K)->1000K(1152K)
[2025-12-16T08:04:12.468+0000][1.741s][info ][gc          ] GC(2) Pause Young (Normal) (G1 Evacuation Pause) 76M->13M(122M) 7.232ms
[2025-12-16T08:04:12.468+0000][1.741s][info ][gc,cpu      ] GC(2) User=0.01s Sys=0.01s Real=0.01s
[2025-12-16T08:04:12.468+0000][1.741s][info ][safepoint   ] Safepoint "G1CollectForAllocation", Time since last: 471896255 ns, Reaching safepoint: 78372 ns, Cleanup: 284391 ns, At safepoint: 7322480 ns, Total: 7685243 ns
[2025-12-16T08:04:12.923+0000][2.196s][debug][safepoint   ] Safepoint synchronization initiated using futex wait barrier. (19 threads)
[2025-12-16T08:04:12.923+0000][2.196s][info ][gc,start    ] GC(3) Pause Young (Normal) (G1 Evacuation Pause)
[2025-12-16T08:04:12.923+0000][2.196s][info ][gc,task     ] GC(3) Using 2 workers of 13 for evacuation
[2025-12-16T08:04:12.934+0000][2.207s][info ][gc,phases   ] GC(3)   Pre Evacuate Collection Set: 0.1ms
[2025-12-16T08:04:12.934+0000][2.207s][info ][gc,phases   ] GC(3)   Merge Heap Roots: 0.2ms
[2025-12-16T08:04:12.934+0000][2.207s][info ][gc,phases   ] GC(3)   Evacuate Collection Set: 9.4ms
[2025-12-16T08:04:12.934+0000][2.207s][info ][gc,phases   ] GC(3)   Post Evacuate Collection Set: 1.0ms
[2025-12-16T08:04:12.934+0000][2.207s][info ][gc,phases   ] GC(3)   Other: 0.1ms
[2025-12-16T08:04:12.934+0000][2.207s][info ][gc,heap     ] GC(3) Eden regions: 67->0(67)
[2025-12-16T08:04:12.934+0000][2.207s][info ][gc,heap     ] GC(3) Survivor regions: 5->5(9)
[2025-12-16T08:04:12.934+0000][2.207s][info ][gc,heap     ] GC(3) Old regions: 9->9
[2025-12-16T08:04:12.934+0000][2.207s][info ][gc,heap     ] GC(3) Archive regions: 2->2
[2025-12-16T08:04:12.934+0000][2.207s][info ][gc,heap     ] GC(3) Humongous regions: 0->0
[2025-12-16T08:04:12.934+0000][2.207s][info ][gc,metaspace] GC(3) Metaspace: 11090K(11392K)->11090K(11392K) NonClass: 9631K(9792K)->9631K(9792K) Class: 1459K(1600K)->1459K(1600K)
[2025-12-16T08:04:12.934+0000][2.207s][info ][gc          ] GC(3) Pause Young (Normal) (G1 Evacuation Pause) 80M->14M(122M) 10.918ms
[2025-12-16T08:04:12.934+0000][2.207s][info ][gc,cpu      ] GC(3) User=0.04s Sys=0.01s Real=0.02s
[2025-12-16T08:04:12.934+0000][2.207s][info ][safepoint   ] Safepoint "G1CollectForAllocation", Time since last: 454633666 ns, Reaching safepoint: 46760 ns, Cleanup: 126726 ns, At safepoint: 11010423 ns, Total: 11183909 ns
[2025-12-16T08:04:13.221+0000][2.494s][debug][safepoint   ] Safepoint synchronization initiated using futex wait barrier. (19 threads)
[2025-12-16T08:04:13.221+0000][2.494s][info ][safepoint   ] Safepoint "ICBufferFull", Time since last: 286684698 ns, Reaching safepoint: 55648 ns, Cleanup: 109783 ns, At safepoint: 31631 ns, Total: 197062 ns
[2025-12-16T08:04:13.376+0000][2.649s][debug][safepoint   ] Safepoint synchronization initiated using futex wait barrier. (21 threads)
[2025-12-16T08:04:13.377+0000][2.650s][info ][gc,start    ] GC(4) Pause Young (Normal) (G1 Evacuation Pause)
[2025-12-16T08:04:13.377+0000][2.650s][info ][gc,task     ] GC(4) Using 4 workers of 13 for evacuation
[2025-12-16T08:04:13.383+0000][2.656s][info ][gc,phases   ] GC(4)   Pre Evacuate Collection Set: 0.1ms
[2025-12-16T08:04:13.383+0000][2.656s][info ][gc,phases   ] GC(4)   Merge Heap Roots: 0.1ms
[2025-12-16T08:04:13.383+0000][2.656s][info ][gc,phases   ] GC(4)   Evacuate Collection Set: 4.5ms
[2025-12-16T08:04:13.383+0000][2.656s][info ][gc,phases   ] GC(4)   Post Evacuate Collection Set: 1.5ms
[2025-12-16T08:04:13.383+0000][2.656s][info ][gc,phases   ] GC(4)   Other: 0.1ms
[2025-12-16T08:04:13.383+0000][2.656s][info ][gc,heap     ] GC(4) Eden regions: 67->0(83)
[2025-12-16T08:04:13.383+0000][2.656s][info ][gc,heap     ] GC(4) Survivor regions: 5->6(9)
[2025-12-16T08:04:13.383+0000][2.656s][info ][gc,heap     ] GC(4) Old regions: 9->11
[2025-12-16T08:04:13.383+0000][2.656s][info ][gc,heap     ] GC(4) Archive regions: 2->2
[2025-12-16T08:04:13.383+0000][2.656s][info ][gc,heap     ] GC(4) Humongous regions: 0->0
[2025-12-16T08:04:13.383+0000][2.656s][info ][gc,metaspace] GC(4) Metaspace: 13156K(13504K)->13156K(13504K) NonClass: 11452K(11648K)->11452K(11648K) Class: 1703K(1856K)->1703K(1856K)
[2025-12-16T08:04:13.383+0000][2.656s][info ][gc          ] GC(4) Pause Young (Normal) (G1 Evacuation Pause) 81M->16M(149M) 6.414ms
[2025-12-16T08:04:13.383+0000][2.656s][info ][gc,cpu      ] GC(4) User=0.06s Sys=0.00s Real=0.00s
[2025-12-16T08:04:13.383+0000][2.656s][info ][safepoint   ] Safepoint "G1CollectForAllocation", Time since last: 155419266 ns, Reaching safepoint: 157791 ns, Cleanup: 104733 ns, At safepoint: 6567134 ns, Total: 6829658 ns
[2025-12-16T08:04:13.589+0000][2.862s][debug][safepoint   ] Safepoint synchronization initiated using futex wait barrier. (21 threads)
[2025-12-16T08:04:13.589+0000][2.862s][info ][gc,start    ] GC(5) Pause Young (Normal) (G1 Evacuation Pause)
[2025-12-16T08:04:13.589+0000][2.862s][info ][gc,task     ] GC(5) Using 4 workers of 13 for evacuation
[2025-12-16T08:04:13.593+0000][2.866s][info ][gc,phases   ] GC(5)   Pre Evacuate Collection Set: 0.1ms
[2025-12-16T08:04:13.593+0000][2.866s][info ][gc,phases   ] GC(5)   Merge Heap Roots: 0.1ms
[2025-12-16T08:04:13.593+0000][2.866s][info ][gc,phases   ] GC(5)   Evacuate Collection Set: 2.6ms
[2025-12-16T08:04:13.593+0000][2.866s][info ][gc,phases   ] GC(5)   Post Evacuate Collection Set: 1.1ms
[2025-12-16T08:04:13.593+0000][2.866s][info ][gc,phases   ] GC(5)   Other: 0.1ms
[2025-12-16T08:04:13.593+0000][2.866s][info ][gc,heap     ] GC(5) Eden regions: 83->0(83)
[2025-12-16T08:04:13.593+0000][2.866s][info ][gc,heap     ] GC(5) Survivor regions: 6->6(12)
[2025-12-16T08:04:13.593+0000][2.866s][info ][gc,heap     ] GC(5) Old regions: 11->11
[2025-12-16T08:04:13.593+0000][2.866s][info ][gc,heap     ] GC(5) Archive regions: 2->2
[2025-12-16T08:04:13.593+0000][2.866s][info ][gc,heap     ] GC(5) Humongous regions: 0->0
[2025-12-16T08:04:13.593+0000][2.866s][info ][gc,metaspace] GC(5) Metaspace: 15804K(16128K)->15804K(16128K) NonClass: 13693K(13824K)->13693K(13824K) Class: 2110K(2304K)->2110K(2304K)
[2025-12-16T08:04:13.593+0000][2.866s][info ][gc          ] GC(5) Pause Young (Normal) (G1 Evacuation Pause) 99M->17M(149M) 4.154ms
[2025-12-16T08:04:13.593+0000][2.866s][info ][gc,cpu      ] GC(5) User=0.00s Sys=0.01s Real=0.01s
[2025-12-16T08:04:13.593+0000][2.866s][info ][safepoint   ] Safepoint "G1CollectForAllocation", Time since last: 205383865 ns, Reaching safepoint: 248010 ns, Cleanup: 56089 ns, At safepoint: 4322455 ns, Total: 4626554 ns
[2025-12-16T08:04:13.628+0000][2.901s][info ][cds,heap    ] initialize_from_archived_subgraph java.lang.Byte$ByteCache 0x000070e8ab03abf8
[2025-12-16T08:04:13.628+0000][2.901s][info ][cds,heap    ] initialize_from_archived_subgraph java.lang.Short$ShortCache 0x000070e8ab0412e8
[2025-12-16T08:04:13.751+0000][3.024s][debug][safepoint   ] Safepoint synchronization initiated using futex wait barrier. (22 threads)
[2025-12-16T08:04:13.751+0000][3.024s][debug][safepoint   ] ... found polling page loop exception at pc = 0x000070e9111a90bc, stub =0x000070e910a04400
[2025-12-16T08:04:13.751+0000][3.025s][info ][gc,start    ] GC(6) Pause Young (Normal) (G1 Evacuation Pause)
[2025-12-16T08:04:13.751+0000][3.025s][info ][gc,task     ] GC(6) Using 4 workers of 13 for evacuation
[2025-12-16T08:04:13.757+0000][3.030s][info ][gc,phases   ] GC(6)   Pre Evacuate Collection Set: 0.1ms
[2025-12-16T08:04:13.757+0000][3.030s][info ][gc,phases   ] GC(6)   Merge Heap Roots: 0.1ms
[2025-12-16T08:04:13.757+0000][3.030s][info ][gc,phases   ] GC(6)   Evacuate Collection Set: 4.0ms
[2025-12-16T08:04:13.757+0000][3.030s][info ][gc,phases   ] GC(6)   Post Evacuate Collection Set: 1.1ms
[2025-12-16T08:04:13.757+0000][3.030s][info ][gc,phases   ] GC(6)   Other: 0.1ms
[2025-12-16T08:04:13.757+0000][3.030s][info ][gc,heap     ] GC(6) Eden regions: 83->0(79)
[2025-12-16T08:04:13.757+0000][3.030s][info ][gc,heap     ] GC(6) Survivor regions: 6->10(12)
[2025-12-16T08:04:13.757+0000][3.030s][info ][gc,heap     ] GC(6) Old regions: 11->11
[2025-12-16T08:04:13.757+0000][3.030s][info ][gc,heap     ] GC(6) Archive regions: 2->2
[2025-12-16T08:04:13.757+0000][3.030s][info ][gc,heap     ] GC(6) Humongous regions: 0->0
[2025-12-16T08:04:13.757+0000][3.030s][info ][gc,metaspace] GC(6) Metaspace: 17716K(18048K)->17716K(18048K) NonClass: 15301K(15488K)->15301K(15488K) Class: 2415K(2560K)->2415K(2560K)
[2025-12-16T08:04:13.757+0000][3.030s][info ][gc          ] GC(6) Pause Young (Normal) (G1 Evacuation Pause) 100M->20M(149M) 5.732ms
[2025-12-16T08:04:13.757+0000][3.030s][info ][gc,cpu      ] GC(6) User=0.04s Sys=0.01s Real=0.01s
[2025-12-16T08:04:13.757+0000][3.031s][info ][safepoint   ] Safepoint "G1CollectForAllocation", Time since last: 158114413 ns, Reaching safepoint: 143027 ns, Cleanup: 66409 ns, At safepoint: 5984305 ns, Total: 6193741 ns
[2025-12-16T08:04:13.933+0000][3.206s][debug][safepoint   ] Safepoint synchronization initiated using futex wait barrier. (24 threads)
[2025-12-16T08:04:13.933+0000][3.206s][info ][gc,start    ] GC(7) Pause Young (Concurrent Start) (Metadata GC Threshold)
[2025-12-16T08:04:13.933+0000][3.206s][info ][gc,task     ] GC(7) Using 4 workers of 13 for evacuation
[2025-12-16T08:04:13.941+0000][3.214s][info ][gc,phases   ] GC(7)   Pre Evacuate Collection Set: 0.1ms
[2025-12-16T08:04:13.941+0000][3.214s][info ][gc,phases   ] GC(7)   Merge Heap Roots: 0.1ms
[2025-12-16T08:04:13.941+0000][3.214s][info ][gc,phases   ] GC(7)   Evacuate Collection Set: 6.5ms
[2025-12-16T08:04:13.941+0000][3.214s][info ][gc,phases   ] GC(7)   Post Evacuate Collection Set: 0.9ms
[2025-12-16T08:04:13.941+0000][3.214s][info ][gc,phases   ] GC(7)   Other: 0.4ms
[2025-12-16T08:04:13.941+0000][3.214s][info ][gc,heap     ] GC(7) Eden regions: 61->0(82)
[2025-12-16T08:04:13.941+0000][3.214s][info ][gc,heap     ] GC(7) Survivor regions: 10->7(12)
[2025-12-16T08:04:13.941+0000][3.214s][info ][gc,heap     ] GC(7) Old regions: 11->15
[2025-12-16T08:04:13.941+0000][3.214s][info ][gc,heap     ] GC(7) Archive regions: 2->2
[2025-12-16T08:04:13.941+0000][3.214s][info ][gc,heap     ] GC(7) Humongous regions: 0->0
[2025-12-16T08:04:13.941+0000][3.214s][info ][gc,metaspace] GC(7) Metaspace: 21215K(21504K)->21215K(21504K) NonClass: 18441K(18560K)->18441K(18560K) Class: 2774K(2944K)->2774K(2944K)
[2025-12-16T08:04:13.941+0000][3.214s][info ][gc          ] GC(7) Pause Young (Concurrent Start) (Metadata GC Threshold) 81M->22M(149M) 8.078ms
[2025-12-16T08:04:13.941+0000][3.214s][info ][gc,cpu      ] GC(7) User=0.05s Sys=0.00s Real=0.00s
[2025-12-16T08:04:13.941+0000][3.214s][info ][gc          ] GC(8) Concurrent Mark Cycle
[2025-12-16T08:04:13.941+0000][3.214s][info ][gc,marking  ] GC(8) Concurrent Clear Claimed Marks
[2025-12-16T08:04:13.941+0000][3.214s][info ][gc,marking  ] GC(8) Concurrent Clear Claimed Marks 0.041ms
[2025-12-16T08:04:13.941+0000][3.214s][info ][gc,marking  ] GC(8) Concurrent Scan Root Regions
[2025-12-16T08:04:13.941+0000][3.214s][info ][safepoint   ] Safepoint "CollectForMetadataAllocation", Time since last: 175422313 ns, Reaching safepoint: 137527 ns, Cleanup: 121685 ns, At safepoint: 8250734 ns, Total: 8509946 ns
[2025-12-16T08:04:13.945+0000][3.218s][info ][gc,marking  ] GC(8) Concurrent Scan Root Regions 3.256ms
[2025-12-16T08:04:13.945+0000][3.218s][info ][gc,marking  ] GC(8) Concurrent Mark
[2025-12-16T08:04:13.945+0000][3.218s][info ][gc,marking  ] GC(8) Concurrent Mark From Roots
[2025-12-16T08:04:13.945+0000][3.218s][info ][gc,task     ] GC(8) Using 3 workers of 3 for marking
[2025-12-16T08:04:13.951+0000][3.224s][info ][gc,marking  ] GC(8) Concurrent Mark From Roots 6.301ms
[2025-12-16T08:04:13.951+0000][3.224s][info ][gc,marking  ] GC(8) Concurrent Preclean
[2025-12-16T08:04:13.951+0000][3.224s][info ][gc,marking  ] GC(8) Concurrent Preclean 0.263ms
[2025-12-16T08:04:13.951+0000][3.224s][debug][safepoint   ] Safepoint synchronization initiated using futex wait barrier. (24 threads)
[2025-12-16T08:04:13.952+0000][3.225s][info ][gc,start    ] GC(8) Pause Remark
[2025-12-16T08:04:13.954+0000][3.227s][info ][gc          ] GC(8) Pause Remark 24M->24M(87M) 2.659ms
[2025-12-16T08:04:13.954+0000][3.227s][info ][gc,cpu      ] GC(8) User=0.02s Sys=0.00s Real=0.01s
[2025-12-16T08:04:13.954+0000][3.228s][info ][safepoint   ] Safepoint "G1PauseRemark", Time since last: 10019463 ns, Reaching safepoint: 105555 ns, Cleanup: 8777 ns, At safepoint: 2945327 ns, Total: 3059659 ns
[2025-12-16T08:04:13.955+0000][3.228s][info ][gc,marking  ] GC(8) Concurrent Mark 10.066ms
[2025-12-16T08:04:13.955+0000][3.228s][info ][gc,marking  ] GC(8) Concurrent Rebuild Remembered Sets
[2025-12-16T08:04:13.955+0000][3.228s][info ][gc,marking  ] GC(8) Concurrent Rebuild Remembered Sets 0.006ms
[2025-12-16T08:04:13.966+0000][3.239s][debug][safepoint   ] Safepoint synchronization initiated using futex wait barrier. (24 threads)
[2025-12-16T08:04:13.966+0000][3.239s][debug][safepoint   ] ... found polling page loop exception at pc = 0x000070e911389410, stub =0x000070e910a04400
[2025-12-16T08:04:13.967+0000][3.240s][info ][gc,start    ] GC(8) Pause Cleanup
[2025-12-16T08:04:13.967+0000][3.240s][info ][gc          ] GC(8) Pause Cleanup 24M->24M(87M) 0.022ms
[2025-12-16T08:04:13.967+0000][3.240s][info ][gc,cpu      ] GC(8) User=0.00s Sys=0.00s Real=0.00s
[2025-12-16T08:04:13.967+0000][3.240s][info ][safepoint   ] Safepoint "G1PauseCleanup", Time since last: 362312 ns, Reaching safepoint: 11675714 ns, Cleanup: 8406 ns, At safepoint: 302146 ns, Total: 11986266 ns
[2025-12-16T08:04:13.967+0000][3.240s][info ][gc,marking  ] GC(8) Concurrent Cleanup for Next Mark
[2025-12-16T08:04:13.968+0000][3.241s][info ][gc,marking  ] GC(8) Concurrent Cleanup for Next Mark 1.109ms
[2025-12-16T08:04:13.968+0000][3.241s][info ][gc          ] GC(8) Concurrent Mark Cycle 26.733ms
[2025-12-16T08:04:14.288+0000][3.561s][debug][safepoint   ] Safepoint synchronization initiated using futex wait barrier. (24 threads)
[2025-12-16T08:04:14.288+0000][3.561s][info ][gc,start    ] GC(9) Pause Young (Normal) (G1 Preventive Collection)
[2025-12-16T08:04:14.288+0000][3.561s][info ][gc,task     ] GC(9) Using 4 workers of 13 for evacuation
[2025-12-16T08:04:14.295+0000][3.569s][info ][gc,phases   ] GC(9)   Pre Evacuate Collection Set: 0.1ms
[2025-12-16T08:04:14.295+0000][3.569s][info ][gc,phases   ] GC(9)   Merge Heap Roots: 0.1ms
[2025-12-16T08:04:14.295+0000][3.569s][info ][gc,phases   ] GC(9)   Evacuate Collection Set: 5.9ms
[2025-12-16T08:04:14.296+0000][3.569s][info ][gc,phases   ] GC(9)   Post Evacuate Collection Set: 1.0ms
[2025-12-16T08:04:14.296+0000][3.569s][info ][gc,phases   ] GC(9)   Other: 0.1ms
[2025-12-16T08:04:14.296+0000][3.569s][info ][gc,heap     ] GC(9) Eden regions: 52->0(43)
[2025-12-16T08:04:14.296+0000][3.569s][info ][gc,heap     ] GC(9) Survivor regions: 7->9(12)
[2025-12-16T08:04:14.296+0000][3.569s][info ][gc,heap     ] GC(9) Old regions: 15->15
[2025-12-16T08:04:14.296+0000][3.569s][info ][gc,heap     ] GC(9) Archive regions: 2->2
[2025-12-16T08:04:14.296+0000][3.569s][info ][gc,heap     ] GC(9) Humongous regions: 0->0
[2025-12-16T08:04:14.296+0000][3.569s][info ][gc,metaspace] GC(9) Metaspace: 23554K(23872K)->23554K(23872K) NonClass: 20451K(20608K)->20451K(20608K) Class: 3102K(3264K)->3102K(3264K)
[2025-12-16T08:04:14.296+0000][3.569s][info ][gc          ] GC(9) Pause Young (Normal) (G1 Preventive Collection) 74M->24M(87M) 7.335ms
[2025-12-16T08:04:14.296+0000][3.569s][info ][gc,cpu      ] GC(9) User=0.05s Sys=0.01s Real=0.01s
[2025-12-16T08:04:14.296+0000][3.569s][info ][safepoint   ] Safepoint "G1CollectForAllocation", Time since last: 321105012 ns, Reaching safepoint: 188245 ns, Cleanup: 106246 ns, At safepoint: 7510862 ns, Total: 7805353 ns
[2025-12-16T08:04:14.419+0000][3.692s][debug][safepoint   ] Safepoint synchronization initiated using futex wait barrier. (24 threads)
[2025-12-16T08:04:14.419+0000][3.692s][info ][gc,start    ] GC(10) Pause Young (Normal) (G1 Evacuation Pause)
[2025-12-16T08:04:14.419+0000][3.692s][info ][gc,task     ] GC(10) Using 4 workers of 13 for evacuation
[2025-12-16T08:04:14.425+0000][3.698s][info ][gc,phases   ] GC(10)   Pre Evacuate Collection Set: 0.1ms
[2025-12-16T08:04:14.425+0000][3.698s][info ][gc,phases   ] GC(10)   Merge Heap Roots: 0.1ms
[2025-12-16T08:04:14.425+0000][3.698s][info ][gc,phases   ] GC(10)   Evacuate Collection Set: 4.6ms
[2025-12-16T08:04:14.425+0000][3.698s][info ][gc,phases   ] GC(10)   Post Evacuate Collection Set: 1.2ms
[2025-12-16T08:04:14.425+0000][3.698s][info ][gc,phases   ] GC(10)   Other: 0.1ms
[2025-12-16T08:04:14.425+0000][3.698s][info ][gc,heap     ] GC(10) Eden regions: 43->0(56)
[2025-12-16T08:04:14.425+0000][3.698s][info ][gc,heap     ] GC(10) Survivor regions: 9->6(7)
[2025-12-16T08:04:14.425+0000][3.698s][info ][gc,heap     ] GC(10) Old regions: 15->21
[2025-12-16T08:04:14.425+0000][3.698s][info ][gc,heap     ] GC(10) Archive regions: 2->2
[2025-12-16T08:04:14.425+0000][3.698s][info ][gc,heap     ] GC(10) Humongous regions: 0->0
[2025-12-16T08:04:14.425+0000][3.698s][info ][gc,metaspace] GC(10) Metaspace: 25056K(25344K)->25056K(25344K) NonClass: 21784K(21952K)->21784K(21952K) Class: 3272K(3392K)->3272K(3392K)
[2025-12-16T08:04:14.425+0000][3.698s][info ][gc          ] GC(10) Pause Young (Normal) (G1 Evacuation Pause) 67M->27M(105M) 6.226ms
[2025-12-16T08:04:14.425+0000][3.698s][info ][gc,cpu      ] GC(10) User=0.04s Sys=0.01s Real=0.01s
[2025-12-16T08:04:14.426+0000][3.699s][info ][safepoint   ] Safepoint "G1CollectForAllocation", Time since last: 123039260 ns, Reaching safepoint: 157275 ns, Cleanup: 99543 ns, At safepoint: 6549821 ns, Total: 6806639 ns
[2025-12-16T08:04:14.606+0000][3.879s][debug][safepoint   ] Safepoint synchronization initiated using futex wait barrier. (23 threads)
[2025-12-16T08:04:14.606+0000][3.879s][info ][gc,start    ] GC(11) Pause Young (Normal) (G1 Evacuation Pause)
[2025-12-16T08:04:14.606+0000][3.879s][info ][gc,task     ] GC(11) Using 3 workers of 13 for evacuation
[2025-12-16T08:04:14.614+0000][3.887s][info ][gc,phases   ] GC(11)   Pre Evacuate Collection Set: 0.2ms
[2025-12-16T08:04:14.614+0000][3.887s][info ][gc,phases   ] GC(11)   Merge Heap Roots: 0.1ms
[2025-12-16T08:04:14.614+0000][3.887s][info ][gc,phases   ] GC(11)   Evacuate Collection Set: 6.9ms
[2025-12-16T08:04:14.614+0000][3.887s][info ][gc,phases   ] GC(11)   Post Evacuate Collection Set: 0.9ms
[2025-12-16T08:04:14.614+0000][3.887s][info ][gc,phases   ] GC(11)   Other: 0.1ms
[2025-12-16T08:04:14.614+0000][3.887s][info ][gc,heap     ] GC(11) Eden regions: 56->0(49)
[2025-12-16T08:04:14.614+0000][3.887s][info ][gc,heap     ] GC(11) Survivor regions: 6->8(8)
[2025-12-16T08:04:14.614+0000][3.887s][info ][gc,heap     ] GC(11) Old regions: 21->24
[2025-12-16T08:04:14.614+0000][3.887s][info ][gc,heap     ] GC(11) Archive regions: 2->2
[2025-12-16T08:04:14.614+0000][3.887s][info ][gc,heap     ] GC(11) Humongous regions: 0->0
[2025-12-16T08:04:14.614+0000][3.887s][info ][gc,metaspace] GC(11) Metaspace: 25165K(25472K)->25165K(25472K) NonClass: 21877K(22016K)->21877K(22016K) Class: 3287K(3456K)->3287K(3456K)
[2025-12-16T08:04:14.614+0000][3.887s][info ][gc          ] GC(11) Pause Young (Normal) (G1 Evacuation Pause) 83M->32M(105M) 8.296ms
[2025-12-16T08:04:14.614+0000][3.887s][info ][gc,cpu      ] GC(11) User=0.04s Sys=0.01s Real=0.01s
[2025-12-16T08:04:14.614+0000][3.887s][info ][safepoint   ] Safepoint "G1CollectForAllocation", Time since last: 180237198 ns, Reaching safepoint: 56379 ns, Cleanup: 68894 ns, At safepoint: 8420306 ns, Total: 8545579 ns
[2025-12-16T08:04:14.670+0000][3.943s][debug][safepoint   ] Safepoint synchronization initiated using futex wait barrier. (23 threads)
[2025-12-16T08:04:14.670+0000][3.943s][info ][gc,start    ] GC(12) Pause Young (Normal) (G1 Evacuation Pause)
[2025-12-16T08:04:14.670+0000][3.943s][info ][gc,task     ] GC(12) Using 2 workers of 13 for evacuation
[2025-12-16T08:04:14.684+0000][3.957s][info ][gc,phases   ] GC(12)   Pre Evacuate Collection Set: 0.1ms
[2025-12-16T08:04:14.684+0000][3.957s][info ][gc,phases   ] GC(12)   Merge Heap Roots: 0.1ms
[2025-12-16T08:04:14.684+0000][3.957s][info ][gc,phases   ] GC(12)   Evacuate Collection Set: 12.2ms
[2025-12-16T08:04:14.684+0000][3.957s][info ][gc,phases   ] GC(12)   Post Evacuate Collection Set: 1.3ms
[2025-12-16T08:04:14.684+0000][3.957s][info ][gc,phases   ] GC(12)   Other: 0.1ms
[2025-12-16T08:04:14.684+0000][3.957s][info ][gc,heap     ] GC(12) Eden regions: 49->0(42)
[2025-12-16T08:04:14.684+0000][3.957s][info ][gc,heap     ] GC(12) Survivor regions: 8->7(8)
[2025-12-16T08:04:14.684+0000][3.957s][info ][gc,heap     ] GC(12) Old regions: 24->32
[2025-12-16T08:04:14.684+0000][3.957s][info ][gc,heap     ] GC(12) Archive regions: 2->2
[2025-12-16T08:04:14.684+0000][3.957s][info ][gc,heap     ] GC(12) Humongous regions: 0->0
[2025-12-16T08:04:14.684+0000][3.957s][info ][gc,metaspace] GC(12) Metaspace: 25165K(25472K)->25165K(25472K) NonClass: 21877K(22016K)->21877K(22016K) Class: 3287K(3456K)->3287K(3456K)
[2025-12-16T08:04:14.684+0000][3.957s][info ][gc          ] GC(12) Pause Young (Normal) (G1 Evacuation Pause) 81M->39M(105M) 13.940ms
[2025-12-16T08:04:14.684+0000][3.957s][info ][gc,cpu      ] GC(12) User=0.06s Sys=0.00s Real=0.01s
[2025-12-16T08:04:14.684+0000][3.957s][info ][safepoint   ] Safepoint "G1CollectForAllocation", Time since last: 55400687 ns, Reaching safepoint: 191541 ns, Cleanup: 15220 ns, At safepoint: 14043001 ns, Total: 14249762 ns
[2025-12-16T08:04:14.784+0000][4.058s][debug][safepoint   ] Safepoint synchronization initiated using futex wait barrier. (22 threads)
[2025-12-16T08:04:14.785+0000][4.058s][info ][gc,start    ] GC(13) Pause Young (Normal) (G1 Evacuation Pause)
[2025-12-16T08:04:14.785+0000][4.058s][info ][gc,task     ] GC(13) Using 2 workers of 13 for evacuation
[2025-12-16T08:04:14.797+0000][4.070s][info ][gc,phases   ] GC(13)   Pre Evacuate Collection Set: 0.2ms
[2025-12-16T08:04:14.797+0000][4.070s][info ][gc,phases   ] GC(13)   Merge Heap Roots: 0.2ms
[2025-12-16T08:04:14.797+0000][4.070s][info ][gc,phases   ] GC(13)   Evacuate Collection Set: 10.4ms
[2025-12-16T08:04:14.797+0000][4.070s][info ][gc,phases   ] GC(13)   Post Evacuate Collection Set: 1.4ms
[2025-12-16T08:04:14.797+0000][4.070s][info ][gc,phases   ] GC(13)   Other: 0.1ms
[2025-12-16T08:04:14.797+0000][4.070s][info ][gc,heap     ] GC(13) Eden regions: 42->0(38)
[2025-12-16T08:04:14.797+0000][4.070s][info ][gc,heap     ] GC(13) Survivor regions: 7->5(7)
[2025-12-16T08:04:14.797+0000][4.070s][info ][gc,heap     ] GC(13) Old regions: 32->39
[2025-12-16T08:04:14.797+0000][4.070s][info ][gc,heap     ] GC(13) Archive regions: 2->2
[2025-12-16T08:04:14.797+0000][4.070s][info ][gc,heap     ] GC(13) Humongous regions: 0->0
[2025-12-16T08:04:14.797+0000][4.070s][info ][gc,metaspace] GC(13) Metaspace: 25300K(25664K)->25300K(25664K) NonClass: 22006K(22208K)->22006K(22208K) Class: 3293K(3456K)->3293K(3456K)
[2025-12-16T08:04:14.797+0000][4.070s][info ][gc          ] GC(13) Pause Young (Normal) (G1 Evacuation Pause) 81M->43M(105M) 12.373ms
[2025-12-16T08:04:14.797+0000][4.070s][info ][gc,cpu      ] GC(13) User=0.05s Sys=0.01s Real=0.02s
[2025-12-16T08:04:14.797+0000][4.070s][info ][safepoint   ] Safepoint "G1CollectForAllocation", Time since last: 100505816 ns, Reaching safepoint: 44556 ns, Cleanup: 42813 ns, At safepoint: 12513376 ns, Total: 12600745 ns
[2025-12-16T08:04:14.910+0000][4.183s][debug][safepoint   ] Safepoint synchronization initiated using futex wait barrier. (22 threads)
[2025-12-16T08:04:14.910+0000][4.183s][info ][gc,start    ] GC(14) Pause Young (Normal) (G1 Evacuation Pause)
[2025-12-16T08:04:14.910+0000][4.183s][info ][gc,task     ] GC(14) Using 2 workers of 13 for evacuation
[2025-12-16T08:04:14.920+0000][4.193s][info ][gc,phases   ] GC(14)   Pre Evacuate Collection Set: 0.1ms
[2025-12-16T08:04:14.920+0000][4.193s][info ][gc,phases   ] GC(14)   Merge Heap Roots: 0.0ms
[2025-12-16T08:04:14.920+0000][4.193s][info ][gc,phases   ] GC(14)   Evacuate Collection Set: 7.0ms
[2025-12-16T08:04:14.920+0000][4.193s][info ][gc,phases   ] GC(14)   Post Evacuate Collection Set: 2.7ms
[2025-12-16T08:04:14.920+0000][4.193s][info ][gc,phases   ] GC(14)   Other: 0.1ms
[2025-12-16T08:04:14.920+0000][4.193s][info ][gc,heap     ] GC(14) Eden regions: 38->0(114)
[2025-12-16T08:04:14.920+0000][4.193s][info ][gc,heap     ] GC(14) Survivor regions: 5->4(6)
[2025-12-16T08:04:14.920+0000][4.193s][info ][gc,heap     ] GC(14) Old regions: 39->43
[2025-12-16T08:04:14.920+0000][4.193s][info ][gc,heap     ] GC(14) Archive regions: 2->2
[2025-12-16T08:04:14.920+0000][4.193s][info ][gc,heap     ] GC(14) Humongous regions: 0->0
[2025-12-16T08:04:14.920+0000][4.193s][info ][gc,metaspace] GC(14) Metaspace: 25479K(25792K)->25479K(25792K) NonClass: 22148K(22336K)->22148K(22336K) Class: 3331K(3456K)->3331K(3456K)
[2025-12-16T08:04:14.920+0000][4.193s][info ][gc          ] GC(14) Pause Young (Normal) (G1 Evacuation Pause) 81M->47M(210M) 10.039ms
[2025-12-16T08:04:14.920+0000][4.193s][info ][gc,cpu      ] GC(14) User=0.02s Sys=0.00s Real=0.01s
[2025-12-16T08:04:14.920+0000][4.193s][info ][safepoint   ] Safepoint "G1CollectForAllocation", Time since last: 112818093 ns, Reaching safepoint: 45138 ns, Cleanup: 35078 ns, At safepoint: 10119609 ns, Total: 10199825 ns
[2025-12-16T08:04:15.347+0000][4.621s][debug][safepoint   ] Safepoint synchronization initiated using futex wait barrier. (20 threads)
[2025-12-16T08:04:15.348+0000][4.621s][info ][safepoint   ] Safepoint "ICBufferFull", Time since last: 427312487 ns, Reaching safepoint: 58453 ns, Cleanup: 166362 ns, At safepoint: 4299 ns, Total: 229114 ns
[2025-12-16T08:04:15.698+0000][4.971s][debug][safepoint   ] Safepoint synchronization initiated using futex wait barrier. (20 threads)
[2025-12-16T08:04:15.698+0000][4.971s][info ][gc,start    ] GC(15) Pause Young (Normal) (G1 Evacuation Pause)
[2025-12-16T08:04:15.698+0000][4.971s][info ][gc,task     ] GC(15) Using 5 workers of 13 for evacuation
[2025-12-16T08:04:15.705+0000][4.978s][info ][gc,phases   ] GC(15)   Pre Evacuate Collection Set: 0.2ms
[2025-12-16T08:04:15.705+0000][4.978s][info ][gc,phases   ] GC(15)   Merge Heap Roots: 0.1ms
[2025-12-16T08:04:15.705+0000][4.978s][info ][gc,phases   ] GC(15)   Evacuate Collection Set: 5.1ms
[2025-12-16T08:04:15.705+0000][4.978s][info ][gc,phases   ] GC(15)   Post Evacuate Collection Set: 1.9ms
[2025-12-16T08:04:15.705+0000][4.978s][info ][gc,phases   ] GC(15)   Other: 0.2ms
[2025-12-16T08:04:15.705+0000][4.978s][info ][gc,heap     ] GC(15) Eden regions: 114->0(104)
[2025-12-16T08:04:15.705+0000][4.979s][info ][gc,heap     ] GC(15) Survivor regions: 4->11(15)
[2025-12-16T08:04:15.705+0000][4.979s][info ][gc,heap     ] GC(15) Old regions: 43->43
[2025-12-16T08:04:15.705+0000][4.979s][info ][gc,heap     ] GC(15) Archive regions: 2->2
[2025-12-16T08:04:15.705+0000][4.979s][info ][gc,heap     ] GC(15) Humongous regions: 0->0
[2025-12-16T08:04:15.705+0000][4.979s][info ][gc,metaspace] GC(15) Metaspace: 25921K(26240K)->25921K(26240K) NonClass: 22550K(22720K)->22550K(22720K) Class: 3370K(3520K)->3370K(3520K)
[2025-12-16T08:04:15.705+0000][4.979s][info ][gc          ] GC(15) Pause Young (Normal) (G1 Evacuation Pause) 161M->54M(210M) 7.696ms
[2025-12-16T08:04:15.706+0000][4.979s][info ][gc,cpu      ] GC(15) User=0.06s Sys=0.00s Real=0.01s
[2025-12-16T08:04:15.706+0000][4.979s][info ][safepoint   ] Safepoint "G1CollectForAllocation", Time since last: 349896100 ns, Reaching safepoint: 97088 ns, Cleanup: 105224 ns, At safepoint: 7987147 ns, Total: 8189459 ns
[2025-12-16T08:04:16.057+0000][5.330s][debug][safepoint   ] Safepoint synchronization initiated using futex wait barrier. (21 threads)
[2025-12-16T08:04:16.057+0000][5.330s][info ][gc,start    ] GC(16) Pause Young (Normal) (G1 Evacuation Pause)
[2025-12-16T08:04:16.057+0000][5.330s][info ][gc,task     ] GC(16) Using 5 workers of 13 for evacuation
[2025-12-16T08:04:16.065+0000][5.338s][info ][gc,phases   ] GC(16)   Pre Evacuate Collection Set: 0.2ms
[2025-12-16T08:04:16.065+0000][5.338s][info ][gc,phases   ] GC(16)   Merge Heap Roots: 0.1ms
[2025-12-16T08:04:16.065+0000][5.338s][info ][gc,phases   ] GC(16)   Evacuate Collection Set: 5.6ms
[2025-12-16T08:04:16.065+0000][5.338s][info ][gc,phases   ] GC(16)   Post Evacuate Collection Set: 1.6ms
[2025-12-16T08:04:16.065+0000][5.338s][info ][gc,phases   ] GC(16)   Other: 0.1ms
[2025-12-16T08:04:16.065+0000][5.338s][info ][gc,heap     ] GC(16) Eden regions: 104->0(103)
[2025-12-16T08:04:16.065+0000][5.338s][info ][gc,heap     ] GC(16) Survivor regions: 11->13(15)
[2025-12-16T08:04:16.065+0000][5.338s][info ][gc,heap     ] GC(16) Old regions: 43->47
[2025-12-16T08:04:16.065+0000][5.338s][info ][gc,heap     ] GC(16) Archive regions: 2->2
[2025-12-16T08:04:16.065+0000][5.338s][info ][gc,heap     ] GC(16) Humongous regions: 0->0
[2025-12-16T08:04:16.065+0000][5.338s][info ][gc,metaspace] GC(16) Metaspace: 26061K(26368K)->26061K(26368K) NonClass: 22672K(22848K)->22672K(22848K) Class: 3389K(3520K)->3389K(3520K)
[2025-12-16T08:04:16.065+0000][5.338s][info ][gc          ] GC(16) Pause Young (Normal) (G1 Evacuation Pause) 158M->59M(210M) 7.783ms
[2025-12-16T08:04:16.065+0000][5.338s][info ][gc,cpu      ] GC(16) User=0.05s Sys=0.00s Real=0.01s
[2025-12-16T08:04:16.065+0000][5.338s][info ][safepoint   ] Safepoint "G1CollectForAllocation", Time since last: 351406465 ns, Reaching safepoint: 54536 ns, Cleanup: 136685 ns, At safepoint: 7900059 ns, Total: 8091280 ns
[2025-12-16T08:04:16.305+0000][5.578s][debug][safepoint   ] Safepoint synchronization initiated using futex wait barrier. (22 threads)
[2025-12-16T08:04:16.305+0000][5.578s][info ][gc,start    ] GC(17) Pause Young (Normal) (G1 Evacuation Pause)
[2025-12-16T08:04:16.305+0000][5.578s][info ][gc,task     ] GC(17) Using 5 workers of 13 for evacuation
[2025-12-16T08:04:16.312+0000][5.585s][info ][gc,phases   ] GC(17)   Pre Evacuate Collection Set: 0.1ms
[2025-12-16T08:04:16.312+0000][5.585s][info ][gc,phases   ] GC(17)   Merge Heap Roots: 0.1ms
[2025-12-16T08:04:16.312+0000][5.585s][info ][gc,phases   ] GC(17)   Evacuate Collection Set: 4.8ms
[2025-12-16T08:04:16.312+0000][5.585s][info ][gc,phases   ] GC(17)   Post Evacuate Collection Set: 1.1ms
[2025-12-16T08:04:16.312+0000][5.585s][info ][gc,phases   ] GC(17)   Other: 0.1ms
[2025-12-16T08:04:16.312+0000][5.585s][info ][gc,heap     ] GC(17) Eden regions: 103->0(107)
[2025-12-16T08:04:16.312+0000][5.585s][info ][gc,heap     ] GC(17) Survivor regions: 13->7(15)
[2025-12-16T08:04:16.312+0000][5.585s][info ][gc,heap     ] GC(17) Old regions: 47->54
[2025-12-16T08:04:16.312+0000][5.585s][info ][gc,heap     ] GC(17) Archive regions: 2->2
[2025-12-16T08:04:16.312+0000][5.585s][info ][gc,heap     ] GC(17) Humongous regions: 0->0
[2025-12-16T08:04:16.312+0000][5.585s][info ][gc,metaspace] GC(17) Metaspace: 27711K(27968K)->27711K(27968K) NonClass: 24196K(24320K)->24196K(24320K) Class: 3514K(3648K)->3514K(3648K)
[2025-12-16T08:04:16.312+0000][5.585s][info ][gc          ] GC(17) Pause Young (Normal) (G1 Evacuation Pause) 162M->61M(210M) 6.419ms
[2025-12-16T08:04:16.312+0000][5.585s][info ][gc,cpu      ] GC(17) User=0.03s Sys=0.00s Real=0.00s
[2025-12-16T08:04:16.312+0000][5.585s][info ][safepoint   ] Safepoint "G1CollectForAllocation", Time since last: 239834878 ns, Reaching safepoint: 56690 ns, Cleanup: 62491 ns, At safepoint: 6645245 ns, Total: 6764426 ns
[2025-12-16T08:04:16.492+0000][5.765s][debug][safepoint   ] Safepoint synchronization initiated using futex wait barrier. (20 threads)
[2025-12-16T08:04:16.492+0000][5.765s][info ][gc,start    ] GC(18) Pause Young (Normal) (G1 Evacuation Pause)
[2025-12-16T08:04:16.492+0000][5.765s][info ][gc,task     ] GC(18) Using 5 workers of 13 for evacuation
[2025-12-16T08:04:16.497+0000][5.770s][info ][gc,phases   ] GC(18)   Pre Evacuate Collection Set: 0.1ms
[2025-12-16T08:04:16.497+0000][5.770s][info ][gc,phases   ] GC(18)   Merge Heap Roots: 0.1ms
[2025-12-16T08:04:16.497+0000][5.770s][info ][gc,phases   ] GC(18)   Evacuate Collection Set: 3.3ms
[2025-12-16T08:04:16.497+0000][5.770s][info ][gc,phases   ] GC(18)   Post Evacuate Collection Set: 0.9ms
[2025-12-16T08:04:16.497+0000][5.770s][info ][gc,phases   ] GC(18)   Other: 0.1ms
[2025-12-16T08:04:16.497+0000][5.770s][info ][gc,heap     ] GC(18) Eden regions: 107->0(110)
[2025-12-16T08:04:16.497+0000][5.770s][info ][gc,heap     ] GC(18) Survivor regions: 7->7(15)
[2025-12-16T08:04:16.497+0000][5.770s][info ][gc,heap     ] GC(18) Old regions: 54->54
[2025-12-16T08:04:16.497+0000][5.770s][info ][gc,heap     ] GC(18) Archive regions: 2->2
[2025-12-16T08:04:16.497+0000][5.770s][info ][gc,heap     ] GC(18) Humongous regions: 0->0
[2025-12-16T08:04:16.497+0000][5.770s][info ][gc,metaspace] GC(18) Metaspace: 28012K(28352K)->28012K(28352K) NonClass: 24457K(24640K)->24457K(24640K) Class: 3554K(3712K)->3554K(3712K)
[2025-12-16T08:04:16.497+0000][5.770s][info ][gc          ] GC(18) Pause Young (Normal) (G1 Evacuation Pause) 168M->61M(210M) 4.652ms
[2025-12-16T08:04:16.497+0000][5.770s][info ][gc,cpu      ] GC(18) User=0.02s Sys=0.00s Real=0.01s
[2025-12-16T08:04:16.497+0000][5.770s][info ][safepoint   ] Safepoint "G1CollectForAllocation", Time since last: 180196621 ns, Reaching safepoint: 42122 ns, Cleanup: 58624 ns, At safepoint: 4700898 ns, Total: 4801644 ns
[2025-12-16T08:04:17.066+0000][6.339s][debug][safepoint   ] Safepoint synchronization initiated using futex wait barrier. (19 threads)
[2025-12-16T08:04:17.066+0000][6.339s][info ][gc,start    ] GC(19) Pause Young (Normal) (G1 Evacuation Pause)
[2025-12-16T08:04:17.066+0000][6.339s][info ][gc,task     ] GC(19) Using 5 workers of 13 for evacuation
[2025-12-16T08:04:17.073+0000][6.346s][info ][gc,phases   ] GC(19)   Pre Evacuate Collection Set: 0.2ms
[2025-12-16T08:04:17.073+0000][6.346s][info ][gc,phases   ] GC(19)   Merge Heap Roots: 0.2ms
[2025-12-16T08:04:17.073+0000][6.346s][info ][gc,phases   ] GC(19)   Evacuate Collection Set: 3.1ms
[2025-12-16T08:04:17.073+0000][6.346s][info ][gc,phases   ] GC(19)   Post Evacuate Collection Set: 2.9ms
[2025-12-16T08:04:17.073+0000][6.346s][info ][gc,phases   ] GC(19)   Other: 0.1ms
[2025-12-16T08:04:17.073+0000][6.346s][info ][gc,heap     ] GC(19) Eden regions: 110->0(151)
[2025-12-16T08:04:17.073+0000][6.346s][info ][gc,heap     ] GC(19) Survivor regions: 7->9(15)
[2025-12-16T08:04:17.073+0000][6.346s][info ][gc,heap     ] GC(19) Old regions: 54->54
[2025-12-16T08:04:17.073+0000][6.346s][info ][gc,heap     ] GC(19) Archive regions: 2->2
[2025-12-16T08:04:17.073+0000][6.346s][info ][gc,heap     ] GC(19) Humongous regions: 0->0
[2025-12-16T08:04:17.073+0000][6.346s][info ][gc,metaspace] GC(19) Metaspace: 34859K(35264K)->34859K(35264K) NonClass: 30569K(30784K)->30569K(30784K) Class: 4289K(4480K)->4289K(4480K)
[2025-12-16T08:04:17.073+0000][6.346s][info ][gc          ] GC(19) Pause Young (Normal) (G1 Evacuation Pause) 171M->63M(267M) 6.550ms
[2025-12-16T08:04:17.073+0000][6.346s][info ][gc,cpu      ] GC(19) User=0.04s Sys=0.00s Real=0.00s
[2025-12-16T08:04:17.073+0000][6.346s][info ][safepoint   ] Safepoint "G1CollectForAllocation", Time since last: 569255565 ns, Reaching safepoint: 46249 ns, Cleanup: 42653 ns, At safepoint: 6658061 ns, Total: 6746963 ns
[2025-12-16T08:04:17.475+0000][6.748s][debug][safepoint   ] Safepoint synchronization initiated using futex wait barrier. (18 threads)
[2025-12-16T08:04:17.475+0000][6.748s][info ][gc,start    ] GC(20) Pause Young (Concurrent Start) (Metadata GC Threshold)
[2025-12-16T08:04:17.475+0000][6.748s][info ][gc,task     ] GC(20) Using 6 workers of 13 for evacuation
[2025-12-16T08:04:17.480+0000][6.753s][info ][gc,phases   ] GC(20)   Pre Evacuate Collection Set: 0.4ms
[2025-12-16T08:04:17.480+0000][6.753s][info ][gc,phases   ] GC(20)   Merge Heap Roots: 0.2ms
[2025-12-16T08:04:17.480+0000][6.753s][info ][gc,phases   ] GC(20)   Evacuate Collection Set: 2.9ms
[2025-12-16T08:04:17.480+0000][6.753s][info ][gc,phases   ] GC(20)   Post Evacuate Collection Set: 1.0ms
[2025-12-16T08:04:17.480+0000][6.753s][info ][gc,phases   ] GC(20)   Other: 0.2ms
[2025-12-16T08:04:17.480+0000][6.753s][info ][gc,heap     ] GC(20) Eden regions: 79->0(152)
[2025-12-16T08:04:17.480+0000][6.753s][info ][gc,heap     ] GC(20) Survivor regions: 9->8(20)
[2025-12-16T08:04:17.480+0000][6.753s][info ][gc,heap     ] GC(20) Old regions: 54->54
[2025-12-16T08:04:17.480+0000][6.753s][info ][gc,heap     ] GC(20) Archive regions: 2->2
[2025-12-16T08:04:17.480+0000][6.753s][info ][gc,heap     ] GC(20) Humongous regions: 0->0
[2025-12-16T08:04:17.480+0000][6.753s][info ][gc,metaspace] GC(20) Metaspace: 35808K(36160K)->35808K(36160K) NonClass: 31384K(31552K)->31384K(31552K) Class: 4423K(4608K)->4423K(4608K)
[2025-12-16T08:04:17.480+0000][6.753s][info ][gc          ] GC(20) Pause Young (Concurrent Start) (Metadata GC Threshold) 141M->61M(267M) 4.826ms
[2025-12-16T08:04:17.480+0000][6.753s][info ][gc,cpu      ] GC(20) User=0.03s Sys=0.00s Real=0.00s
[2025-12-16T08:04:17.480+0000][6.753s][info ][gc          ] GC(21) Concurrent Mark Cycle
[2025-12-16T08:04:17.480+0000][6.753s][info ][gc,marking  ] GC(21) Concurrent Clear Claimed Marks
[2025-12-16T08:04:17.480+0000][6.753s][info ][safepoint   ] Safepoint "CollectForMetadataAllocation", Time since last: 401791866 ns, Reaching safepoint: 95455 ns, Cleanup: 125443 ns, At safepoint: 4961373 ns, Total: 5182271 ns
[2025-12-16T08:04:17.480+0000][6.753s][info ][gc,marking  ] GC(21) Concurrent Clear Claimed Marks 0.045ms
[2025-12-16T08:04:17.480+0000][6.753s][info ][gc,marking  ] GC(21) Concurrent Scan Root Regions
[2025-12-16T08:04:17.482+0000][6.755s][info ][gc,marking  ] GC(21) Concurrent Scan Root Regions 2.516ms
[2025-12-16T08:04:17.482+0000][6.755s][info ][gc,marking  ] GC(21) Concurrent Mark
[2025-12-16T08:04:17.482+0000][6.756s][info ][gc,marking  ] GC(21) Concurrent Mark From Roots
[2025-12-16T08:04:17.482+0000][6.756s][info ][gc,task     ] GC(21) Using 3 workers of 3 for marking
[2025-12-16T08:04:17.503+0000][6.776s][info ][gc,marking  ] GC(21) Concurrent Mark From Roots 20.489ms
[2025-12-16T08:04:17.503+0000][6.776s][info ][gc,marking  ] GC(21) Concurrent Preclean
[2025-12-16T08:04:17.503+0000][6.776s][info ][gc,marking  ] GC(21) Concurrent Preclean 0.293ms
[2025-12-16T08:04:17.503+0000][6.776s][debug][safepoint   ] Safepoint synchronization initiated using futex wait barrier. (18 threads)
[2025-12-16T08:04:17.503+0000][6.776s][debug][safepoint   ] ... found polling page loop exception at pc = 0x000070e91117b03a, stub =0x000070e910a04400
[2025-12-16T08:04:17.503+0000][6.777s][info ][gc,start    ] GC(21) Pause Remark
[2025-12-16T08:04:17.507+0000][6.780s][info ][gc          ] GC(21) Pause Remark 68M->68M(237M) 3.138ms
[2025-12-16T08:04:17.507+0000][6.780s][info ][gc,cpu      ] GC(21) User=0.02s Sys=0.00s Real=0.01s
[2025-12-16T08:04:17.507+0000][6.780s][info ][safepoint   ] Safepoint "G1PauseRemark", Time since last: 23498823 ns, Reaching safepoint: 107829 ns, Cleanup: 9468 ns, At safepoint: 3319752 ns, Total: 3437049 ns
[2025-12-16T08:04:17.507+0000][6.780s][info ][gc,marking  ] GC(21) Concurrent Mark 24.464ms
[2025-12-16T08:04:17.507+0000][6.780s][info ][gc,marking  ] GC(21) Concurrent Rebuild Remembered Sets
[2025-12-16T08:04:17.517+0000][6.790s][info ][gc,marking  ] GC(21) Concurrent Rebuild Remembered Sets 9.773ms
[2025-12-16T08:04:17.517+0000][6.790s][debug][safepoint   ] Safepoint synchronization initiated using futex wait barrier. (18 threads)
[2025-12-16T08:04:17.517+0000][6.790s][info ][gc,start    ] GC(21) Pause Cleanup
[2025-12-16T08:04:17.517+0000][6.790s][info ][gc          ] GC(21) Pause Cleanup 70M->70M(237M) 0.267ms
[2025-12-16T08:04:17.517+0000][6.790s][info ][gc,cpu      ] GC(21) User=0.00s Sys=0.01s Real=0.00s
[2025-12-16T08:04:17.517+0000][6.790s][info ][safepoint   ] Safepoint "G1PauseCleanup", Time since last: 10046428 ns, Reaching safepoint: 143128 ns, Cleanup: 4058 ns, At safepoint: 355018 ns, Total: 502204 ns
[2025-12-16T08:04:17.517+0000][6.790s][info ][gc,marking  ] GC(21) Concurrent Cleanup for Next Mark
[2025-12-16T08:04:17.519+0000][6.792s][info ][gc,marking  ] GC(21) Concurrent Cleanup for Next Mark 1.442ms
[2025-12-16T08:04:17.519+0000][6.792s][info ][gc          ] GC(21) Concurrent Mark Cycle 39.079ms
[2025-12-16T08:04:17.803+0000][7.076s][debug][safepoint   ] ... found polling page loop exception at pc = 0x000070e9112669ea, stub =0x000070e910a04400
[2025-12-16T08:04:17.981+0000][7.254s][debug][safepoint   ] Safepoint synchronization initiated using futex wait barrier. (18 threads)
[2025-12-16T08:04:17.981+0000][7.254s][info ][gc,start    ] GC(22) Pause Young (Prepare Mixed) (G1 Evacuation Pause)
[2025-12-16T08:04:17.981+0000][7.254s][info ][gc,task     ] GC(22) Using 5 workers of 13 for evacuation
[2025-12-16T08:04:17.988+0000][7.261s][info ][gc,phases   ] GC(22)   Pre Evacuate Collection Set: 0.2ms
[2025-12-16T08:04:17.988+0000][7.261s][info ][gc,phases   ] GC(22)   Merge Heap Roots: 0.2ms
[2025-12-16T08:04:17.988+0000][7.261s][info ][gc,phases   ] GC(22)   Evacuate Collection Set: 4.9ms
[2025-12-16T08:04:17.988+0000][7.261s][info ][gc,phases   ] GC(22)   Post Evacuate Collection Set: 1.1ms
[2025-12-16T08:04:17.988+0000][7.261s][info ][gc,phases   ] GC(22)   Other: 0.1ms
[2025-12-16T08:04:17.988+0000][7.261s][info ][gc,heap     ] GC(22) Eden regions: 134->0(2)
[2025-12-16T08:04:17.988+0000][7.261s][info ][gc,heap     ] GC(22) Survivor regions: 8->9(18)
[2025-12-16T08:04:17.988+0000][7.261s][info ][gc,heap     ] GC(22) Old regions: 54->54
[2025-12-16T08:04:17.988+0000][7.261s][info ][gc,heap     ] GC(22) Archive regions: 2->2
[2025-12-16T08:04:17.988+0000][7.261s][info ][gc,heap     ] GC(22) Humongous regions: 0->0
[2025-12-16T08:04:17.988+0000][7.261s][info ][gc,metaspace] GC(22) Metaspace: 38267K(38656K)->38267K(38656K) NonClass: 33438K(33600K)->33438K(33600K) Class: 4829K(5056K)->4829K(5056K)
[2025-12-16T08:04:17.988+0000][7.261s][info ][gc          ] GC(22) Pause Young (Prepare Mixed) (G1 Evacuation Pause) 195M->63M(237M) 6.576ms
[2025-12-16T08:04:17.988+0000][7.261s][info ][gc,cpu      ] GC(22) User=0.03s Sys=0.00s Real=0.01s
[2025-12-16T08:04:17.988+0000][7.261s][info ][safepoint   ] Safepoint "G1CollectForAllocation", Time since last: 463698429 ns, Reaching safepoint: 66990 ns, Cleanup: 168376 ns, At safepoint: 6652540 ns, Total: 6887906 ns
[2025-12-16T08:04:18.000+0000][7.273s][debug][safepoint   ] Safepoint synchronization initiated using futex wait barrier. (18 threads)
[2025-12-16T08:04:18.000+0000][7.273s][info ][gc,start    ] GC(23) Pause Young (Mixed) (G1 Evacuation Pause)
[2025-12-16T08:04:18.000+0000][7.273s][info ][gc,task     ] GC(23) Using 5 workers of 13 for evacuation
[2025-12-16T08:04:18.006+0000][7.279s][info ][gc,phases   ] GC(23)   Pre Evacuate Collection Set: 0.2ms
[2025-12-16T08:04:18.006+0000][7.280s][info ][gc,phases   ] GC(23)   Merge Heap Roots: 0.1ms
[2025-12-16T08:04:18.006+0000][7.280s][info ][gc,phases   ] GC(23)   Evacuate Collection Set: 4.9ms
[2025-12-16T08:04:18.006+0000][7.280s][info ][gc,phases   ] GC(23)   Post Evacuate Collection Set: 0.9ms
[2025-12-16T08:04:18.006+0000][7.280s][info ][gc,phases   ] GC(23)   Other: 0.1ms
[2025-12-16T08:04:18.006+0000][7.280s][info ][gc,heap     ] GC(23) Eden regions: 2->0(136)
[2025-12-16T08:04:18.006+0000][7.280s][info ][gc,heap     ] GC(23) Survivor regions: 9->2(2)
[2025-12-16T08:04:18.006+0000][7.280s][info ][gc,heap     ] GC(23) Old regions: 54->61
[2025-12-16T08:04:18.006+0000][7.280s][info ][gc,heap     ] GC(23) Archive regions: 2->2
[2025-12-16T08:04:18.006+0000][7.280s][info ][gc,heap     ] GC(23) Humongous regions: 0->0
[2025-12-16T08:04:18.006+0000][7.280s][info ][gc,metaspace] GC(23) Metaspace: 38422K(38848K)->38422K(38848K) NonClass: 33569K(33792K)->33569K(33792K) Class: 4853K(5056K)->4853K(5056K)
[2025-12-16T08:04:18.007+0000][7.280s][info ][gc          ] GC(23) Pause Young (Mixed) (G1 Evacuation Pause) 65M->62M(237M) 6.295ms
[2025-12-16T08:04:18.007+0000][7.280s][info ][gc,cpu      ] GC(23) User=0.03s Sys=0.00s Real=0.01s
[2025-12-16T08:04:18.007+0000][7.280s][info ][safepoint   ] Safepoint "G1CollectForAllocation", Time since last: 12266870 ns, Reaching safepoint: 40178 ns, Cleanup: 2975 ns, At safepoint: 6412876 ns, Total: 6456029 ns
[2025-12-16T08:04:18.487+0000][7.760s][debug][safepoint   ] Safepoint synchronization initiated using futex wait barrier. (18 threads)
[2025-12-16T08:04:18.487+0000][7.760s][info ][safepoint   ] Safepoint "ICBufferFull", Time since last: 479967254 ns, Reaching safepoint: 45728 ns, Cleanup: 120734 ns, At safepoint: 27704 ns, Total: 194166 ns
[2025-12-16T08:04:18.566+0000][7.839s][debug][safepoint   ] Safepoint synchronization initiated using futex wait barrier. (19 threads)
[2025-12-16T08:04:18.566+0000][7.839s][info ][gc,start    ] GC(24) Pause Young (Normal) (G1 Evacuation Pause)
[2025-12-16T08:04:18.566+0000][7.839s][info ][gc,task     ] GC(24) Using 5 workers of 13 for evacuation
[2025-12-16T08:04:18.570+0000][7.843s][info ][gc,phases   ] GC(24)   Pre Evacuate Collection Set: 0.2ms
[2025-12-16T08:04:18.570+0000][7.843s][info ][gc,phases   ] GC(24)   Merge Heap Roots: 0.2ms
[2025-12-16T08:04:18.570+0000][7.843s][info ][gc,phases   ] GC(24)   Evacuate Collection Set: 2.4ms
[2025-12-16T08:04:18.570+0000][7.843s][info ][gc,phases   ] GC(24)   Post Evacuate Collection Set: 1.2ms
[2025-12-16T08:04:18.570+0000][7.843s][info ][gc,phases   ] GC(24)   Other: 0.1ms
[2025-12-16T08:04:18.570+0000][7.843s][info ][gc,heap     ] GC(24) Eden regions: 136->0(135)
[2025-12-16T08:04:18.570+0000][7.843s][info ][gc,heap     ] GC(24) Survivor regions: 2->4(18)
[2025-12-16T08:04:18.570+0000][7.843s][info ][gc,heap     ] GC(24) Old regions: 61->61
[2025-12-16T08:04:18.570+0000][7.843s][info ][gc,heap     ] GC(24) Archive regions: 2->2
[2025-12-16T08:04:18.570+0000][7.843s][info ][gc,heap     ] GC(24) Humongous regions: 0->0
[2025-12-16T08:04:18.570+0000][7.843s][info ][gc,metaspace] GC(24) Metaspace: 41223K(41600K)->41223K(41600K) NonClass: 36041K(36224K)->36041K(36224K) Class: 5181K(5376K)->5181K(5376K)
[2025-12-16T08:04:18.570+0000][7.843s][info ][gc          ] GC(24) Pause Young (Normal) (G1 Evacuation Pause) 198M->64M(237M) 4.249ms
[2025-12-16T08:04:18.570+0000][7.843s][info ][gc,cpu      ] GC(24) User=0.02s Sys=0.00s Real=0.00s
[2025-12-16T08:04:18.570+0000][7.843s][info ][safepoint   ] Safepoint "G1CollectForAllocation", Time since last: 78945750 ns, Reaching safepoint: 54856 ns, Cleanup: 76108 ns, At safepoint: 4406038 ns, Total: 4537002 ns
[2025-12-16T08:04:19.353+0000][8.626s][debug][safepoint   ] Safepoint synchronization initiated using futex wait barrier. (20 threads)
[2025-12-16T08:04:19.353+0000][8.626s][info ][gc,start    ] GC(25) Pause Young (Normal) (G1 Evacuation Pause)
[2025-12-16T08:04:19.353+0000][8.626s][info ][gc,task     ] GC(25) Using 5 workers of 13 for evacuation
[2025-12-16T08:04:19.357+0000][8.630s][info ][gc,phases   ] GC(25)   Pre Evacuate Collection Set: 0.2ms
[2025-12-16T08:04:19.357+0000][8.630s][info ][gc,phases   ] GC(25)   Merge Heap Roots: 0.2ms
[2025-12-16T08:04:19.357+0000][8.630s][info ][gc,phases   ] GC(25)   Evacuate Collection Set: 2.7ms
[2025-12-16T08:04:19.357+0000][8.630s][info ][gc,phases   ] GC(25)   Post Evacuate Collection Set: 0.9ms
[2025-12-16T08:04:19.357+0000][8.630s][info ][gc,phases   ] GC(25)   Other: 0.1ms
[2025-12-16T08:04:19.357+0000][8.630s][info ][gc,heap     ] GC(25) Eden regions: 135->0(136)
[2025-12-16T08:04:19.357+0000][8.630s][info ][gc,heap     ] GC(25) Survivor regions: 4->5(18)
[2025-12-16T08:04:19.357+0000][8.630s][info ][gc,heap     ] GC(25) Old regions: 61->61
[2025-12-16T08:04:19.357+0000][8.630s][info ][gc,heap     ] GC(25) Archive regions: 2->2
[2025-12-16T08:04:19.357+0000][8.630s][info ][gc,heap     ] GC(25) Humongous regions: 0->0
[2025-12-16T08:04:19.357+0000][8.630s][info ][gc,metaspace] GC(25) Metaspace: 43444K(43840K)->43444K(43840K) NonClass: 37950K(38144K)->37950K(38144K) Class: 5493K(5696K)->5493K(5696K)
[2025-12-16T08:04:19.357+0000][8.630s][info ][gc          ] GC(25) Pause Young (Normal) (G1 Evacuation Pause) 199M->65M(237M) 4.178ms
[2025-12-16T08:04:19.357+0000][8.630s][info ][gc,cpu      ] GC(25) User=0.01s Sys=0.01s Real=0.00s
[2025-12-16T08:04:19.357+0000][8.631s][info ][safepoint   ] Safepoint "G1CollectForAllocation", Time since last: 782596351 ns, Reaching safepoint: 65367 ns, Cleanup: 214185 ns, At safepoint: 4308293 ns, Total: 4587845 ns
[2025-12-16T08:04:19.918+0000][9.191s][debug][safepoint   ] Safepoint synchronization initiated using futex wait barrier. (20 threads)
[2025-12-16T08:04:19.919+0000][9.192s][info ][safepoint   ] Safepoint "ICBufferFull", Time since last: 560911355 ns, Reaching safepoint: 70817 ns, Cleanup: 297086 ns, At safepoint: 21161 ns, Total: 389064 ns
[2025-12-16T08:04:20.369+0000][9.642s][debug][safepoint   ] Safepoint synchronization initiated using futex wait barrier. (20 threads)
[2025-12-16T08:04:20.369+0000][9.643s][info ][gc,start    ] GC(26) Pause Young (Normal) (G1 Evacuation Pause)
[2025-12-16T08:04:20.369+0000][9.643s][info ][gc,task     ] GC(26) Using 5 workers of 13 for evacuation
[2025-12-16T08:04:20.375+0000][9.648s][info ][gc,phases   ] GC(26)   Pre Evacuate Collection Set: 0.2ms
[2025-12-16T08:04:20.375+0000][9.648s][info ][gc,phases   ] GC(26)   Merge Heap Roots: 0.2ms
[2025-12-16T08:04:20.375+0000][9.648s][info ][gc,phases   ] GC(26)   Evacuate Collection Set: 3.9ms
[2025-12-16T08:04:20.375+0000][9.648s][info ][gc,phases   ] GC(26)   Post Evacuate Collection Set: 0.9ms
[2025-12-16T08:04:20.375+0000][9.648s][info ][gc,phases   ] GC(26)   Other: 0.1ms
[2025-12-16T08:04:20.375+0000][9.648s][info ][gc,heap     ] GC(26) Eden regions: 136->0(131)
[2025-12-16T08:04:20.375+0000][9.648s][info ][gc,heap     ] GC(26) Survivor regions: 5->9(18)
[2025-12-16T08:04:20.375+0000][9.648s][info ][gc,heap     ] GC(26) Old regions: 61->61
[2025-12-16T08:04:20.375+0000][9.648s][info ][gc,heap     ] GC(26) Archive regions: 2->2
[2025-12-16T08:04:20.375+0000][9.648s][info ][gc,heap     ] GC(26) Humongous regions: 0->0
[2025-12-16T08:04:20.375+0000][9.648s][info ][gc,metaspace] GC(26) Metaspace: 47969K(48512K)->47969K(48512K) NonClass: 41847K(42112K)->41847K(42112K) Class: 6121K(6400K)->6121K(6400K)
[2025-12-16T08:04:20.375+0000][9.648s][info ][gc          ] GC(26) Pause Young (Normal) (G1 Evacuation Pause) 201M->69M(237M) 5.393ms
[2025-12-16T08:04:20.375+0000][9.648s][info ][gc,cpu      ] GC(26) User=0.03s Sys=0.00s Real=0.01s
[2025-12-16T08:04:20.375+0000][9.648s][info ][safepoint   ] Safepoint "G1CollectForAllocation", Time since last: 450477413 ns, Reaching safepoint: 52872 ns, Cleanup: 154740 ns, At safepoint: 5536307 ns, Total: 5743919 ns
[2025-12-16T08:04:20.989+0000][10.262s][debug][safepoint   ] Safepoint synchronization initiated using futex wait barrier. (21 threads)
[2025-12-16T08:04:20.990+0000][10.263s][info ][safepoint   ] Safepoint "ICBufferFull", Time since last: 614101889 ns, Reaching safepoint: 325580 ns, Cleanup: 222351 ns, At safepoint: 48685 ns, Total: 596616 ns
[2025-12-16T08:04:21.185+0000][10.458s][debug][safepoint   ] Safepoint synchronization initiated using futex wait barrier. (23 threads)
[2025-12-16T08:04:21.185+0000][10.458s][info ][gc,start    ] GC(27) Pause Young (Normal) (G1 Evacuation Pause)
[2025-12-16T08:04:21.185+0000][10.458s][info ][gc,task     ] GC(27) Using 5 workers of 13 for evacuation
[2025-12-16T08:04:21.194+0000][10.467s][info ][gc,phases   ] GC(27)   Pre Evacuate Collection Set: 0.3ms
[2025-12-16T08:04:21.194+0000][10.467s][info ][gc,phases   ] GC(27)   Merge Heap Roots: 0.1ms
[2025-12-16T08:04:21.194+0000][10.467s][info ][gc,phases   ] GC(27)   Evacuate Collection Set: 6.2ms
[2025-12-16T08:04:21.194+0000][10.467s][info ][gc,phases   ] GC(27)   Post Evacuate Collection Set: 2.4ms
[2025-12-16T08:04:21.194+0000][10.467s][info ][gc,phases   ] GC(27)   Other: 0.1ms
[2025-12-16T08:04:21.194+0000][10.467s][info ][gc,heap     ] GC(27) Eden regions: 131->0(130)
[2025-12-16T08:04:21.194+0000][10.467s][info ][gc,heap     ] GC(27) Survivor regions: 9->10(18)
[2025-12-16T08:04:21.194+0000][10.467s][info ][gc,heap     ] GC(27) Old regions: 61->61
[2025-12-16T08:04:21.194+0000][10.467s][info ][gc,heap     ] GC(27) Archive regions: 2->2
[2025-12-16T08:04:21.194+0000][10.467s][info ][gc,heap     ] GC(27) Humongous regions: 0->0
[2025-12-16T08:04:21.194+0000][10.467s][info ][gc,metaspace] GC(27) Metaspace: 54589K(55040K)->54589K(55040K) NonClass: 47698K(47936K)->47698K(47936K) Class: 6891K(7104K)->6891K(7104K)
[2025-12-16T08:04:21.194+0000][10.467s][info ][gc          ] GC(27) Pause Young (Normal) (G1 Evacuation Pause) 200M->70M(237M) 9.305ms
[2025-12-16T08:04:21.194+0000][10.467s][info ][gc,cpu      ] GC(27) User=0.08s Sys=0.01s Real=0.02s
[2025-12-16T08:04:21.194+0000][10.467s][info ][safepoint   ] Safepoint "G1CollectForAllocation", Time since last: 195080460 ns, Reaching safepoint: 59555 ns, Cleanup: 101006 ns, At safepoint: 9516399 ns, Total: 9676960 ns
[2025-12-16T08:04:22.306+0000][11.579s][debug][safepoint   ] Safepoint synchronization initiated using futex wait barrier. (23 threads)
[2025-12-16T08:04:22.306+0000][11.579s][info ][safepoint   ] Safepoint "Cleanup", Time since last: 1111193707 ns, Reaching safepoint: 111276 ns, Cleanup: 84203 ns, At safepoint: 6041 ns, Total: 201520 ns
[2025-12-16T08:04:22.563+0000][11.836s][debug][safepoint   ] Safepoint synchronization initiated using futex wait barrier. (20 threads)
[2025-12-16T08:04:22.563+0000][11.836s][info ][safepoint   ] Safepoint "ICBufferFull", Time since last: 256758229 ns, Reaching safepoint: 58172 ns, Cleanup: 157245 ns, At safepoint: 55908 ns, Total: 271325 ns
[2025-12-16T08:04:22.942+0000][12.215s][debug][safepoint   ] Safepoint synchronization initiated using futex wait barrier. (20 threads)
[2025-12-16T08:04:22.942+0000][12.216s][info ][gc,start    ] GC(28) Pause Young (Normal) (G1 Evacuation Pause)
[2025-12-16T08:04:22.943+0000][12.216s][info ][gc,task     ] GC(28) Using 5 workers of 13 for evacuation
[2025-12-16T08:04:22.951+0000][12.224s][info ][gc,phases   ] GC(28)   Pre Evacuate Collection Set: 0.2ms
[2025-12-16T08:04:22.951+0000][12.224s][info ][gc,phases   ] GC(28)   Merge Heap Roots: 0.2ms
[2025-12-16T08:04:22.951+0000][12.224s][info ][gc,phases   ] GC(28)   Evacuate Collection Set: 6.3ms
[2025-12-16T08:04:22.951+0000][12.224s][info ][gc,phases   ] GC(28)   Post Evacuate Collection Set: 1.7ms
[2025-12-16T08:04:22.951+0000][12.224s][info ][gc,phases   ] GC(28)   Other: 0.1ms
[2025-12-16T08:04:22.951+0000][12.224s][info ][gc,heap     ] GC(28) Eden regions: 130->0(126)
[2025-12-16T08:04:22.951+0000][12.224s][info ][gc,heap     ] GC(28) Survivor regions: 10->12(18)
[2025-12-16T08:04:22.951+0000][12.224s][info ][gc,heap     ] GC(28) Old regions: 61->61
[2025-12-16T08:04:22.951+0000][12.224s][info ][gc,heap     ] GC(28) Archive regions: 2->2
[2025-12-16T08:04:22.951+0000][12.224s][info ][gc,heap     ] GC(28) Humongous regions: 0->0
[2025-12-16T08:04:22.951+0000][12.224s][info ][gc,metaspace] GC(28) Metaspace: 58465K(58944K)->58465K(58944K) NonClass: 51063K(51328K)->51063K(51328K) Class: 7401K(7616K)->7401K(7616K)
[2025-12-16T08:04:22.951+0000][12.224s][info ][gc          ] GC(28) Pause Young (Normal) (G1 Evacuation Pause) 200M->72M(237M) 8.703ms
[2025-12-16T08:04:22.951+0000][12.224s][info ][gc,cpu      ] GC(28) User=0.03s Sys=0.00s Real=0.01s
[2025-12-16T08:04:22.951+0000][12.224s][info ][safepoint   ] Safepoint "G1CollectForAllocation", Time since last: 379464847 ns, Reaching safepoint: 79303 ns, Cleanup: 83041 ns, At safepoint: 8828196 ns, Total: 8990540 ns
[2025-12-16T08:04:23.125+0000][12.398s][debug][safepoint   ] Safepoint synchronization initiated using futex wait barrier. (17 threads)
[2025-12-16T08:04:23.125+0000][12.398s][info ][gc,start    ] GC(29) Pause Young (Concurrent Start) (Metadata GC Threshold)
[2025-12-16T08:04:23.125+0000][12.398s][info ][gc,task     ] GC(29) Using 5 workers of 13 for evacuation
[2025-12-16T08:04:23.132+0000][12.405s][info ][gc,phases   ] GC(29)   Pre Evacuate Collection Set: 0.2ms
[2025-12-16T08:04:23.132+0000][12.405s][info ][gc,phases   ] GC(29)   Merge Heap Roots: 0.3ms
[2025-12-16T08:04:23.132+0000][12.405s][info ][gc,phases   ] GC(29)   Evacuate Collection Set: 6.0ms
[2025-12-16T08:04:23.132+0000][12.405s][info ][gc,phases   ] GC(29)   Post Evacuate Collection Set: 1.1ms
[2025-12-16T08:04:23.132+0000][12.405s][info ][gc,phases   ] GC(29)   Other: 0.2ms
[2025-12-16T08:04:23.132+0000][12.405s][info ][gc,heap     ] GC(29) Eden regions: 55->0(128)
[2025-12-16T08:04:23.132+0000][12.405s][info ][gc,heap     ] GC(29) Survivor regions: 12->10(18)
[2025-12-16T08:04:23.132+0000][12.405s][info ][gc,heap     ] GC(29) Old regions: 61->63
[2025-12-16T08:04:23.132+0000][12.405s][info ][gc,heap     ] GC(29) Archive regions: 2->2
[2025-12-16T08:04:23.132+0000][12.405s][info ][gc,heap     ] GC(29) Humongous regions: 0->0
[2025-12-16T08:04:23.132+0000][12.406s][info ][gc,metaspace] GC(29) Metaspace: 59999K(60416K)->59999K(60416K) NonClass: 52333K(52544K)->52333K(52544K) Class: 7666K(7872K)->7666K(7872K)
[2025-12-16T08:04:23.132+0000][12.406s][info ][gc          ] GC(29) Pause Young (Concurrent Start) (Metadata GC Threshold) 127M->72M(237M) 7.816ms
[2025-12-16T08:04:23.132+0000][12.406s][info ][gc,cpu      ] GC(29) User=0.03s Sys=0.01s Real=0.01s
[2025-12-16T08:04:23.133+0000][12.406s][info ][gc          ] GC(30) Concurrent Mark Cycle
[2025-12-16T08:04:23.133+0000][12.406s][info ][gc,marking  ] GC(30) Concurrent Clear Claimed Marks
[2025-12-16T08:04:23.133+0000][12.406s][info ][safepoint   ] Safepoint "CollectForMetadataAllocation", Time since last: 173229352 ns, Reaching safepoint: 48434 ns, Cleanup: 25319 ns, At safepoint: 7965875 ns, Total: 8039628 ns
[2025-12-16T08:04:23.133+0000][12.406s][info ][gc,marking  ] GC(30) Concurrent Clear Claimed Marks 0.066ms
[2025-12-16T08:04:23.133+0000][12.406s][info ][gc,marking  ] GC(30) Concurrent Scan Root Regions
[2025-12-16T08:04:23.137+0000][12.410s][info ][gc,marking  ] GC(30) Concurrent Scan Root Regions 4.485ms
[2025-12-16T08:04:23.137+0000][12.410s][info ][gc,marking  ] GC(30) Concurrent Mark
[2025-12-16T08:04:23.137+0000][12.410s][info ][gc,marking  ] GC(30) Concurrent Mark From Roots
[2025-12-16T08:04:23.137+0000][12.410s][info ][gc,task     ] GC(30) Using 3 workers of 3 for marking
[2025-12-16T08:04:23.158+0000][12.431s][debug][safepoint   ] Safepoint synchronization initiated using futex wait barrier. (17 threads)
[2025-12-16T08:04:23.159+0000][12.432s][info ][safepoint   ] Safepoint "CollectForMetadataAllocation", Time since last: 25657866 ns, Reaching safepoint: 144309 ns, Cleanup: 10531 ns, At safepoint: 151864 ns, Total: 306704 ns
[2025-12-16T08:04:23.166+0000][12.439s][info ][gc,marking  ] GC(30) Concurrent Mark From Roots 28.316ms
[2025-12-16T08:04:23.166+0000][12.439s][info ][gc,marking  ] GC(30) Concurrent Preclean
[2025-12-16T08:04:23.166+0000][12.439s][info ][gc,marking  ] GC(30) Concurrent Preclean 0.370ms
[2025-12-16T08:04:23.166+0000][12.439s][debug][safepoint   ] Safepoint synchronization initiated using futex wait barrier. (17 threads)
[2025-12-16T08:04:23.166+0000][12.439s][info ][gc,start    ] GC(30) Pause Remark
[2025-12-16T08:04:23.171+0000][12.444s][info ][gc          ] GC(30) Pause Remark 76M->76M(237M) 4.708ms
[2025-12-16T08:04:23.171+0000][12.444s][info ][gc,cpu      ] GC(30) User=0.02s Sys=0.00s Real=0.00s
[2025-12-16T08:04:23.171+0000][12.444s][info ][safepoint   ] Safepoint "G1PauseRemark", Time since last: 7491575 ns, Reaching safepoint: 132197 ns, Cleanup: 12163 ns, At safepoint: 4879113 ns, Total: 5023473 ns
[2025-12-16T08:04:23.171+0000][12.444s][info ][gc,marking  ] GC(30) Concurrent Mark 33.920ms
[2025-12-16T08:04:23.171+0000][12.444s][info ][gc,marking  ] GC(30) Concurrent Rebuild Remembered Sets
[2025-12-16T08:04:23.187+0000][12.460s][info ][gc,marking  ] GC(30) Concurrent Rebuild Remembered Sets 15.626ms
[2025-12-16T08:04:23.187+0000][12.460s][debug][safepoint   ] Safepoint synchronization initiated using futex wait barrier. (17 threads)
[2025-12-16T08:04:23.187+0000][12.460s][info ][gc,start    ] GC(30) Pause Cleanup
[2025-12-16T08:04:23.187+0000][12.460s][info ][gc          ] GC(30) Pause Cleanup 80M->80M(237M) 0.213ms
[2025-12-16T08:04:23.187+0000][12.460s][info ][gc,cpu      ] GC(30) User=0.00s Sys=0.00s Real=0.00s
[2025-12-16T08:04:23.187+0000][12.460s][info ][safepoint   ] Safepoint "G1PauseCleanup", Time since last: 15817379 ns, Reaching safepoint: 132917 ns, Cleanup: 12104 ns, At safepoint: 287046 ns, Total: 432067 ns
[2025-12-16T08:04:23.187+0000][12.460s][info ][gc,marking  ] GC(30) Concurrent Cleanup for Next Mark
[2025-12-16T08:04:23.188+0000][12.461s][info ][gc,marking  ] GC(30) Concurrent Cleanup for Next Mark 1.003ms
[2025-12-16T08:04:23.188+0000][12.461s][info ][gc          ] GC(30) Concurrent Mark Cycle 55.872ms
[2025-12-16T08:04:23.655+0000][12.928s][debug][safepoint   ] Safepoint synchronization initiated using futex wait barrier. (21 threads)
[2025-12-16T08:04:23.657+0000][12.930s][info ][gc,start    ] GC(31) Pause Young (Prepare Mixed) (G1 Evacuation Pause)
[2025-12-16T08:04:23.657+0000][12.930s][info ][gc,task     ] GC(31) Using 5 workers of 13 for evacuation
[2025-12-16T08:04:23.665+0000][12.938s][info ][gc,phases   ] GC(31)   Pre Evacuate Collection Set: 0.2ms
[2025-12-16T08:04:23.665+0000][12.938s][info ][gc,phases   ] GC(31)   Merge Heap Roots: 0.5ms
[2025-12-16T08:04:23.665+0000][12.938s][info ][gc,phases   ] GC(31)   Evacuate Collection Set: 5.9ms
[2025-12-16T08:04:23.665+0000][12.938s][info ][gc,phases   ] GC(31)   Post Evacuate Collection Set: 1.2ms
[2025-12-16T08:04:23.665+0000][12.938s][info ][gc,phases   ] GC(31)   Other: 0.2ms
[2025-12-16T08:04:23.665+0000][12.938s][info ][gc,heap     ] GC(31) Eden regions: 128->0(1)
[2025-12-16T08:04:23.665+0000][12.938s][info ][gc,heap     ] GC(31) Survivor regions: 10->11(18)
[2025-12-16T08:04:23.665+0000][12.938s][info ][gc,heap     ] GC(31) Old regions: 63->63
[2025-12-16T08:04:23.665+0000][12.938s][info ][gc,heap     ] GC(31) Archive regions: 2->2
[2025-12-16T08:04:23.665+0000][12.938s][info ][gc,heap     ] GC(31) Humongous regions: 0->0
[2025-12-16T08:04:23.665+0000][12.938s][info ][gc,metaspace] GC(31) Metaspace: 64202K(64704K)->64202K(64704K) NonClass: 55979K(56256K)->55979K(56256K) Class: 8222K(8448K)->8222K(8448K)
[2025-12-16T08:04:23.665+0000][12.938s][info ][gc          ] GC(31) Pause Young (Prepare Mixed) (G1 Evacuation Pause) 200M->73M(237M) 8.174ms
[2025-12-16T08:04:23.665+0000][12.938s][info ][gc,cpu      ] GC(31) User=0.03s Sys=0.00s Real=0.00s
[2025-12-16T08:04:23.665+0000][12.938s][info ][safepoint   ] Safepoint "G1CollectForAllocation", Time since last: 467849903 ns, Reaching safepoint: 48965 ns, Cleanup: 1383932 ns, At safepoint: 8294481 ns, Total: 9727378 ns
[2025-12-16T08:04:23.668+0000][12.941s][debug][safepoint   ] Safepoint synchronization initiated using futex wait barrier. (21 threads)
[2025-12-16T08:04:23.668+0000][12.941s][info ][gc,start    ] GC(32) Pause Young (Mixed) (G1 Evacuation Pause)
[2025-12-16T08:04:23.668+0000][12.941s][info ][gc,task     ] GC(32) Using 5 workers of 13 for evacuation
[2025-12-16T08:04:23.676+0000][12.949s][info ][gc,phases   ] GC(32)   Pre Evacuate Collection Set: 0.2ms
[2025-12-16T08:04:23.676+0000][12.949s][info ][gc,phases   ] GC(32)   Merge Heap Roots: 0.3ms
[2025-12-16T08:04:23.676+0000][12.949s][info ][gc,phases   ] GC(32)   Evacuate Collection Set: 6.1ms
[2025-12-16T08:04:23.676+0000][12.949s][info ][gc,phases   ] GC(32)   Post Evacuate Collection Set: 1.2ms
[2025-12-16T08:04:23.676+0000][12.949s][info ][gc,phases   ] GC(32)   Other: 0.1ms
[2025-12-16T08:04:23.676+0000][12.949s][info ][gc,heap     ] GC(32) Eden regions: 1->0(131)
[2025-12-16T08:04:23.676+0000][12.949s][info ][gc,heap     ] GC(32) Survivor regions: 11->2(2)
[2025-12-16T08:04:23.676+0000][12.949s][info ][gc,heap     ] GC(32) Old regions: 63->71
[2025-12-16T08:04:23.676+0000][12.949s][info ][gc,heap     ] GC(32) Archive regions: 2->2
[2025-12-16T08:04:23.676+0000][12.949s][info ][gc,heap     ] GC(32) Humongous regions: 0->0
[2025-12-16T08:04:23.676+0000][12.949s][info ][gc,metaspace] GC(32) Metaspace: 64216K(64704K)->64216K(64704K) NonClass: 55991K(56256K)->55991K(56256K) Class: 8225K(8448K)->8225K(8448K)
[2025-12-16T08:04:23.676+0000][12.949s][info ][gc          ] GC(32) Pause Young (Mixed) (G1 Evacuation Pause) 74M->73M(237M) 7.989ms
[2025-12-16T08:04:23.676+0000][12.949s][info ][gc,cpu      ] GC(32) User=0.03s Sys=0.01s Real=0.01s
[2025-12-16T08:04:23.676+0000][12.950s][info ][safepoint   ] Safepoint "G1CollectForAllocation", Time since last: 3410458 ns, Reaching safepoint: 46821 ns, Cleanup: 4168 ns, At safepoint: 8109964 ns, Total: 8160953 ns
[2025-12-16T08:04:24.053+0000][13.326s][debug][safepoint   ] Safepoint synchronization initiated using futex wait barrier. (21 threads)
[2025-12-16T08:04:24.053+0000][13.326s][info ][gc,start    ] GC(33) Pause Young (Concurrent Start) (G1 Evacuation Pause)
[2025-12-16T08:04:24.053+0000][13.326s][info ][gc,task     ] GC(33) Using 5 workers of 13 for evacuation
[2025-12-16T08:04:24.058+0000][13.331s][info ][gc,phases   ] GC(33)   Pre Evacuate Collection Set: 0.4ms
[2025-12-16T08:04:24.058+0000][13.331s][info ][gc,phases   ] GC(33)   Merge Heap Roots: 0.1ms
[2025-12-16T08:04:24.058+0000][13.331s][info ][gc,phases   ] GC(33)   Evacuate Collection Set: 2.4ms
[2025-12-16T08:04:24.058+0000][13.331s][info ][gc,phases   ] GC(33)   Post Evacuate Collection Set: 1.2ms
[2025-12-16T08:04:24.058+0000][13.331s][info ][gc,phases   ] GC(33)   Other: 0.2ms
[2025-12-16T08:04:24.058+0000][13.331s][info ][gc,heap     ] GC(33) Eden regions: 131->0(131)
[2025-12-16T08:04:24.058+0000][13.331s][info ][gc,heap     ] GC(33) Survivor regions: 2->2(17)
[2025-12-16T08:04:24.058+0000][13.331s][info ][gc,heap     ] GC(33) Old regions: 71->71
[2025-12-16T08:04:24.058+0000][13.331s][info ][gc,heap     ] GC(33) Archive regions: 2->2
[2025-12-16T08:04:24.058+0000][13.331s][info ][gc,heap     ] GC(33) Humongous regions: 0->0
[2025-12-16T08:04:24.058+0000][13.331s][info ][gc,metaspace] GC(33) Metaspace: 67303K(67776K)->67303K(67776K) NonClass: 58570K(58816K)->58570K(58816K) Class: 8732K(8960K)->8732K(8960K)
[2025-12-16T08:04:24.058+0000][13.331s][info ][gc          ] GC(33) Pause Young (Concurrent Start) (G1 Evacuation Pause) 204M->72M(237M) 4.445ms
[2025-12-16T08:04:24.058+0000][13.331s][info ][gc,cpu      ] GC(33) User=0.01s Sys=0.00s Real=0.00s
[2025-12-16T08:04:24.058+0000][13.331s][info ][safepoint   ] Safepoint "G1CollectForAllocation", Time since last: 376653471 ns, Reaching safepoint: 64966 ns, Cleanup: 31551 ns, At safepoint: 4572078 ns, Total: 4668595 ns
[2025-12-16T08:04:24.058+0000][13.331s][info ][gc          ] GC(34) Concurrent Mark Cycle
[2025-12-16T08:04:24.058+0000][13.331s][info ][gc,marking  ] GC(34) Concurrent Clear Claimed Marks
[2025-12-16T08:04:24.058+0000][13.331s][info ][gc,marking  ] GC(34) Concurrent Clear Claimed Marks 0.029ms
[2025-12-16T08:04:24.058+0000][13.331s][info ][gc,marking  ] GC(34) Concurrent Scan Root Regions
[2025-12-16T08:04:24.059+0000][13.332s][info ][gc,marking  ] GC(34) Concurrent Scan Root Regions 1.060ms
[2025-12-16T08:04:24.059+0000][13.332s][info ][gc,marking  ] GC(34) Concurrent Mark
[2025-12-16T08:04:24.059+0000][13.332s][info ][gc,marking  ] GC(34) Concurrent Mark From Roots
[2025-12-16T08:04:24.059+0000][13.332s][info ][gc,task     ] GC(34) Using 3 workers of 3 for marking
[2025-12-16T08:04:24.096+0000][13.369s][info ][gc,marking  ] GC(34) Concurrent Mark From Roots 37.134ms
[2025-12-16T08:04:24.096+0000][13.369s][info ][gc,marking  ] GC(34) Concurrent Preclean
[2025-12-16T08:04:24.096+0000][13.369s][info ][gc,marking  ] GC(34) Concurrent Preclean 0.265ms
[2025-12-16T08:04:24.096+0000][13.370s][debug][safepoint   ] Safepoint synchronization initiated using futex wait barrier. (21 threads)
[2025-12-16T08:04:24.097+0000][13.370s][info ][gc,start    ] GC(34) Pause Remark
[2025-12-16T08:04:24.100+0000][13.373s][info ][gc          ] GC(34) Pause Remark 78M->78M(237M) 3.151ms
[2025-12-16T08:04:24.100+0000][13.373s][info ][gc,cpu      ] GC(34) User=0.02s Sys=0.01s Real=0.00s
[2025-12-16T08:04:24.100+0000][13.373s][info ][safepoint   ] Safepoint "G1PauseRemark", Time since last: 38698252 ns, Reaching safepoint: 125773 ns, Cleanup: 11813 ns, At safepoint: 3297850 ns, Total: 3435436 ns
[2025-12-16T08:04:24.100+0000][13.373s][info ][gc,marking  ] GC(34) Concurrent Mark 41.022ms
[2025-12-16T08:04:24.100+0000][13.373s][info ][gc,marking  ] GC(34) Concurrent Rebuild Remembered Sets
[2025-12-16T08:04:24.119+0000][13.392s][info ][gc,marking  ] GC(34) Concurrent Rebuild Remembered Sets 19.221ms
[2025-12-16T08:04:24.119+0000][13.392s][debug][safepoint   ] Safepoint synchronization initiated using futex wait barrier. (21 threads)
[2025-12-16T08:04:24.120+0000][13.393s][info ][gc,start    ] GC(34) Pause Cleanup
[2025-12-16T08:04:24.120+0000][13.393s][info ][gc          ] GC(34) Pause Cleanup 80M->80M(237M) 0.196ms
[2025-12-16T08:04:24.120+0000][13.393s][info ][gc,cpu      ] GC(34) User=0.00s Sys=0.00s Real=0.00s
[2025-12-16T08:04:24.120+0000][13.393s][info ][safepoint   ] Safepoint "G1PauseCleanup", Time since last: 19496898 ns, Reaching safepoint: 123469 ns, Cleanup: 24117 ns, At safepoint: 386008 ns, Total: 533594 ns
[2025-12-16T08:04:24.120+0000][13.393s][info ][gc,marking  ] GC(34) Concurrent Cleanup for Next Mark
[2025-12-16T08:04:24.120+0000][13.394s][info ][gc,marking  ] GC(34) Concurrent Cleanup for Next Mark 0.489ms
[2025-12-16T08:04:24.121+0000][13.394s][info ][gc          ] GC(34) Concurrent Mark Cycle 62.709ms
[2025-12-16T08:04:24.396+0000][13.669s][debug][safepoint   ] Safepoint synchronization initiated using futex wait barrier. (24 threads)
[2025-12-16T08:04:24.396+0000][13.670s][info ][safepoint   ] Safepoint "ICBufferFull", Time since last: 276037695 ns, Reaching safepoint: 234404 ns, Cleanup: 215698 ns, At safepoint: 4368 ns, Total: 454470 ns
[2025-12-16T08:04:24.848+0000][14.121s][debug][safepoint   ] Safepoint synchronization initiated using futex wait barrier. (29 threads)
[2025-12-16T08:04:24.848+0000][14.121s][info ][gc,start    ] GC(35) Pause Young (Prepare Mixed) (G1 Evacuation Pause)
[2025-12-16T08:04:24.848+0000][14.121s][info ][gc,task     ] GC(35) Using 5 workers of 13 for evacuation
[2025-12-16T08:04:24.853+0000][14.126s][info ][gc,phases   ] GC(35)   Pre Evacuate Collection Set: 0.2ms
[2025-12-16T08:04:24.853+0000][14.126s][info ][gc,phases   ] GC(35)   Merge Heap Roots: 0.1ms
[2025-12-16T08:04:24.853+0000][14.126s][info ][gc,phases   ] GC(35)   Evacuate Collection Set: 3.5ms
[2025-12-16T08:04:24.853+0000][14.126s][info ][gc,phases   ] GC(35)   Post Evacuate Collection Set: 1.1ms
[2025-12-16T08:04:24.853+0000][14.126s][info ][gc,phases   ] GC(35)   Other: 0.1ms
[2025-12-16T08:04:24.853+0000][14.126s][info ][gc,heap     ] GC(35) Eden regions: 131->0(5)
[2025-12-16T08:04:24.853+0000][14.126s][info ][gc,heap     ] GC(35) Survivor regions: 2->6(17)
[2025-12-16T08:04:24.853+0000][14.126s][info ][gc,heap     ] GC(35) Old regions: 71->71
[2025-12-16T08:04:24.853+0000][14.126s][info ][gc,heap     ] GC(35) Archive regions: 2->2
[2025-12-16T08:04:24.853+0000][14.126s][info ][gc,heap     ] GC(35) Humongous regions: 0->0
[2025-12-16T08:04:24.853+0000][14.126s][info ][gc,metaspace] GC(35) Metaspace: 70100K(70592K)->70100K(70592K) NonClass: 61052K(61312K)->61052K(61312K) Class: 9048K(9280K)->9048K(9280K)
[2025-12-16T08:04:24.853+0000][14.126s][info ][gc          ] GC(35) Pause Young (Prepare Mixed) (G1 Evacuation Pause) 203M->76M(237M) 5.068ms
[2025-12-16T08:04:24.853+0000][14.126s][info ][gc,cpu      ] GC(35) User=0.06s Sys=0.01s Real=0.01s
[2025-12-16T08:04:24.853+0000][14.126s][info ][safepoint   ] Safepoint "G1CollectForAllocation", Time since last: 451440519 ns, Reaching safepoint: 55327 ns, Cleanup: 134541 ns, At safepoint: 5225104 ns, Total: 5414972 ns
[2025-12-16T08:04:24.886+0000][14.159s][debug][safepoint   ] Safepoint synchronization initiated using futex wait barrier. (29 threads)
[2025-12-16T08:04:24.886+0000][14.159s][info ][gc,start    ] GC(36) Pause Young (Mixed) (G1 Evacuation Pause)
[2025-12-16T08:04:24.886+0000][14.159s][info ][gc,task     ] GC(36) Using 5 workers of 13 for evacuation
[2025-12-16T08:04:24.891+0000][14.164s][info ][gc,phases   ] GC(36)   Pre Evacuate Collection Set: 0.1ms
[2025-12-16T08:04:24.891+0000][14.164s][info ][gc,phases   ] GC(36)   Merge Heap Roots: 0.1ms
[2025-12-16T08:04:24.891+0000][14.164s][info ][gc,phases   ] GC(36)   Evacuate Collection Set: 4.2ms
[2025-12-16T08:04:24.891+0000][14.164s][info ][gc,phases   ] GC(36)   Post Evacuate Collection Set: 0.9ms
[2025-12-16T08:04:24.891+0000][14.164s][info ][gc,phases   ] GC(36)   Other: 0.1ms
[2025-12-16T08:04:24.891+0000][14.165s][info ][gc,heap     ] GC(36) Eden regions: 5->0(127)
[2025-12-16T08:04:24.891+0000][14.165s][info ][gc,heap     ] GC(36) Survivor regions: 6->1(2)
[2025-12-16T08:04:24.891+0000][14.165s][info ][gc,heap     ] GC(36) Old regions: 71->75
[2025-12-16T08:04:24.891+0000][14.165s][info ][gc,heap     ] GC(36) Archive regions: 2->2
[2025-12-16T08:04:24.891+0000][14.165s][info ][gc,heap     ] GC(36) Humongous regions: 0->0
[2025-12-16T08:04:24.891+0000][14.165s][info ][gc,metaspace] GC(36) Metaspace: 70113K(70592K)->70113K(70592K) NonClass: 61062K(61312K)->61062K(61312K) Class: 9051K(9280K)->9051K(9280K)
[2025-12-16T08:04:24.891+0000][14.165s][info ][gc          ] GC(36) Pause Young (Mixed) (G1 Evacuation Pause) 81M->76M(237M) 5.557ms
[2025-12-16T08:04:24.891+0000][14.165s][info ][gc,cpu      ] GC(36) User=0.04s Sys=0.00s Real=0.00s
[2025-12-16T08:04:24.892+0000][14.165s][info ][safepoint   ] Safepoint "G1CollectForAllocation", Time since last: 32523347 ns, Reaching safepoint: 49486 ns, Cleanup: 25770 ns, At safepoint: 5759481 ns, Total: 5834737 ns
[2025-12-16T08:04:25.340+0000][14.613s][debug][safepoint   ] Safepoint synchronization initiated using futex wait barrier. (28 threads)
[2025-12-16T08:04:25.341+0000][14.614s][info ][safepoint   ] Safepoint "ICBufferFull", Time since last: 448709816 ns, Reaching safepoint: 71950 ns, Cleanup: 225707 ns, At safepoint: 2184 ns, Total: 299841 ns
[2025-12-16T08:04:25.541+0000][14.814s][debug][safepoint   ] Safepoint synchronization initiated using futex wait barrier. (27 threads)
[2025-12-16T08:04:25.541+0000][14.815s][info ][safepoint   ] Safepoint "ICBufferFull", Time since last: 200225209 ns, Reaching safepoint: 309680 ns, Cleanup: 192313 ns, At safepoint: 79454 ns, Total: 581447 ns
[2025-12-16T08:04:25.684+0000][14.957s][debug][safepoint   ] Safepoint synchronization initiated using futex wait barrier. (27 threads)
[2025-12-16T08:04:25.684+0000][14.957s][info ][gc,start    ] GC(37) Pause Young (Normal) (G1 Evacuation Pause)
[2025-12-16T08:04:25.684+0000][14.957s][info ][gc,task     ] GC(37) Using 5 workers of 13 for evacuation
[2025-12-16T08:04:25.689+0000][14.962s][info ][gc,phases   ] GC(37)   Pre Evacuate Collection Set: 0.2ms
[2025-12-16T08:04:25.689+0000][14.962s][info ][gc,phases   ] GC(37)   Merge Heap Roots: 0.2ms
[2025-12-16T08:04:25.689+0000][14.962s][info ][gc,phases   ] GC(37)   Evacuate Collection Set: 3.3ms
[2025-12-16T08:04:25.689+0000][14.962s][info ][gc,phases   ] GC(37)   Post Evacuate Collection Set: 1.1ms
[2025-12-16T08:04:25.689+0000][14.962s][info ][gc,phases   ] GC(37)   Other: 0.1ms
[2025-12-16T08:04:25.689+0000][14.962s][info ][gc,heap     ] GC(37) Eden regions: 127->0(125)
[2025-12-16T08:04:25.689+0000][14.962s][info ][gc,heap     ] GC(37) Survivor regions: 1->3(16)
[2025-12-16T08:04:25.689+0000][14.962s][info ][gc,heap     ] GC(37) Old regions: 75->75
[2025-12-16T08:04:25.689+0000][14.962s][info ][gc,heap     ] GC(37) Archive regions: 2->2
[2025-12-16T08:04:25.689+0000][14.962s][info ][gc,heap     ] GC(37) Humongous regions: 0->0
[2025-12-16T08:04:25.689+0000][14.962s][info ][gc,metaspace] GC(37) Metaspace: 73461K(73984K)->73461K(73984K) NonClass: 64020K(64256K)->64020K(64256K) Class: 9441K(9728K)->9441K(9728K)
[2025-12-16T08:04:25.689+0000][14.962s][info ][gc          ] GC(37) Pause Young (Normal) (G1 Evacuation Pause) 203M->77M(237M) 4.997ms
[2025-12-16T08:04:25.689+0000][14.962s][info ][gc,cpu      ] GC(37) User=0.03s Sys=0.00s Real=0.01s
[2025-12-16T08:04:25.689+0000][14.962s][info ][safepoint   ] Safepoint "G1CollectForAllocation", Time since last: 142189870 ns, Reaching safepoint: 55077 ns, Cleanup: 46259 ns, At safepoint: 5163285 ns, Total: 5264621 ns
[2025-12-16T08:04:26.197+0000][15.470s][debug][safepoint   ] Safepoint synchronization initiated using futex wait barrier. (22 threads)
[2025-12-16T08:04:26.197+0000][15.470s][info ][gc,start    ] GC(38) Pause Young (Normal) (G1 Evacuation Pause)
[2025-12-16T08:04:26.197+0000][15.470s][info ][gc,task     ] GC(38) Using 5 workers of 13 for evacuation
[2025-12-16T08:04:26.201+0000][15.474s][info ][gc,phases   ] GC(38)   Pre Evacuate Collection Set: 0.2ms
[2025-12-16T08:04:26.201+0000][15.474s][info ][gc,phases   ] GC(38)   Merge Heap Roots: 0.1ms
[2025-12-16T08:04:26.201+0000][15.474s][info ][gc,phases   ] GC(38)   Evacuate Collection Set: 2.7ms
[2025-12-16T08:04:26.201+0000][15.474s][info ][gc,phases   ] GC(38)   Post Evacuate Collection Set: 1.0ms
[2025-12-16T08:04:26.201+0000][15.474s][info ][gc,phases   ] GC(38)   Other: 0.2ms
[2025-12-16T08:04:26.201+0000][15.474s][info ][gc,heap     ] GC(38) Eden regions: 125->0(126)
[2025-12-16T08:04:26.201+0000][15.474s][info ][gc,heap     ] GC(38) Survivor regions: 3->3(16)
[2025-12-16T08:04:26.201+0000][15.474s][info ][gc,heap     ] GC(38) Old regions: 75->75
[2025-12-16T08:04:26.201+0000][15.474s][info ][gc,heap     ] GC(38) Archive regions: 2->2
[2025-12-16T08:04:26.201+0000][15.474s][info ][gc,heap     ] GC(38) Humongous regions: 0->0
[2025-12-16T08:04:26.201+0000][15.474s][info ][gc,metaspace] GC(38) Metaspace: 78290K(78848K)->78290K(78848K) NonClass: 68046K(68352K)->68046K(68352K) Class: 10244K(10496K)->10244K(10496K)
[2025-12-16T08:04:26.201+0000][15.474s][info ][gc          ] GC(38) Pause Young (Normal) (G1 Evacuation Pause) 202M->78M(237M) 4.387ms
[2025-12-16T08:04:26.201+0000][15.474s][info ][gc,cpu      ] GC(38) User=0.02s Sys=0.00s Real=0.00s
[2025-12-16T08:04:26.201+0000][15.474s][info ][safepoint   ] Safepoint "G1CollectForAllocation", Time since last: 507750745 ns, Reaching safepoint: 82910 ns, Cleanup: 34808 ns, At safepoint: 4448379 ns, Total: 4566097 ns
[2025-12-16T08:04:26.575+0000][15.848s][debug][safepoint   ] Safepoint synchronization initiated using futex wait barrier. (22 threads)
[2025-12-16T08:04:26.575+0000][15.848s][info ][safepoint   ] Safepoint "ICBufferFull", Time since last: 373459422 ns, Reaching safepoint: 42723 ns, Cleanup: 103651 ns, At safepoint: 40328 ns, Total: 186702 ns
[2025-12-16T08:04:26.628+0000][15.902s][debug][safepoint   ] Safepoint synchronization initiated using futex wait barrier. (23 threads)
[2025-12-16T08:04:26.629+0000][15.902s][info ][safepoint   ] Safepoint "ICBufferFull", Time since last: 53627568 ns, Reaching safepoint: 184367 ns, Cleanup: 232561 ns, At safepoint: 48814 ns, Total: 465742 ns
[2025-12-16T08:04:26.698+0000][15.971s][debug][safepoint   ] Safepoint synchronization initiated using futex wait barrier. (23 threads)
[2025-12-16T08:04:26.698+0000][15.971s][info ][safepoint   ] Safepoint "ICBufferFull", Time since last: 68577679 ns, Reaching safepoint: 47171 ns, Cleanup: 136425 ns, At safepoint: 1984 ns, Total: 185580 ns
[2025-12-16T08:04:26.786+0000][16.059s][debug][safepoint   ] Safepoint synchronization initiated using futex wait barrier. (24 threads)
[2025-12-16T08:04:26.787+0000][16.060s][info ][safepoint   ] Safepoint "ICBufferFull", Time since last: 88593890 ns, Reaching safepoint: 81488 ns, Cleanup: 200077 ns, At safepoint: 67341 ns, Total: 348906 ns
[2025-12-16T08:04:26.883+0000][16.156s][debug][safepoint   ] Safepoint synchronization initiated using futex wait barrier. (24 threads)
[2025-12-16T08:04:26.884+0000][16.157s][info ][gc,start    ] GC(39) Pause Young (Normal) (G1 Evacuation Pause)
[2025-12-16T08:04:26.884+0000][16.157s][info ][gc,task     ] GC(39) Using 5 workers of 13 for evacuation
[2025-12-16T08:04:26.888+0000][16.162s][info ][gc,phases   ] GC(39)   Pre Evacuate Collection Set: 0.2ms
[2025-12-16T08:04:26.888+0000][16.162s][info ][gc,phases   ] GC(39)   Merge Heap Roots: 0.2ms
[2025-12-16T08:04:26.888+0000][16.162s][info ][gc,phases   ] GC(39)   Evacuate Collection Set: 3.0ms
[2025-12-16T08:04:26.888+0000][16.162s][info ][gc,phases   ] GC(39)   Post Evacuate Collection Set: 1.4ms
[2025-12-16T08:04:26.889+0000][16.162s][info ][gc,phases   ] GC(39)   Other: 0.1ms
[2025-12-16T08:04:26.889+0000][16.162s][info ][gc,heap     ] GC(39) Eden regions: 126->0(126)
[2025-12-16T08:04:26.889+0000][16.162s][info ][gc,heap     ] GC(39) Survivor regions: 3->4(17)
[2025-12-16T08:04:26.889+0000][16.162s][info ][gc,heap     ] GC(39) Old regions: 75->75
[2025-12-16T08:04:26.889+0000][16.162s][info ][gc,heap     ] GC(39) Archive regions: 2->2
[2025-12-16T08:04:26.889+0000][16.162s][info ][gc,heap     ] GC(39) Humongous regions: 0->0
[2025-12-16T08:04:26.889+0000][16.162s][info ][gc,metaspace] GC(39) Metaspace: 80683K(81280K)->80683K(81280K) NonClass: 70103K(70400K)->70103K(70400K) Class: 10580K(10880K)->10580K(10880K)
[2025-12-16T08:04:26.889+0000][16.162s][info ][gc          ] GC(39) Pause Young (Normal) (G1 Evacuation Pause) 204M->79M(237M) 4.910ms
[2025-12-16T08:04:26.889+0000][16.162s][info ][gc,cpu      ] GC(39) User=0.03s Sys=0.00s Real=0.01s
[2025-12-16T08:04:26.889+0000][16.162s][info ][safepoint   ] Safepoint "G1CollectForAllocation", Time since last: 96721650 ns, Reaching safepoint: 73693 ns, Cleanup: 162304 ns, At safepoint: 5028904 ns, Total: 5264901 ns
[2025-12-16T08:04:27.054+0000][16.327s][debug][safepoint   ] Safepoint synchronization initiated using futex wait barrier. (24 threads)
[2025-12-16T08:04:27.054+0000][16.327s][info ][safepoint   ] Safepoint "ICBufferFull", Time since last: 165455959 ns, Reaching safepoint: 44526 ns, Cleanup: 151504 ns, At safepoint: 2284 ns, Total: 198314 ns
[2025-12-16T08:04:27.299+0000][16.572s][debug][safepoint   ] Safepoint synchronization initiated using futex wait barrier. (24 threads)
[2025-12-16T08:04:27.299+0000][16.572s][info ][safepoint   ] Safepoint "ICBufferFull", Time since last: 244582263 ns, Reaching safepoint: 65908 ns, Cleanup: 189276 ns, At safepoint: 52743 ns, Total: 307927 ns
[2025-12-16T08:04:27.454+0000][16.727s][debug][safepoint   ] Safepoint synchronization initiated using futex wait barrier. (24 threads)
[2025-12-16T08:04:27.454+0000][16.727s][info ][gc,start    ] GC(40) Pause Young (Normal) (G1 Evacuation Pause)
[2025-12-16T08:04:27.454+0000][16.727s][info ][gc,task     ] GC(40) Using 5 workers of 13 for evacuation
[2025-12-16T08:04:27.459+0000][16.732s][info ][gc,phases   ] GC(40)   Pre Evacuate Collection Set: 0.2ms
[2025-12-16T08:04:27.459+0000][16.732s][info ][gc,phases   ] GC(40)   Merge Heap Roots: 0.1ms
[2025-12-16T08:04:27.459+0000][16.732s][info ][gc,phases   ] GC(40)   Evacuate Collection Set: 3.4ms
[2025-12-16T08:04:27.459+0000][16.732s][info ][gc,phases   ] GC(40)   Post Evacuate Collection Set: 1.1ms
[2025-12-16T08:04:27.459+0000][16.732s][info ][gc,phases   ] GC(40)   Other: 0.1ms
[2025-12-16T08:04:27.459+0000][16.732s][info ][gc,heap     ] GC(40) Eden regions: 126->0(125)
[2025-12-16T08:04:27.459+0000][16.732s][info ][gc,heap     ] GC(40) Survivor regions: 4->5(17)
[2025-12-16T08:04:27.459+0000][16.732s][info ][gc,heap     ] GC(40) Old regions: 75->75
[2025-12-16T08:04:27.459+0000][16.732s][info ][gc,heap     ] GC(40) Archive regions: 2->2
[2025-12-16T08:04:27.459+0000][16.732s][info ][gc,heap     ] GC(40) Humongous regions: 0->0
[2025-12-16T08:04:27.459+0000][16.732s][info ][gc,metaspace] GC(40) Metaspace: 82133K(82752K)->82133K(82752K) NonClass: 71371K(71680K)->71371K(71680K) Class: 10761K(11072K)->10761K(11072K)
[2025-12-16T08:04:27.459+0000][16.732s][info ][gc          ] GC(40) Pause Young (Normal) (G1 Evacuation Pause) 205M->80M(237M) 5.015ms
[2025-12-16T08:04:27.459+0000][16.733s][info ][gc,cpu      ] GC(40) User=0.02s Sys=0.00s Real=0.00s
[2025-12-16T08:04:27.459+0000][16.733s][info ][safepoint   ] Safepoint "G1CollectForAllocation", Time since last: 155044370 ns, Reaching safepoint: 48915 ns, Cleanup: 78352 ns, At safepoint: 5076195 ns, Total: 5203462 ns
[2025-12-16T08:04:27.965+0000][17.238s][debug][safepoint   ] Safepoint synchronization initiated using futex wait barrier. (22 threads)
[2025-12-16T08:04:27.965+0000][17.239s][info ][gc,start    ] GC(41) Pause Young (Normal) (G1 Evacuation Pause)
[2025-12-16T08:04:27.965+0000][17.239s][info ][gc,task     ] GC(41) Using 5 workers of 13 for evacuation
[2025-12-16T08:04:27.972+0000][17.245s][info ][gc,phases   ] GC(41)   Pre Evacuate Collection Set: 0.2ms
[2025-12-16T08:04:27.972+0000][17.245s][info ][gc,phases   ] GC(41)   Merge Heap Roots: 0.2ms
[2025-12-16T08:04:27.972+0000][17.245s][info ][gc,phases   ] GC(41)   Evacuate Collection Set: 4.9ms
[2025-12-16T08:04:27.972+0000][17.245s][info ][gc,phases   ] GC(41)   Post Evacuate Collection Set: 1.3ms
[2025-12-16T08:04:27.972+0000][17.245s][info ][gc,phases   ] GC(41)   Other: 0.2ms
[2025-12-16T08:04:27.972+0000][17.245s][info ][gc,heap     ] GC(41) Eden regions: 125->0(122)
[2025-12-16T08:04:27.972+0000][17.245s][info ][gc,heap     ] GC(41) Survivor regions: 5->7(17)
[2025-12-16T08:04:27.972+0000][17.245s][info ][gc,heap     ] GC(41) Old regions: 75->75
[2025-12-16T08:04:27.972+0000][17.245s][info ][gc,heap     ] GC(41) Archive regions: 2->2
[2025-12-16T08:04:27.972+0000][17.245s][info ][gc,heap     ] GC(41) Humongous regions: 0->0
[2025-12-16T08:04:27.972+0000][17.245s][info ][gc,metaspace] GC(41) Metaspace: 84668K(85312K)->84668K(85312K) NonClass: 73540K(73856K)->73540K(73856K) Class: 11128K(11456K)->11128K(11456K)
[2025-12-16T08:04:27.972+0000][17.245s][info ][gc          ] GC(41) Pause Young (Normal) (G1 Evacuation Pause) 205M->82M(237M) 6.835ms
[2025-12-16T08:04:27.972+0000][17.245s][info ][gc,cpu      ] GC(41) User=0.02s Sys=0.00s Real=0.00s
[2025-12-16T08:04:27.972+0000][17.245s][info ][safepoint   ] Safepoint "G1CollectForAllocation", Time since last: 505492481 ns, Reaching safepoint: 178636 ns, Cleanup: 262128 ns, At safepoint: 6934126 ns, Total: 7374890 ns
[2025-12-16T08:04:28.227+0000][17.500s][debug][safepoint   ] Safepoint synchronization initiated using futex wait barrier. (25 threads)
[2025-12-16T08:04:28.227+0000][17.501s][info ][safepoint   ] Safepoint "ICBufferFull", Time since last: 254728075 ns, Reaching safepoint: 181100 ns, Cleanup: 169048 ns, At safepoint: 71959 ns, Total: 422107 ns
[2025-12-16T08:04:28.632+0000][17.905s][debug][safepoint   ] Safepoint synchronization initiated using futex wait barrier. (27 threads)
[2025-12-16T08:04:28.633+0000][17.906s][info ][safepoint   ] Safepoint "ICBufferFull", Time since last: 404851568 ns, Reaching safepoint: 52883 ns, Cleanup: 154319 ns, At safepoint: 3326 ns, Total: 210528 ns
[2025-12-16T08:04:28.710+0000][17.983s][debug][safepoint   ] Safepoint synchronization initiated using futex wait barrier. (27 threads)
[2025-12-16T08:04:28.710+0000][17.983s][info ][gc,start    ] GC(42) Pause Young (Normal) (G1 Evacuation Pause)
[2025-12-16T08:04:28.710+0000][17.983s][info ][gc,task     ] GC(42) Using 5 workers of 13 for evacuation
[2025-12-16T08:04:28.718+0000][17.991s][info ][gc,phases   ] GC(42)   Pre Evacuate Collection Set: 0.2ms
[2025-12-16T08:04:28.718+0000][17.991s][info ][gc,phases   ] GC(42)   Merge Heap Roots: 0.2ms
[2025-12-16T08:04:28.718+0000][17.992s][info ][gc,phases   ] GC(42)   Evacuate Collection Set: 6.4ms
[2025-12-16T08:04:28.718+0000][17.992s][info ][gc,phases   ] GC(42)   Post Evacuate Collection Set: 1.5ms
[2025-12-16T08:04:28.718+0000][17.992s][info ][gc,phases   ] GC(42)   Other: 0.2ms
[2025-12-16T08:04:28.718+0000][17.992s][info ][gc,heap     ] GC(42) Eden regions: 122->0(116)
[2025-12-16T08:04:28.718+0000][17.992s][info ][gc,heap     ] GC(42) Survivor regions: 7->10(17)
[2025-12-16T08:04:28.718+0000][17.992s][info ][gc,heap     ] GC(42) Old regions: 75->75
[2025-12-16T08:04:28.718+0000][17.992s][info ][gc,heap     ] GC(42) Archive regions: 2->2
[2025-12-16T08:04:28.718+0000][17.992s][info ][gc,heap     ] GC(42) Humongous regions: 0->0
[2025-12-16T08:04:28.718+0000][17.992s][info ][gc,metaspace] GC(42) Metaspace: 89282K(89920K)->89282K(89920K) NonClass: 77530K(77888K)->77530K(77888K) Class: 11752K(12032K)->11752K(12032K)
[2025-12-16T08:04:28.718+0000][17.992s][info ][gc          ] GC(42) Pause Young (Normal) (G1 Evacuation Pause) 204M->85M(237M) 8.546ms
[2025-12-16T08:04:28.718+0000][17.992s][info ][gc,cpu      ] GC(42) User=0.03s Sys=0.00s Real=0.01s
[2025-12-16T08:04:28.719+0000][17.992s][info ][safepoint   ] Safepoint "G1CollectForAllocation", Time since last: 77249659 ns, Reaching safepoint: 54626 ns, Cleanup: 37974 ns, At safepoint: 8649309 ns, Total: 8741909 ns
[2025-12-16T08:04:28.998+0000][18.271s][debug][safepoint   ] Safepoint synchronization initiated using futex wait barrier. (25 threads)
[2025-12-16T08:04:28.998+0000][18.271s][info ][safepoint   ] Safepoint "ICBufferFull", Time since last: 279344349 ns, Reaching safepoint: 55778 ns, Cleanup: 137276 ns, At safepoint: 71147 ns, Total: 264201 ns
[2025-12-16T08:04:29.137+0000][18.411s][debug][safepoint   ] Safepoint synchronization initiated using futex wait barrier. (26 threads)
[2025-12-16T08:04:29.138+0000][18.411s][info ][gc,start    ] GC(43) Pause Young (Normal) (G1 Evacuation Pause)
[2025-12-16T08:04:29.138+0000][18.411s][info ][gc,task     ] GC(43) Using 5 workers of 13 for evacuation
[2025-12-16T08:04:29.151+0000][18.424s][info ][gc,phases   ] GC(43)   Pre Evacuate Collection Set: 0.2ms
[2025-12-16T08:04:29.151+0000][18.424s][info ][gc,phases   ] GC(43)   Merge Heap Roots: 0.2ms
[2025-12-16T08:04:29.151+0000][18.424s][info ][gc,phases   ] GC(43)   Evacuate Collection Set: 12.0ms
[2025-12-16T08:04:29.151+0000][18.424s][info ][gc,phases   ] GC(43)   Post Evacuate Collection Set: 1.3ms
[2025-12-16T08:04:29.151+0000][18.425s][info ][gc,phases   ] GC(43)   Other: 0.1ms
[2025-12-16T08:04:29.151+0000][18.425s][info ][gc,heap     ] GC(43) Eden regions: 116->0(92)
[2025-12-16T08:04:29.151+0000][18.425s][info ][gc,heap     ] GC(43) Survivor regions: 10->16(16)
[2025-12-16T08:04:29.151+0000][18.425s][info ][gc,heap     ] GC(43) Old regions: 75->83
[2025-12-16T08:04:29.151+0000][18.425s][info ][gc,heap     ] GC(43) Archive regions: 2->2
[2025-12-16T08:04:29.151+0000][18.425s][info ][gc,heap     ] GC(43) Humongous regions: 0->0
[2025-12-16T08:04:29.151+0000][18.425s][info ][gc,metaspace] GC(43) Metaspace: 91283K(91840K)->91283K(91840K) NonClass: 79119K(79424K)->79119K(79424K) Class: 12164K(12416K)->12164K(12416K)
[2025-12-16T08:04:29.151+0000][18.425s][info ][gc          ] GC(43) Pause Young (Normal) (G1 Evacuation Pause) 201M->99M(237M) 13.850ms
[2025-12-16T08:04:29.152+0000][18.425s][info ][gc,cpu      ] GC(43) User=0.08s Sys=0.00s Real=0.01s
[2025-12-16T08:04:29.152+0000][18.425s][info ][safepoint   ] Safepoint "G1CollectForAllocation", Time since last: 139328179 ns, Reaching safepoint: 66358 ns, Cleanup: 89043 ns, At safepoint: 13992407 ns, Total: 14147808 ns
[2025-12-16T08:04:29.309+0000][18.582s][debug][safepoint   ] Safepoint synchronization initiated using futex wait barrier. (26 threads)
[2025-12-16T08:04:29.309+0000][18.582s][info ][gc,start    ] GC(44) Pause Young (Concurrent Start) (G1 Evacuation Pause)
[2025-12-16T08:04:29.309+0000][18.582s][info ][gc,task     ] GC(44) Using 5 workers of 13 for evacuation
[2025-12-16T08:04:29.321+0000][18.594s][info ][gc,phases   ] GC(44)   Pre Evacuate Collection Set: 0.3ms
[2025-12-16T08:04:29.321+0000][18.594s][info ][gc,phases   ] GC(44)   Merge Heap Roots: 0.3ms
[2025-12-16T08:04:29.321+0000][18.594s][info ][gc,phases   ] GC(44)   Evacuate Collection Set: 10.8ms
[2025-12-16T08:04:29.321+0000][18.594s][info ][gc,phases   ] GC(44)   Post Evacuate Collection Set: 1.0ms
[2025-12-16T08:04:29.321+0000][18.595s][info ][gc,phases   ] GC(44)   Other: 0.1ms
[2025-12-16T08:04:29.321+0000][18.595s][info ][gc,heap     ] GC(44) Eden regions: 92->0(82)
[2025-12-16T08:04:29.321+0000][18.595s][info ][gc,heap     ] GC(44) Survivor regions: 16->9(14)
[2025-12-16T08:04:29.321+0000][18.595s][info ][gc,heap     ] GC(44) Old regions: 83->99
[2025-12-16T08:04:29.321+0000][18.595s][info ][gc,heap     ] GC(44) Archive regions: 2->2
[2025-12-16T08:04:29.321+0000][18.595s][info ][gc,heap     ] GC(44) Humongous regions: 1->1
[2025-12-16T08:04:29.321+0000][18.595s][info ][gc,metaspace] GC(44) Metaspace: 91307K(91904K)->91307K(91904K) NonClass: 79142K(79488K)->79142K(79488K) Class: 12164K(12416K)->12164K(12416K)
[2025-12-16T08:04:29.321+0000][18.595s][info ][gc          ] GC(44) Pause Young (Concurrent Start) (G1 Evacuation Pause) 192M->109M(237M) 12.611ms
[2025-12-16T08:04:29.321+0000][18.595s][info ][gc,cpu      ] GC(44) User=0.07s Sys=0.01s Real=0.01s
[2025-12-16T08:04:29.322+0000][18.595s][info ][gc          ] GC(45) Concurrent Mark Cycle
[2025-12-16T08:04:29.322+0000][18.595s][info ][gc,marking  ] GC(45) Concurrent Clear Claimed Marks
[2025-12-16T08:04:29.322+0000][18.595s][info ][safepoint   ] Safepoint "G1CollectForAllocation", Time since last: 157129782 ns, Reaching safepoint: 57261 ns, Cleanup: 37242 ns, At safepoint: 12761253 ns, Total: 12855756 ns
[2025-12-16T08:04:29.322+0000][18.595s][info ][gc,marking  ] GC(45) Concurrent Clear Claimed Marks 0.093ms
[2025-12-16T08:04:29.322+0000][18.595s][info ][gc,marking  ] GC(45) Concurrent Scan Root Regions
[2025-12-16T08:04:29.327+0000][18.600s][info ][gc,marking  ] GC(45) Concurrent Scan Root Regions 5.582ms
[2025-12-16T08:04:29.327+0000][18.600s][info ][gc,marking  ] GC(45) Concurrent Mark
[2025-12-16T08:04:29.327+0000][18.600s][info ][gc,marking  ] GC(45) Concurrent Mark From Roots
[2025-12-16T08:04:29.327+0000][18.600s][info ][gc,task     ] GC(45) Using 3 workers of 3 for marking
[2025-12-16T08:04:29.364+0000][18.637s][info ][gc,marking  ] GC(45) Concurrent Mark From Roots 36.654ms
[2025-12-16T08:04:29.364+0000][18.637s][info ][gc,marking  ] GC(45) Concurrent Preclean
[2025-12-16T08:04:29.364+0000][18.637s][info ][gc,marking  ] GC(45) Concurrent Preclean 0.330ms
[2025-12-16T08:04:29.364+0000][18.637s][debug][safepoint   ] Safepoint synchronization initiated using futex wait barrier. (26 threads)
[2025-12-16T08:04:29.367+0000][18.640s][info ][gc,start    ] GC(45) Pause Remark
[2025-12-16T08:04:29.372+0000][18.645s][info ][gc          ] GC(45) Pause Remark 119M->118M(237M) 5.242ms
[2025-12-16T08:04:29.372+0000][18.645s][info ][gc,cpu      ] GC(45) User=0.02s Sys=0.00s Real=0.00s
[2025-12-16T08:04:29.372+0000][18.645s][info ][safepoint   ] Safepoint "G1PauseRemark", Time since last: 42814412 ns, Reaching safepoint: 2148552 ns, Cleanup: 22122 ns, At safepoint: 5381893 ns, Total: 7552567 ns
[2025-12-16T08:04:29.372+0000][18.645s][info ][gc,marking  ] GC(45) Concurrent Mark 44.724ms
[2025-12-16T08:04:29.372+0000][18.645s][info ][gc,marking  ] GC(45) Concurrent Rebuild Remembered Sets
[2025-12-16T08:04:29.397+0000][18.670s][info ][gc,marking  ] GC(45) Concurrent Rebuild Remembered Sets 24.667ms
[2025-12-16T08:04:29.397+0000][18.670s][debug][safepoint   ] Safepoint synchronization initiated using futex wait barrier. (26 threads)
[2025-12-16T08:04:29.397+0000][18.670s][info ][gc,start    ] GC(45) Pause Cleanup
[2025-12-16T08:04:29.397+0000][18.670s][info ][gc          ] GC(45) Pause Cleanup 123M->123M(237M) 0.268ms
[2025-12-16T08:04:29.397+0000][18.670s][info ][gc,cpu      ] GC(45) User=0.00s Sys=0.00s Real=0.00s
[2025-12-16T08:04:29.397+0000][18.670s][info ][safepoint   ] Safepoint "G1PauseCleanup", Time since last: 24895767 ns, Reaching safepoint: 21982 ns, Cleanup: 10340 ns, At safepoint: 356877 ns, Total: 389199 ns
[2025-12-16T08:04:29.397+0000][18.670s][info ][gc,marking  ] GC(45) Concurrent Cleanup for Next Mark
[2025-12-16T08:04:29.398+0000][18.671s][info ][gc,marking  ] GC(45) Concurrent Cleanup for Next Mark 0.264ms
[2025-12-16T08:04:29.398+0000][18.671s][info ][gc          ] GC(45) Concurrent Mark Cycle 76.052ms
[2025-12-16T08:04:29.574+0000][18.847s][debug][safepoint   ] Safepoint synchronization initiated using futex wait barrier. (22 threads)
[2025-12-16T08:04:29.574+0000][18.847s][info ][gc,start    ] GC(46) Pause Young (Prepare Mixed) (G1 Evacuation Pause)
[2025-12-16T08:04:29.574+0000][18.847s][info ][gc,task     ] GC(46) Using 5 workers of 13 for evacuation
[2025-12-16T08:04:29.585+0000][18.858s][info ][gc,phases   ] GC(46)   Pre Evacuate Collection Set: 0.2ms
[2025-12-16T08:04:29.585+0000][18.858s][info ][gc,phases   ] GC(46)   Merge Heap Roots: 0.3ms
[2025-12-16T08:04:29.585+0000][18.858s][info ][gc,phases   ] GC(46)   Evacuate Collection Set: 8.1ms
[2025-12-16T08:04:29.585+0000][18.858s][info ][gc,phases   ] GC(46)   Post Evacuate Collection Set: 1.4ms
[2025-12-16T08:04:29.585+0000][18.858s][info ][gc,phases   ] GC(46)   Other: 0.2ms
[2025-12-16T08:04:29.585+0000][18.858s][info ][gc,heap     ] GC(46) Eden regions: 82->0(8)
[2025-12-16T08:04:29.585+0000][18.858s][info ][gc,heap     ] GC(46) Survivor regions: 9->3(12)
[2025-12-16T08:04:29.585+0000][18.858s][info ][gc,heap     ] GC(46) Old regions: 99->106
[2025-12-16T08:04:29.585+0000][18.858s][info ][gc,heap     ] GC(46) Archive regions: 2->2
[2025-12-16T08:04:29.585+0000][18.858s][info ][gc,heap     ] GC(46) Humongous regions: 0->0
[2025-12-16T08:04:29.585+0000][18.858s][info ][gc,metaspace] GC(46) Metaspace: 92760K(93312K)->92760K(93312K) NonClass: 80220K(80512K)->80220K(80512K) Class: 12540K(12800K)->12540K(12800K)
[2025-12-16T08:04:29.585+0000][18.858s][info ][gc          ] GC(46) Pause Young (Prepare Mixed) (G1 Evacuation Pause) 190M->108M(237M) 10.401ms
[2025-12-16T08:04:29.585+0000][18.858s][info ][gc,cpu      ] GC(46) User=0.06s Sys=0.00s Real=0.00s
[2025-12-16T08:04:29.585+0000][18.858s][info ][safepoint   ] Safepoint "G1CollectForAllocation", Time since last: 176900960 ns, Reaching safepoint: 86718 ns, Cleanup: 35920 ns, At safepoint: 10560912 ns, Total: 10683550 ns
[2025-12-16T08:04:29.606+0000][18.879s][debug][safepoint   ] Safepoint synchronization initiated using futex wait barrier. (22 threads)
[2025-12-16T08:04:29.606+0000][18.879s][info ][gc,start    ] GC(47) Pause Young (Mixed) (G1 Evacuation Pause)
[2025-12-16T08:04:29.606+0000][18.879s][info ][gc,task     ] GC(47) Using 5 workers of 13 for evacuation
[2025-12-16T08:04:29.611+0000][18.884s][info ][gc,phases   ] GC(47)   Pre Evacuate Collection Set: 0.2ms
[2025-12-16T08:04:29.611+0000][18.884s][info ][gc,phases   ] GC(47)   Merge Heap Roots: 0.2ms
[2025-12-16T08:04:29.611+0000][18.884s][info ][gc,phases   ] GC(47)   Evacuate Collection Set: 3.3ms
[2025-12-16T08:04:29.611+0000][18.884s][info ][gc,phases   ] GC(47)   Post Evacuate Collection Set: 0.9ms
[2025-12-16T08:04:29.611+0000][18.884s][info ][gc,phases   ] GC(47)   Other: 0.1ms
[2025-12-16T08:04:29.611+0000][18.884s][info ][gc,heap     ] GC(47) Eden regions: 8->0(85)
[2025-12-16T08:04:29.611+0000][18.884s][info ][gc,heap     ] GC(47) Survivor regions: 3->2(2)
[2025-12-16T08:04:29.611+0000][18.884s][info ][gc,heap     ] GC(47) Old regions: 106->107
[2025-12-16T08:04:29.611+0000][18.884s][info ][gc,heap     ] GC(47) Archive regions: 2->2
[2025-12-16T08:04:29.611+0000][18.884s][info ][gc,heap     ] GC(47) Humongous regions: 0->0
[2025-12-16T08:04:29.611+0000][18.884s][info ][gc,metaspace] GC(47) Metaspace: 92765K(93312K)->92765K(93312K) NonClass: 80225K(80512K)->80225K(80512K) Class: 12540K(12800K)->12540K(12800K)
[2025-12-16T08:04:29.611+0000][18.884s][info ][gc          ] GC(47) Pause Young (Mixed) (G1 Evacuation Pause) 116M->108M(237M) 4.804ms
[2025-12-16T08:04:29.611+0000][18.884s][info ][gc,cpu      ] GC(47) User=0.02s Sys=0.00s Real=0.00s
[2025-12-16T08:04:29.611+0000][18.884s][info ][safepoint   ] Safepoint "G1CollectForAllocation", Time since last: 21231785 ns, Reaching safepoint: 83051 ns, Cleanup: 16031 ns, At safepoint: 4941670 ns, Total: 5040752 ns
[2025-12-16T08:04:29.788+0000][19.061s][debug][safepoint   ] Safepoint synchronization initiated using futex wait barrier. (23 threads)
[2025-12-16T08:04:29.788+0000][19.062s][info ][gc,start    ] GC(48) Pause Young (Normal) (G1 Evacuation Pause)
[2025-12-16T08:04:29.788+0000][19.062s][info ][gc,task     ] GC(48) Using 5 workers of 13 for evacuation
[2025-12-16T08:04:29.809+0000][19.083s][info ][gc,phases   ] GC(48)   Pre Evacuate Collection Set: 0.2ms
[2025-12-16T08:04:29.809+0000][19.083s][info ][gc,phases   ] GC(48)   Merge Heap Roots: 0.2ms
[2025-12-16T08:04:29.809+0000][19.083s][info ][gc,phases   ] GC(48)   Evacuate Collection Set: 18.6ms
[2025-12-16T08:04:29.809+0000][19.083s][info ][gc,phases   ] GC(48)   Post Evacuate Collection Set: 1.9ms
[2025-12-16T08:04:29.809+0000][19.083s][info ][gc,phases   ] GC(48)   Other: 0.1ms
[2025-12-16T08:04:29.809+0000][19.083s][info ][gc,heap     ] GC(48) Eden regions: 85->0(71)
[2025-12-16T08:04:29.810+0000][19.083s][info ][gc,heap     ] GC(48) Survivor regions: 2->11(11)
[2025-12-16T08:04:29.810+0000][19.083s][info ][gc,heap     ] GC(48) Old regions: 107->129
[2025-12-16T08:04:29.810+0000][19.083s][info ][gc,heap     ] GC(48) Archive regions: 2->2
[2025-12-16T08:04:29.810+0000][19.083s][info ][gc,heap     ] GC(48) Humongous regions: 3->3
[2025-12-16T08:04:29.810+0000][19.083s][info ][gc,metaspace] GC(48) Metaspace: 92767K(93312K)->92767K(93312K) NonClass: 80226K(80512K)->80226K(80512K) Class: 12540K(12800K)->12540K(12800K)
[2025-12-16T08:04:29.810+0000][19.083s][info ][gc          ] GC(48) Pause Young (Normal) (G1 Evacuation Pause) 196M->143M(285M) 21.078ms
[2025-12-16T08:04:29.810+0000][19.083s][info ][gc,cpu      ] GC(48) User=0.16s Sys=0.01s Real=0.02s
[2025-12-16T08:04:29.810+0000][19.083s][info ][safepoint   ] Safepoint "G1CollectForAllocation", Time since last: 177301235 ns, Reaching safepoint: 50919 ns, Cleanup: 14167 ns, At safepoint: 21280702 ns, Total: 21345788 ns
[2025-12-16T08:04:29.956+0000][19.229s][debug][safepoint   ] Safepoint synchronization initiated using futex wait barrier. (23 threads)
[2025-12-16T08:04:29.956+0000][19.229s][info ][gc,start    ] GC(49) Pause Young (Normal) (G1 Evacuation Pause)
[2025-12-16T08:04:29.956+0000][19.229s][info ][gc,task     ] GC(49) Using 6 workers of 13 for evacuation
[2025-12-16T08:04:29.975+0000][19.248s][info ][gc,phases   ] GC(49)   Pre Evacuate Collection Set: 0.2ms
[2025-12-16T08:04:29.975+0000][19.248s][info ][gc,phases   ] GC(49)   Merge Heap Roots: 0.2ms
[2025-12-16T08:04:29.975+0000][19.248s][info ][gc,phases   ] GC(49)   Evacuate Collection Set: 17.3ms
[2025-12-16T08:04:29.975+0000][19.248s][info ][gc,phases   ] GC(49)   Post Evacuate Collection Set: 0.8ms
[2025-12-16T08:04:29.975+0000][19.248s][info ][gc,phases   ] GC(49)   Other: 0.1ms
[2025-12-16T08:04:29.975+0000][19.248s][info ][gc,heap     ] GC(49) Eden regions: 71->0(47)
[2025-12-16T08:04:29.975+0000][19.248s][info ][gc,heap     ] GC(49) Survivor regions: 11->11(11)
[2025-12-16T08:04:29.975+0000][19.248s][info ][gc,heap     ] GC(49) Old regions: 129->157
[2025-12-16T08:04:29.975+0000][19.248s][info ][gc,heap     ] GC(49) Archive regions: 2->2
[2025-12-16T08:04:29.975+0000][19.248s][info ][gc,heap     ] GC(49) Humongous regions: 4->4
[2025-12-16T08:04:29.975+0000][19.248s][info ][gc,metaspace] GC(49) Metaspace: 92770K(93312K)->92770K(93312K) NonClass: 80230K(80512K)->80230K(80512K) Class: 12540K(12800K)->12540K(12800K)
[2025-12-16T08:04:29.975+0000][19.248s][info ][gc          ] GC(49) Pause Young (Normal) (G1 Evacuation Pause) 215M->172M(285M) 18.812ms
[2025-12-16T08:04:29.975+0000][19.248s][info ][gc,cpu      ] GC(49) User=0.13s Sys=0.00s Real=0.02s
[2025-12-16T08:04:29.975+0000][19.248s][info ][safepoint   ] Safepoint "G1CollectForAllocation", Time since last: 146258168 ns, Reaching safepoint: 51550 ns, Cleanup: 17233 ns, At safepoint: 18887828 ns, Total: 18956611 ns
[2025-12-16T08:04:30.022+0000][19.295s][debug][safepoint   ] Safepoint synchronization initiated using futex wait barrier. (23 threads)
[2025-12-16T08:04:30.022+0000][19.295s][info ][gc,start    ] GC(50) Pause Young (Normal) (G1 Evacuation Pause)
[2025-12-16T08:04:30.022+0000][19.295s][info ][gc,task     ] GC(50) Using 6 workers of 13 for evacuation
[2025-12-16T08:04:30.035+0000][19.308s][info ][gc,phases   ] GC(50)   Pre Evacuate Collection Set: 0.3ms
[2025-12-16T08:04:30.035+0000][19.308s][info ][gc,phases   ] GC(50)   Merge Heap Roots: 0.3ms
[2025-12-16T08:04:30.035+0000][19.308s][info ][gc,phases   ] GC(50)   Evacuate Collection Set: 11.2ms
[2025-12-16T08:04:30.035+0000][19.308s][info ][gc,phases   ] GC(50)   Post Evacuate Collection Set: 0.8ms
[2025-12-16T08:04:30.035+0000][19.308s][info ][gc,phases   ] GC(50)   Other: 0.2ms
[2025-12-16T08:04:30.035+0000][19.308s][info ][gc,heap     ] GC(50) Eden regions: 47->0(43)
[2025-12-16T08:04:30.035+0000][19.308s][info ][gc,heap     ] GC(50) Survivor regions: 11->8(8)
[2025-12-16T08:04:30.035+0000][19.308s][info ][gc,heap     ] GC(50) Old regions: 157->169
[2025-12-16T08:04:30.035+0000][19.308s][info ][gc,heap     ] GC(50) Archive regions: 2->2
[2025-12-16T08:04:30.035+0000][19.308s][info ][gc,heap     ] GC(50) Humongous regions: 4->4
[2025-12-16T08:04:30.035+0000][19.308s][info ][gc,metaspace] GC(50) Metaspace: 92772K(93312K)->92772K(93312K) NonClass: 80231K(80512K)->80231K(80512K) Class: 12540K(12800K)->12540K(12800K)
[2025-12-16T08:04:30.035+0000][19.308s][info ][gc          ] GC(50) Pause Young (Normal) (G1 Evacuation Pause) 219M->181M(285M) 12.903ms
[2025-12-16T08:04:30.035+0000][19.308s][info ][gc,cpu      ] GC(50) User=0.08s Sys=0.00s Real=0.02s
[2025-12-16T08:04:30.035+0000][19.308s][info ][safepoint   ] Safepoint "G1CollectForAllocation", Time since last: 46835009 ns, Reaching safepoint: 107990 ns, Cleanup: 77239 ns, At safepoint: 13093016 ns, Total: 13278245 ns
[2025-12-16T08:04:30.119+0000][19.392s][debug][safepoint   ] Safepoint synchronization initiated using futex wait barrier. (23 threads)
[2025-12-16T08:04:30.119+0000][19.392s][info ][gc,start    ] GC(51) Pause Young (Normal) (G1 Evacuation Pause)
[2025-12-16T08:04:30.119+0000][19.392s][info ][gc,task     ] GC(51) Using 6 workers of 13 for evacuation
[2025-12-16T08:04:30.127+0000][19.400s][info ][gc,phases   ] GC(51)   Pre Evacuate Collection Set: 0.2ms
[2025-12-16T08:04:30.127+0000][19.400s][info ][gc,phases   ] GC(51)   Merge Heap Roots: 0.2ms
[2025-12-16T08:04:30.127+0000][19.400s][info ][gc,phases   ] GC(51)   Evacuate Collection Set: 6.5ms
[2025-12-16T08:04:30.127+0000][19.400s][info ][gc,phases   ] GC(51)   Post Evacuate Collection Set: 1.0ms
[2025-12-16T08:04:30.127+0000][19.400s][info ][gc,phases   ] GC(51)   Other: 0.1ms
[2025-12-16T08:04:30.127+0000][19.400s][info ][gc,heap     ] GC(51) Eden regions: 43->0(42)
[2025-12-16T08:04:30.127+0000][19.400s][info ][gc,heap     ] GC(51) Survivor regions: 8->5(7)
[2025-12-16T08:04:30.127+0000][19.400s][info ][gc,heap     ] GC(51) Old regions: 169->178
[2025-12-16T08:04:30.127+0000][19.400s][info ][gc,heap     ] GC(51) Archive regions: 2->2
[2025-12-16T08:04:30.127+0000][19.400s][info ][gc,heap     ] GC(51) Humongous regions: 4->4
[2025-12-16T08:04:30.127+0000][19.400s][info ][gc,metaspace] GC(51) Metaspace: 93418K(94016K)->93418K(94016K) NonClass: 80796K(81088K)->80796K(81088K) Class: 12622K(12928K)->12622K(12928K)
[2025-12-16T08:04:30.127+0000][19.400s][info ][gc          ] GC(51) Pause Young (Normal) (G1 Evacuation Pause) 224M->187M(285M) 8.098ms
[2025-12-16T08:04:30.127+0000][19.400s][info ][gc,cpu      ] GC(51) User=0.04s Sys=0.00s Real=0.01s
[2025-12-16T08:04:30.127+0000][19.400s][info ][safepoint   ] Safepoint "G1CollectForAllocation", Time since last: 83443183 ns, Reaching safepoint: 64595 ns, Cleanup: 18095 ns, At safepoint: 8195837 ns, Total: 8278527 ns
[2025-12-16T08:04:30.407+0000][19.680s][debug][safepoint   ] Safepoint synchronization initiated using futex wait barrier. (24 threads)
[2025-12-16T08:04:30.407+0000][19.680s][info ][gc,start    ] GC(52) Pause Young (Concurrent Start) (G1 Evacuation Pause)
[2025-12-16T08:04:30.407+0000][19.680s][info ][gc,task     ] GC(52) Using 6 workers of 13 for evacuation
[2025-12-16T08:04:30.417+0000][19.690s][info ][gc,phases   ] GC(52)   Pre Evacuate Collection Set: 0.4ms
[2025-12-16T08:04:30.417+0000][19.690s][info ][gc,phases   ] GC(52)   Merge Heap Roots: 0.1ms
[2025-12-16T08:04:30.417+0000][19.690s][info ][gc,phases   ] GC(52)   Evacuate Collection Set: 2.8ms
[2025-12-16T08:04:30.417+0000][19.690s][info ][gc,phases   ] GC(52)   Post Evacuate Collection Set: 7.0ms
[2025-12-16T08:04:30.417+0000][19.690s][info ][gc,phases   ] GC(52)   Other: 0.1ms
[2025-12-16T08:04:30.417+0000][19.690s][info ][gc,heap     ] GC(52) Eden regions: 42->0(202)
[2025-12-16T08:04:30.417+0000][19.690s][info ][gc,heap     ] GC(52) Survivor regions: 5->2(6)
[2025-12-16T08:04:30.417+0000][19.690s][info ][gc,heap     ] GC(52) Old regions: 178->183
[2025-12-16T08:04:30.417+0000][19.690s][info ][gc,heap     ] GC(52) Archive regions: 2->2
[2025-12-16T08:04:30.417+0000][19.690s][info ][gc,heap     ] GC(52) Humongous regions: 4->4
[2025-12-16T08:04:30.417+0000][19.690s][info ][gc,metaspace] GC(52) Metaspace: 95861K(96448K)->95861K(96448K) NonClass: 82874K(83200K)->82874K(83200K) Class: 12986K(13248K)->12986K(13248K)
[2025-12-16T08:04:30.417+0000][19.690s][info ][gc          ] GC(52) Pause Young (Concurrent Start) (G1 Evacuation Pause) 229M->188M(570M) 10.577ms
[2025-12-16T08:04:30.417+0000][19.690s][info ][gc,cpu      ] GC(52) User=0.03s Sys=0.00s Real=0.01s
[2025-12-16T08:04:30.417+0000][19.690s][info ][safepoint   ] Safepoint "G1CollectForAllocation", Time since last: 279771791 ns, Reaching safepoint: 50097 ns, Cleanup: 50658 ns, At safepoint: 10685788 ns, Total: 10786543 ns
[2025-12-16T08:04:30.417+0000][19.690s][info ][gc          ] GC(53) Concurrent Mark Cycle
[2025-12-16T08:04:30.417+0000][19.690s][info ][gc,marking  ] GC(53) Concurrent Clear Claimed Marks
[2025-12-16T08:04:30.417+0000][19.691s][info ][gc,marking  ] GC(53) Concurrent Clear Claimed Marks 0.102ms
[2025-12-16T08:04:30.417+0000][19.691s][info ][gc,marking  ] GC(53) Concurrent Scan Root Regions
[2025-12-16T08:04:30.419+0000][19.692s][info ][gc,marking  ] GC(53) Concurrent Scan Root Regions 1.544ms
[2025-12-16T08:04:30.419+0000][19.692s][info ][gc,marking  ] GC(53) Concurrent Mark
[2025-12-16T08:04:30.419+0000][19.692s][info ][gc,marking  ] GC(53) Concurrent Mark From Roots
[2025-12-16T08:04:30.419+0000][19.692s][info ][gc,task     ] GC(53) Using 3 workers of 3 for marking
[2025-12-16T08:04:30.462+0000][19.735s][info ][gc,marking  ] GC(53) Concurrent Mark From Roots 42.636ms
[2025-12-16T08:04:30.462+0000][19.735s][info ][gc,marking  ] GC(53) Concurrent Preclean
[2025-12-16T08:04:30.462+0000][19.735s][info ][gc,marking  ] GC(53) Concurrent Preclean 0.270ms
[2025-12-16T08:04:30.462+0000][19.735s][debug][safepoint   ] Safepoint synchronization initiated using futex wait barrier. (24 threads)
[2025-12-16T08:04:30.462+0000][19.735s][info ][gc,start    ] GC(53) Pause Remark
[2025-12-16T08:04:30.467+0000][19.740s][info ][gc          ] GC(53) Pause Remark 195M->148M(504M) 4.434ms
[2025-12-16T08:04:30.467+0000][19.740s][info ][gc,cpu      ] GC(53) User=0.02s Sys=0.00s Real=0.01s
[2025-12-16T08:04:30.467+0000][19.740s][info ][safepoint   ] Safepoint "G1PauseRemark", Time since last: 44742032 ns, Reaching safepoint: 205047 ns, Cleanup: 11362 ns, At safepoint: 4577845 ns, Total: 4794254 ns
[2025-12-16T08:04:30.467+0000][19.740s][info ][gc,marking  ] GC(53) Concurrent Mark 47.891ms
[2025-12-16T08:04:30.467+0000][19.740s][info ][gc,marking  ] GC(53) Concurrent Rebuild Remembered Sets
[2025-12-16T08:04:30.490+0000][19.763s][info ][gc,marking  ] GC(53) Concurrent Rebuild Remembered Sets 22.869ms
[2025-12-16T08:04:30.490+0000][19.763s][debug][safepoint   ] Safepoint synchronization initiated using futex wait barrier. (24 threads)
[2025-12-16T08:04:30.493+0000][19.766s][info ][gc,start    ] GC(53) Pause Cleanup
[2025-12-16T08:04:30.494+0000][19.767s][info ][gc          ] GC(53) Pause Cleanup 150M->150M(504M) 0.453ms
[2025-12-16T08:04:30.494+0000][19.767s][info ][gc,cpu      ] GC(53) User=0.00s Sys=0.00s Real=0.00s
[2025-12-16T08:04:30.494+0000][19.767s][info ][safepoint   ] Safepoint "G1PauseCleanup", Time since last: 23129302 ns, Reaching safepoint: 3244241 ns, Cleanup: 5922 ns, At safepoint: 565485 ns, Total: 3815648 ns
[2025-12-16T08:04:30.494+0000][19.767s][info ][gc,marking  ] GC(53) Concurrent Cleanup for Next Mark
[2025-12-16T08:04:30.497+0000][19.770s][info ][gc,marking  ] GC(53) Concurrent Cleanup for Next Mark 2.809ms
[2025-12-16T08:04:30.497+0000][19.770s][info ][gc          ] GC(53) Concurrent Mark Cycle 79.397ms
[2025-12-16T08:04:30.555+0000][19.828s][debug][safepoint   ] ... found polling page loop exception at pc = 0x000070e911828463, stub =0x000070e910a04400
[2025-12-16T08:04:31.487+0000][20.760s][debug][safepoint   ] Safepoint synchronization initiated using futex wait barrier. (25 threads)
[2025-12-16T08:04:31.487+0000][20.760s][info ][safepoint   ] Safepoint "ICBufferFull", Time since last: 992922689 ns, Reaching safepoint: 48885 ns, Cleanup: 157164 ns, At safepoint: 2746 ns, Total: 208795 ns
[2025-12-16T08:04:32.292+0000][21.568s][debug][safepoint   ] Safepoint synchronization initiated using futex wait barrier. (26 threads)
[2025-12-16T08:04:32.293+0000][21.568s][info ][safepoint   ] Safepoint "ICBufferFull", Time since last: 808107703 ns, Reaching safepoint: 44736 ns, Cleanup: 131806 ns, At safepoint: 2394 ns, Total: 178936 ns
[2025-12-16T08:04:32.411+0000][21.687s][debug][safepoint   ] Safepoint synchronization initiated using futex wait barrier. (26 threads)
[2025-12-16T08:04:32.411+0000][21.687s][info ][gc,start    ] GC(54) Pause Young (Prepare Mixed) (G1 Evacuation Pause)
[2025-12-16T08:04:32.411+0000][21.687s][info ][gc,task     ] GC(54) Using 12 workers of 13 for evacuation
[2025-12-16T08:04:32.419+0000][21.694s][info ][gc,phases   ] GC(54)   Pre Evacuate Collection Set: 0.3ms
[2025-12-16T08:04:32.419+0000][21.694s][info ][gc,phases   ] GC(54)   Merge Heap Roots: 0.3ms
[2025-12-16T08:04:32.419+0000][21.694s][info ][gc,phases   ] GC(54)   Evacuate Collection Set: 5.0ms
[2025-12-16T08:04:32.419+0000][21.694s][info ][gc,phases   ] GC(54)   Post Evacuate Collection Set: 1.9ms
[2025-12-16T08:04:32.419+0000][21.694s][info ][gc,phases   ] GC(54)   Other: 0.1ms
[2025-12-16T08:04:32.419+0000][21.694s][info ][gc,heap     ] GC(54) Eden regions: 202->0(19)
[2025-12-16T08:04:32.419+0000][21.694s][info ][gc,heap     ] GC(54) Survivor regions: 2->6(26)
[2025-12-16T08:04:32.419+0000][21.694s][info ][gc,heap     ] GC(54) Old regions: 140->140
[2025-12-16T08:04:32.419+0000][21.694s][info ][gc,heap     ] GC(54) Archive regions: 2->2
[2025-12-16T08:04:32.419+0000][21.695s][info ][gc,heap     ] GC(54) Humongous regions: 0->0
[2025-12-16T08:04:32.419+0000][21.695s][info ][gc,metaspace] GC(54) Metaspace: 102179K(102784K)->102179K(102784K) NonClass: 88519K(88832K)->88519K(88832K) Class: 13660K(13952K)->13660K(13952K)
[2025-12-16T08:04:32.419+0000][21.695s][info ][gc          ] GC(54) Pause Young (Prepare Mixed) (G1 Evacuation Pause) 343M->146M(504M) 7.748ms
[2025-12-16T08:04:32.419+0000][21.695s][info ][gc,cpu      ] GC(54) User=0.04s Sys=0.02s Real=0.00s
[2025-12-16T08:04:32.419+0000][21.695s][info ][safepoint   ] Safepoint "G1CollectForAllocation", Time since last: 118175154 ns, Reaching safepoint: 191190 ns, Cleanup: 20359 ns, At safepoint: 7898450 ns, Total: 8109999 ns
[2025-12-16T08:04:32.571+0000][21.847s][debug][safepoint   ] Safepoint synchronization initiated using futex wait barrier. (26 threads)
[2025-12-16T08:04:32.572+0000][21.847s][info ][gc,start    ] GC(55) Pause Young (Mixed) (G1 Evacuation Pause)
[2025-12-16T08:04:32.572+0000][21.847s][info ][gc,task     ] GC(55) Using 12 workers of 13 for evacuation
[2025-12-16T08:04:32.578+0000][21.854s][info ][gc,phases   ] GC(55)   Pre Evacuate Collection Set: 0.4ms
[2025-12-16T08:04:32.579+0000][21.854s][info ][gc,phases   ] GC(55)   Merge Heap Roots: 0.3ms
[2025-12-16T08:04:32.579+0000][21.854s][info ][gc,phases   ] GC(55)   Evacuate Collection Set: 4.2ms
[2025-12-16T08:04:32.579+0000][21.854s][info ][gc,phases   ] GC(55)   Post Evacuate Collection Set: 1.6ms
[2025-12-16T08:04:32.579+0000][21.854s][info ][gc,phases   ] GC(55)   Other: 0.2ms
[2025-12-16T08:04:32.579+0000][21.854s][info ][gc,heap     ] GC(55) Eden regions: 19->0(262)
[2025-12-16T08:04:32.579+0000][21.854s][info ][gc,heap     ] GC(55) Survivor regions: 6->2(4)
[2025-12-16T08:04:32.579+0000][21.854s][info ][gc,heap     ] GC(55) Old regions: 140->117
[2025-12-16T08:04:32.579+0000][21.854s][info ][gc,heap     ] GC(55) Archive regions: 2->2
[2025-12-16T08:04:32.579+0000][21.854s][info ][gc,heap     ] GC(55) Humongous regions: 0->0
[2025-12-16T08:04:32.579+0000][21.854s][info ][gc,metaspace] GC(55) Metaspace: 102419K(103040K)->102419K(103040K) NonClass: 88748K(89088K)->88748K(89088K) Class: 13670K(13952K)->13670K(13952K)
[2025-12-16T08:04:32.579+0000][21.854s][info ][gc          ] GC(55) Pause Young (Mixed) (G1 Evacuation Pause) 165M->118M(504M) 6.895ms
[2025-12-16T08:04:32.579+0000][21.854s][info ][gc,cpu      ] GC(55) User=0.07s Sys=0.00s Real=0.00s
[2025-12-16T08:04:32.579+0000][21.854s][info ][safepoint   ] Safepoint "G1CollectForAllocation", Time since last: 152466498 ns, Reaching safepoint: 174448 ns, Cleanup: 99913 ns, At safepoint: 7090802 ns, Total: 7365163 ns
[2025-12-16T08:04:33.635+0000][22.910s][debug][safepoint   ] Safepoint synchronization initiated using futex wait barrier. (33 threads)
[2025-12-16T08:04:33.635+0000][22.911s][info ][safepoint   ] Safepoint "Cleanup", Time since last: 1055924256 ns, Reaching safepoint: 214566 ns, Cleanup: 84914 ns, At safepoint: 22965 ns, Total: 322445 ns
[2025-12-16T08:04:34.597+0000][23.873s][debug][safepoint   ] Safepoint synchronization initiated using futex wait barrier. (32 threads)
[2025-12-16T08:04:34.598+0000][23.873s][info ][gc,start    ] GC(56) Pause Young (Normal) (G1 Evacuation Pause)
[2025-12-16T08:04:34.598+0000][23.873s][info ][gc,task     ] GC(56) Using 13 workers of 13 for evacuation
[2025-12-16T08:04:34.609+0000][23.885s][info ][gc,phases   ] GC(56)   Pre Evacuate Collection Set: 0.6ms
[2025-12-16T08:04:34.609+0000][23.885s][info ][gc,phases   ] GC(56)   Merge Heap Roots: 0.4ms
[2025-12-16T08:04:34.609+0000][23.885s][info ][gc,phases   ] GC(56)   Evacuate Collection Set: 7.2ms
[2025-12-16T08:04:34.609+0000][23.885s][info ][gc,phases   ] GC(56)   Post Evacuate Collection Set: 2.7ms
[2025-12-16T08:04:34.609+0000][23.885s][info ][gc,phases   ] GC(56)   Other: 0.2ms
[2025-12-16T08:04:34.609+0000][23.885s][info ][gc,heap     ] GC(56) Eden regions: 262->0(263)
[2025-12-16T08:04:34.609+0000][23.885s][info ][gc,heap     ] GC(56) Survivor regions: 2->7(33)
[2025-12-16T08:04:34.609+0000][23.885s][info ][gc,heap     ] GC(56) Old regions: 117->117
[2025-12-16T08:04:34.609+0000][23.885s][info ][gc,heap     ] GC(56) Archive regions: 2->2
[2025-12-16T08:04:34.609+0000][23.885s][info ][gc,heap     ] GC(56) Humongous regions: 0->0
[2025-12-16T08:04:34.609+0000][23.885s][info ][gc,metaspace] GC(56) Metaspace: 109827K(110464K)->109827K(110464K) NonClass: 95310K(95616K)->95310K(95616K) Class: 14517K(14848K)->14517K(14848K)
[2025-12-16T08:04:34.609+0000][23.885s][info ][gc          ] GC(56) Pause Young (Normal) (G1 Evacuation Pause) 380M->123M(504M) 11.316ms
[2025-12-16T08:04:34.609+0000][23.885s][info ][gc,cpu      ] GC(56) User=0.08s Sys=0.01s Real=0.01s
[2025-12-16T08:04:34.609+0000][23.885s][info ][safepoint   ] Safepoint "G1CollectForAllocation", Time since last: 962440502 ns, Reaching safepoint: 110033 ns, Cleanup: 182584 ns, At safepoint: 11407978 ns, Total: 11700595 ns
[2025-12-16T08:04:35.609+0000][24.885s][debug][safepoint   ] Safepoint synchronization initiated using futex wait barrier. (39 threads)
[2025-12-16T08:04:35.610+0000][24.885s][info ][safepoint   ] Safepoint "Cleanup", Time since last: 1000217717 ns, Reaching safepoint: 148939 ns, Cleanup: 201720 ns, At safepoint: 28455 ns, Total: 379114 ns
[2025-12-16T08:04:36.301+0000][25.576s][debug][safepoint   ] Safepoint synchronization initiated using futex wait barrier. (39 threads)
[2025-12-16T08:04:36.301+0000][25.577s][info ][safepoint   ] Safepoint "ICBufferFull", Time since last: 690851330 ns, Reaching safepoint: 377932 ns, Cleanup: 172575 ns, At safepoint: 26250 ns, Total: 576757 ns
[2025-12-16T08:04:36.301+0000][25.577s][debug][safepoint   ] Safepoint synchronization initiated using futex wait barrier. (40 threads)
[2025-12-16T08:04:36.301+0000][25.577s][info ][safepoint   ] Safepoint "ICBufferFull", Time since last: 145633 ns, Reaching safepoint: 107969 ns, Cleanup: 4729 ns, At safepoint: 58313 ns, Total: 171011 ns
[2025-12-16T08:04:36.439+0000][25.714s][debug][safepoint   ] Safepoint synchronization initiated using futex wait barrier. (44 threads)
[2025-12-16T08:04:36.439+0000][25.715s][info ][gc,start    ] GC(57) Pause Young (Normal) (G1 Evacuation Pause)
[2025-12-16T08:04:36.439+0000][25.715s][info ][gc,task     ] GC(57) Using 13 workers of 13 for evacuation
[2025-12-16T08:04:36.448+0000][25.724s][info ][gc,phases   ] GC(57)   Pre Evacuate Collection Set: 0.4ms
[2025-12-16T08:04:36.448+0000][25.724s][info ][gc,phases   ] GC(57)   Merge Heap Roots: 0.3ms
[2025-12-16T08:04:36.448+0000][25.724s][info ][gc,phases   ] GC(57)   Evacuate Collection Set: 6.3ms
[2025-12-16T08:04:36.448+0000][25.724s][info ][gc,phases   ] GC(57)   Post Evacuate Collection Set: 2.1ms
[2025-12-16T08:04:36.448+0000][25.724s][info ][gc,phases   ] GC(57)   Other: 0.2ms
[2025-12-16T08:04:36.448+0000][25.724s][info ][gc,heap     ] GC(57) Eden regions: 263->0(267)
[2025-12-16T08:04:36.448+0000][25.724s][info ][gc,heap     ] GC(57) Survivor regions: 7->13(34)
[2025-12-16T08:04:36.448+0000][25.724s][info ][gc,heap     ] GC(57) Old regions: 117->117
[2025-12-16T08:04:36.448+0000][25.724s][info ][gc,heap     ] GC(57) Archive regions: 2->2
[2025-12-16T08:04:36.448+0000][25.724s][info ][gc,heap     ] GC(57) Humongous regions: 0->0
[2025-12-16T08:04:36.448+0000][25.724s][info ][gc,metaspace] GC(57) Metaspace: 116161K(116864K)->116161K(116864K) NonClass: 101020K(101376K)->101020K(101376K) Class: 15140K(15488K)->15140K(15488K)
[2025-12-16T08:04:36.448+0000][25.724s][info ][gc          ] GC(57) Pause Young (Normal) (G1 Evacuation Pause) 386M->130M(504M) 9.472ms
[2025-12-16T08:04:36.448+0000][25.724s][info ][gc,cpu      ] GC(57) User=0.07s Sys=0.01s Real=0.01s
[2025-12-16T08:04:36.449+0000][25.724s][info ][safepoint   ] Safepoint "G1CollectForAllocation", Time since last: 137211569 ns, Reaching safepoint: 67801 ns, Cleanup: 84764 ns, At safepoint: 9706718 ns, Total: 9859283 ns
[2025-12-16T08:04:37.361+0000][26.636s][debug][safepoint   ] Safepoint synchronization initiated using futex wait barrier. (44 threads)
[2025-12-16T08:04:37.361+0000][26.637s][info ][safepoint   ] Safepoint "ICBufferFull", Time since last: 912023953 ns, Reaching safepoint: 56990 ns, Cleanup: 177464 ns, At safepoint: 32533 ns, Total: 266987 ns
[2025-12-16T08:04:37.683+0000][26.959s][debug][safepoint   ] Safepoint synchronization initiated using futex wait barrier. (44 threads)
[2025-12-16T08:04:37.683+0000][26.959s][info ][safepoint   ] Safepoint "ICBufferFull", Time since last: 322407859 ns, Reaching safepoint: 43805 ns, Cleanup: 142677 ns, At safepoint: 2735 ns, Total: 189217 ns
[2025-12-16T08:04:38.311+0000][27.587s][debug][safepoint   ] Safepoint synchronization initiated using futex wait barrier. (43 threads)
[2025-12-16T08:04:38.312+0000][27.587s][info ][safepoint   ] Safepoint "ICBufferFull", Time since last: 627879065 ns, Reaching safepoint: 82200 ns, Cleanup: 266736 ns, At safepoint: 4749 ns, Total: 353685 ns
[2025-12-16T08:04:38.438+0000][27.714s][debug][safepoint   ] Safepoint synchronization initiated using futex wait barrier. (44 threads)
[2025-12-16T08:04:38.439+0000][27.714s][info ][gc,start    ] GC(58) Pause Young (Normal) (G1 Evacuation Pause)
[2025-12-16T08:04:38.439+0000][27.714s][info ][gc,task     ] GC(58) Using 13 workers of 13 for evacuation
[2025-12-16T08:04:38.453+0000][27.729s][info ][gc,phases   ] GC(58)   Pre Evacuate Collection Set: 0.4ms
[2025-12-16T08:04:38.453+0000][27.729s][info ][gc,phases   ] GC(58)   Merge Heap Roots: 0.3ms
[2025-12-16T08:04:38.453+0000][27.729s][info ][gc,phases   ] GC(58)   Evacuate Collection Set: 11.5ms
[2025-12-16T08:04:38.453+0000][27.729s][info ][gc,phases   ] GC(58)   Post Evacuate Collection Set: 1.9ms
[2025-12-16T08:04:38.453+0000][27.729s][info ][gc,phases   ] GC(58)   Other: 0.3ms
[2025-12-16T08:04:38.453+0000][27.729s][info ][gc,heap     ] GC(58) Eden regions: 267->0(271)
[2025-12-16T08:04:38.453+0000][27.729s][info ][gc,heap     ] GC(58) Survivor regions: 13->19(35)
[2025-12-16T08:04:38.453+0000][27.729s][info ][gc,heap     ] GC(58) Old regions: 117->117
[2025-12-16T08:04:38.453+0000][27.729s][info ][gc,heap     ] GC(58) Archive regions: 2->2
[2025-12-16T08:04:38.453+0000][27.729s][info ][gc,heap     ] GC(58) Humongous regions: 0->0
[2025-12-16T08:04:38.453+0000][27.729s][info ][gc,metaspace] GC(58) Metaspace: 122242K(123008K)->122242K(123008K) NonClass: 106559K(106944K)->106559K(106944K) Class: 15682K(16064K)->15682K(16064K)
[2025-12-16T08:04:38.453+0000][27.729s][info ][gc          ] GC(58) Pause Young (Normal) (G1 Evacuation Pause) 397M->136M(504M) 14.436ms
[2025-12-16T08:04:38.453+0000][27.729s][info ][gc,cpu      ] GC(58) User=0.14s Sys=0.01s Real=0.02s
[2025-12-16T08:04:38.453+0000][27.729s][info ][safepoint   ] Safepoint "G1CollectForAllocation", Time since last: 126641749 ns, Reaching safepoint: 150642 ns, Cleanup: 49756 ns, At safepoint: 14596884 ns, Total: 14797282 ns
[2025-12-16T08:04:39.472+0000][28.748s][debug][safepoint   ] Safepoint synchronization initiated using futex wait barrier. (48 threads)
[2025-12-16T08:04:39.472+0000][28.748s][info ][safepoint   ] Safepoint "Cleanup", Time since last: 1018744606 ns, Reaching safepoint: 246228 ns, Cleanup: 138017 ns, At safepoint: 54866 ns, Total: 439111 ns
[2025-12-16T08:04:40.384+0000][29.660s][debug][safepoint   ] Safepoint synchronization initiated using futex wait barrier. (54 threads)
[2025-12-16T08:04:40.385+0000][29.660s][info ][gc,start    ] GC(59) Pause Young (Normal) (G1 Evacuation Pause)
[2025-12-16T08:04:40.385+0000][29.660s][info ][gc,task     ] GC(59) Using 13 workers of 13 for evacuation
[2025-12-16T08:04:40.397+0000][29.673s][info ][gc,phases   ] GC(59)   Pre Evacuate Collection Set: 0.5ms
[2025-12-16T08:04:40.397+0000][29.673s][info ][gc,phases   ] GC(59)   Merge Heap Roots: 0.4ms
[2025-12-16T08:04:40.397+0000][29.673s][info ][gc,phases   ] GC(59)   Evacuate Collection Set: 9.0ms
[2025-12-16T08:04:40.397+0000][29.673s][info ][gc,phases   ] GC(59)   Post Evacuate Collection Set: 2.4ms
[2025-12-16T08:04:40.397+0000][29.673s][info ][gc,phases   ] GC(59)   Other: 0.1ms
[2025-12-16T08:04:40.397+0000][29.673s][info ][gc,heap     ] GC(59) Eden regions: 271->0(268)
[2025-12-16T08:04:40.397+0000][29.673s][info ][gc,heap     ] GC(59) Survivor regions: 19->26(37)
[2025-12-16T08:04:40.397+0000][29.673s][info ][gc,heap     ] GC(59) Old regions: 117->117
[2025-12-16T08:04:40.397+0000][29.673s][info ][gc,heap     ] GC(59) Archive regions: 2->2
[2025-12-16T08:04:40.397+0000][29.673s][info ][gc,heap     ] GC(59) Humongous regions: 1->0
[2025-12-16T08:04:40.397+0000][29.673s][info ][gc,metaspace] GC(59) Metaspace: 133560K(134592K)->133560K(134592K) NonClass: 116576K(117120K)->116576K(117120K) Class: 16984K(17472K)->16984K(17472K)
[2025-12-16T08:04:40.397+0000][29.673s][info ][gc          ] GC(59) Pause Young (Normal) (G1 Evacuation Pause) 408M->142M(504M) 12.438ms
[2025-12-16T08:04:40.397+0000][29.673s][info ][gc,cpu      ] GC(59) User=0.10s Sys=0.01s Real=0.01s
[2025-12-16T08:04:40.397+0000][29.673s][info ][safepoint   ] Safepoint "G1CollectForAllocation", Time since last: 912018900 ns, Reaching safepoint: 52912 ns, Cleanup: 158297 ns, At safepoint: 12590924 ns, Total: 12802133 ns
[2025-12-16T08:04:41.027+0000][30.303s][debug][safepoint   ] Safepoint synchronization initiated using futex wait barrier. (60 threads)
[2025-12-16T08:04:41.028+0000][30.303s][info ][safepoint   ] Safepoint "ICBufferFull", Time since last: 629975310 ns, Reaching safepoint: 262157 ns, Cleanup: 132597 ns, At safepoint: 71439 ns, Total: 466193 ns
[2025-12-16T08:04:42.109+0000][31.385s][debug][safepoint   ] Safepoint synchronization initiated using futex wait barrier. (59 threads)
[2025-12-16T08:04:42.118+0000][31.393s][info ][safepoint   ] Safepoint "Cleanup", Time since last: 1081825747 ns, Reaching safepoint: 7771965 ns, Cleanup: 228593 ns, At safepoint: 137897 ns, Total: 8138455 ns
[2025-12-16T08:04:42.141+0000][31.416s][debug][safepoint   ] Safepoint synchronization initiated using futex wait barrier. (59 threads)
[2025-12-16T08:04:42.141+0000][31.417s][info ][gc,start    ] GC(60) Pause Young (Normal) (G1 Evacuation Pause)
[2025-12-16T08:04:42.141+0000][31.417s][info ][gc,task     ] GC(60) Using 13 workers of 13 for evacuation
[2025-12-16T08:04:42.159+0000][31.435s][info ][gc,phases   ] GC(60)   Pre Evacuate Collection Set: 0.4ms
[2025-12-16T08:04:42.159+0000][31.435s][info ][gc,phases   ] GC(60)   Merge Heap Roots: 0.3ms
[2025-12-16T08:04:42.159+0000][31.435s][info ][gc,phases   ] GC(60)   Evacuate Collection Set: 14.6ms
[2025-12-16T08:04:42.159+0000][31.435s][info ][gc,phases   ] GC(60)   Post Evacuate Collection Set: 2.5ms
[2025-12-16T08:04:42.159+0000][31.435s][info ][gc,phases   ] GC(60)   Other: 0.2ms
[2025-12-16T08:04:42.159+0000][31.435s][info ][gc,heap     ] GC(60) Eden regions: 268->0(261)
[2025-12-16T08:04:42.159+0000][31.435s][info ][gc,heap     ] GC(60) Survivor regions: 26->24(37)
[2025-12-16T08:04:42.159+0000][31.435s][info ][gc,heap     ] GC(60) Old regions: 117->129
[2025-12-16T08:04:42.159+0000][31.435s][info ][gc,heap     ] GC(60) Archive regions: 2->2
[2025-12-16T08:04:42.159+0000][31.435s][info ][gc,heap     ] GC(60) Humongous regions: 0->0
[2025-12-16T08:04:42.159+0000][31.435s][info ][gc,metaspace] GC(60) Metaspace: 139606K(140736K)->139606K(140736K) NonClass: 122301K(122880K)->122301K(122880K) Class: 17305K(17856K)->17305K(17856K)
[2025-12-16T08:04:42.159+0000][31.435s][info ][gc          ] GC(60) Pause Young (Normal) (G1 Evacuation Pause) 410M->152M(504M) 18.116ms
[2025-12-16T08:04:42.159+0000][31.435s][info ][gc,cpu      ] GC(60) User=0.19s Sys=0.01s Real=0.02s
[2025-12-16T08:04:42.159+0000][31.435s][info ][safepoint   ] Safepoint "G1CollectForAllocation", Time since last: 23238463 ns, Reaching safepoint: 85325 ns, Cleanup: 9739 ns, At safepoint: 18421302 ns, Total: 18516366 ns
[2025-12-16T08:04:43.159+0000][32.435s][debug][safepoint   ] Safepoint synchronization initiated using futex wait barrier. (59 threads)
[2025-12-16T08:04:43.160+0000][32.435s][info ][safepoint   ] Safepoint "Cleanup", Time since last: 1000162035 ns, Reaching safepoint: 163632 ns, Cleanup: 99202 ns, At safepoint: 44326 ns, Total: 307160 ns
[2025-12-16T08:04:43.780+0000][33.056s][info ][cds,heap    ] initialize_from_archived_subgraph jdk.internal.math.FDBigInteger 0x000070e8ab14dd58
[2025-12-16T08:04:43.851+0000][33.126s][debug][safepoint   ] Safepoint synchronization initiated using futex wait barrier. (68 threads)
[2025-12-16T08:04:43.851+0000][33.127s][info ][gc,start    ] GC(61) Pause Young (Normal) (G1 Evacuation Pause)
[2025-12-16T08:04:43.851+0000][33.127s][info ][gc,task     ] GC(61) Using 13 workers of 13 for evacuation
[2025-12-16T08:04:43.865+0000][33.140s][info ][gc,phases   ] GC(61)   Pre Evacuate Collection Set: 0.3ms
[2025-12-16T08:04:43.865+0000][33.140s][info ][gc,phases   ] GC(61)   Merge Heap Roots: 0.3ms
[2025-12-16T08:04:43.865+0000][33.140s][info ][gc,phases   ] GC(61)   Evacuate Collection Set: 11.0ms
[2025-12-16T08:04:43.865+0000][33.140s][info ][gc,phases   ] GC(61)   Post Evacuate Collection Set: 2.2ms
[2025-12-16T08:04:43.865+0000][33.140s][info ][gc,phases   ] GC(61)   Other: 0.1ms
[2025-12-16T08:04:43.865+0000][33.140s][info ][gc,heap     ] GC(61) Eden regions: 261->0(256)
[2025-12-16T08:04:43.865+0000][33.140s][info ][gc,heap     ] GC(61) Survivor regions: 24->26(36)
[2025-12-16T08:04:43.865+0000][33.140s][info ][gc,heap     ] GC(61) Old regions: 129->135
[2025-12-16T08:04:43.865+0000][33.140s][info ][gc,heap     ] GC(61) Archive regions: 2->2
[2025-12-16T08:04:43.865+0000][33.140s][info ][gc,heap     ] GC(61) Humongous regions: 0->0
[2025-12-16T08:04:43.865+0000][33.140s][info ][gc,metaspace] GC(61) Metaspace: 148235K(149376K)->148235K(149376K) NonClass: 130174K(130752K)->130174K(130752K) Class: 18061K(18624K)->18061K(18624K)
[2025-12-16T08:04:43.865+0000][33.141s][info ][gc          ] GC(61) Pause Young (Normal) (G1 Evacuation Pause) 413M->160M(504M) 13.943ms
[2025-12-16T08:04:43.865+0000][33.141s][info ][gc,cpu      ] GC(61) User=0.15s Sys=0.02s Real=0.01s
[2025-12-16T08:04:43.865+0000][33.141s][info ][safepoint   ] Safepoint "G1CollectForAllocation", Time since last: 690987511 ns, Reaching safepoint: 45378 ns, Cleanup: 51289 ns, At safepoint: 14078811 ns, Total: 14175478 ns
[2025-12-16T08:04:45.101+0000][34.376s][debug][safepoint   ] Safepoint synchronization initiated using futex wait barrier. (82 threads)
[2025-12-16T08:04:45.101+0000][34.377s][info ][safepoint   ] Safepoint "ICBufferFull", Time since last: 1235708955 ns, Reaching safepoint: 59595 ns, Cleanup: 133880 ns, At safepoint: 27282 ns, Total: 220757 ns
[2025-12-16T08:04:45.154+0000][34.429s][debug][safepoint   ] Safepoint synchronization initiated using futex wait barrier. (82 threads)
[2025-12-16T08:04:45.154+0000][34.429s][info ][gc,start    ] GC(62) Pause Young (Normal) (G1 Evacuation Pause)
[2025-12-16T08:04:45.154+0000][34.429s][info ][gc,task     ] GC(62) Using 13 workers of 13 for evacuation
[2025-12-16T08:04:45.172+0000][34.447s][info ][gc,phases   ] GC(62)   Pre Evacuate Collection Set: 0.3ms
[2025-12-16T08:04:45.172+0000][34.447s][info ][gc,phases   ] GC(62)   Merge Heap Roots: 0.3ms
[2025-12-16T08:04:45.172+0000][34.447s][info ][gc,phases   ] GC(62)   Evacuate Collection Set: 13.8ms
[2025-12-16T08:04:45.172+0000][34.447s][info ][gc,phases   ] GC(62)   Post Evacuate Collection Set: 3.3ms
[2025-12-16T08:04:45.172+0000][34.447s][info ][gc,phases   ] GC(62)   Other: 0.1ms
[2025-12-16T08:04:45.172+0000][34.447s][info ][gc,heap     ] GC(62) Eden regions: 256->0(257)
[2025-12-16T08:04:45.172+0000][34.447s][info ][gc,heap     ] GC(62) Survivor regions: 26->23(36)
[2025-12-16T08:04:45.172+0000][34.447s][info ][gc,heap     ] GC(62) Old regions: 135->142
[2025-12-16T08:04:45.172+0000][34.447s][info ][gc,heap     ] GC(62) Archive regions: 2->2
[2025-12-16T08:04:45.172+0000][34.447s][info ][gc,heap     ] GC(62) Humongous regions: 0->0
[2025-12-16T08:04:45.172+0000][34.447s][info ][gc,metaspace] GC(62) Metaspace: 153424K(154560K)->153424K(154560K) NonClass: 134705K(135296K)->134705K(135296K) Class: 18718K(19264K)->18718K(19264K)
[2025-12-16T08:04:45.172+0000][34.447s][info ][gc          ] GC(62) Pause Young (Normal) (G1 Evacuation Pause) 416M->164M(504M) 17.983ms
[2025-12-16T08:04:45.172+0000][34.447s][info ][gc,cpu      ] GC(62) User=0.19s Sys=0.02s Real=0.02s
[2025-12-16T08:04:45.172+0000][34.448s][info ][safepoint   ] Safepoint "G1CollectForAllocation", Time since last: 52728475 ns, Reaching safepoint: 71478 ns, Cleanup: 17003 ns, At safepoint: 18298063 ns, Total: 18386544 ns
[2025-12-16T08:04:45.920+0000][35.196s][debug][safepoint   ] Safepoint synchronization initiated using futex wait barrier. (82 threads)
[2025-12-16T08:04:45.920+0000][35.196s][info ][safepoint   ] Safepoint "ICBufferFull", Time since last: 748117713 ns, Reaching safepoint: 59496 ns, Cleanup: 203664 ns, At safepoint: 3828 ns, Total: 266988 ns
[2025-12-16T08:04:46.416+0000][35.692s][debug][safepoint   ] Safepoint synchronization initiated using futex wait barrier. (79 threads)
[2025-12-16T08:04:46.416+0000][35.692s][info ][gc,start    ] GC(63) Pause Young (Normal) (G1 Evacuation Pause)
[2025-12-16T08:04:46.416+0000][35.692s][info ][gc,task     ] GC(63) Using 13 workers of 13 for evacuation
[2025-12-16T08:04:46.430+0000][35.706s][info ][gc,phases   ] GC(63)   Pre Evacuate Collection Set: 0.4ms
[2025-12-16T08:04:46.430+0000][35.706s][info ][gc,phases   ] GC(63)   Merge Heap Roots: 0.4ms
[2025-12-16T08:04:46.430+0000][35.706s][info ][gc,phases   ] GC(63)   Evacuate Collection Set: 11.1ms
[2025-12-16T08:04:46.430+0000][35.706s][info ][gc,phases   ] GC(63)   Post Evacuate Collection Set: 1.9ms
[2025-12-16T08:04:46.430+0000][35.706s][info ][gc,phases   ] GC(63)   Other: 0.1ms
[2025-12-16T08:04:46.430+0000][35.706s][info ][gc,heap     ] GC(63) Eden regions: 257->0(251)
[2025-12-16T08:04:46.430+0000][35.706s][info ][gc,heap     ] GC(63) Survivor regions: 23->21(35)
[2025-12-16T08:04:46.430+0000][35.706s][info ][gc,heap     ] GC(63) Old regions: 142->151
[2025-12-16T08:04:46.430+0000][35.706s][info ][gc,heap     ] GC(63) Archive regions: 2->2
[2025-12-16T08:04:46.430+0000][35.706s][info ][gc,heap     ] GC(63) Humongous regions: 0->0
[2025-12-16T08:04:46.430+0000][35.706s][info ][gc,metaspace] GC(63) Metaspace: 155758K(156928K)->155758K(156928K) NonClass: 136672K(137280K)->136672K(137280K) Class: 19086K(19648K)->19086K(19648K)
[2025-12-16T08:04:46.430+0000][35.706s][info ][gc          ] GC(63) Pause Young (Normal) (G1 Evacuation Pause) 421M->171M(504M) 14.049ms
[2025-12-16T08:04:46.430+0000][35.706s][info ][gc,cpu      ] GC(63) User=0.14s Sys=0.00s Real=0.01s
[2025-12-16T08:04:46.430+0000][35.706s][info ][safepoint   ] Safepoint "G1CollectForAllocation", Time since last: 495614540 ns, Reaching safepoint: 55598 ns, Cleanup: 66018 ns, At safepoint: 14194342 ns, Total: 14315958 ns
[2025-12-16T08:04:47.141+0000][36.417s][debug][safepoint   ] Safepoint synchronization initiated using futex wait barrier. (81 threads)
[2025-12-16T08:04:47.142+0000][36.418s][info ][safepoint   ] Safepoint "ICBufferFull", Time since last: 711157913 ns, Reaching safepoint: 187564 ns, Cleanup: 261837 ns, At safepoint: 80817 ns, Total: 530218 ns
[2025-12-16T08:04:47.561+0000][36.837s][debug][safepoint   ] Safepoint synchronization initiated using futex wait barrier. (82 threads)
[2025-12-16T08:04:47.561+0000][36.837s][info ][gc,start    ] GC(64) Pause Young (Concurrent Start) (Metadata GC Threshold)
[2025-12-16T08:04:47.561+0000][36.837s][info ][gc,task     ] GC(64) Using 13 workers of 13 for evacuation
[2025-12-16T08:04:47.580+0000][36.855s][info ][gc,phases   ] GC(64)   Pre Evacuate Collection Set: 0.7ms
[2025-12-16T08:04:47.580+0000][36.855s][info ][gc,phases   ] GC(64)   Merge Heap Roots: 0.3ms
[2025-12-16T08:04:47.580+0000][36.855s][info ][gc,phases   ] GC(64)   Evacuate Collection Set: 14.6ms
[2025-12-16T08:04:47.580+0000][36.855s][info ][gc,phases   ] GC(64)   Post Evacuate Collection Set: 2.3ms
[2025-12-16T08:04:47.580+0000][36.855s][info ][gc,phases   ] GC(64)   Other: 0.4ms
[2025-12-16T08:04:47.580+0000][36.855s][info ][gc,heap     ] GC(64) Eden regions: 232->0(247)
[2025-12-16T08:04:47.580+0000][36.855s][info ][gc,heap     ] GC(64) Survivor regions: 21->17(34)
[2025-12-16T08:04:47.580+0000][36.855s][info ][gc,heap     ] GC(64) Old regions: 151->159
[2025-12-16T08:04:47.580+0000][36.855s][info ][gc,heap     ] GC(64) Archive regions: 2->2
[2025-12-16T08:04:47.580+0000][36.855s][info ][gc,heap     ] GC(64) Humongous regions: 0->0
[2025-12-16T08:04:47.580+0000][36.855s][info ][gc,metaspace] GC(64) Metaspace: 160038K(161216K)->160038K(161216K) NonClass: 140360K(140992K)->140360K(140992K) Class: 19677K(20224K)->19677K(20224K)
[2025-12-16T08:04:47.580+0000][36.856s][info ][gc          ] GC(64) Pause Young (Concurrent Start) (Metadata GC Threshold) 403M->175M(504M) 18.339ms
[2025-12-16T08:04:47.580+0000][36.856s][info ][gc,cpu      ] GC(64) User=0.20s Sys=0.00s Real=0.02s
[2025-12-16T08:04:47.580+0000][36.856s][info ][gc          ] GC(65) Concurrent Mark Cycle
[2025-12-16T08:04:47.580+0000][36.856s][info ][gc,marking  ] GC(65) Concurrent Clear Claimed Marks
[2025-12-16T08:04:47.580+0000][36.856s][info ][safepoint   ] Safepoint "CollectForMetadataAllocation", Time since last: 419227688 ns, Reaching safepoint: 165731 ns, Cleanup: 84223 ns, At safepoint: 18578082 ns, Total: 18828036 ns
[2025-12-16T08:04:47.580+0000][36.856s][info ][gc,marking  ] GC(65) Concurrent Clear Claimed Marks 0.201ms
[2025-12-16T08:04:47.580+0000][36.856s][info ][gc,marking  ] GC(65) Concurrent Scan Root Regions
[2025-12-16T08:04:47.590+0000][36.866s][info ][gc,marking  ] GC(65) Concurrent Scan Root Regions 9.861ms
[2025-12-16T08:04:47.590+0000][36.866s][info ][gc,marking  ] GC(65) Concurrent Mark
[2025-12-16T08:04:47.590+0000][36.866s][info ][gc,marking  ] GC(65) Concurrent Mark From Roots
[2025-12-16T08:04:47.590+0000][36.866s][info ][gc,task     ] GC(65) Using 3 workers of 3 for marking
[2025-12-16T08:04:47.661+0000][36.937s][info ][gc,marking  ] GC(65) Concurrent Mark From Roots 71.306ms
[2025-12-16T08:04:47.662+0000][36.937s][info ][gc,marking  ] GC(65) Concurrent Preclean
[2025-12-16T08:04:47.662+0000][36.938s][info ][gc,marking  ] GC(65) Concurrent Preclean 0.320ms
[2025-12-16T08:04:47.662+0000][36.938s][debug][safepoint   ] Safepoint synchronization initiated using futex wait barrier. (98 threads)
[2025-12-16T08:04:47.662+0000][36.938s][info ][gc,start    ] GC(65) Pause Remark
[2025-12-16T08:04:47.669+0000][36.944s][info ][gc          ] GC(65) Pause Remark 193M->193M(504M) 6.557ms
[2025-12-16T08:04:47.669+0000][36.944s][info ][gc,cpu      ] GC(65) User=0.03s Sys=0.00s Real=0.01s
[2025-12-16T08:04:47.669+0000][36.944s][info ][safepoint   ] Safepoint "G1PauseRemark", Time since last: 81899928 ns, Reaching safepoint: 26200 ns, Cleanup: 41561 ns, At safepoint: 6757553 ns, Total: 6825314 ns
[2025-12-16T08:04:47.669+0000][36.945s][info ][gc,marking  ] GC(65) Concurrent Mark 78.651ms
[2025-12-16T08:04:47.669+0000][36.945s][info ][gc,marking  ] GC(65) Concurrent Rebuild Remembered Sets
[2025-12-16T08:04:47.708+0000][36.983s][info ][gc,marking  ] GC(65) Concurrent Rebuild Remembered Sets 38.854ms
[2025-12-16T08:04:47.708+0000][36.984s][debug][safepoint   ] Safepoint synchronization initiated using futex wait barrier. (98 threads)
[2025-12-16T08:04:47.708+0000][36.984s][info ][gc,start    ] GC(65) Pause Cleanup
[2025-12-16T08:04:47.709+0000][36.984s][info ][gc          ] GC(65) Pause Cleanup 198M->198M(504M) 0.567ms
[2025-12-16T08:04:47.709+0000][36.984s][info ][gc,cpu      ] GC(65) User=0.00s Sys=0.00s Real=0.00s
[2025-12-16T08:04:47.709+0000][36.984s][info ][safepoint   ] Safepoint "G1PauseCleanup", Time since last: 39102683 ns, Reaching safepoint: 176362 ns, Cleanup: 12364 ns, At safepoint: 674477 ns, Total: 863203 ns
[2025-12-16T08:04:47.709+0000][36.984s][info ][gc,marking  ] GC(65) Concurrent Cleanup for Next Mark
[2025-12-16T08:04:47.712+0000][36.988s][info ][gc,marking  ] GC(65) Concurrent Cleanup for Next Mark 3.122ms
[2025-12-16T08:04:47.712+0000][36.988s][info ][gc          ] GC(65) Concurrent Mark Cycle 132.046ms
[2025-12-16T08:04:48.508+0000][37.783s][debug][safepoint   ] Safepoint synchronization initiated using futex wait barrier. (144 threads)
[2025-12-16T08:04:48.508+0000][37.784s][info ][safepoint   ] Safepoint "ICBufferFull", Time since last: 799019648 ns, Reaching safepoint: 398773 ns, Cleanup: 190228 ns, At safepoint: 160932 ns, Total: 749933 ns
[2025-12-16T08:04:48.748+0000][38.023s][debug][safepoint   ] Safepoint synchronization initiated using futex wait barrier. (145 threads)
[2025-12-16T08:04:48.748+0000][38.024s][info ][gc,start    ] GC(66) Pause Young (Prepare Mixed) (G1 Evacuation Pause)
[2025-12-16T08:04:48.748+0000][38.024s][info ][gc,task     ] GC(66) Using 13 workers of 13 for evacuation
[2025-12-16T08:04:48.757+0000][38.033s][info ][gc,phases   ] GC(66)   Pre Evacuate Collection Set: 0.4ms
[2025-12-16T08:04:48.757+0000][38.033s][info ][gc,phases   ] GC(66)   Merge Heap Roots: 0.3ms
[2025-12-16T08:04:48.757+0000][38.033s][info ][gc,phases   ] GC(66)   Evacuate Collection Set: 6.3ms
[2025-12-16T08:04:48.757+0000][38.033s][info ][gc,phases   ] GC(66)   Post Evacuate Collection Set: 2.1ms
[2025-12-16T08:04:48.757+0000][38.033s][info ][gc,phases   ] GC(66)   Other: 0.2ms
[2025-12-16T08:04:48.757+0000][38.033s][info ][gc,heap     ] GC(66) Eden regions: 247->0(4)
[2025-12-16T08:04:48.757+0000][38.033s][info ][gc,heap     ] GC(66) Survivor regions: 17->21(33)
[2025-12-16T08:04:48.757+0000][38.033s][info ][gc,heap     ] GC(66) Old regions: 159->159
[2025-12-16T08:04:48.757+0000][38.033s][info ][gc,heap     ] GC(66) Archive regions: 2->2
[2025-12-16T08:04:48.757+0000][38.033s][info ][gc,heap     ] GC(66) Humongous regions: 0->0
[2025-12-16T08:04:48.757+0000][38.033s][info ][gc,metaspace] GC(66) Metaspace: 164400K(165696K)->164400K(165696K) NonClass: 144110K(144768K)->144110K(144768K) Class: 20289K(20928K)->20289K(20928K)
[2025-12-16T08:04:48.757+0000][38.033s][info ][gc          ] GC(66) Pause Young (Prepare Mixed) (G1 Evacuation Pause) 422M->179M(504M) 9.330ms
[2025-12-16T08:04:48.757+0000][38.033s][info ][gc,cpu      ] GC(66) User=0.10s Sys=0.00s Real=0.01s
[2025-12-16T08:04:48.758+0000][38.034s][info ][safepoint   ] Safepoint "G1CollectForAllocation", Time since last: 239031982 ns, Reaching safepoint: 369085 ns, Cleanup: 147446 ns, At safepoint: 9902086 ns, Total: 10418617 ns
[2025-12-16T08:04:48.766+0000][38.041s][debug][safepoint   ] Safepoint synchronization initiated using futex wait barrier. (145 threads)
[2025-12-16T08:04:48.767+0000][38.042s][info ][gc,start    ] GC(67) Pause Young (Mixed) (G1 Evacuation Pause)
[2025-12-16T08:04:48.767+0000][38.042s][info ][gc,task     ] GC(67) Using 13 workers of 13 for evacuation
[2025-12-16T08:04:48.776+0000][38.052s][info ][gc,phases   ] GC(67)   Pre Evacuate Collection Set: 0.3ms
[2025-12-16T08:04:48.776+0000][38.052s][info ][gc,phases   ] GC(67)   Merge Heap Roots: 0.3ms
[2025-12-16T08:04:48.776+0000][38.052s][info ][gc,phases   ] GC(67)   Evacuate Collection Set: 7.2ms
[2025-12-16T08:04:48.776+0000][38.052s][info ][gc,phases   ] GC(67)   Post Evacuate Collection Set: 1.4ms
[2025-12-16T08:04:48.776+0000][38.052s][info ][gc,phases   ] GC(67)   Other: 0.2ms
[2025-12-16T08:04:48.776+0000][38.052s][info ][gc,heap     ] GC(67) Eden regions: 4->0(253)
[2025-12-16T08:04:48.776+0000][38.052s][info ][gc,heap     ] GC(67) Survivor regions: 21->4(4)
[2025-12-16T08:04:48.776+0000][38.052s][info ][gc,heap     ] GC(67) Old regions: 159->168
[2025-12-16T08:04:48.776+0000][38.052s][info ][gc,heap     ] GC(67) Archive regions: 2->2
[2025-12-16T08:04:48.776+0000][38.052s][info ][gc,heap     ] GC(67) Humongous regions: 0->0
[2025-12-16T08:04:48.776+0000][38.052s][info ][gc,metaspace] GC(67) Metaspace: 164634K(165888K)->164634K(165888K) NonClass: 144317K(144960K)->144317K(144960K) Class: 20317K(20928K)->20317K(20928K)
[2025-12-16T08:04:48.776+0000][38.052s][info ][gc          ] GC(67) Pause Young (Mixed) (G1 Evacuation Pause) 183M->171M(504M) 9.408ms
[2025-12-16T08:04:48.776+0000][38.052s][info ][gc,cpu      ] GC(67) User=0.09s Sys=0.02s Real=0.01s
[2025-12-16T08:04:48.776+0000][38.052s][info ][safepoint   ] Safepoint "G1CollectForAllocation", Time since last: 7831382 ns, Reaching safepoint: 897930 ns, Cleanup: 13747 ns, At safepoint: 9784979 ns, Total: 10696656 ns
[2025-12-16T08:04:49.061+0000][38.336s][debug][safepoint   ] Safepoint synchronization initiated using futex wait barrier. (144 threads)
[2025-12-16T08:04:49.061+0000][38.337s][info ][gc,start    ] GC(68) Pause Young (Normal) (G1 Evacuation Pause)
[2025-12-16T08:04:49.061+0000][38.337s][info ][gc,task     ] GC(68) Using 13 workers of 13 for evacuation
[2025-12-16T08:04:49.082+0000][38.358s][info ][gc,phases   ] GC(68)   Pre Evacuate Collection Set: 0.4ms
[2025-12-16T08:04:49.082+0000][38.358s][info ][gc,phases   ] GC(68)   Merge Heap Roots: 0.3ms
[2025-12-16T08:04:49.082+0000][38.358s][info ][gc,phases   ] GC(68)   Evacuate Collection Set: 18.7ms
[2025-12-16T08:04:49.082+0000][38.358s][info ][gc,phases   ] GC(68)   Post Evacuate Collection Set: 1.4ms
[2025-12-16T08:04:49.082+0000][38.358s][info ][gc,phases   ] GC(68)   Other: 0.2ms
[2025-12-16T08:04:49.082+0000][38.358s][info ][gc,heap     ] GC(68) Eden regions: 253->0(170)
[2025-12-16T08:04:49.082+0000][38.358s][info ][gc,heap     ] GC(68) Survivor regions: 4->33(33)
[2025-12-16T08:04:49.082+0000][38.358s][info ][gc,heap     ] GC(68) Old regions: 168->193
[2025-12-16T08:04:49.082+0000][38.358s][info ][gc,heap     ] GC(68) Archive regions: 2->2
[2025-12-16T08:04:49.082+0000][38.358s][info ][gc,heap     ] GC(68) Humongous regions: 4->4
[2025-12-16T08:04:49.082+0000][38.358s][info ][gc,metaspace] GC(68) Metaspace: 166641K(167936K)->166641K(167936K) NonClass: 146067K(146752K)->146067K(146752K) Class: 20573K(21184K)->20573K(21184K)
[2025-12-16T08:04:49.082+0000][38.358s][info ][gc          ] GC(68) Pause Young (Normal) (G1 Evacuation Pause) 428M->230M(504M) 21.106ms
[2025-12-16T08:04:49.082+0000][38.358s][info ][gc,cpu      ] GC(68) User=0.22s Sys=0.00s Real=0.02s
[2025-12-16T08:04:49.083+0000][38.358s][info ][safepoint   ] Safepoint "G1CollectForAllocation", Time since last: 284230246 ns, Reaching safepoint: 174719 ns, Cleanup: 226248 ns, At safepoint: 21464417 ns, Total: 21865384 ns
[2025-12-16T08:04:49.292+0000][38.568s][debug][safepoint   ] Safepoint synchronization initiated using futex wait barrier. (145 threads)
[2025-12-16T08:04:49.293+0000][38.568s][info ][gc,start    ] GC(69) Pause Young (Normal) (G1 Evacuation Pause)
[2025-12-16T08:04:49.293+0000][38.568s][info ][gc,task     ] GC(69) Using 13 workers of 13 for evacuation
[2025-12-16T08:04:49.311+0000][38.587s][info ][gc,phases   ] GC(69)   Pre Evacuate Collection Set: 0.4ms
[2025-12-16T08:04:49.311+0000][38.587s][info ][gc,phases   ] GC(69)   Merge Heap Roots: 0.3ms
[2025-12-16T08:04:49.311+0000][38.587s][info ][gc,phases   ] GC(69)   Evacuate Collection Set: 15.4ms
[2025-12-16T08:04:49.311+0000][38.587s][info ][gc,phases   ] GC(69)   Post Evacuate Collection Set: 2.2ms
[2025-12-16T08:04:49.311+0000][38.587s][info ][gc,phases   ] GC(69)   Other: 0.2ms
[2025-12-16T08:04:49.311+0000][38.587s][info ][gc,heap     ] GC(69) Eden regions: 170->0(157)
[2025-12-16T08:04:49.311+0000][38.587s][info ][gc,heap     ] GC(69) Survivor regions: 33->15(26)
[2025-12-16T08:04:49.311+0000][38.587s][info ][gc,heap     ] GC(69) Old regions: 193->227
[2025-12-16T08:04:49.311+0000][38.587s][info ][gc,heap     ] GC(69) Archive regions: 2->2
[2025-12-16T08:04:49.311+0000][38.587s][info ][gc,heap     ] GC(69) Humongous regions: 4->4
[2025-12-16T08:04:49.311+0000][38.587s][info ][gc,metaspace] GC(69) Metaspace: 168818K(170048K)->168818K(170048K) NonClass: 147968K(148608K)->147968K(148608K) Class: 20849K(21440K)->20849K(21440K)
[2025-12-16T08:04:49.311+0000][38.587s][info ][gc          ] GC(69) Pause Young (Normal) (G1 Evacuation Pause) 400M->246M(504M) 18.490ms
[2025-12-16T08:04:49.311+0000][38.587s][info ][gc,cpu      ] GC(69) User=0.16s Sys=0.01s Real=0.02s
[2025-12-16T08:04:49.312+0000][38.587s][info ][safepoint   ] Safepoint "G1CollectForAllocation", Time since last: 209814139 ns, Reaching safepoint: 177128 ns, Cleanup: 58874 ns, At safepoint: 18931350 ns, Total: 19167352 ns
[2025-12-16T08:04:49.540+0000][38.816s][debug][safepoint   ] Safepoint synchronization initiated using futex wait barrier. (219 threads)
[2025-12-16T08:04:49.541+0000][38.816s][info ][safepoint   ] Safepoint "ICBufferFull", Time since last: 228731616 ns, Reaching safepoint: 282367 ns, Cleanup: 167595 ns, At safepoint: 84894 ns, Total: 534856 ns
[2025-12-16T08:04:49.579+0000][38.854s][debug][safepoint   ] ... found polling page loop exception at pc = 0x000070e9117c0705, stub =0x000070e910a04400
[2025-12-16T08:04:49.604+0000][38.880s][debug][safepoint   ] Safepoint synchronization initiated using futex wait barrier. (236 threads)
[2025-12-16T08:04:49.604+0000][38.880s][info ][gc,start    ] GC(70) Pause Young (Concurrent Start) (G1 Evacuation Pause)
[2025-12-16T08:04:49.604+0000][38.880s][info ][gc,task     ] GC(70) Using 13 workers of 13 for evacuation
[2025-12-16T08:04:49.615+0000][38.891s][info ][gc,phases   ] GC(70)   Pre Evacuate Collection Set: 0.7ms
[2025-12-16T08:04:49.615+0000][38.891s][info ][gc,phases   ] GC(70)   Merge Heap Roots: 0.3ms
[2025-12-16T08:04:49.615+0000][38.891s][info ][gc,phases   ] GC(70)   Evacuate Collection Set: 8.0ms
[2025-12-16T08:04:49.615+0000][38.891s][info ][gc,phases   ] GC(70)   Post Evacuate Collection Set: 1.7ms
[2025-12-16T08:04:49.615+0000][38.891s][info ][gc,phases   ] GC(70)   Other: 0.2ms
[2025-12-16T08:04:49.615+0000][38.891s][info ][gc,heap     ] GC(70) Eden regions: 157->0(150)
[2025-12-16T08:04:49.615+0000][38.891s][info ][gc,heap     ] GC(70) Survivor regions: 15->12(22)
[2025-12-16T08:04:49.615+0000][38.891s][info ][gc,heap     ] GC(70) Old regions: 227->242
[2025-12-16T08:04:49.615+0000][38.891s][info ][gc,heap     ] GC(70) Archive regions: 2->2
[2025-12-16T08:04:49.615+0000][38.891s][info ][gc,heap     ] GC(70) Humongous regions: 4->4
[2025-12-16T08:04:49.615+0000][38.891s][info ][gc,metaspace] GC(70) Metaspace: 172170K(173440K)->172170K(173440K) NonClass: 150888K(151552K)->150888K(151552K) Class: 21281K(21888K)->21281K(21888K)
[2025-12-16T08:04:49.615+0000][38.891s][info ][gc          ] GC(70) Pause Young (Concurrent Start) (G1 Evacuation Pause) 403M->258M(504M) 10.897ms
[2025-12-16T08:04:49.615+0000][38.891s][info ][gc,cpu      ] GC(70) User=0.10s Sys=0.00s Real=0.01s
[2025-12-16T08:04:49.615+0000][38.891s][info ][gc          ] GC(71) Concurrent Mark Cycle
[2025-12-16T08:04:49.615+0000][38.891s][info ][gc,marking  ] GC(71) Concurrent Clear Claimed Marks
[2025-12-16T08:04:49.615+0000][38.891s][info ][gc,marking  ] GC(71) Concurrent Clear Claimed Marks 0.209ms
[2025-12-16T08:04:49.615+0000][38.891s][info ][gc,marking  ] GC(71) Concurrent Scan Root Regions
[2025-12-16T08:04:49.616+0000][38.891s][info ][safepoint   ] Safepoint "G1CollectForAllocation", Time since last: 63061524 ns, Reaching safepoint: 64325 ns, Cleanup: 140422 ns, At safepoint: 11447981 ns, Total: 11652728 ns
[2025-12-16T08:04:49.620+0000][38.896s][info ][gc,marking  ] GC(71) Concurrent Scan Root Regions 4.419ms
[2025-12-16T08:04:49.620+0000][38.896s][info ][gc,marking  ] GC(71) Concurrent Mark
[2025-12-16T08:04:49.620+0000][38.896s][info ][gc,marking  ] GC(71) Concurrent Mark From Roots
[2025-12-16T08:04:49.620+0000][38.896s][info ][gc,task     ] GC(71) Using 3 workers of 3 for marking
[2025-12-16T08:04:49.709+0000][38.985s][info ][gc,marking  ] GC(71) Concurrent Mark From Roots 89.291ms
[2025-12-16T08:04:49.709+0000][38.985s][info ][gc,marking  ] GC(71) Concurrent Preclean
[2025-12-16T08:04:49.710+0000][38.985s][info ][gc,marking  ] GC(71) Concurrent Preclean 0.350ms
[2025-12-16T08:04:49.710+0000][38.985s][debug][safepoint   ] Safepoint synchronization initiated using futex wait barrier. (236 threads)
[2025-12-16T08:04:49.710+0000][38.986s][info ][gc,start    ] GC(71) Pause Remark
[2025-12-16T08:04:49.723+0000][38.999s][info ][gc          ] GC(71) Pause Remark 311M->291M(504M) 13.352ms
[2025-12-16T08:04:49.723+0000][38.999s][info ][gc,cpu      ] GC(71) User=0.14s Sys=0.01s Real=0.02s
[2025-12-16T08:04:49.724+0000][39.000s][info ][safepoint   ] Safepoint "G1PauseRemark", Time since last: 94136232 ns, Reaching safepoint: 157635 ns, Cleanup: 92880 ns, At safepoint: 14187839 ns, Total: 14438354 ns
[2025-12-16T08:04:49.724+0000][39.000s][info ][gc,marking  ] GC(71) Concurrent Mark 104.345ms
[2025-12-16T08:04:49.724+0000][39.000s][info ][gc,marking  ] GC(71) Concurrent Rebuild Remembered Sets
[2025-12-16T08:04:49.781+0000][39.056s][info ][gc,marking  ] GC(71) Concurrent Rebuild Remembered Sets 56.414ms
[2025-12-16T08:04:49.781+0000][39.056s][debug][safepoint   ] Safepoint synchronization initiated using futex wait barrier. (236 threads)
[2025-12-16T08:04:49.790+0000][39.065s][info ][gc,start    ] GC(71) Pause Cleanup
[2025-12-16T08:04:49.790+0000][39.066s][info ][gc          ] GC(71) Pause Cleanup 315M->315M(504M) 0.683ms
[2025-12-16T08:04:49.790+0000][39.066s][info ][gc,cpu      ] GC(71) User=0.00s Sys=0.00s Real=0.01s
[2025-12-16T08:04:49.791+0000][39.066s][info ][safepoint   ] Safepoint "G1PauseCleanup", Time since last: 56694508 ns, Reaching safepoint: 8781665 ns, Cleanup: 29307 ns, At safepoint: 1156791 ns, Total: 9967763 ns
[2025-12-16T08:04:49.791+0000][39.067s][info ][gc,marking  ] GC(71) Concurrent Cleanup for Next Mark
[2025-12-16T08:04:49.792+0000][39.068s][info ][gc,marking  ] GC(71) Concurrent Cleanup for Next Mark 1.445ms
[2025-12-16T08:04:49.792+0000][39.068s][info ][gc          ] GC(71) Concurrent Mark Cycle 177.180ms
[2025-12-16T08:04:49.881+0000][39.157s][debug][safepoint   ] Safepoint synchronization initiated using futex wait barrier. (237 threads)
[2025-12-16T08:04:49.894+0000][39.169s][info ][gc,start    ] GC(72) Pause Young (Prepare Mixed) (G1 Evacuation Pause)
[2025-12-16T08:04:49.894+0000][39.169s][info ][gc,task     ] GC(72) Using 13 workers of 13 for evacuation
[2025-12-16T08:04:49.900+0000][39.176s][info ][gc,phases   ] GC(72)   Pre Evacuate Collection Set: 0.5ms
[2025-12-16T08:04:49.900+0000][39.176s][info ][gc,phases   ] GC(72)   Merge Heap Roots: 0.3ms
[2025-12-16T08:04:49.900+0000][39.176s][info ][gc,phases   ] GC(72)   Evacuate Collection Set: 4.2ms
[2025-12-16T08:04:49.900+0000][39.176s][info ][gc,phases   ] GC(72)   Post Evacuate Collection Set: 1.6ms
[2025-12-16T08:04:49.900+0000][39.176s][info ][gc,phases   ] GC(72)   Other: 0.3ms
[2025-12-16T08:04:49.900+0000][39.176s][info ][gc,heap     ] GC(72) Eden regions: 150->0(12)
[2025-12-16T08:04:49.900+0000][39.176s][info ][gc,heap     ] GC(72) Survivor regions: 12->13(21)
[2025-12-16T08:04:49.900+0000][39.176s][info ][gc,heap     ] GC(72) Old regions: 226->226
[2025-12-16T08:04:49.900+0000][39.176s][info ][gc,heap     ] GC(72) Archive regions: 2->2
[2025-12-16T08:04:49.900+0000][39.176s][info ][gc,heap     ] GC(72) Humongous regions: 0->0
[2025-12-16T08:04:49.900+0000][39.176s][info ][gc,metaspace] GC(72) Metaspace: 173452K(174720K)->173452K(174720K) NonClass: 152009K(152704K)->152009K(152704K) Class: 21442K(22016K)->21442K(22016K)
[2025-12-16T08:04:49.900+0000][39.176s][info ][gc          ] GC(72) Pause Young (Prepare Mixed) (G1 Evacuation Pause) 388M->239M(504M) 6.940ms
[2025-12-16T08:04:49.901+0000][39.176s][info ][gc,cpu      ] GC(72) User=0.05s Sys=0.01s Real=0.00s
[2025-12-16T08:04:49.902+0000][39.178s][info ][safepoint   ] Safepoint "G1CollectForAllocation", Time since last: 90386045 ns, Reaching safepoint: 12277660 ns, Cleanup: 30168 ns, At safepoint: 8368964 ns, Total: 20676792 ns
[2025-12-16T08:04:49.912+0000][39.188s][debug][safepoint   ] Safepoint synchronization initiated using futex wait barrier. (237 threads)
[2025-12-16T08:04:49.912+0000][39.188s][info ][gc,start    ] GC(73) Pause Young (Mixed) (G1 Evacuation Pause)
[2025-12-16T08:04:49.912+0000][39.188s][info ][gc,task     ] GC(73) Using 13 workers of 13 for evacuation
[2025-12-16T08:04:49.927+0000][39.203s][info ][gc,phases   ] GC(73)   Pre Evacuate Collection Set: 0.3ms
[2025-12-16T08:04:49.927+0000][39.203s][info ][gc,phases   ] GC(73)   Merge Heap Roots: 0.4ms
[2025-12-16T08:04:49.927+0000][39.203s][info ][gc,phases   ] GC(73)   Evacuate Collection Set: 6.2ms
[2025-12-16T08:04:49.927+0000][39.203s][info ][gc,phases   ] GC(73)   Post Evacuate Collection Set: 7.5ms
[2025-12-16T08:04:49.927+0000][39.203s][info ][gc,phases   ] GC(73)   Other: 0.2ms
[2025-12-16T08:04:49.927+0000][39.203s][info ][gc,heap     ] GC(73) Eden regions: 12->0(432)
[2025-12-16T08:04:49.927+0000][39.203s][info ][gc,heap     ] GC(73) Survivor regions: 13->4(4)
[2025-12-16T08:04:49.927+0000][39.203s][info ][gc,heap     ] GC(73) Old regions: 226->193
[2025-12-16T08:04:49.927+0000][39.203s][info ][gc,heap     ] GC(73) Archive regions: 2->2
[2025-12-16T08:04:49.927+0000][39.203s][info ][gc,heap     ] GC(73) Humongous regions: 0->0
[2025-12-16T08:04:49.927+0000][39.203s][info ][gc,metaspace] GC(73) Metaspace: 173453K(174720K)->173453K(174720K) NonClass: 152010K(152704K)->152010K(152704K) Class: 21442K(22016K)->21442K(22016K)
[2025-12-16T08:04:49.927+0000][39.203s][info ][gc          ] GC(73) Pause Young (Mixed) (G1 Evacuation Pause) 251M->196M(816M) 14.672ms
[2025-12-16T08:04:49.927+0000][39.203s][info ][gc,cpu      ] GC(73) User=0.10s Sys=0.02s Real=0.01s
[2025-12-16T08:04:49.928+0000][39.204s][info ][safepoint   ] Safepoint "G1CollectForAllocation", Time since last: 10429929 ns, Reaching safepoint: 52992 ns, Cleanup: 11332 ns, At safepoint: 15804904 ns, Total: 15869228 ns
[2025-12-16T08:04:50.778+0000][40.054s][debug][safepoint   ] Safepoint synchronization initiated using futex wait barrier. (240 threads)
[2025-12-16T08:04:50.779+0000][40.054s][info ][safepoint   ] Safepoint "ICBufferFull", Time since last: 849793153 ns, Reaching safepoint: 256347 ns, Cleanup: 218333 ns, At safepoint: 142266 ns, Total: 616946 ns
[2025-12-16T08:04:51.314+0000][40.589s][debug][safepoint   ] Safepoint synchronization initiated using futex wait barrier. (252 threads)
[2025-12-16T08:04:51.314+0000][40.590s][info ][safepoint   ] Safepoint "ICBufferFull", Time since last: 535064095 ns, Reaching safepoint: 277839 ns, Cleanup: 149780 ns, At safepoint: 256817 ns, Total: 684436 ns
[2025-12-16T08:04:51.575+0000][40.851s][debug][safepoint   ] Safepoint synchronization initiated using futex wait barrier. (258 threads)
[2025-12-16T08:04:51.576+0000][40.851s][info ][gc,start    ] GC(74) Pause Young (Normal) (G1 Evacuation Pause)
[2025-12-16T08:04:51.576+0000][40.852s][info ][gc,task     ] GC(74) Using 13 workers of 13 for evacuation
[2025-12-16T08:04:51.594+0000][40.870s][info ][gc,phases   ] GC(74)   Pre Evacuate Collection Set: 0.6ms
[2025-12-16T08:04:51.594+0000][40.870s][info ][gc,phases   ] GC(74)   Merge Heap Roots: 0.3ms
[2025-12-16T08:04:51.594+0000][40.870s][info ][gc,phases   ] GC(74)   Evacuate Collection Set: 15.2ms
[2025-12-16T08:04:51.594+0000][40.870s][info ][gc,phases   ] GC(74)   Post Evacuate Collection Set: 1.8ms
[2025-12-16T08:04:51.594+0000][40.870s][info ][gc,phases   ] GC(74)   Other: 0.5ms
[2025-12-16T08:04:51.594+0000][40.870s][info ][gc,heap     ] GC(74) Eden regions: 432->0(378)
[2025-12-16T08:04:51.594+0000][40.870s][info ][gc,heap     ] GC(74) Survivor regions: 4->40(55)
[2025-12-16T08:04:51.594+0000][40.870s][info ][gc,heap     ] GC(74) Old regions: 193->193
[2025-12-16T08:04:51.594+0000][40.870s][info ][gc,heap     ] GC(74) Archive regions: 2->2
[2025-12-16T08:04:51.594+0000][40.870s][info ][gc,heap     ] GC(74) Humongous regions: 3->3
[2025-12-16T08:04:51.594+0000][40.870s][info ][gc,metaspace] GC(74) Metaspace: 178128K(179456K)->178128K(179456K) NonClass: 156137K(156864K)->156137K(156864K) Class: 21990K(22592K)->21990K(22592K)
[2025-12-16T08:04:51.594+0000][40.870s][info ][gc          ] GC(74) Pause Young (Normal) (G1 Evacuation Pause) 631M->235M(816M) 18.499ms
[2025-12-16T08:04:51.595+0000][40.870s][info ][gc,cpu      ] GC(74) User=0.14s Sys=0.00s Real=0.02s
[2025-12-16T08:04:51.596+0000][40.872s][info ][safepoint   ] Safepoint "G1CollectForAllocation", Time since last: 261092110 ns, Reaching safepoint: 88060 ns, Cleanup: 203204 ns, At safepoint: 20366916 ns, Total: 20658180 ns
[2025-12-16T08:04:51.708+0000][40.984s][debug][safepoint   ] ... found polling page loop exception at pc = 0x000070e911388fda, stub =0x000070e910a04400
[2025-12-16T08:04:52.844+0000][42.119s][debug][safepoint   ] Safepoint synchronization initiated using futex wait barrier. (253 threads)
[2025-12-16T08:04:52.844+0000][42.120s][info ][safepoint   ] Safepoint "Cleanup", Time since last: 1247729509 ns, Reaching safepoint: 357903 ns, Cleanup: 180470 ns, At safepoint: 31882 ns, Total: 570255 ns
[2025-12-16T08:04:54.040+0000][43.315s][debug][safepoint   ] Safepoint synchronization initiated using futex wait barrier. (253 threads)
[2025-12-16T08:04:54.040+0000][43.316s][info ][safepoint   ] Safepoint "Cleanup", Time since last: 1195416214 ns, Reaching safepoint: 147275 ns, Cleanup: 114332 ns, At safepoint: 32012 ns, Total: 293619 ns
[2025-12-16T08:04:55.040+0000][44.316s][debug][safepoint   ] Safepoint synchronization initiated using futex wait barrier. (253 threads)
[2025-12-16T08:04:55.041+0000][44.316s][info ][safepoint   ] Safepoint "Cleanup", Time since last: 1000268575 ns, Reaching safepoint: 158517 ns, Cleanup: 32503 ns, At safepoint: 5410 ns, Total: 196430 ns
[2025-12-16T08:04:56.041+0000][45.316s][debug][safepoint   ] Safepoint synchronization initiated using futex wait barrier. (256 threads)
[2025-12-16T08:04:56.041+0000][45.316s][info ][safepoint   ] Safepoint "Cleanup", Time since last: 1000137661 ns, Reaching safepoint: 83241 ns, Cleanup: 35700 ns, At safepoint: 24948 ns, Total: 143889 ns
[2025-12-16T08:04:57.041+0000][46.317s][debug][safepoint   ] Safepoint synchronization initiated using futex wait barrier. (255 threads)
[2025-12-16T08:04:57.041+0000][46.317s][info ][safepoint   ] Safepoint "Cleanup", Time since last: 1000160073 ns, Reaching safepoint: 121696 ns, Cleanup: 25149 ns, At safepoint: 4739 ns, Total: 151584 ns
[2025-12-16T08:04:58.041+0000][47.317s][debug][safepoint   ] Safepoint synchronization initiated using futex wait barrier. (255 threads)
[2025-12-16T08:04:58.042+0000][47.317s][info ][safepoint   ] Safepoint "Cleanup", Time since last: 1000319073 ns, Reaching safepoint: 173426 ns, Cleanup: 43063 ns, At safepoint: 32613 ns, Total: 249102 ns
[2025-12-16T08:04:59.042+0000][48.318s][debug][safepoint   ] Safepoint synchronization initiated using futex wait barrier. (257 threads)
[2025-12-16T08:04:59.042+0000][48.318s][info ][safepoint   ] Safepoint "Cleanup", Time since last: 1000180024 ns, Reaching safepoint: 88401 ns, Cleanup: 68803 ns, At safepoint: 40058 ns, Total: 197262 ns
[2025-12-16T08:04:59.256+0000][48.531s][debug][safepoint   ] Safepoint synchronization initiated using futex wait barrier. (257 threads)
[2025-12-16T08:04:59.256+0000][48.532s][info ][gc,start    ] GC(75) Pause Young (Normal) (G1 Evacuation Pause)
[2025-12-16T08:04:59.256+0000][48.532s][info ][gc,task     ] GC(75) Using 13 workers of 13 for evacuation
[2025-12-16T08:04:59.303+0000][48.579s][info ][gc,phases   ] GC(75)   Pre Evacuate Collection Set: 0.4ms
[2025-12-16T08:04:59.303+0000][48.579s][info ][gc,phases   ] GC(75)   Merge Heap Roots: 0.3ms
[2025-12-16T08:04:59.303+0000][48.579s][info ][gc,phases   ] GC(75)   Evacuate Collection Set: 43.8ms
[2025-12-16T08:04:59.303+0000][48.579s][info ][gc,phases   ] GC(75)   Post Evacuate Collection Set: 2.8ms
[2025-12-16T08:04:59.303+0000][48.579s][info ][gc,phases   ] GC(75)   Other: 0.2ms
[2025-12-16T08:04:59.303+0000][48.579s][info ][gc,heap     ] GC(75) Eden regions: 378->0(330)
[2025-12-16T08:04:59.303+0000][48.579s][info ][gc,heap     ] GC(75) Survivor regions: 40->53(53)
[2025-12-16T08:04:59.303+0000][48.579s][info ][gc,heap     ] GC(75) Old regions: 193->244
[2025-12-16T08:04:59.303+0000][48.579s][info ][gc,heap     ] GC(75) Archive regions: 2->2
[2025-12-16T08:04:59.303+0000][48.579s][info ][gc,heap     ] GC(75) Humongous regions: 110->10
[2025-12-16T08:04:59.303+0000][48.579s][info ][gc,metaspace] GC(75) Metaspace: 184290K(185664K)->184290K(185664K) NonClass: 161595K(162304K)->161595K(162304K) Class: 22695K(23360K)->22695K(23360K)
[2025-12-16T08:04:59.303+0000][48.579s][info ][gc          ] GC(75) Pause Young (Normal) (G1 Evacuation Pause) 720M->307M(827M) 47.571ms
[2025-12-16T08:04:59.303+0000][48.579s][info ][gc,cpu      ] GC(75) User=0.37s Sys=0.04s Real=0.05s
[2025-12-16T08:04:59.305+0000][48.580s][info ][safepoint   ] Safepoint "G1CollectForAllocation", Time since last: 213630524 ns, Reaching safepoint: 68282 ns, Cleanup: 4479 ns, At safepoint: 49058750 ns, Total: 49131511 ns
[2025-12-16T08:05:00.144+0000][49.420s][debug][safepoint   ] Safepoint synchronization initiated using futex wait barrier. (257 threads)
[2025-12-16T08:05:00.144+0000][49.420s][info ][safepoint   ] Safepoint "ICBufferFull", Time since last: 839042332 ns, Reaching safepoint: 91958 ns, Cleanup: 257569 ns, At safepoint: 37132 ns, Total: 386659 ns
[2025-12-16T08:05:00.241+0000][49.516s][debug][safepoint   ] Safepoint synchronization initiated using futex wait barrier. (258 threads)
[2025-12-16T08:05:00.241+0000][49.517s][info ][gc,start    ] GC(76) Pause Young (Normal) (G1 Evacuation Pause)
[2025-12-16T08:05:00.241+0000][49.517s][info ][gc,task     ] GC(76) Using 13 workers of 13 for evacuation
[2025-12-16T08:05:00.288+0000][49.564s][info ][gc,phases   ] GC(76)   Pre Evacuate Collection Set: 0.5ms
[2025-12-16T08:05:00.288+0000][49.564s][info ][gc,phases   ] GC(76)   Merge Heap Roots: 0.5ms
[2025-12-16T08:05:00.288+0000][49.564s][info ][gc,phases   ] GC(76)   Evacuate Collection Set: 42.0ms
[2025-12-16T08:05:00.288+0000][49.564s][info ][gc,phases   ] GC(76)   Post Evacuate Collection Set: 3.7ms
[2025-12-16T08:05:00.288+0000][49.564s][info ][gc,phases   ] GC(76)   Other: 0.3ms
[2025-12-16T08:05:00.288+0000][49.564s][info ][gc,heap     ] GC(76) Eden regions: 330->0(235)
[2025-12-16T08:05:00.288+0000][49.564s][info ][gc,heap     ] GC(76) Survivor regions: 53->48(48)
[2025-12-16T08:05:00.288+0000][49.564s][info ][gc,heap     ] GC(76) Old regions: 244->331
[2025-12-16T08:05:00.288+0000][49.564s][info ][gc,heap     ] GC(76) Archive regions: 2->2
[2025-12-16T08:05:00.288+0000][49.564s][info ][gc,heap     ] GC(76) Humongous regions: 31->13
[2025-12-16T08:05:00.288+0000][49.564s][info ][gc,metaspace] GC(76) Metaspace: 188163K(189568K)->188163K(189568K) NonClass: 165047K(165760K)->165047K(165760K) Class: 23115K(23808K)->23115K(23808K)
[2025-12-16T08:05:00.288+0000][49.564s][info ][gc          ] GC(76) Pause Young (Normal) (G1 Evacuation Pause) 658M->392M(827M) 47.096ms
[2025-12-16T08:05:00.288+0000][49.564s][info ][gc,cpu      ] GC(76) User=0.54s Sys=0.02s Real=0.05s
[2025-12-16T08:05:00.289+0000][49.565s][info ][safepoint   ] Safepoint "G1CollectForAllocation", Time since last: 96458315 ns, Reaching safepoint: 388924 ns, Cleanup: 94523 ns, At safepoint: 48185371 ns, Total: 48668818 ns
[2025-12-16T08:05:00.631+0000][49.907s][debug][safepoint   ] Safepoint synchronization initiated using futex wait barrier. (258 threads)
[2025-12-16T08:05:00.631+0000][49.907s][info ][safepoint   ] Safepoint "ICBufferFull", Time since last: 341475679 ns, Reaching safepoint: 60317 ns, Cleanup: 151132 ns, At safepoint: 3808 ns, Total: 215257 ns
[2025-12-16T08:05:01.701+0000][50.976s][debug][safepoint   ] Safepoint synchronization initiated using futex wait barrier. (256 threads)
[2025-12-16T08:05:01.701+0000][50.977s][info ][safepoint   ] Safepoint "Cleanup", Time since last: 1069459440 ns, Reaching safepoint: 140372 ns, Cleanup: 440663 ns, At safepoint: 321343 ns, Total: 902378 ns
[2025-12-16T08:05:04.700+0000][53.978s][debug][safepoint   ] Safepoint synchronization initiated using futex wait barrier. (255 threads)
[2025-12-16T08:05:04.700+0000][53.978s][info ][safepoint   ] Safepoint "Cleanup", Time since last: 3000498404 ns, Reaching safepoint: 155131 ns, Cleanup: 20750 ns, At safepoint: 4599 ns, Total: 180480 ns
[2025-12-16T08:05:05.700+0000][54.978s][debug][safepoint   ] Safepoint synchronization initiated using futex wait barrier. (255 threads)
[2025-12-16T08:05:05.700+0000][54.978s][info ][safepoint   ] Safepoint "Cleanup", Time since last: 1000194142 ns, Reaching safepoint: 227430 ns, Cleanup: 27744 ns, At safepoint: 6963 ns, Total: 262137 ns
[2025-12-16T08:05:06.701+0000][55.978s][debug][safepoint   ] Safepoint synchronization initiated using futex wait barrier. (256 threads)
[2025-12-16T08:05:06.701+0000][55.979s][info ][safepoint   ] Safepoint "Cleanup", Time since last: 1000203564 ns, Reaching safepoint: 135332 ns, Cleanup: 28596 ns, At safepoint: 4458 ns, Total: 168386 ns
[2025-12-16T08:05:08.701+0000][57.979s][debug][safepoint   ] Safepoint synchronization initiated using futex wait barrier. (257 threads)
[2025-12-16T08:05:08.701+0000][57.979s][info ][safepoint   ] Safepoint "Cleanup", Time since last: 2000287070 ns, Reaching safepoint: 150282 ns, Cleanup: 23275 ns, At safepoint: 5170 ns, Total: 178727 ns
[2025-12-16T08:05:17.824+0000][67.101s][debug][safepoint   ] Safepoint synchronization initiated using futex wait barrier. (256 threads)
[2025-12-16T08:05:17.824+0000][67.102s][info ][safepoint   ] Safepoint "Cleanup", Time since last: 9122163179 ns, Reaching safepoint: 240035 ns, Cleanup: 19188 ns, At safepoint: 6142 ns, Total: 265365 ns
[2025-12-16T08:05:21.825+0000][71.102s][debug][safepoint   ] Safepoint synchronization initiated using futex wait barrier. (257 threads)
[2025-12-16T08:05:21.825+0000][71.103s][info ][safepoint   ] Safepoint "Cleanup", Time since last: 4000802009 ns, Reaching safepoint: 205919 ns, Cleanup: 47101 ns, At safepoint: 5180 ns, Total: 258200 ns
[2025-12-16T08:05:26.826+0000][76.104s][debug][safepoint   ] Safepoint synchronization initiated using futex wait barrier. (258 threads)
[2025-12-16T08:05:26.826+0000][76.104s][info ][safepoint   ] Safepoint "Cleanup", Time since last: 5001412066 ns, Reaching safepoint: 137497 ns, Cleanup: 22052 ns, At safepoint: 5401 ns, Total: 164950 ns
[2025-12-16T08:05:28.827+0000][78.104s][debug][safepoint   ] Safepoint synchronization initiated using futex wait barrier. (258 threads)
[2025-12-16T08:05:28.827+0000][78.105s][info ][safepoint   ] Safepoint "Cleanup", Time since last: 2000336298 ns, Reaching safepoint: 148909 ns, Cleanup: 29016 ns, At safepoint: 5871 ns, Total: 183796 ns
[2025-12-16T08:05:39.826+0000][89.106s][debug][safepoint   ] Safepoint synchronization initiated using futex wait barrier. (258 threads)
[2025-12-16T08:05:39.827+0000][89.106s][info ][safepoint   ] Safepoint "Cleanup", Time since last: 11001604143 ns, Reaching safepoint: 163695 ns, Cleanup: 12284 ns, At safepoint: 4008 ns, Total: 179987 ns
[2025-12-16T08:05:40.827+0000][90.107s][debug][safepoint   ] Safepoint synchronization initiated using futex wait barrier. (258 threads)
[2025-12-16T08:05:40.827+0000][90.107s][info ][safepoint   ] Safepoint "Cleanup", Time since last: 1000179805 ns, Reaching safepoint: 126966 ns, Cleanup: 24457 ns, At safepoint: 4840 ns, Total: 156263 ns
[2025-12-16T08:05:42.827+0000][92.107s][debug][safepoint   ] Safepoint synchronization initiated using futex wait barrier. (260 threads)
[2025-12-16T08:05:42.827+0000][92.107s][info ][safepoint   ] Safepoint "Cleanup", Time since last: 2000302760 ns, Reaching safepoint: 139791 ns, Cleanup: 23866 ns, At safepoint: 5360 ns, Total: 169017 ns
[2025-12-16T08:05:51.829+0000][101.109s][debug][safepoint   ] Safepoint synchronization initiated using futex wait barrier. (248 threads)
[2025-12-16T08:05:51.829+0000][101.109s][info ][safepoint   ] Safepoint "Cleanup", Time since last: 9001306647 ns, Reaching safepoint: 124181 ns, Cleanup: 19839 ns, At safepoint: 3687 ns, Total: 147707 ns
[2025-12-16T08:05:52.829+0000][102.109s][debug][safepoint   ] Safepoint synchronization initiated using futex wait barrier. (246 threads)
[2025-12-16T08:05:52.829+0000][102.109s][info ][safepoint   ] Safepoint "Cleanup", Time since last: 1000134968 ns, Reaching safepoint: 120173 ns, Cleanup: 22243 ns, At safepoint: 3507 ns, Total: 145923 ns
[2025-12-16T08:06:06.829+0000][116.111s][debug][safepoint   ] Safepoint synchronization initiated using futex wait barrier. (246 threads)
[2025-12-16T08:06:06.829+0000][116.111s][info ][safepoint   ] Safepoint "Cleanup", Time since last: 14002189681 ns, Reaching safepoint: 228121 ns, Cleanup: 17764 ns, At safepoint: 5260 ns, Total: 251145 ns
[2025-12-16T08:06:21.859+0000][131.141s][debug][safepoint   ] Safepoint synchronization initiated using futex wait barrier. (247 threads)
[2025-12-16T08:06:21.859+0000][131.141s][info ][safepoint   ] Safepoint "Cleanup", Time since last: 15029310073 ns, Reaching safepoint: 136694 ns, Cleanup: 39427 ns, At safepoint: 3717 ns, Total: 179838 ns
[2025-12-16T08:06:36.859+0000][146.143s][debug][safepoint   ] Safepoint synchronization initiated using futex wait barrier. (249 threads)
[2025-12-16T08:06:36.859+0000][146.144s][info ][safepoint   ] Safepoint "Cleanup", Time since last: 15002353545 ns, Reaching safepoint: 231799 ns, Cleanup: 41430 ns, At safepoint: 5090 ns, Total: 278319 ns
[2025-12-16T08:06:38.859+0000][148.144s][debug][safepoint   ] Safepoint synchronization initiated using futex wait barrier. (249 threads)
[2025-12-16T08:06:38.860+0000][148.144s][info ][safepoint   ] Safepoint "Cleanup", Time since last: 2000338134 ns, Reaching safepoint: 128588 ns, Cleanup: 21853 ns, At safepoint: 5230 ns, Total: 155671 ns
[2025-12-16T08:06:48.861+0000][158.146s][debug][safepoint   ] Safepoint synchronization initiated using futex wait barrier. (249 threads)
[2025-12-16T08:06:48.861+0000][158.146s][info ][safepoint   ] Safepoint "Cleanup", Time since last: 10001629878 ns, Reaching safepoint: 127908 ns, Cleanup: 30309 ns, At safepoint: 3857 ns, Total: 162074 ns
[2025-12-16T08:07:13.524+0000][182.811s][debug][safepoint   ] Safepoint synchronization initiated using futex wait barrier. (246 threads)
[2025-12-16T08:07:13.525+0000][182.811s][info ][gc,start    ] GC(77) Pause Young (Normal) (G1 Evacuation Pause)
[2025-12-16T08:07:13.525+0000][182.811s][info ][gc,task     ] GC(77) Using 13 workers of 13 for evacuation
[2025-12-16T08:07:13.578+0000][182.864s][info ][gc,phases   ] GC(77)   Pre Evacuate Collection Set: 1.0ms
[2025-12-16T08:07:13.578+0000][182.864s][info ][gc,phases   ] GC(77)   Merge Heap Roots: 2.3ms
[2025-12-16T08:07:13.578+0000][182.864s][info ][gc,phases   ] GC(77)   Evacuate Collection Set: 45.8ms
[2025-12-16T08:07:13.578+0000][182.864s][info ][gc,phases   ] GC(77)   Post Evacuate Collection Set: 3.6ms
[2025-12-16T08:07:13.578+0000][182.864s][info ][gc,phases   ] GC(77)   Other: 0.7ms
[2025-12-16T08:07:13.578+0000][182.864s][info ][gc,heap     ] GC(77) Eden regions: 235->0(244)
[2025-12-16T08:07:13.578+0000][182.864s][info ][gc,heap     ] GC(77) Survivor regions: 48->8(36)
[2025-12-16T08:07:13.578+0000][182.864s][info ][gc,heap     ] GC(77) Old regions: 331->381
[2025-12-16T08:07:13.578+0000][182.864s][info ][gc,heap     ] GC(77) Archive regions: 2->2
[2025-12-16T08:07:13.578+0000][182.864s][info ][gc,heap     ] GC(77) Humongous regions: 13->13
[2025-12-16T08:07:13.578+0000][182.864s][info ][gc,metaspace] GC(77) Metaspace: 190247K(191680K)->190247K(191680K) NonClass: 166937K(167680K)->166937K(167680K) Class: 23310K(24000K)->23310K(24000K)
[2025-12-16T08:07:13.578+0000][182.864s][info ][gc          ] GC(77) Pause Young (Normal) (G1 Evacuation Pause) 627M->402M(827M) 53.096ms
[2025-12-16T08:07:13.578+0000][182.865s][info ][gc,cpu      ] GC(77) User=0.60s Sys=0.02s Real=0.05s
[2025-12-16T08:07:13.580+0000][182.866s][info ][safepoint   ] Safepoint "G1CollectForAllocation", Time since last: 24664922492 ns, Reaching safepoint: 159519 ns, Cleanup: 8827 ns, At safepoint: 55104284 ns, Total: 55272630 ns
[2025-12-16T08:07:14.580+0000][183.866s][debug][safepoint   ] Safepoint synchronization initiated using futex wait barrier. (246 threads)
[2025-12-16T08:07:14.580+0000][183.867s][info ][safepoint   ] Safepoint "Cleanup", Time since last: 1000255574 ns, Reaching safepoint: 179618 ns, Cleanup: 33575 ns, At safepoint: 6262 ns, Total: 219455 ns
[2025-12-16T08:07:22.581+0000][191.868s][debug][safepoint   ] Safepoint synchronization initiated using futex wait barrier. (247 threads)
[2025-12-16T08:07:22.581+0000][191.868s][info ][safepoint   ] Safepoint "Cleanup", Time since last: 8001239030 ns, Reaching safepoint: 127838 ns, Cleanup: 49015 ns, At safepoint: 3968 ns, Total: 180821 ns
[2025-12-16T08:07:23.582+0000][192.868s][debug][safepoint   ] Safepoint synchronization initiated using futex wait barrier. (247 threads)
[2025-12-16T08:07:23.582+0000][192.868s][info ][safepoint   ] Safepoint "Cleanup", Time since last: 1000190641 ns, Reaching safepoint: 91697 ns, Cleanup: 17223 ns, At safepoint: 3878 ns, Total: 112798 ns
[2025-12-16T08:07:26.582+0000][195.869s][debug][safepoint   ] Safepoint synchronization initiated using futex wait barrier. (247 threads)
[2025-12-16T08:07:26.582+0000][195.869s][info ][safepoint   ] Safepoint "Cleanup", Time since last: 3000449299 ns, Reaching safepoint: 130732 ns, Cleanup: 25971 ns, At safepoint: 4518 ns, Total: 161221 ns
[2025-12-16T08:07:41.582+0000][210.871s][debug][safepoint   ] Safepoint synchronization initiated using futex wait barrier. (248 threads)
[2025-12-16T08:07:41.582+0000][210.871s][info ][safepoint   ] Safepoint "Cleanup", Time since last: 15002107303 ns, Reaching safepoint: 96678 ns, Cleanup: 22504 ns, At safepoint: 2966 ns, Total: 122148 ns
[2025-12-16T08:07:48.583+0000][217.872s][debug][safepoint   ] Safepoint synchronization initiated using futex wait barrier. (248 threads)
[2025-12-16T08:07:48.584+0000][217.872s][info ][safepoint   ] Safepoint "Cleanup", Time since last: 7001143572 ns, Reaching safepoint: 198215 ns, Cleanup: 72672 ns, At safepoint: 9699 ns, Total: 280586 ns
[2025-12-16T08:07:51.584+0000][220.873s][debug][safepoint   ] Safepoint synchronization initiated using futex wait barrier. (245 threads)
[2025-12-16T08:07:51.584+0000][220.873s][info ][safepoint   ] Safepoint "Cleanup", Time since last: 3000455260 ns, Reaching safepoint: 83782 ns, Cleanup: 14709 ns, At safepoint: 3717 ns, Total: 102208 ns
[2025-12-16T08:07:53.584+0000][222.873s][debug][safepoint   ] Safepoint synchronization initiated using futex wait barrier. (244 threads)
[2025-12-16T08:07:53.585+0000][222.873s][info ][safepoint   ] Safepoint "Cleanup", Time since last: 2000285647 ns, Reaching safepoint: 82671 ns, Cleanup: 14868 ns, At safepoint: 3587 ns, Total: 101126 ns
[2025-12-16T08:07:54.585+0000][223.874s][debug][safepoint   ] Safepoint synchronization initiated using futex wait barrier. (245 threads)
[2025-12-16T08:07:54.585+0000][223.874s][info ][safepoint   ] Safepoint "Cleanup", Time since last: 1000186830 ns, Reaching safepoint: 134862 ns, Cleanup: 30779 ns, At safepoint: 4830 ns, Total: 170471 ns
[2025-12-16T08:08:02.583+0000][231.875s][debug][safepoint   ] Safepoint synchronization initiated using futex wait barrier. (246 threads)
[2025-12-16T08:08:02.583+0000][231.875s][info ][safepoint   ] Safepoint "Cleanup", Time since last: 8001041073 ns, Reaching safepoint: 131463 ns, Cleanup: 23556 ns, At safepoint: 3867 ns, Total: 158886 ns
[2025-12-16T08:08:11.924+0000][241.215s][debug][safepoint   ] Safepoint synchronization initiated using futex wait barrier. (247 threads)
[2025-12-16T08:08:11.924+0000][241.215s][info ][safepoint   ] Safepoint "Cleanup", Time since last: 9340293143 ns, Reaching safepoint: 96857 ns, Cleanup: 13356 ns, At safepoint: 3697 ns, Total: 113910 ns
[2025-12-16T08:08:16.925+0000][246.216s][debug][safepoint   ] Safepoint synchronization initiated using futex wait barrier. (247 threads)
[2025-12-16T08:08:16.925+0000][246.216s][info ][safepoint   ] Safepoint "Cleanup", Time since last: 5000717186 ns, Reaching safepoint: 99352 ns, Cleanup: 16422 ns, At safepoint: 5080 ns, Total: 120854 ns
[2025-12-16T08:08:21.926+0000][251.217s][debug][safepoint   ] Safepoint synchronization initiated using futex wait barrier. (247 threads)
[2025-12-16T08:08:21.926+0000][251.217s][info ][safepoint   ] Safepoint "Cleanup", Time since last: 5000815659 ns, Reaching safepoint: 117768 ns, Cleanup: 27964 ns, At safepoint: 29147 ns, Total: 174879 ns
[2025-12-16T08:08:28.927+0000][258.218s][debug][safepoint   ] Safepoint synchronization initiated using futex wait barrier. (247 threads)
[2025-12-16T08:08:28.928+0000][258.219s][info ][safepoint   ] Safepoint "Cleanup", Time since last: 7001182871 ns, Reaching safepoint: 511760 ns, Cleanup: 28004 ns, At safepoint: 191030 ns, Total: 730794 ns
[2025-12-16T08:08:39.928+0000][269.221s][debug][safepoint   ] Safepoint synchronization initiated using futex wait barrier. (248 threads)
[2025-12-16T08:08:39.928+0000][269.221s][info ][safepoint   ] Safepoint "Cleanup", Time since last: 11001569525 ns, Reaching safepoint: 85185 ns, Cleanup: 12764 ns, At safepoint: 3177 ns, Total: 101126 ns
[2025-12-16T08:08:48.930+0000][278.223s][debug][safepoint   ] Safepoint synchronization initiated using futex wait barrier. (249 threads)
[2025-12-16T08:08:48.930+0000][278.223s][info ][safepoint   ] Safepoint "Cleanup", Time since last: 9002298275 ns, Reaching safepoint: 187272 ns, Cleanup: 30339 ns, At safepoint: 5871 ns, Total: 223482 ns
[2025-12-16T08:08:52.931+0000][282.224s][debug][safepoint   ] Safepoint synchronization initiated using futex wait barrier. (248 threads)
[2025-12-16T08:08:52.931+0000][282.224s][info ][safepoint   ] Safepoint "Cleanup", Time since last: 4000645255 ns, Reaching safepoint: 126314 ns, Cleanup: 25299 ns, At safepoint: 3948 ns, Total: 155561 ns
[2025-12-16T08:08:55.932+0000][285.225s][debug][safepoint   ] Safepoint synchronization initiated using futex wait barrier. (247 threads)
[2025-12-16T08:08:55.932+0000][285.225s][info ][safepoint   ] Safepoint "Cleanup", Time since last: 3000612523 ns, Reaching safepoint: 132777 ns, Cleanup: 17103 ns, At safepoint: 4038 ns, Total: 153918 ns
[2025-12-16T08:09:08.932+0000][298.227s][debug][safepoint   ] Safepoint synchronization initiated using futex wait barrier. (248 threads)
[2025-12-16T08:09:08.932+0000][298.227s][info ][safepoint   ] Safepoint "Cleanup", Time since last: 13002220135 ns, Reaching safepoint: 104191 ns, Cleanup: 17795 ns, At safepoint: 4088 ns, Total: 126074 ns
[2025-12-16T08:09:21.957+0000][311.253s][debug][safepoint   ] Safepoint synchronization initiated using futex wait barrier. (248 threads)
[2025-12-16T08:09:21.957+0000][311.253s][info ][safepoint   ] Safepoint "Cleanup", Time since last: 13025431110 ns, Reaching safepoint: 93591 ns, Cleanup: 14478 ns, At safepoint: 3467 ns, Total: 111536 ns
[2025-12-16T08:09:56.961+0000][346.258s][debug][safepoint   ] Safepoint synchronization initiated using futex wait barrier. (247 threads)
[2025-12-16T08:09:56.961+0000][346.258s][info ][safepoint   ] Safepoint "Cleanup", Time since last: 35005178733 ns, Reaching safepoint: 190729 ns, Cleanup: 47021 ns, At safepoint: 5851 ns, Total: 243601 ns
[2025-12-16T08:10:19.989+0000][369.289s][debug][safepoint   ] Safepoint synchronization initiated using futex wait barrier. (248 threads)
[2025-12-16T08:10:19.989+0000][369.289s][info ][safepoint   ] Safepoint "Cleanup", Time since last: 23030526123 ns, Reaching safepoint: 121986 ns, Cleanup: 82629 ns, At safepoint: 6954 ns, Total: 211569 ns
[2025-12-16T08:10:21.990+0000][371.289s][debug][safepoint   ] Safepoint synchronization initiated using futex wait barrier. (248 threads)
[2025-12-16T08:10:21.990+0000][371.290s][info ][safepoint   ] Safepoint "Cleanup", Time since last: 2000401555 ns, Reaching safepoint: 110583 ns, Cleanup: 25560 ns, At safepoint: 6412 ns, Total: 142555 ns
[2025-12-16T08:10:28.991+0000][378.291s][debug][safepoint   ] Safepoint synchronization initiated using futex wait barrier. (248 threads)
[2025-12-16T08:10:28.991+0000][378.291s][info ][safepoint   ] Safepoint "Cleanup", Time since last: 7001116365 ns, Reaching safepoint: 118619 ns, Cleanup: 13487 ns, At safepoint: 3877 ns, Total: 135983 ns
[2025-12-16T08:10:33.821+0000][383.123s][debug][safepoint   ] Safepoint synchronization initiated using futex wait barrier. (248 threads)
[2025-12-16T08:10:33.821+0000][383.123s][info ][gc,start    ] GC(78) Pause Young (Normal) (G1 Evacuation Pause)
[2025-12-16T08:10:33.821+0000][383.123s][info ][gc,task     ] GC(78) Using 13 workers of 13 for evacuation
[2025-12-16T08:10:33.837+0000][383.139s][info ][gc,phases   ] GC(78)   Pre Evacuate Collection Set: 1.1ms
[2025-12-16T08:10:33.837+0000][383.139s][info ][gc,phases   ] GC(78)   Merge Heap Roots: 0.7ms
[2025-12-16T08:10:33.837+0000][383.139s][info ][gc,phases   ] GC(78)   Evacuate Collection Set: 10.9ms
[2025-12-16T08:10:33.837+0000][383.139s][info ][gc,phases   ] GC(78)   Post Evacuate Collection Set: 2.5ms
[2025-12-16T08:10:33.837+0000][383.139s][info ][gc,phases   ] GC(78)   Other: 0.6ms
[2025-12-16T08:10:33.837+0000][383.139s][info ][gc,heap     ] GC(78) Eden regions: 244->0(261)
[2025-12-16T08:10:33.837+0000][383.139s][info ][gc,heap     ] GC(78) Survivor regions: 8->6(32)
[2025-12-16T08:10:33.837+0000][383.139s][info ][gc,heap     ] GC(78) Old regions: 381->381
[2025-12-16T08:10:33.837+0000][383.139s][info ][gc,heap     ] GC(78) Archive regions: 2->2
[2025-12-16T08:10:33.837+0000][383.139s][info ][gc,heap     ] GC(78) Humongous regions: 13->13
[2025-12-16T08:10:33.837+0000][383.139s][info ][gc,metaspace] GC(78) Metaspace: 190509K(191872K)->190509K(191872K) NonClass: 167194K(167872K)->167194K(167872K) Class: 23315K(24000K)->23315K(24000K)
[2025-12-16T08:10:33.837+0000][383.139s][info ][gc          ] GC(78) Pause Young (Normal) (G1 Evacuation Pause) 646M->400M(827M) 15.595ms
[2025-12-16T08:10:33.837+0000][383.139s][info ][gc,cpu      ] GC(78) User=0.12s Sys=0.02s Real=0.02s
[2025-12-16T08:10:33.838+0000][383.140s][info ][safepoint   ] Safepoint "G1CollectForAllocation", Time since last: 4832098031 ns, Reaching safepoint: 160901 ns, Cleanup: 6542 ns, At safepoint: 17166766 ns, Total: 17334209 ns
[2025-12-16T08:10:40.840+0000][390.141s][debug][safepoint   ] Safepoint synchronization initiated using futex wait barrier. (248 threads)
[2025-12-16T08:10:40.840+0000][390.142s][info ][safepoint   ] Safepoint "Cleanup", Time since last: 7001265412 ns, Reaching safepoint: 102488 ns, Cleanup: 60677 ns, At safepoint: 5190 ns, Total: 168355 ns
[2025-12-16T08:10:43.840+0000][393.142s][debug][safepoint   ] Safepoint synchronization initiated using futex wait barrier. (248 threads)
[2025-12-16T08:10:43.840+0000][393.142s][info ][safepoint   ] Safepoint "Cleanup", Time since last: 3000548016 ns, Reaching safepoint: 111134 ns, Cleanup: 18626 ns, At safepoint: 5010 ns, Total: 134770 ns
[2025-12-16T08:10:57.843+0000][407.145s][debug][safepoint   ] Safepoint synchronization initiated using futex wait barrier. (250 threads)
[2025-12-16T08:10:57.843+0000][407.145s][info ][safepoint   ] Safepoint "Cleanup", Time since last: 14002633258 ns, Reaching safepoint: 157584 ns, Cleanup: 24287 ns, At safepoint: 3828 ns, Total: 185699 ns
[2025-12-16T08:11:12.022+0000][421.325s][debug][safepoint   ] Safepoint synchronization initiated using futex wait barrier. (249 threads)
[2025-12-16T08:11:12.022+0000][421.326s][info ][safepoint   ] Safepoint "Cleanup", Time since last: 14180378755 ns, Reaching safepoint: 80085 ns, Cleanup: 14679 ns, At safepoint: 2534 ns, Total: 97298 ns
[2025-12-16T08:11:52.027+0000][461.333s][debug][safepoint   ] Safepoint synchronization initiated using futex wait barrier. (248 threads)
[2025-12-16T08:11:52.027+0000][461.333s][info ][safepoint   ] Safepoint "Cleanup", Time since last: 40007634630 ns, Reaching safepoint: 93291 ns, Cleanup: 13837 ns, At safepoint: 3517 ns, Total: 110645 ns
[2025-12-16T08:11:53.027+0000][462.333s][debug][safepoint   ] Safepoint synchronization initiated using futex wait barrier. (248 threads)
[2025-12-16T08:11:53.027+0000][462.334s][info ][safepoint   ] Safepoint "Cleanup", Time since last: 1000148044 ns, Reaching safepoint: 102058 ns, Cleanup: 17815 ns, At safepoint: 4558 ns, Total: 124431 ns
[2025-12-16T08:11:58.028+0000][467.334s][debug][safepoint   ] Safepoint synchronization initiated using futex wait barrier. (246 threads)
[2025-12-16T08:11:58.028+0000][467.335s][info ][safepoint   ] Safepoint "Cleanup", Time since last: 5000762122 ns, Reaching safepoint: 123619 ns, Cleanup: 20840 ns, At safepoint: 5681 ns, Total: 150140 ns
[2025-12-16T08:11:59.029+0000][468.335s][debug][safepoint   ] Safepoint synchronization initiated using futex wait barrier. (246 threads)
[2025-12-16T08:11:59.029+0000][468.335s][info ][safepoint   ] Safepoint "Cleanup", Time since last: 1000192512 ns, Reaching safepoint: 85896 ns, Cleanup: 14478 ns, At safepoint: 3266 ns, Total: 103640 ns
[2025-12-16T08:12:11.029+0000][480.337s][debug][safepoint   ] Safepoint synchronization initiated using futex wait barrier. (247 threads)
[2025-12-16T08:12:11.029+0000][480.337s][info ][safepoint   ] Safepoint "Cleanup", Time since last: 12001722108 ns, Reaching safepoint: 148667 ns, Cleanup: 100434 ns, At safepoint: 53353 ns, Total: 302454 ns
[2025-12-16T08:12:22.054+0000][491.361s][debug][safepoint   ] Safepoint synchronization initiated using futex wait barrier. (248 threads)
[2025-12-16T08:12:22.054+0000][491.362s][info ][safepoint   ] Safepoint "Cleanup", Time since last: 11024626983 ns, Reaching safepoint: 215526 ns, Cleanup: 18165 ns, At safepoint: 5410 ns, Total: 239101 ns
[2025-12-16T08:12:59.057+0000][528.367s][debug][safepoint   ] Safepoint synchronization initiated using futex wait barrier. (247 threads)
[2025-12-16T08:12:59.057+0000][528.367s][info ][safepoint   ] Safepoint "Cleanup", Time since last: 37005602300 ns, Reaching safepoint: 146432 ns, Cleanup: 26611 ns, At safepoint: 4639 ns, Total: 177682 ns
[2025-12-16T08:13:00.058+0000][529.368s][debug][safepoint   ] Safepoint synchronization initiated using futex wait barrier. (249 threads)
[2025-12-16T08:13:00.058+0000][529.368s][info ][safepoint   ] Safepoint "Cleanup", Time since last: 1000195105 ns, Reaching safepoint: 134991 ns, Cleanup: 37422 ns, At safepoint: 4418 ns, Total: 176831 ns
[2025-12-16T08:13:29.088+0000][558.400s][debug][safepoint   ] Safepoint synchronization initiated using futex wait barrier. (250 threads)
[2025-12-16T08:13:29.088+0000][558.400s][info ][safepoint   ] Safepoint "Cleanup", Time since last: 29031888480 ns, Reaching safepoint: 82018 ns, Cleanup: 17584 ns, At safepoint: 3306 ns, Total: 102908 ns
[2025-12-16T08:13:36.087+0000][565.401s][debug][safepoint   ] Safepoint synchronization initiated using futex wait barrier. (250 threads)
[2025-12-16T08:13:36.087+0000][565.401s][info ][safepoint   ] Safepoint "Cleanup", Time since last: 7001051564 ns, Reaching safepoint: 152547 ns, Cleanup: 22903 ns, At safepoint: 5902 ns, Total: 181352 ns
[2025-12-16T08:13:37.087+0000][566.401s][debug][safepoint   ] Safepoint synchronization initiated using futex wait barrier. (251 threads)
[2025-12-16T08:13:37.088+0000][566.402s][info ][safepoint   ] Safepoint "Cleanup", Time since last: 1000242312 ns, Reaching safepoint: 505864 ns, Cleanup: 108765 ns, At safepoint: 71795 ns, Total: 686424 ns
[2025-12-16T08:13:37.814+0000][567.128s][debug][safepoint   ] Safepoint synchronization initiated using futex wait barrier. (252 threads)
[2025-12-16T08:13:37.814+0000][567.128s][info ][gc,start    ] GC(79) Pause Young (Normal) (G1 Evacuation Pause)
[2025-12-16T08:13:37.814+0000][567.128s][info ][gc,task     ] GC(79) Using 13 workers of 13 for evacuation
[2025-12-16T08:13:37.825+0000][567.139s][info ][gc,phases   ] GC(79)   Pre Evacuate Collection Set: 0.8ms
[2025-12-16T08:13:37.825+0000][567.139s][info ][gc,phases   ] GC(79)   Merge Heap Roots: 0.6ms
[2025-12-16T08:13:37.825+0000][567.139s][info ][gc,phases   ] GC(79)   Evacuate Collection Set: 7.1ms
[2025-12-16T08:13:37.825+0000][567.139s][info ][gc,phases   ] GC(79)   Post Evacuate Collection Set: 2.6ms
[2025-12-16T08:13:37.825+0000][567.139s][info ][gc,phases   ] GC(79)   Other: 0.3ms
[2025-12-16T08:13:37.825+0000][567.139s][info ][gc,heap     ] GC(79) Eden regions: 261->0(273)
[2025-12-16T08:13:37.825+0000][567.139s][info ][gc,heap     ] GC(79) Survivor regions: 6->7(34)
[2025-12-16T08:13:37.825+0000][567.139s][info ][gc,heap     ] GC(79) Old regions: 381->381
[2025-12-16T08:13:37.825+0000][567.139s][info ][gc,heap     ] GC(79) Archive regions: 2->2
[2025-12-16T08:13:37.825+0000][567.139s][info ][gc,heap     ] GC(79) Humongous regions: 13->13
[2025-12-16T08:13:37.825+0000][567.139s][info ][gc,metaspace] GC(79) Metaspace: 191280K(192640K)->191280K(192640K) NonClass: 167879K(168576K)->167879K(168576K) Class: 23401K(24064K)->23401K(24064K)
[2025-12-16T08:13:37.825+0000][567.140s][info ][gc          ] GC(79) Pause Young (Normal) (G1 Evacuation Pause) 661M->401M(827M) 11.527ms
[2025-12-16T08:13:37.826+0000][567.140s][info ][gc,cpu      ] GC(79) User=0.09s Sys=0.00s Real=0.01s
[2025-12-16T08:13:37.827+0000][567.141s][info ][safepoint   ] Safepoint "G1CollectForAllocation", Time since last: 725726973 ns, Reaching safepoint: 90130 ns, Cleanup: 70843 ns, At safepoint: 12748430 ns, Total: 12909403 ns
[2025-12-16T08:13:38.827+0000][568.141s][debug][safepoint   ] Safepoint synchronization initiated using futex wait barrier. (252 threads)
[2025-12-16T08:13:38.827+0000][568.141s][info ][safepoint   ] Safepoint "Cleanup", Time since last: 1000201908 ns, Reaching safepoint: 122320 ns, Cleanup: 70573 ns, At safepoint: 5130 ns, Total: 198023 ns
[2025-12-16T08:13:48.829+0000][578.143s][debug][safepoint   ] Safepoint synchronization initiated using futex wait barrier. (252 threads)
[2025-12-16T08:13:48.829+0000][578.143s][info ][safepoint   ] Safepoint "Cleanup", Time since last: 10002127072 ns, Reaching safepoint: 147275 ns, Cleanup: 54335 ns, At safepoint: 4439 ns, Total: 206049 ns
[2025-12-16T08:13:58.831+0000][588.145s][debug][safepoint   ] Safepoint synchronization initiated using futex wait barrier. (252 threads)
[2025-12-16T08:13:58.831+0000][588.145s][info ][safepoint   ] Safepoint "Cleanup", Time since last: 10001313329 ns, Reaching safepoint: 102848 ns, Cleanup: 24136 ns, At safepoint: 4609 ns, Total: 131593 ns
[2025-12-16T08:14:00.831+0000][590.145s][debug][safepoint   ] Safepoint synchronization initiated using futex wait barrier. (252 threads)
[2025-12-16T08:14:00.832+0000][590.146s][info ][safepoint   ] Safepoint "Cleanup", Time since last: 2000458938 ns, Reaching safepoint: 226145 ns, Cleanup: 176761 ns, At safepoint: 13055 ns, Total: 415961 ns
[2025-12-16T08:14:22.114+0000][611.431s][debug][safepoint   ] Safepoint synchronization initiated using futex wait barrier. (253 threads)
[2025-12-16T08:14:22.114+0000][611.431s][info ][safepoint   ] Safepoint "Cleanup", Time since last: 21285129604 ns, Reaching safepoint: 344394 ns, Cleanup: 22844 ns, At safepoint: 5381 ns, Total: 372619 ns
[2025-12-16T08:15:02.117+0000][651.437s][debug][safepoint   ] Safepoint synchronization initiated using futex wait barrier. (250 threads)
[2025-12-16T08:15:02.117+0000][651.437s][info ][safepoint   ] Safepoint "Cleanup", Time since last: 40005588131 ns, Reaching safepoint: 253478 ns, Cleanup: 29847 ns, At safepoint: 26832 ns, Total: 310157 ns
[2025-12-16T08:15:22.151+0000][671.472s][debug][safepoint   ] Safepoint synchronization initiated using futex wait barrier. (250 threads)
[2025-12-16T08:15:22.152+0000][671.472s][info ][safepoint   ] Safepoint "Cleanup", Time since last: 20034560129 ns, Reaching safepoint: 117908 ns, Cleanup: 22604 ns, At safepoint: 5440 ns, Total: 145952 ns
[2025-12-16T08:15:29.153+0000][678.473s][debug][safepoint   ] Safepoint synchronization initiated using futex wait barrier. (250 threads)
[2025-12-16T08:15:29.153+0000][678.473s][info ][safepoint   ] Safepoint "Cleanup", Time since last: 7000988667 ns, Reaching safepoint: 153867 ns, Cleanup: 25749 ns, At safepoint: 5441 ns, Total: 185057 ns
[2025-12-16T08:16:03.153+0000][712.477s][debug][safepoint   ] Safepoint synchronization initiated using futex wait barrier. (252 threads)
[2025-12-16T08:16:03.153+0000][712.477s][info ][safepoint   ] Safepoint "Cleanup", Time since last: 34004167443 ns, Reaching safepoint: 145681 ns, Cleanup: 21511 ns, At safepoint: 5100 ns, Total: 172292 ns
[2025-12-16T08:16:22.155+0000][731.480s][debug][safepoint   ] Safepoint synchronization initiated using futex wait barrier. (253 threads)
[2025-12-16T08:16:22.156+0000][731.480s][info ][safepoint   ] Safepoint "Cleanup", Time since last: 19002517644 ns, Reaching safepoint: 89893 ns, Cleanup: 15540 ns, At safepoint: 3838 ns, Total: 109271 ns
[2025-12-16T08:16:26.156+0000][735.480s][debug][safepoint   ] Safepoint synchronization initiated using futex wait barrier. (252 threads)
[2025-12-16T08:16:26.156+0000][735.481s][info ][safepoint   ] Safepoint "Cleanup", Time since last: 4000527959 ns, Reaching safepoint: 85445 ns, Cleanup: 13536 ns, At safepoint: 2565 ns, Total: 101546 ns
[2025-12-16T08:16:49.158+0000][758.484s][debug][safepoint   ] Safepoint synchronization initiated using futex wait barrier. (252 threads)
[2025-12-16T08:16:49.158+0000][758.484s][info ][safepoint   ] Safepoint "Cleanup", Time since last: 23003561669 ns, Reaching safepoint: 203543 ns, Cleanup: 30498 ns, At safepoint: 8206 ns, Total: 242247 ns
[2025-12-16T08:17:04.158+0000][773.487s][debug][safepoint   ] Safepoint synchronization initiated using futex wait barrier. (251 threads)
[2025-12-16T08:17:04.159+0000][773.487s][info ][safepoint   ] Safepoint "Cleanup", Time since last: 15002332900 ns, Reaching safepoint: 72249 ns, Cleanup: 13075 ns, At safepoint: 2665 ns, Total: 87989 ns
[2025-12-16T08:17:09.159+0000][778.487s][debug][safepoint   ] Safepoint synchronization initiated using futex wait barrier. (251 threads)
[2025-12-16T08:17:09.159+0000][778.488s][info ][safepoint   ] Safepoint "Cleanup", Time since last: 5000629885 ns, Reaching safepoint: 77389 ns, Cleanup: 12244 ns, At safepoint: 3717 ns, Total: 93350 ns
[2025-12-16T08:17:22.213+0000][791.541s][debug][safepoint   ] Safepoint synchronization initiated using futex wait barrier. (251 threads)
[2025-12-16T08:17:22.213+0000][791.542s][info ][safepoint   ] Safepoint "Cleanup", Time since last: 13053860721 ns, Reaching safepoint: 273137 ns, Cleanup: 39977 ns, At safepoint: 6282 ns, Total: 319396 ns
[2025-12-16T08:17:22.880+0000][792.208s][debug][safepoint   ] Safepoint synchronization initiated using futex wait barrier. (251 threads)
[2025-12-16T08:17:22.880+0000][792.208s][info ][gc,start    ] GC(80) Pause Young (Normal) (G1 Evacuation Pause)
[2025-12-16T08:17:22.880+0000][792.208s][info ][gc,task     ] GC(80) Using 13 workers of 13 for evacuation
[2025-12-16T08:17:22.903+0000][792.232s][info ][gc,phases   ] GC(80)   Pre Evacuate Collection Set: 1.3ms
[2025-12-16T08:17:22.903+0000][792.232s][info ][gc,phases   ] GC(80)   Merge Heap Roots: 1.3ms
[2025-12-16T08:17:22.903+0000][792.232s][info ][gc,phases   ] GC(80)   Evacuate Collection Set: 16.4ms
[2025-12-16T08:17:22.903+0000][792.232s][info ][gc,phases   ] GC(80)   Post Evacuate Collection Set: 4.1ms
[2025-12-16T08:17:22.903+0000][792.232s][info ][gc,phases   ] GC(80)   Other: 0.5ms
[2025-12-16T08:17:22.904+0000][792.232s][info ][gc,heap     ] GC(80) Eden regions: 273->0(285)
[2025-12-16T08:17:22.904+0000][792.232s][info ][gc,heap     ] GC(80) Survivor regions: 7->7(35)
[2025-12-16T08:17:22.904+0000][792.232s][info ][gc,heap     ] GC(80) Old regions: 381->381
[2025-12-16T08:17:22.904+0000][792.232s][info ][gc,heap     ] GC(80) Archive regions: 2->2
[2025-12-16T08:17:22.904+0000][792.232s][info ][gc,heap     ] GC(80) Humongous regions: 13->13
[2025-12-16T08:17:22.904+0000][792.232s][info ][gc,metaspace] GC(80) Metaspace: 191511K(192896K)->191511K(192896K) NonClass: 168094K(168832K)->168094K(168832K) Class: 23417K(24064K)->23417K(24064K)
[2025-12-16T08:17:22.904+0000][792.232s][info ][gc          ] GC(80) Pause Young (Normal) (G1 Evacuation Pause) 674M->401M(827M) 23.686ms
[2025-12-16T08:17:22.904+0000][792.232s][info ][gc,cpu      ] GC(80) User=0.18s Sys=0.01s Real=0.02s
[2025-12-16T08:17:22.905+0000][792.233s][info ][safepoint   ] Safepoint "G1CollectForAllocation", Time since last: 666234228 ns, Reaching safepoint: 88411 ns, Cleanup: 6011 ns, At safepoint: 25401264 ns, Total: 25495686 ns
[2025-12-16T08:17:48.908+0000][818.238s][debug][safepoint   ] Safepoint synchronization initiated using futex wait barrier. (251 threads)
[2025-12-16T08:17:48.908+0000][818.238s][info ][safepoint   ] Safepoint "Cleanup", Time since last: 26004527033 ns, Reaching safepoint: 232318 ns, Cleanup: 60356 ns, At safepoint: 11091 ns, Total: 303765 ns
[2025-12-16T08:17:58.909+0000][828.240s][debug][safepoint   ] Safepoint synchronization initiated using futex wait barrier. (251 threads)
[2025-12-16T08:17:58.910+0000][828.240s][info ][safepoint   ] Safepoint "Cleanup", Time since last: 10001522741 ns, Reaching safepoint: 152233 ns, Cleanup: 27052 ns, At safepoint: 5170 ns, Total: 184455 ns
[2025-12-16T08:18:04.909+0000][834.241s][debug][safepoint   ] Safepoint synchronization initiated using futex wait barrier. (251 threads)
[2025-12-16T08:18:04.909+0000][834.241s][info ][safepoint   ] Safepoint "Cleanup", Time since last: 6000884196 ns, Reaching safepoint: 85214 ns, Cleanup: 15230 ns, At safepoint: 3997 ns, Total: 104441 ns
[2025-12-16T08:18:19.244+0000][848.576s][debug][safepoint   ] Safepoint synchronization initiated using futex wait barrier. (251 threads)
[2025-12-16T08:18:19.244+0000][848.576s][info ][safepoint   ] Safepoint "Cleanup", Time since last: 14335097689 ns, Reaching safepoint: 126243 ns, Cleanup: 24909 ns, At safepoint: 4709 ns, Total: 155861 ns
[2025-12-16T08:18:29.246+0000][858.578s][debug][safepoint   ] Safepoint synchronization initiated using futex wait barrier. (251 threads)
[2025-12-16T08:18:29.246+0000][858.578s][info ][safepoint   ] Safepoint "Cleanup", Time since last: 10001525995 ns, Reaching safepoint: 94251 ns, Cleanup: 19588 ns, At safepoint: 3577 ns, Total: 117416 ns
[2025-12-16T08:18:39.245+0000][868.580s][debug][safepoint   ] Safepoint synchronization initiated using futex wait barrier. (251 threads)
[2025-12-16T08:18:39.245+0000][868.580s][info ][safepoint   ] Safepoint "Cleanup", Time since last: 10001671442 ns, Reaching safepoint: 206538 ns, Cleanup: 23936 ns, At safepoint: 6603 ns, Total: 237077 ns
[2025-12-16T08:18:49.247+0000][878.581s][debug][safepoint   ] Safepoint synchronization initiated using futex wait barrier. (251 threads)
[2025-12-16T08:18:49.247+0000][878.582s][info ][safepoint   ] Safepoint "Cleanup", Time since last: 10001710235 ns, Reaching safepoint: 110864 ns, Cleanup: 17503 ns, At safepoint: 4930 ns, Total: 133297 ns
[2025-12-16T08:20:06.285+0000][955.625s][debug][safepoint   ] Safepoint synchronization initiated using futex wait barrier. (251 threads)
[2025-12-16T08:20:06.285+0000][955.625s][info ][safepoint   ] Safepoint "Cleanup", Time since last: 77043553693 ns, Reaching safepoint: 121745 ns, Cleanup: 26832 ns, At safepoint: 4027 ns, Total: 152604 ns
[2025-12-16T08:20:22.314+0000][971.654s][debug][safepoint   ] Safepoint synchronization initiated using futex wait barrier. (251 threads)
[2025-12-16T08:20:22.314+0000][971.654s][info ][safepoint   ] Safepoint "Cleanup", Time since last: 16028850297 ns, Reaching safepoint: 114451 ns, Cleanup: 19217 ns, At safepoint: 6693 ns, Total: 140361 ns
[2025-12-16T08:21:07.316+0000][1016.661s][debug][safepoint   ] Safepoint synchronization initiated using futex wait barrier. (251 threads)
[2025-12-16T08:21:07.316+0000][1016.661s][info ][safepoint   ] Safepoint "Cleanup", Time since last: 45006303622 ns, Reaching safepoint: 147834 ns, Cleanup: 25449 ns, At safepoint: 3537 ns, Total: 176820 ns
[2025-12-16T08:21:22.347+0000][1031.691s][debug][safepoint   ] Safepoint synchronization initiated using futex wait barrier. (251 threads)
[2025-12-16T08:21:22.348+0000][1031.692s][info ][safepoint   ] Safepoint "Cleanup", Time since last: 15030203573 ns, Reaching safepoint: 989447 ns, Cleanup: 28676 ns, At safepoint: 209604 ns, Total: 1227727 ns
[2025-12-16T08:21:22.599+0000][1031.944s][debug][safepoint   ] Safepoint synchronization initiated using futex wait barrier. (251 threads)
[2025-12-16T08:21:22.601+0000][1031.945s][info ][gc,start    ] GC(81) Pause Young (Normal) (G1 Evacuation Pause)
[2025-12-16T08:21:22.601+0000][1031.945s][info ][gc,task     ] GC(81) Using 13 workers of 13 for evacuation
[2025-12-16T08:21:22.628+0000][1031.972s][info ][gc,phases   ] GC(81)   Pre Evacuate Collection Set: 1.3ms
[2025-12-16T08:21:22.628+0000][1031.972s][info ][gc,phases   ] GC(81)   Merge Heap Roots: 0.4ms
[2025-12-16T08:21:22.628+0000][1031.972s][info ][gc,phases   ] GC(81)   Evacuate Collection Set: 20.0ms
[2025-12-16T08:21:22.628+0000][1031.972s][info ][gc,phases   ] GC(81)   Post Evacuate Collection Set: 5.1ms
[2025-12-16T08:21:22.628+0000][1031.972s][info ][gc,phases   ] GC(81)   Other: 0.6ms
[2025-12-16T08:21:22.628+0000][1031.972s][info ][gc,heap     ] GC(81) Eden regions: 285->0(295)
[2025-12-16T08:21:22.628+0000][1031.972s][info ][gc,heap     ] GC(81) Survivor regions: 7->7(37)
[2025-12-16T08:21:22.628+0000][1031.972s][info ][gc,heap     ] GC(81) Old regions: 381->381
[2025-12-16T08:21:22.628+0000][1031.972s][info ][gc,heap     ] GC(81) Archive regions: 2->2
[2025-12-16T08:21:22.628+0000][1031.972s][info ][gc,heap     ] GC(81) Humongous regions: 13->13
[2025-12-16T08:21:22.628+0000][1031.972s][info ][gc,metaspace] GC(81) Metaspace: 191648K(193088K)->191648K(193088K) NonClass: 168227K(168960K)->168227K(168960K) Class: 23420K(24128K)->23420K(24128K)
[2025-12-16T08:21:22.628+0000][1031.972s][info ][gc          ] GC(81) Pause Young (Normal) (G1 Evacuation Pause) 686M->401M(827M) 27.519ms
[2025-12-16T08:21:22.628+0000][1031.973s][info ][gc,cpu      ] GC(81) User=0.29s Sys=0.01s Real=0.03s
[2025-12-16T08:21:22.629+0000][1031.974s][info ][safepoint   ] Safepoint "G1CollectForAllocation", Time since last: 251507242 ns, Reaching safepoint: 1023714 ns, Cleanup: 10691 ns, At safepoint: 29063135 ns, Total: 30097540 ns
[2025-12-16T08:22:08.633+0000][1077.981s][debug][safepoint   ] Safepoint synchronization initiated using futex wait barrier. (252 threads)
[2025-12-16T08:22:08.634+0000][1077.982s][info ][safepoint   ] Safepoint "Cleanup", Time since last: 46007591544 ns, Reaching safepoint: 150059 ns, Cleanup: 15740 ns, At safepoint: 4479 ns, Total: 170278 ns
[2025-12-16T08:22:22.377+0000][1091.725s][debug][safepoint   ] Safepoint synchronization initiated using futex wait barrier. (252 threads)
[2025-12-16T08:22:22.377+0000][1091.725s][info ][safepoint   ] Safepoint "Cleanup", Time since last: 13743710365 ns, Reaching safepoint: 145501 ns, Cleanup: 34837 ns, At safepoint: 4919 ns, Total: 185257 ns
[2025-12-16T08:23:09.380+0000][1138.732s][debug][safepoint   ] Safepoint synchronization initiated using futex wait barrier. (251 threads)
[2025-12-16T08:23:09.380+0000][1138.732s][info ][safepoint   ] Safepoint "Cleanup", Time since last: 47006612012 ns, Reaching safepoint: 181840 ns, Cleanup: 22032 ns, At safepoint: 6052 ns, Total: 209924 ns
[2025-12-16T08:24:10.413+0000][1199.769s][debug][safepoint   ] Safepoint synchronization initiated using futex wait barrier. (251 threads)
[2025-12-16T08:24:10.413+0000][1199.769s][info ][safepoint   ] Safepoint "Cleanup", Time since last: 61036760575 ns, Reaching safepoint: 119971 ns, Cleanup: 16271 ns, At safepoint: 3026 ns, Total: 139268 ns
[2025-12-16T08:24:11.453+0000][1200.809s][debug][safepoint   ] ... found polling page loop exception at pc = 0x000070e911fe34f6, stub =0x000070e910a04400
[2025-12-16T08:24:15.455+0000][1204.811s][debug][safepoint   ] Safepoint synchronization initiated using futex wait barrier. (251 threads)
[2025-12-16T08:24:15.455+0000][1204.811s][info ][safepoint   ] Safepoint "Cleanup", Time since last: 5041329101 ns, Reaching safepoint: 253658 ns, Cleanup: 30188 ns, At safepoint: 6884 ns, Total: 290730 ns
[2025-12-16T08:25:31.049+0000][1280.409s][debug][safepoint   ] Safepoint synchronization initiated using futex wait barrier. (251 threads)
[2025-12-16T08:25:31.050+0000][1280.410s][info ][gc,start    ] GC(82) Pause Young (Normal) (G1 Evacuation Pause)
[2025-12-16T08:25:31.050+0000][1280.410s][info ][gc,task     ] GC(82) Using 13 workers of 13 for evacuation
[2025-12-16T08:25:31.066+0000][1280.427s][info ][gc,phases   ] GC(82)   Pre Evacuate Collection Set: 1.1ms
[2025-12-16T08:25:31.066+0000][1280.427s][info ][gc,phases   ] GC(82)   Merge Heap Roots: 0.5ms
[2025-12-16T08:25:31.066+0000][1280.427s][info ][gc,phases   ] GC(82)   Evacuate Collection Set: 11.2ms
[2025-12-16T08:25:31.066+0000][1280.427s][info ][gc,phases   ] GC(82)   Post Evacuate Collection Set: 3.7ms
[2025-12-16T08:25:31.066+0000][1280.427s][info ][gc,phases   ] GC(82)   Other: 0.5ms
[2025-12-16T08:25:31.066+0000][1280.427s][info ][gc,heap     ] GC(82) Eden regions: 295->0(303)
[2025-12-16T08:25:31.066+0000][1280.427s][info ][gc,heap     ] GC(82) Survivor regions: 7->7(38)
[2025-12-16T08:25:31.066+0000][1280.427s][info ][gc,heap     ] GC(82) Old regions: 381->381
[2025-12-16T08:25:31.066+0000][1280.427s][info ][gc,heap     ] GC(82) Archive regions: 2->2
[2025-12-16T08:25:31.066+0000][1280.427s][info ][gc,heap     ] GC(82) Humongous regions: 13->13
[2025-12-16T08:25:31.066+0000][1280.427s][info ][gc,metaspace] GC(82) Metaspace: 191678K(193088K)->191678K(193088K) NonClass: 168257K(168960K)->168257K(168960K) Class: 23420K(24128K)->23420K(24128K)
[2025-12-16T08:25:31.067+0000][1280.427s][info ][gc          ] GC(82) Pause Young (Normal) (G1 Evacuation Pause) 696M->401M(827M) 16.911ms
[2025-12-16T08:25:31.067+0000][1280.427s][info ][gc,cpu      ] GC(82) User=0.16s Sys=0.01s Real=0.02s
[2025-12-16T08:25:31.067+0000][1280.427s][info ][safepoint   ] Safepoint "G1CollectForAllocation", Time since last: 75598560797 ns, Reaching safepoint: 342599 ns, Cleanup: 8276 ns, At safepoint: 17719585 ns, Total: 18070460 ns
[2025-12-16T08:26:47.072+0000][1356.438s][debug][safepoint   ] Safepoint synchronization initiated using futex wait barrier. (251 threads)
[2025-12-16T08:26:47.073+0000][1356.438s][info ][safepoint   ] Safepoint "Cleanup", Time since last: 76010403403 ns, Reaching safepoint: 357599 ns, Cleanup: 44586 ns, At safepoint: 5921 ns, Total: 408106 ns
[2025-12-16T08:27:22.076+0000][1391.444s][debug][safepoint   ] Safepoint synchronization initiated using futex wait barrier. (251 threads)
[2025-12-16T08:27:22.076+0000][1391.444s][info ][safepoint   ] Safepoint "Cleanup", Time since last: 35005545386 ns, Reaching safepoint: 105984 ns, Cleanup: 17725 ns, At safepoint: 3697 ns, Total: 127406 ns
[2025-12-16T08:27:59.078+0000][1428.449s][debug][safepoint   ] Safepoint synchronization initiated using futex wait barrier. (251 threads)
[2025-12-16T08:27:59.078+0000][1428.449s][info ][safepoint   ] Safepoint "Cleanup", Time since last: 37004564599 ns, Reaching safepoint: 167973 ns, Cleanup: 16502 ns, At safepoint: 3958 ns, Total: 188433 ns
[2025-12-16T08:28:15.079+0000][1444.451s][debug][safepoint   ] Safepoint synchronization initiated using futex wait barrier. (252 threads)
[2025-12-16T08:28:15.079+0000][1444.451s][info ][safepoint   ] Safepoint "Cleanup", Time since last: 16002085040 ns, Reaching safepoint: 98700 ns, Cleanup: 14047 ns, At safepoint: 3998 ns, Total: 116745 ns
[2025-12-16T08:28:22.080+0000][1451.452s][debug][safepoint   ] Safepoint synchronization initiated using futex wait barrier. (252 threads)
[2025-12-16T08:28:22.080+0000][1451.452s][info ][safepoint   ] Safepoint "Cleanup", Time since last: 7000772853 ns, Reaching safepoint: 86787 ns, Cleanup: 17955 ns, At safepoint: 3797 ns, Total: 108539 ns
[2025-12-16T08:28:56.083+0000][1485.456s][debug][safepoint   ] Safepoint synchronization initiated using futex wait barrier. (252 threads)
[2025-12-16T08:28:56.083+0000][1485.457s][info ][safepoint   ] Safepoint "Cleanup", Time since last: 34004715859 ns, Reaching safepoint: 159427 ns, Cleanup: 15861 ns, At safepoint: 4588 ns, Total: 179876 ns
[2025-12-16T08:29:15.615+0000][1504.991s][debug][safepoint   ] Safepoint synchronization initiated using futex wait barrier. (251 threads)
[2025-12-16T08:29:15.616+0000][1504.991s][info ][safepoint   ] Safepoint "Cleanup", Time since last: 19534173245 ns, Reaching safepoint: 154668 ns, Cleanup: 26962 ns, At safepoint: 5170 ns, Total: 186800 ns
[2025-12-16T08:29:46.060+0000][1535.437s][debug][safepoint   ] Safepoint synchronization initiated using futex wait barrier. (251 threads)
[2025-12-16T08:29:46.060+0000][1535.437s][info ][gc,start    ] GC(83) Pause Young (Normal) (G1 Evacuation Pause)
[2025-12-16T08:29:46.060+0000][1535.437s][info ][gc,task     ] GC(83) Using 13 workers of 13 for evacuation
[2025-12-16T08:29:46.075+0000][1535.453s][info ][gc,phases   ] GC(83)   Pre Evacuate Collection Set: 0.8ms
[2025-12-16T08:29:46.075+0000][1535.453s][info ][gc,phases   ] GC(83)   Merge Heap Roots: 0.5ms
[2025-12-16T08:29:46.075+0000][1535.453s][info ][gc,phases   ] GC(83)   Evacuate Collection Set: 9.6ms
[2025-12-16T08:29:46.075+0000][1535.453s][info ][gc,phases   ] GC(83)   Post Evacuate Collection Set: 3.8ms
[2025-12-16T08:29:46.075+0000][1535.453s][info ][gc,phases   ] GC(83)   Other: 0.6ms
[2025-12-16T08:29:46.075+0000][1535.453s][info ][gc,heap     ] GC(83) Eden regions: 303->0(310)
[2025-12-16T08:29:46.075+0000][1535.453s][info ][gc,heap     ] GC(83) Survivor regions: 7->7(39)
[2025-12-16T08:29:46.075+0000][1535.453s][info ][gc,heap     ] GC(83) Old regions: 381->381
[2025-12-16T08:29:46.075+0000][1535.453s][info ][gc,heap     ] GC(83) Archive regions: 2->2
[2025-12-16T08:29:46.075+0000][1535.453s][info ][gc,heap     ] GC(83) Humongous regions: 13->13
[2025-12-16T08:29:46.075+0000][1535.453s][info ][gc,metaspace] GC(83) Metaspace: 191739K(193152K)->191739K(193152K) NonClass: 168317K(169024K)->168317K(169024K) Class: 23422K(24128K)->23422K(24128K)
[2025-12-16T08:29:46.075+0000][1535.453s][info ][gc          ] GC(83) Pause Young (Normal) (G1 Evacuation Pause) 704M->401M(827M) 15.459ms
[2025-12-16T08:29:46.076+0000][1535.453s][info ][gc,cpu      ] GC(83) User=0.13s Sys=0.00s Real=0.02s
[2025-12-16T08:29:46.076+0000][1535.453s][info ][safepoint   ] Safepoint "G1CollectForAllocation", Time since last: 30445995214 ns, Reaching safepoint: 189906 ns, Cleanup: 12133 ns, At safepoint: 16205041 ns, Total: 16407080 ns
[2025-12-16T08:29:49.076+0000][1538.454s][debug][safepoint   ] Safepoint synchronization initiated using futex wait barrier. (251 threads)
[2025-12-16T08:29:49.077+0000][1538.454s][info ][safepoint   ] Safepoint "Cleanup", Time since last: 3000442752 ns, Reaching safepoint: 77489 ns, Cleanup: 18786 ns, At safepoint: 3567 ns, Total: 99842 ns
[2025-12-16T08:30:16.649+0000][1566.028s][debug][safepoint   ] Safepoint synchronization initiated using futex wait barrier. (251 threads)
[2025-12-16T08:30:16.649+0000][1566.028s][info ][safepoint   ] Safepoint "Cleanup", Time since last: 27574071244 ns, Reaching safepoint: 87960 ns, Cleanup: 16010 ns, At safepoint: 3377 ns, Total: 107347 ns
[2025-12-16T08:30:17.649+0000][1567.028s][debug][safepoint   ] Safepoint synchronization initiated using futex wait barrier. (251 threads)
[2025-12-16T08:30:17.649+0000][1567.029s][info ][safepoint   ] Safepoint "Cleanup", Time since last: 1000236819 ns, Reaching safepoint: 136392 ns, Cleanup: 23957 ns, At safepoint: 5109 ns, Total: 165458 ns
[2025-12-16T08:30:21.650+0000][1571.030s][debug][safepoint   ] Safepoint synchronization initiated using futex wait barrier. (251 threads)
[2025-12-16T08:30:21.650+0000][1571.030s][info ][safepoint   ] Safepoint "Cleanup", Time since last: 4001110928 ns, Reaching safepoint: 156230 ns, Cleanup: 30419 ns, At safepoint: 5340 ns, Total: 191989 ns
[2025-12-16T08:31:21.687+0000][1631.070s][debug][safepoint   ] Safepoint synchronization initiated using futex wait barrier. (250 threads)
[2025-12-16T08:31:21.687+0000][1631.070s][info ][safepoint   ] Safepoint "Cleanup", Time since last: 60039758477 ns, Reaching safepoint: 231997 ns, Cleanup: 38374 ns, At safepoint: 6743 ns, Total: 277114 ns
[2025-12-16T08:32:17.719+0000][1687.106s][debug][safepoint   ] Safepoint synchronization initiated using futex wait barrier. (249 threads)
[2025-12-16T08:32:17.719+0000][1687.106s][info ][safepoint   ] Safepoint "Cleanup", Time since last: 56036006367 ns, Reaching safepoint: 175026 ns, Cleanup: 85625 ns, At safepoint: 8045 ns, Total: 268696 ns
[2025-12-16T08:32:18.720+0000][1688.106s][debug][safepoint   ] Safepoint synchronization initiated using futex wait barrier. (251 threads)
[2025-12-16T08:32:18.720+0000][1688.107s][info ][safepoint   ] Safepoint "Cleanup", Time since last: 1000185005 ns, Reaching safepoint: 138867 ns, Cleanup: 30408 ns, At safepoint: 3908 ns, Total: 173183 ns
[2025-12-16T08:33:21.787+0000][1751.177s][debug][safepoint   ] Safepoint synchronization initiated using futex wait barrier. (251 threads)
[2025-12-16T08:33:21.787+0000][1751.177s][info ][safepoint   ] Safepoint "Cleanup", Time since last: 63070680305 ns, Reaching safepoint: 114480 ns, Cleanup: 18646 ns, At safepoint: 3296 ns, Total: 136422 ns
[2025-12-16T08:33:42.788+0000][1772.180s][debug][safepoint   ] Safepoint synchronization initiated using futex wait barrier. (253 threads)
[2025-12-16T08:33:42.788+0000][1772.180s][info ][safepoint   ] Safepoint "Cleanup", Time since last: 21002596272 ns, Reaching safepoint: 144437 ns, Cleanup: 47080 ns, At safepoint: 4860 ns, Total: 196377 ns
[2025-12-16T08:33:50.790+0000][1780.182s][debug][safepoint   ] Safepoint synchronization initiated using futex wait barrier. (253 threads)
[2025-12-16T08:33:50.790+0000][1780.182s][info ][safepoint   ] Safepoint "Cleanup", Time since last: 8001685760 ns, Reaching safepoint: 242130 ns, Cleanup: 11933 ns, At safepoint: 54906 ns, Total: 308969 ns
[2025-12-16T08:34:06.656+0000][1796.050s][debug][safepoint   ] Safepoint synchronization initiated using futex wait barrier. (253 threads)
[2025-12-16T08:34:06.656+0000][1796.050s][info ][gc,start    ] GC(84) Pause Young (Normal) (G1 Evacuation Pause)
[2025-12-16T08:34:06.656+0000][1796.050s][info ][gc,task     ] GC(84) Using 13 workers of 13 for evacuation
[2025-12-16T08:34:06.673+0000][1796.067s][info ][gc,phases   ] GC(84)   Pre Evacuate Collection Set: 0.6ms
[2025-12-16T08:34:06.674+0000][1796.067s][info ][gc,phases   ] GC(84)   Merge Heap Roots: 0.3ms
[2025-12-16T08:34:06.674+0000][1796.067s][info ][gc,phases   ] GC(84)   Evacuate Collection Set: 13.7ms
[2025-12-16T08:34:06.674+0000][1796.067s][info ][gc,phases   ] GC(84)   Post Evacuate Collection Set: 2.6ms
[2025-12-16T08:34:06.674+0000][1796.067s][info ][gc,phases   ] GC(84)   Other: 0.3ms
[2025-12-16T08:34:06.674+0000][1796.067s][info ][gc,heap     ] GC(84) Eden regions: 310->0(315)
[2025-12-16T08:34:06.674+0000][1796.067s][info ][gc,heap     ] GC(84) Survivor regions: 7->7(40)
[2025-12-16T08:34:06.674+0000][1796.067s][info ][gc,heap     ] GC(84) Old regions: 381->381
[2025-12-16T08:34:06.674+0000][1796.067s][info ][gc,heap     ] GC(84) Archive regions: 2->2
[2025-12-16T08:34:06.674+0000][1796.067s][info ][gc,heap     ] GC(84) Humongous regions: 13->13
[2025-12-16T08:34:06.674+0000][1796.067s][info ][gc,metaspace] GC(84) Metaspace: 191804K(193216K)->191804K(193216K) NonClass: 168381K(169088K)->168381K(169088K) Class: 23422K(24128K)->23422K(24128K)
[2025-12-16T08:34:06.674+0000][1796.067s][info ][gc          ] GC(84) Pause Young (Normal) (G1 Evacuation Pause) 711M->401M(827M) 17.707ms
[2025-12-16T08:34:06.674+0000][1796.068s][info ][gc,cpu      ] GC(84) User=0.18s Sys=0.00s Real=0.02s
[2025-12-16T08:34:06.676+0000][1796.070s][info ][safepoint   ] Safepoint "G1CollectForAllocation", Time since last: 15867428349 ns, Reaching safepoint: 96466 ns, Cleanup: 5671 ns, At safepoint: 19862658 ns, Total: 19964795 ns
[2025-12-16T08:34:20.822+0000][1810.216s][debug][safepoint   ] Safepoint synchronization initiated using futex wait barrier. (253 threads)
[2025-12-16T08:34:20.822+0000][1810.216s][info ][safepoint   ] Safepoint "Cleanup", Time since last: 14146499920 ns, Reaching safepoint: 73300 ns, Cleanup: 23365 ns, At safepoint: 3116 ns, Total: 99781 ns
[2025-12-16T08:34:21.822+0000][1811.216s][debug][safepoint   ] Safepoint synchronization initiated using futex wait barrier. (253 threads)
[2025-12-16T08:34:21.823+0000][1811.216s][info ][safepoint   ] Safepoint "Cleanup", Time since last: 1000126044 ns, Reaching safepoint: 73431 ns, Cleanup: 15690 ns, At safepoint: 3356 ns, Total: 92477 ns
[2025-12-16T08:35:21.849+0000][1871.246s][debug][safepoint   ] Safepoint synchronization initiated using futex wait barrier. (250 threads)
[2025-12-16T08:35:21.849+0000][1871.247s][info ][safepoint   ] Safepoint "Cleanup", Time since last: 60030113225 ns, Reaching safepoint: 105563 ns, Cleanup: 16953 ns, At safepoint: 3707 ns, Total: 126223 ns
[2025-12-16T08:35:48.851+0000][1898.250s][debug][safepoint   ] Safepoint synchronization initiated using futex wait barrier. (250 threads)
[2025-12-16T08:35:48.851+0000][1898.250s][info ][safepoint   ] Safepoint "Cleanup", Time since last: 27003579044 ns, Reaching safepoint: 272954 ns, Cleanup: 29607 ns, At safepoint: 8687 ns, Total: 311248 ns
[2025-12-16T08:35:49.851+0000][1899.251s][debug][safepoint   ] Safepoint synchronization initiated using futex wait barrier. (250 threads)
[2025-12-16T08:35:49.852+0000][1899.251s][info ][safepoint   ] Safepoint "Cleanup", Time since last: 1000216014 ns, Reaching safepoint: 164005 ns, Cleanup: 26591 ns, At safepoint: 5190 ns, Total: 195786 ns
[2025-12-16T08:35:51.852+0000][1901.251s][debug][safepoint   ] Safepoint synchronization initiated using futex wait barrier. (250 threads)
[2025-12-16T08:35:51.852+0000][1901.251s][info ][safepoint   ] Safepoint "Cleanup", Time since last: 2000302179 ns, Reaching safepoint: 126343 ns, Cleanup: 23645 ns, At safepoint: 4699 ns, Total: 154687 ns
[2025-12-16T08:36:43.883+0000][1953.286s][debug][safepoint   ] Safepoint synchronization initiated using futex wait barrier. (250 threads)
[2025-12-16T08:36:43.884+0000][1953.287s][info ][safepoint   ] Safepoint "Cleanup", Time since last: 52035148985 ns, Reaching safepoint: 218750 ns, Cleanup: 39066 ns, At safepoint: 4658 ns, Total: 262474 ns
[2025-12-16T08:37:21.923+0000][1991.328s][debug][safepoint   ] Safepoint synchronization initiated using futex wait barrier. (250 threads)
[2025-12-16T08:37:21.923+0000][1991.328s][info ][safepoint   ] Safepoint "Cleanup", Time since last: 38041390659 ns, Reaching safepoint: 163574 ns, Cleanup: 22213 ns, At safepoint: 5020 ns, Total: 190807 ns
[2025-12-16T08:37:38.924+0000][2008.331s][debug][safepoint   ] Safepoint synchronization initiated using futex wait barrier. (250 threads)
[2025-12-16T08:37:38.924+0000][2008.331s][info ][safepoint   ] Safepoint "Cleanup", Time since last: 17002216724 ns, Reaching safepoint: 143355 ns, Cleanup: 22454 ns, At safepoint: 3847 ns, Total: 169656 ns
[2025-12-16T08:38:24.952+0000][2054.360s][debug][safepoint   ] Safepoint synchronization initiated using futex wait barrier. (250 threads)
[2025-12-16T08:38:24.952+0000][2054.361s][info ][safepoint   ] Safepoint "Cleanup", Time since last: 46029688654 ns, Reaching safepoint: 233829 ns, Cleanup: 30519 ns, At safepoint: 6803 ns, Total: 271151 ns
[2025-12-16T08:38:31.870+0000][2061.278s][debug][safepoint   ] Safepoint synchronization initiated using futex wait barrier. (250 threads)
[2025-12-16T08:38:31.870+0000][2061.279s][info ][gc,start    ] GC(85) Pause Young (Normal) (G1 Evacuation Pause)
[2025-12-16T08:38:31.870+0000][2061.279s][info ][gc,task     ] GC(85) Using 13 workers of 13 for evacuation
[2025-12-16T08:38:31.903+0000][2061.312s][info ][gc,phases   ] GC(85)   Pre Evacuate Collection Set: 1.4ms
[2025-12-16T08:38:31.903+0000][2061.312s][info ][gc,phases   ] GC(85)   Merge Heap Roots: 0.6ms
[2025-12-16T08:38:31.903+0000][2061.312s][info ][gc,phases   ] GC(85)   Evacuate Collection Set: 26.0ms
[2025-12-16T08:38:31.903+0000][2061.312s][info ][gc,phases   ] GC(85)   Post Evacuate Collection Set: 4.5ms
[2025-12-16T08:38:31.903+0000][2061.312s][info ][gc,phases   ] GC(85)   Other: 0.8ms
[2025-12-16T08:38:31.903+0000][2061.312s][info ][gc,heap     ] GC(85) Eden regions: 315->0(320)
[2025-12-16T08:38:31.903+0000][2061.312s][info ][gc,heap     ] GC(85) Survivor regions: 7->7(41)
[2025-12-16T08:38:31.903+0000][2061.312s][info ][gc,heap     ] GC(85) Old regions: 381->381
[2025-12-16T08:38:31.903+0000][2061.312s][info ][gc,heap     ] GC(85) Archive regions: 2->2
[2025-12-16T08:38:31.903+0000][2061.312s][info ][gc,heap     ] GC(85) Humongous regions: 13->13
[2025-12-16T08:38:31.903+0000][2061.312s][info ][gc,metaspace] GC(85) Metaspace: 191853K(193280K)->191853K(193280K) NonClass: 168430K(169152K)->168430K(169152K) Class: 23422K(24128K)->23422K(24128K)
[2025-12-16T08:38:31.903+0000][2061.312s][info ][gc          ] GC(85) Pause Young (Normal) (G1 Evacuation Pause) 716M->401M(827M) 33.189ms
[2025-12-16T08:38:31.904+0000][2061.312s][info ][gc,cpu      ] GC(85) User=0.35s Sys=0.00s Real=0.03s
[2025-12-16T08:38:31.905+0000][2061.313s][info ][safepoint   ] Safepoint "G1CollectForAllocation", Time since last: 6917381526 ns, Reaching safepoint: 164144 ns, Cleanup: 8076 ns, At safepoint: 34766635 ns, Total: 34938855 ns
[2025-12-16T08:38:32.903+0000][2062.313s][debug][safepoint   ] Safepoint synchronization initiated using futex wait barrier. (250 threads)
[2025-12-16T08:38:32.903+0000][2062.313s][info ][safepoint   ] Safepoint "Cleanup", Time since last: 1000275350 ns, Reaching safepoint: 107987 ns, Cleanup: 24217 ns, At safepoint: 6392 ns, Total: 138596 ns
[2025-12-16T08:39:21.989+0000][2111.401s][debug][safepoint   ] Safepoint synchronization initiated using futex wait barrier. (250 threads)
[2025-12-16T08:39:21.989+0000][2111.401s][info ][safepoint   ] Safepoint "Cleanup", Time since last: 49087437341 ns, Reaching safepoint: 116474 ns, Cleanup: 17734 ns, At safepoint: 3496 ns, Total: 137704 ns
[2025-12-16T08:39:25.990+0000][2115.402s][debug][safepoint   ] Safepoint synchronization initiated using futex wait barrier. (250 threads)
[2025-12-16T08:39:25.990+0000][2115.402s][info ][safepoint   ] Safepoint "Cleanup", Time since last: 4000528144 ns, Reaching safepoint: 86837 ns, Cleanup: 19367 ns, At safepoint: 3467 ns, Total: 109671 ns
[2025-12-16T08:39:38.990+0000][2128.404s][debug][safepoint   ] Safepoint synchronization initiated using futex wait barrier. (250 threads)
[2025-12-16T08:39:38.990+0000][2128.404s][info ][safepoint   ] Safepoint "Cleanup", Time since last: 13001867083 ns, Reaching safepoint: 210825 ns, Cleanup: 29136 ns, At safepoint: 8045 ns, Total: 248006 ns
[2025-12-16T08:40:22.018+0000][2171.433s][debug][safepoint   ] Safepoint synchronization initiated using futex wait barrier. (253 threads)
[2025-12-16T08:40:22.018+0000][2171.433s][info ][safepoint   ] Safepoint "Cleanup", Time since last: 43029432374 ns, Reaching safepoint: 185096 ns, Cleanup: 58031 ns, At safepoint: 6944 ns, Total: 250071 ns
[2025-12-16T08:40:27.019+0000][2176.434s][debug][safepoint   ] Safepoint synchronization initiated using futex wait barrier. (252 threads)
[2025-12-16T08:40:27.019+0000][2176.434s][info ][safepoint   ] Safepoint "Cleanup", Time since last: 5000739057 ns, Reaching safepoint: 230663 ns, Cleanup: 81787 ns, At safepoint: 6763 ns, Total: 319213 ns
[2025-12-16T08:41:28.024+0000][2237.443s][debug][safepoint   ] Safepoint synchronization initiated using futex wait barrier. (250 threads)
[2025-12-16T08:41:28.024+0000][2237.443s][info ][safepoint   ] Safepoint "Cleanup", Time since last: 61008658856 ns, Reaching safepoint: 92087 ns, Cleanup: 16271 ns, At safepoint: 3126 ns, Total: 111484 ns
[2025-12-16T08:41:30.024+0000][2239.444s][debug][safepoint   ] Safepoint synchronization initiated using futex wait barrier. (250 threads)
[2025-12-16T08:41:30.024+0000][2239.444s][info ][safepoint   ] Safepoint "Cleanup", Time since last: 2000302707 ns, Reaching safepoint: 92928 ns, Cleanup: 14719 ns, At safepoint: 3586 ns, Total: 111233 ns
[2025-12-16T08:41:39.024+0000][2248.445s][debug][safepoint   ] Safepoint synchronization initiated using futex wait barrier. (250 threads)
[2025-12-16T08:41:39.024+0000][2248.445s][info ][safepoint   ] Safepoint "Cleanup", Time since last: 9001110715 ns, Reaching safepoint: 123678 ns, Cleanup: 17213 ns, At safepoint: 6352 ns, Total: 147243 ns
[2025-12-16T08:41:49.025+0000][2258.446s][debug][safepoint   ] Safepoint synchronization initiated using futex wait barrier. (250 threads)
[2025-12-16T08:41:49.025+0000][2258.446s][info ][safepoint   ] Safepoint "Cleanup", Time since last: 10001326105 ns, Reaching safepoint: 170578 ns, Cleanup: 25799 ns, At safepoint: 5050 ns, Total: 201427 ns
[2025-12-16T08:41:50.025+0000][2259.447s][debug][safepoint   ] Safepoint synchronization initiated using futex wait barrier. (250 threads)
[2025-12-16T08:41:50.025+0000][2259.447s][info ][safepoint   ] Safepoint "Cleanup", Time since last: 1000126806 ns, Reaching safepoint: 78000 ns, Cleanup: 12143 ns, At safepoint: 2445 ns, Total: 92588 ns
[2025-12-16T08:41:52.026+0000][2261.447s][debug][safepoint   ] Safepoint synchronization initiated using futex wait barrier. (250 threads)
[2025-12-16T08:41:52.026+0000][2261.447s][info ][safepoint   ] Safepoint "Cleanup", Time since last: 2000395653 ns, Reaching safepoint: 122936 ns, Cleanup: 15119 ns, At safepoint: 4389 ns, Total: 142444 ns
[2025-12-16T08:42:29.080+0000][2298.503s][debug][safepoint   ] Safepoint synchronization initiated using futex wait barrier. (250 threads)
[2025-12-16T08:42:29.080+0000][2298.503s][info ][safepoint   ] Safepoint "Cleanup", Time since last: 37055464134 ns, Reaching safepoint: 157152 ns, Cleanup: 51509 ns, At safepoint: 5220 ns, Total: 213881 ns
[2025-12-16T08:43:01.056+0000][2330.480s][debug][safepoint   ] Safepoint synchronization initiated using futex wait barrier. (250 threads)
[2025-12-16T08:43:01.056+0000][2330.480s][info ][gc,start    ] GC(86) Pause Young (Normal) (G1 Evacuation Pause)
[2025-12-16T08:43:01.056+0000][2330.480s][info ][gc,task     ] GC(86) Using 13 workers of 13 for evacuation
[2025-12-16T08:43:01.079+0000][2330.504s][info ][gc,phases   ] GC(86)   Pre Evacuate Collection Set: 0.7ms
[2025-12-16T08:43:01.079+0000][2330.504s][info ][gc,phases   ] GC(86)   Merge Heap Roots: 0.9ms
[2025-12-16T08:43:01.079+0000][2330.504s][info ][gc,phases   ] GC(86)   Evacuate Collection Set: 16.9ms
[2025-12-16T08:43:01.079+0000][2330.504s][info ][gc,phases   ] GC(86)   Post Evacuate Collection Set: 4.3ms
[2025-12-16T08:43:01.079+0000][2330.504s][info ][gc,phases   ] GC(86)   Other: 0.4ms
[2025-12-16T08:43:01.079+0000][2330.504s][info ][gc,heap     ] GC(86) Eden regions: 320->0(322)
[2025-12-16T08:43:01.079+0000][2330.504s][info ][gc,heap     ] GC(86) Survivor regions: 7->8(41)
[2025-12-16T08:43:01.079+0000][2330.504s][info ][gc,heap     ] GC(86) Old regions: 381->381
[2025-12-16T08:43:01.079+0000][2330.504s][info ][gc,heap     ] GC(86) Archive regions: 2->2
[2025-12-16T08:43:01.079+0000][2330.504s][info ][gc,heap     ] GC(86) Humongous regions: 13->13
[2025-12-16T08:43:01.079+0000][2330.504s][info ][gc,metaspace] GC(86) Metaspace: 191901K(193344K)->191901K(193344K) NonClass: 168477K(169216K)->168477K(169216K) Class: 23423K(24128K)->23423K(24128K)
[2025-12-16T08:43:01.080+0000][2330.504s][info ][gc          ] GC(86) Pause Young (Normal) (G1 Evacuation Pause) 721M->401M(827M) 23.342ms
[2025-12-16T08:43:01.080+0000][2330.504s][info ][gc,cpu      ] GC(86) User=0.22s Sys=0.01s Real=0.02s
[2025-12-16T08:43:01.080+0000][2330.505s][info ][safepoint   ] Safepoint "G1CollectForAllocation", Time since last: 31977161267 ns, Reaching safepoint: 189152 ns, Cleanup: 8997 ns, At safepoint: 24399526 ns, Total: 24597675 ns
[2025-12-16T08:44:00.115+0000][2389.543s][debug][safepoint   ] Safepoint synchronization initiated using futex wait barrier. (250 threads)
[2025-12-16T08:44:00.115+0000][2389.543s][info ][safepoint   ] Safepoint "Cleanup", Time since last: 59038278017 ns, Reaching safepoint: 217058 ns, Cleanup: 24206 ns, At safepoint: 47521 ns, Total: 288785 ns
[2025-12-16T08:44:09.114+0000][2398.544s][debug][safepoint   ] Safepoint synchronization initiated using futex wait barrier. (250 threads)
[2025-12-16T08:44:09.114+0000][2398.545s][info ][safepoint   ] Safepoint "Cleanup", Time since last: 9001153927 ns, Reaching safepoint: 130711 ns, Cleanup: 20980 ns, At safepoint: 4749 ns, Total: 156440 ns
[2025-12-16T08:44:10.115+0000][2399.545s][debug][safepoint   ] Safepoint synchronization initiated using futex wait barrier. (250 threads)
[2025-12-16T08:44:10.115+0000][2399.545s][info ][safepoint   ] Safepoint "Cleanup", Time since last: 1000137073 ns, Reaching safepoint: 143285 ns, Cleanup: 22533 ns, At safepoint: 5210 ns, Total: 171028 ns
[2025-12-16T08:44:12.115+0000][2401.545s][debug][safepoint   ] Safepoint synchronization initiated using futex wait barrier. (250 threads)
[2025-12-16T08:44:12.115+0000][2401.545s][info ][safepoint   ] Safepoint "Cleanup", Time since last: 2000295215 ns, Reaching safepoint: 130451 ns, Cleanup: 19717 ns, At safepoint: 3427 ns, Total: 153595 ns
[2025-12-16T08:44:22.144+0000][2411.574s][debug][safepoint   ] Safepoint synchronization initiated using futex wait barrier. (250 threads)
[2025-12-16T08:44:22.144+0000][2411.575s][info ][safepoint   ] Safepoint "Cleanup", Time since last: 10029153137 ns, Reaching safepoint: 102547 ns, Cleanup: 21140 ns, At safepoint: 4209 ns, Total: 127896 ns
[2025-12-16T08:44:31.146+0000][2420.576s][debug][safepoint   ] Safepoint synchronization initiated using futex wait barrier. (249 threads)
[2025-12-16T08:44:31.146+0000][2420.576s][info ][safepoint   ] Safepoint "Cleanup", Time since last: 9001317331 ns, Reaching safepoint: 120802 ns, Cleanup: 22453 ns, At safepoint: 4318 ns, Total: 147573 ns
[2025-12-16T08:45:22.188+0000][2471.622s][debug][safepoint   ] Safepoint synchronization initiated using futex wait barrier. (249 threads)
[2025-12-16T08:45:22.188+0000][2471.622s][info ][safepoint   ] Safepoint "Cleanup", Time since last: 51045518648 ns, Reaching safepoint: 267393 ns, Cleanup: 28124 ns, At safepoint: 30729 ns, Total: 326246 ns
[2025-12-16T08:46:20.222+0000][2529.659s][debug][safepoint   ] Safepoint synchronization initiated using futex wait barrier. (250 threads)
[2025-12-16T08:46:20.222+0000][2529.659s][info ][safepoint   ] Safepoint "Cleanup", Time since last: 58037067596 ns, Reaching safepoint: 101595 ns, Cleanup: 14618 ns, At safepoint: 3036 ns, Total: 119249 ns
[2025-12-16T08:46:29.223+0000][2538.660s][debug][safepoint   ] Safepoint synchronization initiated using futex wait barrier. (250 threads)
[2025-12-16T08:46:29.253+0000][2538.690s][info ][safepoint   ] Safepoint "Cleanup", Time since last: 9001231101 ns, Reaching safepoint: 28031484 ns, Cleanup: 22493 ns, At safepoint: 1312067 ns, Total: 29366044 ns
[2025-12-16T08:46:30.253+0000][2539.690s][debug][safepoint   ] Safepoint synchronization initiated using futex wait barrier. (250 threads)
[2025-12-16T08:46:30.253+0000][2539.690s][info ][safepoint   ] Safepoint "Cleanup", Time since last: 1000191766 ns, Reaching safepoint: 95634 ns, Cleanup: 13255 ns, At safepoint: 4408 ns, Total: 113297 ns
[2025-12-16T08:46:32.252+0000][2541.690s][debug][safepoint   ] Safepoint synchronization initiated using futex wait barrier. (249 threads)
[2025-12-16T08:46:32.252+0000][2541.690s][info ][safepoint   ] Safepoint "Cleanup", Time since last: 2000294414 ns, Reaching safepoint: 110392 ns, Cleanup: 14738 ns, At safepoint: 4659 ns, Total: 129789 ns
[2025-12-16T08:46:40.253+0000][2549.692s][debug][safepoint   ] Safepoint synchronization initiated using futex wait barrier. (250 threads)
[2025-12-16T08:46:40.253+0000][2549.692s][info ][safepoint   ] Safepoint "Cleanup", Time since last: 8001562558 ns, Reaching safepoint: 85825 ns, Cleanup: 14628 ns, At safepoint: 3637 ns, Total: 104090 ns
[2025-12-16T08:46:48.254+0000][2557.693s][debug][safepoint   ] Safepoint synchronization initiated using futex wait barrier. (250 threads)
[2025-12-16T08:46:48.255+0000][2557.693s][info ][safepoint   ] Safepoint "Cleanup", Time since last: 8001123249 ns, Reaching safepoint: 147735 ns, Cleanup: 23465 ns, At safepoint: 5080 ns, Total: 176280 ns
[2025-12-16T08:46:49.255+0000][2558.694s][debug][safepoint   ] Safepoint synchronization initiated using futex wait barrier. (250 threads)
[2025-12-16T08:46:49.255+0000][2558.694s][info ][safepoint   ] Safepoint "Cleanup", Time since last: 1000154336 ns, Reaching safepoint: 150921 ns, Cleanup: 92497 ns, At safepoint: 8687 ns, Total: 252105 ns
[2025-12-16T08:46:59.257+0000][2568.695s][debug][safepoint   ] Safepoint synchronization initiated using futex wait barrier. (250 threads)
[2025-12-16T08:46:59.257+0000][2568.695s][info ][safepoint   ] Safepoint "Cleanup", Time since last: 10001456631 ns, Reaching safepoint: 88760 ns, Cleanup: 13065 ns, At safepoint: 3978 ns, Total: 105803 ns
[2025-12-16T08:47:00.257+0000][2569.695s][debug][safepoint   ] Safepoint synchronization initiated using futex wait barrier. (250 threads)
[2025-12-16T08:47:00.257+0000][2569.696s][info ][safepoint   ] Safepoint "Cleanup", Time since last: 1000128014 ns, Reaching safepoint: 93699 ns, Cleanup: 16291 ns, At safepoint: 3958 ns, Total: 113948 ns
[2025-12-16T08:47:02.256+0000][2571.696s][debug][safepoint   ] Safepoint synchronization initiated using futex wait barrier. (250 threads)
[2025-12-16T08:47:02.256+0000][2571.696s][info ][safepoint   ] Safepoint "Cleanup", Time since last: 2000293952 ns, Reaching safepoint: 124338 ns, Cleanup: 17083 ns, At safepoint: 4568 ns, Total: 145989 ns
[2025-12-16T08:47:19.258+0000][2588.699s][debug][safepoint   ] Safepoint synchronization initiated using futex wait barrier. (250 threads)
[2025-12-16T08:47:19.259+0000][2588.700s][info ][safepoint   ] Safepoint "Cleanup", Time since last: 17002497407 ns, Reaching safepoint: 1028503 ns, Cleanup: 16341 ns, At safepoint: 5801 ns, Total: 1050645 ns
[2025-12-16T08:47:32.002+0000][2601.442s][debug][safepoint   ] Safepoint synchronization initiated using futex wait barrier. (250 threads)
[2025-12-16T08:47:32.002+0000][2601.443s][info ][gc,start    ] GC(87) Pause Young (Normal) (G1 Evacuation Pause)
[2025-12-16T08:47:32.002+0000][2601.443s][info ][gc,task     ] GC(87) Using 13 workers of 13 for evacuation
[2025-12-16T08:47:32.034+0000][2601.475s][info ][gc,phases   ] GC(87)   Pre Evacuate Collection Set: 0.5ms
[2025-12-16T08:47:32.035+0000][2601.475s][info ][gc,phases   ] GC(87)   Merge Heap Roots: 0.3ms
[2025-12-16T08:47:32.035+0000][2601.475s][info ][gc,phases   ] GC(87)   Evacuate Collection Set: 25.7ms
[2025-12-16T08:47:32.035+0000][2601.475s][info ][gc,phases   ] GC(87)   Post Evacuate Collection Set: 5.2ms
[2025-12-16T08:47:32.035+0000][2601.475s][info ][gc,phases   ] GC(87)   Other: 0.3ms
[2025-12-16T08:47:32.035+0000][2601.475s][info ][gc,heap     ] GC(87) Eden regions: 322->0(326)
[2025-12-16T08:47:32.035+0000][2601.475s][info ][gc,heap     ] GC(87) Survivor regions: 8->5(42)
[2025-12-16T08:47:32.035+0000][2601.475s][info ][gc,heap     ] GC(87) Old regions: 381->384
[2025-12-16T08:47:32.035+0000][2601.475s][info ][gc,heap     ] GC(87) Archive regions: 2->2
[2025-12-16T08:47:32.035+0000][2601.475s][info ][gc,heap     ] GC(87) Humongous regions: 13->13
[2025-12-16T08:47:32.035+0000][2601.475s][info ][gc,metaspace] GC(87) Metaspace: 191995K(193472K)->191995K(193472K) NonClass: 168569K(169344K)->168569K(169344K) Class: 23425K(24128K)->23425K(24128K)
[2025-12-16T08:47:32.035+0000][2601.475s][info ][gc          ] GC(87) Pause Young (Normal) (G1 Evacuation Pause) 723M->401M(827M) 32.333ms
[2025-12-16T08:47:32.035+0000][2601.475s][info ][gc,cpu      ] GC(87) User=0.36s Sys=0.00s Real=0.03s
[2025-12-16T08:47:32.036+0000][2601.476s][info ][safepoint   ] Safepoint "G1CollectForAllocation", Time since last: 12742894947 ns, Reaching safepoint: 133937 ns, Cleanup: 8216 ns, At safepoint: 33683411 ns, Total: 33825564 ns
[2025-12-16T08:47:39.035+0000][2608.477s][debug][safepoint   ] Safepoint synchronization initiated using futex wait barrier. (250 threads)
[2025-12-16T08:47:39.035+0000][2608.478s][info ][safepoint   ] Safepoint "Cleanup", Time since last: 7001145465 ns, Reaching safepoint: 159075 ns, Cleanup: 16452 ns, At safepoint: 5711 ns, Total: 181238 ns
[2025-12-16T08:48:22.283+0000][2651.727s][debug][safepoint   ] Safepoint synchronization initiated using futex wait barrier. (250 threads)
[2025-12-16T08:48:22.283+0000][2651.727s][info ][safepoint   ] Safepoint "Cleanup", Time since last: 43249150986 ns, Reaching safepoint: 219281 ns, Cleanup: 57830 ns, At safepoint: 23235 ns, Total: 300346 ns
[2025-12-16T08:48:48.285+0000][2677.731s][debug][safepoint   ] Safepoint synchronization initiated using futex wait barrier. (250 threads)
[2025-12-16T08:48:48.286+0000][2677.731s][info ][safepoint   ] Safepoint "Cleanup", Time since last: 26004053773 ns, Reaching safepoint: 159306 ns, Cleanup: 21472 ns, At safepoint: 5009 ns, Total: 185787 ns
[2025-12-16T08:48:54.287+0000][2683.732s][debug][safepoint   ] Safepoint synchronization initiated using futex wait barrier. (250 threads)
[2025-12-16T08:48:54.287+0000][2683.732s][info ][safepoint   ] Safepoint "Cleanup", Time since last: 6000975280 ns, Reaching safepoint: 179445 ns, Cleanup: 26310 ns, At safepoint: 5681 ns, Total: 211436 ns
[2025-12-16T08:48:56.287+0000][2685.733s][debug][safepoint   ] Safepoint synchronization initiated using futex wait barrier. (250 threads)
[2025-12-16T08:48:56.287+0000][2685.733s][info ][safepoint   ] Safepoint "Cleanup", Time since last: 2000319876 ns, Reaching safepoint: 102377 ns, Cleanup: 17263 ns, At safepoint: 3918 ns, Total: 123558 ns
[2025-12-16T08:48:59.288+0000][2688.733s][debug][safepoint   ] Safepoint synchronization initiated using futex wait barrier. (250 threads)
[2025-12-16T08:48:59.288+0000][2688.734s][info ][safepoint   ] Safepoint "Cleanup", Time since last: 3000503228 ns, Reaching safepoint: 154816 ns, Cleanup: 26261 ns, At safepoint: 5490 ns, Total: 186567 ns
[2025-12-16T08:49:19.317+0000][2708.765s][debug][safepoint   ] Safepoint synchronization initiated using futex wait barrier. (250 threads)
[2025-12-16T08:49:19.318+0000][2708.765s][info ][safepoint   ] Safepoint "Cleanup", Time since last: 20031346569 ns, Reaching safepoint: 206997 ns, Cleanup: 26951 ns, At safepoint: 6443 ns, Total: 240391 ns
[2025-12-16T08:49:35.318+0000][2724.768s][debug][safepoint   ] Safepoint synchronization initiated using futex wait barrier. (251 threads)
[2025-12-16T08:49:35.318+0000][2724.768s][info ][safepoint   ] Safepoint "Cleanup", Time since last: 16002333904 ns, Reaching safepoint: 94992 ns, Cleanup: 14328 ns, At safepoint: 3406 ns, Total: 112726 ns
[2025-12-16T08:50:36.356+0000][2785.809s][debug][safepoint   ] Safepoint synchronization initiated using futex wait barrier. (250 threads)
[2025-12-16T08:50:36.356+0000][2785.809s][info ][safepoint   ] Safepoint "Cleanup", Time since last: 61040893662 ns, Reaching safepoint: 180426 ns, Cleanup: 34704 ns, At safepoint: 18354 ns, Total: 233484 ns
[2025-12-16T08:51:37.387+0000][2846.844s][debug][safepoint   ] Safepoint synchronization initiated using futex wait barrier. (250 threads)
[2025-12-16T08:51:37.387+0000][2846.844s][info ][safepoint   ] Safepoint "Cleanup", Time since last: 61034736442 ns, Reaching safepoint: 98469 ns, Cleanup: 15279 ns, At safepoint: 2806 ns, Total: 116554 ns
[2025-12-16T08:52:06.595+0000][2876.054s][debug][safepoint   ] Safepoint synchronization initiated using futex wait barrier. (250 threads)
[2025-12-16T08:52:06.596+0000][2876.054s][info ][gc,start    ] GC(88) Pause Young (Normal) (G1 Evacuation Pause)
[2025-12-16T08:52:06.596+0000][2876.054s][info ][gc,task     ] GC(88) Using 13 workers of 13 for evacuation
[2025-12-16T08:52:06.608+0000][2876.066s][info ][gc,phases   ] GC(88)   Pre Evacuate Collection Set: 0.6ms
[2025-12-16T08:52:06.608+0000][2876.066s][info ][gc,phases   ] GC(88)   Merge Heap Roots: 0.3ms
[2025-12-16T08:52:06.608+0000][2876.066s][info ][gc,phases   ] GC(88)   Evacuate Collection Set: 8.8ms
[2025-12-16T08:52:06.608+0000][2876.066s][info ][gc,phases   ] GC(88)   Post Evacuate Collection Set: 2.7ms
[2025-12-16T08:52:06.608+0000][2876.066s][info ][gc,phases   ] GC(88)   Other: 0.4ms
[2025-12-16T08:52:06.608+0000][2876.066s][info ][gc,heap     ] GC(88) Eden regions: 326->0(328)
[2025-12-16T08:52:06.608+0000][2876.066s][info ][gc,heap     ] GC(88) Survivor regions: 5->4(42)
[2025-12-16T08:52:06.608+0000][2876.067s][info ][gc,heap     ] GC(88) Old regions: 384->385
[2025-12-16T08:52:06.608+0000][2876.067s][info ][gc,heap     ] GC(88) Archive regions: 2->2
[2025-12-16T08:52:06.608+0000][2876.067s][info ][gc,heap     ] GC(88) Humongous regions: 13->13
[2025-12-16T08:52:06.608+0000][2876.067s][info ][gc,metaspace] GC(88) Metaspace: 192009K(193472K)->192009K(193472K) NonClass: 168583K(169344K)->168583K(169344K) Class: 23425K(24128K)->23425K(24128K)
[2025-12-16T08:52:06.608+0000][2876.067s][info ][gc          ] GC(88) Pause Young (Normal) (G1 Evacuation Pause) 727M->401M(827M) 12.811ms
[2025-12-16T08:52:06.608+0000][2876.067s][info ][gc,cpu      ] GC(88) User=0.11s Sys=0.01s Real=0.02s
[2025-12-16T08:52:06.609+0000][2876.067s][info ][safepoint   ] Safepoint "G1CollectForAllocation", Time since last: 29209910024 ns, Reaching safepoint: 104962 ns, Cleanup: 7163 ns, At safepoint: 13819067 ns, Total: 13931192 ns
[2025-12-16T08:53:39.455+0000][2968.918s][debug][safepoint   ] Safepoint synchronization initiated using futex wait barrier. (250 threads)
[2025-12-16T08:53:39.456+0000][2968.919s][info ][safepoint   ] Safepoint "Cleanup", Time since last: 92850925368 ns, Reaching safepoint: 211084 ns, Cleanup: 17153 ns, At safepoint: 4749 ns, Total: 232986 ns
[2025-12-16T08:56:21.545+0000][3131.017s][debug][safepoint   ] Safepoint synchronization initiated using futex wait barrier. (250 threads)
[2025-12-16T08:56:21.546+0000][3131.018s][info ][safepoint   ] Safepoint "Cleanup", Time since last: 162098297764 ns, Reaching safepoint: 613367 ns, Cleanup: 53873 ns, At safepoint: 9919 ns, Total: 677159 ns
[2025-12-16T08:56:42.991+0000][3152.465s][debug][safepoint   ] Safepoint synchronization initiated using futex wait barrier. (249 threads)
[2025-12-16T08:56:42.992+0000][3152.465s][info ][gc,start    ] GC(89) Pause Young (Normal) (G1 Evacuation Pause)
[2025-12-16T08:56:42.992+0000][3152.465s][info ][gc,task     ] GC(89) Using 13 workers of 13 for evacuation
[2025-12-16T08:56:43.010+0000][3152.484s][info ][gc,phases   ] GC(89)   Pre Evacuate Collection Set: 0.9ms
[2025-12-16T08:56:43.010+0000][3152.484s][info ][gc,phases   ] GC(89)   Merge Heap Roots: 1.0ms
[2025-12-16T08:56:43.010+0000][3152.484s][info ][gc,phases   ] GC(89)   Evacuate Collection Set: 12.0ms
[2025-12-16T08:56:43.011+0000][3152.484s][info ][gc,phases   ] GC(89)   Post Evacuate Collection Set: 4.2ms
[2025-12-16T08:56:43.011+0000][3152.484s][info ][gc,phases   ] GC(89)   Other: 1.0ms
[2025-12-16T08:56:43.011+0000][3152.484s][info ][gc,heap     ] GC(89) Eden regions: 328->0(330)
[2025-12-16T08:56:43.011+0000][3152.484s][info ][gc,heap     ] GC(89) Survivor regions: 4->2(42)
[2025-12-16T08:56:43.011+0000][3152.484s][info ][gc,heap     ] GC(89) Old regions: 385->387
[2025-12-16T08:56:43.011+0000][3152.484s][info ][gc,heap     ] GC(89) Archive regions: 2->2
[2025-12-16T08:56:43.011+0000][3152.484s][info ][gc,heap     ] GC(89) Humongous regions: 13->13
[2025-12-16T08:56:43.011+0000][3152.484s][info ][gc,metaspace] GC(89) Metaspace: 192017K(193472K)->192017K(193472K) NonClass: 168592K(169344K)->168592K(169344K) Class: 23425K(24128K)->23425K(24128K)
[2025-12-16T08:56:43.011+0000][3152.484s][info ][gc          ] GC(89) Pause Young (Normal) (G1 Evacuation Pause) 729M->401M(827M) 19.091ms
[2025-12-16T08:56:43.011+0000][3152.484s][info ][gc,cpu      ] GC(89) User=0.17s Sys=0.00s Real=0.02s
[2025-12-16T08:56:43.011+0000][3152.485s][info ][safepoint   ] Safepoint "G1CollectForAllocation", Time since last: 21447142449 ns, Reaching safepoint: 183804 ns, Cleanup: 11141 ns, At safepoint: 19703408 ns, Total: 19898353 ns
[2025-12-16T08:58:38.643+0000][3268.124s][debug][safepoint   ] Safepoint synchronization initiated using futex wait barrier. (249 threads)
[2025-12-16T08:58:38.643+0000][3268.124s][info ][safepoint   ] Safepoint "Cleanup", Time since last: 115639155790 ns, Reaching safepoint: 112215 ns, Cleanup: 18365 ns, At safepoint: 4399 ns, Total: 134979 ns
[2025-12-16T08:59:45.650+0000][3335.134s][debug][safepoint   ] Safepoint synchronization initiated using futex wait barrier. (249 threads)
[2025-12-16T08:59:45.650+0000][3335.134s][info ][safepoint   ] Safepoint "Cleanup", Time since last: 67009728589 ns, Reaching safepoint: 205344 ns, Cleanup: 30167 ns, At safepoint: 9018 ns, Total: 244529 ns
[2025-12-16T09:00:21.654+0000][3371.140s][debug][safepoint   ] Safepoint synchronization initiated using futex wait barrier. (249 threads)
[2025-12-16T09:00:21.654+0000][3371.140s][info ][safepoint   ] Safepoint "Cleanup", Time since last: 36005695173 ns, Reaching safepoint: 275128 ns, Cleanup: 82419 ns, At safepoint: 37522 ns, Total: 395069 ns
[2025-12-16T09:00:22.654+0000][3372.140s][debug][safepoint   ] Safepoint synchronization initiated using futex wait barrier. (249 threads)
[2025-12-16T09:00:22.657+0000][3372.143s][info ][safepoint   ] Safepoint "Cleanup", Time since last: 1000197357 ns, Reaching safepoint: 2386646 ns, Cleanup: 33685 ns, At safepoint: 606434 ns, Total: 3026765 ns
[2025-12-16T09:00:46.659+0000][3396.147s][debug][safepoint   ] Safepoint synchronization initiated using futex wait barrier. (249 threads)
[2025-12-16T09:00:46.659+0000][3396.148s][info ][safepoint   ] Safepoint "Cleanup", Time since last: 24004094916 ns, Reaching safepoint: 162572 ns, Cleanup: 28174 ns, At safepoint: 5100 ns, Total: 195846 ns
[2025-12-16T09:01:21.047+0000][3430.536s][debug][safepoint   ] Safepoint synchronization initiated using futex wait barrier. (249 threads)
[2025-12-16T09:01:21.047+0000][3430.537s][info ][gc,start    ] GC(90) Pause Young (Normal) (G1 Evacuation Pause)
[2025-12-16T09:01:21.047+0000][3430.537s][info ][gc,task     ] GC(90) Using 13 workers of 13 for evacuation
[2025-12-16T09:01:21.054+0000][3430.544s][info ][gc,phases   ] GC(90)   Pre Evacuate Collection Set: 0.5ms
[2025-12-16T09:01:21.054+0000][3430.544s][info ][gc,phases   ] GC(90)   Merge Heap Roots: 0.3ms
[2025-12-16T09:01:21.054+0000][3430.544s][info ][gc,phases   ] GC(90)   Evacuate Collection Set: 3.4ms
[2025-12-16T09:01:21.054+0000][3430.544s][info ][gc,phases   ] GC(90)   Post Evacuate Collection Set: 2.5ms
[2025-12-16T09:01:21.054+0000][3430.544s][info ][gc,phases   ] GC(90)   Other: 0.4ms
[2025-12-16T09:01:21.054+0000][3430.544s][info ][gc,heap     ] GC(90) Eden regions: 330->0(332)
[2025-12-16T09:01:21.054+0000][3430.544s][info ][gc,heap     ] GC(90) Survivor regions: 2->2(42)
[2025-12-16T09:01:21.054+0000][3430.544s][info ][gc,heap     ] GC(90) Old regions: 387->387
[2025-12-16T09:01:21.054+0000][3430.544s][info ][gc,heap     ] GC(90) Archive regions: 2->2
[2025-12-16T09:01:21.054+0000][3430.544s][info ][gc,heap     ] GC(90) Humongous regions: 13->13
[2025-12-16T09:01:21.054+0000][3430.544s][info ][gc,metaspace] GC(90) Metaspace: 192029K(193472K)->192029K(193472K) NonClass: 168603K(169344K)->168603K(169344K) Class: 23425K(24128K)->23425K(24128K)
[2025-12-16T09:01:21.055+0000][3430.544s][info ][gc          ] GC(90) Pause Young (Normal) (G1 Evacuation Pause) 731M->401M(827M) 7.248ms
[2025-12-16T09:01:21.055+0000][3430.544s][info ][gc,cpu      ] GC(90) User=0.04s Sys=0.00s Real=0.01s
[2025-12-16T09:01:21.055+0000][3430.545s][info ][safepoint   ] Safepoint "G1CollectForAllocation", Time since last: 34388836744 ns, Reaching safepoint: 398606 ns, Cleanup: 9037 ns, At safepoint: 7996480 ns, Total: 8404123 ns
[2025-12-16T09:01:22.055+0000][3431.545s][debug][safepoint   ] Safepoint synchronization initiated using futex wait barrier. (249 threads)
[2025-12-16T09:01:22.055+0000][3431.545s][info ][safepoint   ] Safepoint "Cleanup", Time since last: 1000165832 ns, Reaching safepoint: 131302 ns, Cleanup: 24908 ns, At safepoint: 4168 ns, Total: 160378 ns
[2025-12-16T09:03:05.065+0000][3534.561s][debug][safepoint   ] Safepoint synchronization initiated using futex wait barrier. (252 threads)
[2025-12-16T09:03:05.065+0000][3534.561s][info ][safepoint   ] Safepoint "Cleanup", Time since last: 103015812542 ns, Reaching safepoint: 341375 ns, Cleanup: 48183 ns, At safepoint: 30769 ns, Total: 420327 ns
[2025-12-16T09:03:26.068+0000][3555.565s][debug][safepoint   ] Safepoint synchronization initiated using futex wait barrier. (252 threads)
[2025-12-16T09:03:26.069+0000][3555.565s][info ][safepoint   ] Safepoint "Cleanup", Time since last: 21003364926 ns, Reaching safepoint: 111364 ns, Cleanup: 15139 ns, At safepoint: 3847 ns, Total: 130350 ns
[2025-12-16T09:04:50.077+0000][3639.578s][debug][safepoint   ] Safepoint synchronization initiated using futex wait barrier. (249 threads)
[2025-12-16T09:04:50.077+0000][3639.579s][info ][safepoint   ] Safepoint "Cleanup", Time since last: 84013630893 ns, Reaching safepoint: 222456 ns, Cleanup: 97417 ns, At safepoint: 6723 ns, Total: 326596 ns
[2025-12-16T09:04:52.078+0000][3641.579s][debug][safepoint   ] Safepoint synchronization initiated using futex wait barrier. (251 threads)
[2025-12-16T09:04:52.078+0000][3641.579s][info ][safepoint   ] Safepoint "Cleanup", Time since last: 2000325613 ns, Reaching safepoint: 74713 ns, Cleanup: 26901 ns, At safepoint: 2706 ns, Total: 104320 ns
[2025-12-16T09:05:09.079+0000][3658.582s][debug][safepoint   ] Safepoint synchronization initiated using futex wait barrier. (251 threads)
[2025-12-16T09:05:09.079+0000][3658.582s][info ][safepoint   ] Safepoint "Cleanup", Time since last: 17002732070 ns, Reaching safepoint: 320131 ns, Cleanup: 28305 ns, At safepoint: 6442 ns, Total: 354878 ns
[2025-12-16T09:05:58.102+0000][3707.607s][debug][safepoint   ] Safepoint synchronization initiated using futex wait barrier. (250 threads)
[2025-12-16T09:05:58.103+0000][3707.608s][info ][gc,start    ] GC(91) Pause Young (Normal) (G1 Evacuation Pause)
[2025-12-16T09:05:58.103+0000][3707.608s][info ][gc,task     ] GC(91) Using 13 workers of 13 for evacuation
[2025-12-16T09:05:58.116+0000][3707.621s][info ][gc,phases   ] GC(91)   Pre Evacuate Collection Set: 0.8ms
[2025-12-16T09:05:58.116+0000][3707.621s][info ][gc,phases   ] GC(91)   Merge Heap Roots: 0.5ms
[2025-12-16T09:05:58.116+0000][3707.621s][info ][gc,phases   ] GC(91)   Evacuate Collection Set: 8.4ms
[2025-12-16T09:05:58.116+0000][3707.621s][info ][gc,phases   ] GC(91)   Post Evacuate Collection Set: 2.9ms
[2025-12-16T09:05:58.116+0000][3707.621s][info ][gc,phases   ] GC(91)   Other: 1.0ms
[2025-12-16T09:05:58.116+0000][3707.621s][info ][gc,heap     ] GC(91) Eden regions: 332->0(332)
[2025-12-16T09:05:58.116+0000][3707.621s][info ][gc,heap     ] GC(91) Survivor regions: 2->2(42)
[2025-12-16T09:05:58.116+0000][3707.621s][info ][gc,heap     ] GC(91) Old regions: 387->387
[2025-12-16T09:05:58.116+0000][3707.621s][info ][gc,heap     ] GC(91) Archive regions: 2->2
[2025-12-16T09:05:58.116+0000][3707.621s][info ][gc,heap     ] GC(91) Humongous regions: 13->13
[2025-12-16T09:05:58.116+0000][3707.621s][info ][gc,metaspace] GC(91) Metaspace: 192085K(193536K)->192085K(193536K) NonClass: 168655K(169408K)->168655K(169408K) Class: 23429K(24128K)->23429K(24128K)
[2025-12-16T09:05:58.116+0000][3707.621s][info ][gc          ] GC(91) Pause Young (Normal) (G1 Evacuation Pause) 733M->401M(827M) 13.100ms
[2025-12-16T09:05:58.116+0000][3707.621s][info ][gc,cpu      ] GC(91) User=0.11s Sys=0.00s Real=0.01s
[2025-12-16T09:05:58.117+0000][3707.622s][info ][safepoint   ] Safepoint "G1CollectForAllocation", Time since last: 49025123569 ns, Reaching safepoint: 124008 ns, Cleanup: 7645 ns, At safepoint: 14664912 ns, Total: 14796565 ns
[2025-12-16T09:06:22.118+0000][3731.625s][debug][safepoint   ] Safepoint synchronization initiated using futex wait barrier. (250 threads)
[2025-12-16T09:06:22.118+0000][3731.625s][info ][safepoint   ] Safepoint "Cleanup", Time since last: 24002755557 ns, Reaching safepoint: 85244 ns, Cleanup: 42562 ns, At safepoint: 5440 ns, Total: 133246 ns
[2025-12-16T09:06:53.123+0000][3762.632s][debug][safepoint   ] Safepoint synchronization initiated using futex wait barrier. (250 threads)
[2025-12-16T09:06:53.123+0000][3762.632s][info ][safepoint   ] Safepoint "Cleanup", Time since last: 31006415274 ns, Reaching safepoint: 113408 ns, Cleanup: 18967 ns, At safepoint: 3597 ns, Total: 135972 ns
[2025-12-16T09:07:56.130+0000][3825.642s][debug][safepoint   ] Safepoint synchronization initiated using futex wait barrier. (249 threads)
[2025-12-16T09:07:56.130+0000][3825.642s][info ][safepoint   ] Safepoint "Cleanup", Time since last: 63010337551 ns, Reaching safepoint: 94080 ns, Cleanup: 14288 ns, At safepoint: 2885 ns, Total: 111253 ns
[2025-12-16T09:08:55.136+0000][3884.651s][debug][safepoint   ] Safepoint synchronization initiated using futex wait barrier. (250 threads)
[2025-12-16T09:08:55.136+0000][3884.651s][info ][safepoint   ] Safepoint "Cleanup", Time since last: 59008610298 ns, Reaching safepoint: 123877 ns, Cleanup: 17794 ns, At safepoint: 4258 ns, Total: 145929 ns
[2025-12-16T09:10:37.949+0000][3987.471s][debug][safepoint   ] Safepoint synchronization initiated using futex wait barrier. (250 threads)
[2025-12-16T09:10:37.949+0000][3987.471s][info ][gc,start    ] GC(92) Pause Young (Normal) (G1 Evacuation Pause)
[2025-12-16T09:10:37.949+0000][3987.471s][info ][gc,task     ] GC(92) Using 13 workers of 13 for evacuation
[2025-12-16T09:10:37.959+0000][3987.481s][info ][gc,phases   ] GC(92)   Pre Evacuate Collection Set: 0.5ms
[2025-12-16T09:10:37.959+0000][3987.481s][info ][gc,phases   ] GC(92)   Merge Heap Roots: 0.3ms
[2025-12-16T09:10:37.959+0000][3987.481s][info ][gc,phases   ] GC(92)   Evacuate Collection Set: 5.6ms
[2025-12-16T09:10:37.959+0000][3987.481s][info ][gc,phases   ] GC(92)   Post Evacuate Collection Set: 2.5ms
[2025-12-16T09:10:37.959+0000][3987.481s][info ][gc,phases   ] GC(92)   Other: 0.5ms
[2025-12-16T09:10:37.959+0000][3987.481s][info ][gc,heap     ] GC(92) Eden regions: 332->0(334)
[2025-12-16T09:10:37.959+0000][3987.481s][info ][gc,heap     ] GC(92) Survivor regions: 2->2(42)
[2025-12-16T09:10:37.959+0000][3987.481s][info ][gc,heap     ] GC(92) Old regions: 387->387
[2025-12-16T09:10:37.959+0000][3987.481s][info ][gc,heap     ] GC(92) Archive regions: 2->2
[2025-12-16T09:10:37.959+0000][3987.481s][info ][gc,heap     ] GC(92) Humongous regions: 13->13
[2025-12-16T09:10:37.959+0000][3987.481s][info ][gc,metaspace] GC(92) Metaspace: 192124K(193536K)->192124K(193536K) NonClass: 168695K(169408K)->168695K(169408K) Class: 23429K(24128K)->23429K(24128K)
[2025-12-16T09:10:37.959+0000][3987.481s][info ][gc          ] GC(92) Pause Young (Normal) (G1 Evacuation Pause) 733M->401M(827M) 9.491ms
[2025-12-16T09:10:37.959+0000][3987.481s][info ][gc,cpu      ] GC(92) User=0.06s Sys=0.00s Real=0.01s
[2025-12-16T09:10:37.959+0000][3987.481s][info ][safepoint   ] Safepoint "G1CollectForAllocation", Time since last: 102820172011 ns, Reaching safepoint: 160578 ns, Cleanup: 9137 ns, At safepoint: 10293741 ns, Total: 10463456 ns
[2025-12-16T09:10:38.960+0000][3988.482s][debug][safepoint   ] Safepoint synchronization initiated using futex wait barrier. (250 threads)
[2025-12-16T09:10:38.960+0000][3988.482s][info ][safepoint   ] Safepoint "Cleanup", Time since last: 1000239217 ns, Reaching safepoint: 84021 ns, Cleanup: 24207 ns, At safepoint: 3887 ns, Total: 112115 ns
[2025-12-16T09:12:11.096+0000][4080.625s][debug][safepoint   ] Safepoint synchronization initiated using futex wait barrier. (249 threads)
[2025-12-16T09:12:11.097+0000][4080.625s][info ][safepoint   ] Safepoint "Cleanup", Time since last: 92142971593 ns, Reaching safepoint: 218413 ns, Cleanup: 26892 ns, At safepoint: 6102 ns, Total: 251407 ns
[2025-12-16T09:15:01.206+0000][4250.744s][debug][safepoint   ] Safepoint synchronization initiated using futex wait barrier. (250 threads)
[2025-12-16T09:15:01.206+0000][4250.744s][info ][safepoint   ] Safepoint "Cleanup", Time since last: 170118450085 ns, Reaching safepoint: 169676 ns, Cleanup: 24627 ns, At safepoint: 5060 ns, Total: 199363 ns
[2025-12-16T09:15:19.635+0000][4269.175s][debug][safepoint   ] Safepoint synchronization initiated using futex wait barrier. (250 threads)
[2025-12-16T09:15:19.636+0000][4269.176s][info ][gc,start    ] GC(93) Pause Young (Normal) (G1 Evacuation Pause)
[2025-12-16T09:15:19.636+0000][4269.176s][info ][gc,task     ] GC(93) Using 13 workers of 13 for evacuation
[2025-12-16T09:15:19.648+0000][4269.187s][info ][gc,phases   ] GC(93)   Pre Evacuate Collection Set: 0.7ms
[2025-12-16T09:15:19.648+0000][4269.187s][info ][gc,phases   ] GC(93)   Merge Heap Roots: 0.5ms
[2025-12-16T09:15:19.648+0000][4269.187s][info ][gc,phases   ] GC(93)   Evacuate Collection Set: 6.1ms
[2025-12-16T09:15:19.648+0000][4269.187s][info ][gc,phases   ] GC(93)   Post Evacuate Collection Set: 3.6ms
[2025-12-16T09:15:19.648+0000][4269.187s][info ][gc,phases   ] GC(93)   Other: 0.6ms
[2025-12-16T09:15:19.648+0000][4269.187s][info ][gc,heap     ] GC(93) Eden regions: 334->0(335)
[2025-12-16T09:15:19.648+0000][4269.187s][info ][gc,heap     ] GC(93) Survivor regions: 2->2(42)
[2025-12-16T09:15:19.648+0000][4269.187s][info ][gc,heap     ] GC(93) Old regions: 387->387
[2025-12-16T09:15:19.648+0000][4269.187s][info ][gc,heap     ] GC(93) Archive regions: 2->2
[2025-12-16T09:15:19.648+0000][4269.187s][info ][gc,heap     ] GC(93) Humongous regions: 13->13
[2025-12-16T09:15:19.648+0000][4269.187s][info ][gc,metaspace] GC(93) Metaspace: 192135K(193536K)->192135K(193536K) NonClass: 168705K(169408K)->168705K(169408K) Class: 23429K(24128K)->23429K(24128K)
[2025-12-16T09:15:19.648+0000][4269.187s][info ][gc          ] GC(93) Pause Young (Normal) (G1 Evacuation Pause) 735M->401M(827M) 11.528ms
[2025-12-16T09:15:19.648+0000][4269.187s][info ][gc,cpu      ] GC(93) User=0.08s Sys=0.00s Real=0.02s
[2025-12-16T09:15:19.648+0000][4269.188s][info ][safepoint   ] Safepoint "G1CollectForAllocation", Time since last: 18431104571 ns, Reaching safepoint: 800339 ns, Cleanup: 8556 ns, At safepoint: 12186656 ns, Total: 12995551 ns
[2025-12-16T09:18:04.311+0000][4433.862s][debug][safepoint   ] Safepoint synchronization initiated using futex wait barrier. (250 threads)
[2025-12-16T09:18:04.312+0000][4433.862s][info ][safepoint   ] Safepoint "Cleanup", Time since last: 164674386005 ns, Reaching safepoint: 144557 ns, Cleanup: 19047 ns, At safepoint: 47571 ns, Total: 211175 ns
[2025-12-16T09:20:01.997+0000][4551.553s][debug][safepoint   ] Safepoint synchronization initiated using futex wait barrier. (250 threads)
[2025-12-16T09:20:01.997+0000][4551.553s][info ][gc,start    ] GC(94) Pause Young (Normal) (G1 Evacuation Pause)
[2025-12-16T09:20:01.997+0000][4551.553s][info ][gc,task     ] GC(94) Using 13 workers of 13 for evacuation
[2025-12-16T09:20:02.009+0000][4551.565s][info ][gc,phases   ] GC(94)   Pre Evacuate Collection Set: 1.4ms
[2025-12-16T09:20:02.009+0000][4551.565s][info ][gc,phases   ] GC(94)   Merge Heap Roots: 0.4ms
[2025-12-16T09:20:02.009+0000][4551.565s][info ][gc,phases   ] GC(94)   Evacuate Collection Set: 6.6ms
[2025-12-16T09:20:02.009+0000][4551.565s][info ][gc,phases   ] GC(94)   Post Evacuate Collection Set: 2.9ms
[2025-12-16T09:20:02.009+0000][4551.565s][info ][gc,phases   ] GC(94)   Other: 0.6ms
[2025-12-16T09:20:02.009+0000][4551.565s][info ][gc,heap     ] GC(94) Eden regions: 335->0(337)
[2025-12-16T09:20:02.009+0000][4551.565s][info ][gc,heap     ] GC(94) Survivor regions: 2->1(43)
[2025-12-16T09:20:02.009+0000][4551.565s][info ][gc,heap     ] GC(94) Old regions: 387->387
[2025-12-16T09:20:02.009+0000][4551.565s][info ][gc,heap     ] GC(94) Archive regions: 2->2
[2025-12-16T09:20:02.009+0000][4551.565s][info ][gc,heap     ] GC(94) Humongous regions: 13->13
[2025-12-16T09:20:02.009+0000][4551.565s][info ][gc,metaspace] GC(94) Metaspace: 192150K(193536K)->192150K(193536K) NonClass: 168721K(169408K)->168721K(169408K) Class: 23429K(24128K)->23429K(24128K)
[2025-12-16T09:20:02.009+0000][4551.565s][info ][gc          ] GC(94) Pause Young (Normal) (G1 Evacuation Pause) 736M->401M(827M) 12.013ms
[2025-12-16T09:20:02.009+0000][4551.565s][info ][gc,cpu      ] GC(94) User=0.08s Sys=0.01s Real=0.01s
[2025-12-16T09:20:02.011+0000][4551.567s][info ][safepoint   ] Safepoint "G1CollectForAllocation", Time since last: 117690652009 ns, Reaching safepoint: 116003 ns, Cleanup: 7424 ns, At safepoint: 13591253 ns, Total: 13714680 ns
[2025-12-16T09:20:22.011+0000][4571.569s][debug][safepoint   ] Safepoint synchronization initiated using futex wait barrier. (250 threads)
[2025-12-16T09:20:22.011+0000][4571.569s][info ][safepoint   ] Safepoint "Cleanup", Time since last: 20002542687 ns, Reaching safepoint: 112717 ns, Cleanup: 15249 ns, At safepoint: 5651 ns, Total: 133617 ns
[2025-12-16T09:20:43.013+0000][4592.572s][debug][safepoint   ] Safepoint synchronization initiated using futex wait barrier. (250 threads)
[2025-12-16T09:20:43.014+0000][4592.573s][info ][safepoint   ] Safepoint "Cleanup", Time since last: 21002821558 ns, Reaching safepoint: 895589 ns, Cleanup: 33374 ns, At safepoint: 45086 ns, Total: 974049 ns
[2025-12-16T09:20:44.897+0000][4594.457s][debug][safepoint   ] Safepoint synchronization initiated using futex wait barrier. (250 threads)
[2025-12-16T09:20:44.899+0000][4594.458s][info ][safepoint   ] Safepoint "Cleanup", Time since last: 1883620165 ns, Reaching safepoint: 744320 ns, Cleanup: 96275 ns, At safepoint: 466396 ns, Total: 1306991 ns
[2025-12-16T09:20:46.407+0000][4595.967s][debug][safepoint   ] Safepoint synchronization initiated using futex wait barrier. (253 threads)
[2025-12-16T09:20:46.408+0000][4595.967s][info ][safepoint   ] Safepoint "ICBufferFull", Time since last: 1508888175 ns, Reaching safepoint: 185020 ns, Cleanup: 197760 ns, At safepoint: 51129 ns, Total: 433909 ns
[2025-12-16T09:20:46.494+0000][4596.054s][debug][safepoint   ] ... found polling page loop exception at pc = 0x000070e9112a1d88, stub =0x000070e910a04400
[2025-12-16T09:20:48.129+0000][4597.689s][debug][safepoint   ] Safepoint synchronization initiated using futex wait barrier. (254 threads)
[2025-12-16T09:20:48.149+0000][4597.708s][info ][safepoint   ] Safepoint "Cleanup", Time since last: 1721639084 ns, Reaching safepoint: 17915433 ns, Cleanup: 231225 ns, At safepoint: 1128828 ns, Total: 19275486 ns
[2025-12-16T09:20:49.176+0000][4598.735s][debug][safepoint   ] Safepoint synchronization initiated using futex wait barrier. (253 threads)
[2025-12-16T09:20:49.176+0000][4598.736s][info ][safepoint   ] Safepoint "Cleanup", Time since last: 1026795714 ns, Reaching safepoint: 210955 ns, Cleanup: 65897 ns, At safepoint: 30298 ns, Total: 307150 ns
[2025-12-16T09:20:49.275+0000][4598.835s][debug][safepoint   ] Safepoint synchronization initiated using futex wait barrier. (253 threads)
[2025-12-16T09:20:49.275+0000][4598.835s][info ][gc,start    ] GC(95) Pause Young (Normal) (G1 Evacuation Pause)
[2025-12-16T09:20:49.275+0000][4598.835s][info ][gc,task     ] GC(95) Using 13 workers of 13 for evacuation
[2025-12-16T09:20:49.322+0000][4598.882s][info ][gc,phases   ] GC(95)   Pre Evacuate Collection Set: 0.5ms
[2025-12-16T09:20:49.322+0000][4598.882s][info ][gc,phases   ] GC(95)   Merge Heap Roots: 0.3ms
[2025-12-16T09:20:49.322+0000][4598.882s][info ][gc,phases   ] GC(95)   Evacuate Collection Set: 41.9ms
[2025-12-16T09:20:49.322+0000][4598.882s][info ][gc,phases   ] GC(95)   Post Evacuate Collection Set: 3.9ms
[2025-12-16T09:20:49.322+0000][4598.882s][info ][gc,phases   ] GC(95)   Other: 0.3ms
[2025-12-16T09:20:49.322+0000][4598.882s][info ][gc,heap     ] GC(95) Eden regions: 337->0(323)
[2025-12-16T09:20:49.322+0000][4598.882s][info ][gc,heap     ] GC(95) Survivor regions: 1->8(43)
[2025-12-16T09:20:49.322+0000][4598.882s][info ][gc,heap     ] GC(95) Old regions: 387->388
[2025-12-16T09:20:49.322+0000][4598.882s][info ][gc,heap     ] GC(95) Archive regions: 2->2
[2025-12-16T09:20:49.322+0000][4598.882s][info ][gc,heap     ] GC(95) Humongous regions: 30->13
[2025-12-16T09:20:49.322+0000][4598.882s][info ][gc,metaspace] GC(95) Metaspace: 195938K(197376K)->195938K(197376K) NonClass: 171931K(172672K)->171931K(172672K) Class: 24006K(24704K)->24006K(24704K)
[2025-12-16T09:20:49.322+0000][4598.882s][info ][gc          ] GC(95) Pause Young (Normal) (G1 Evacuation Pause) 755M->408M(827M) 46.930ms
[2025-12-16T09:20:49.322+0000][4598.882s][info ][gc,cpu      ] GC(95) User=0.54s Sys=0.00s Real=0.05s
[2025-12-16T09:20:49.324+0000][4598.883s][info ][safepoint   ] Safepoint "G1CollectForAllocation", Time since last: 99279909 ns, Reaching safepoint: 106755 ns, Cleanup: 27082 ns, At safepoint: 48529511 ns, Total: 48663348 ns
[2025-12-16T09:20:50.228+0000][4599.788s][debug][safepoint   ] Safepoint synchronization initiated using futex wait barrier. (256 threads)
[2025-12-16T09:20:50.228+0000][4599.788s][info ][safepoint   ] Safepoint "ICBufferFull", Time since last: 904086094 ns, Reaching safepoint: 71487 ns, Cleanup: 232527 ns, At safepoint: 52211 ns, Total: 356225 ns
[2025-12-16T09:20:50.972+0000][4600.531s][debug][safepoint   ] Safepoint synchronization initiated using futex wait barrier. (257 threads)
[2025-12-16T09:20:50.975+0000][4600.535s][info ][safepoint   ] Safepoint "ICBufferFull", Time since last: 743595236 ns, Reaching safepoint: 3332408 ns, Cleanup: 172853 ns, At safepoint: 138556 ns, Total: 3643817 ns
[2025-12-16T09:20:51.756+0000][4601.315s][debug][safepoint   ] Safepoint synchronization initiated using futex wait barrier. (264 threads)
[2025-12-16T09:20:51.756+0000][4601.316s][info ][gc,start    ] GC(96) Pause Young (Normal) (G1 Evacuation Pause)
[2025-12-16T09:20:51.756+0000][4601.316s][info ][gc,task     ] GC(96) Using 13 workers of 13 for evacuation
[2025-12-16T09:20:51.771+0000][4601.331s][info ][gc,phases   ] GC(96)   Pre Evacuate Collection Set: 0.5ms
[2025-12-16T09:20:51.771+0000][4601.331s][info ][gc,phases   ] GC(96)   Merge Heap Roots: 0.3ms
[2025-12-16T09:20:51.771+0000][4601.331s][info ][gc,phases   ] GC(96)   Evacuate Collection Set: 11.2ms
[2025-12-16T09:20:51.771+0000][4601.331s][info ][gc,phases   ] GC(96)   Post Evacuate Collection Set: 3.2ms
[2025-12-16T09:20:51.771+0000][4601.331s][info ][gc,phases   ] GC(96)   Other: 0.3ms
[2025-12-16T09:20:51.771+0000][4601.331s][info ][gc,heap     ] GC(96) Eden regions: 323->0(309)
[2025-12-16T09:20:51.771+0000][4601.331s][info ][gc,heap     ] GC(96) Survivor regions: 8->16(42)
[2025-12-16T09:20:51.771+0000][4601.331s][info ][gc,heap     ] GC(96) Old regions: 388->388
[2025-12-16T09:20:51.771+0000][4601.331s][info ][gc,heap     ] GC(96) Archive regions: 2->2
[2025-12-16T09:20:51.771+0000][4601.331s][info ][gc,heap     ] GC(96) Humongous regions: 13->13
[2025-12-16T09:20:51.771+0000][4601.331s][info ][gc,metaspace] GC(96) Metaspace: 198032K(199488K)->198032K(199488K) NonClass: 173836K(174592K)->173836K(174592K) Class: 24195K(24896K)->24195K(24896K)
[2025-12-16T09:20:51.772+0000][4601.331s][info ][gc          ] GC(96) Pause Young (Normal) (G1 Evacuation Pause) 731M->416M(827M) 15.516ms
[2025-12-16T09:20:51.772+0000][4601.331s][info ][gc,cpu      ] GC(96) User=0.14s Sys=0.00s Real=0.02s
[2025-12-16T09:20:51.773+0000][4601.332s][info ][safepoint   ] Safepoint "G1CollectForAllocation", Time since last: 780121678 ns, Reaching safepoint: 123377 ns, Cleanup: 188011 ns, At safepoint: 16903423 ns, Total: 17214811 ns
[2025-12-16T09:20:52.773+0000][4602.333s][debug][safepoint   ] Safepoint synchronization initiated using futex wait barrier. (264 threads)
[2025-12-16T09:20:52.773+0000][4602.333s][info ][safepoint   ] Safepoint "Cleanup", Time since last: 1000249828 ns, Reaching safepoint: 129569 ns, Cleanup: 181379 ns, At safepoint: 7765 ns, Total: 318713 ns
[2025-12-16T09:20:53.729+0000][4603.289s][debug][safepoint   ] Safepoint synchronization initiated using futex wait barrier. (264 threads)
[2025-12-16T09:20:53.730+0000][4603.289s][info ][safepoint   ] Safepoint "ICBufferFull", Time since last: 955536196 ns, Reaching safepoint: 414546 ns, Cleanup: 170057 ns, At safepoint: 47521 ns, Total: 632124 ns
[2025-12-16T09:20:53.730+0000][4603.289s][debug][safepoint   ] Safepoint synchronization initiated using futex wait barrier. (264 threads)
[2025-12-16T09:20:53.730+0000][4603.290s][debug][safepoint   ] ... found polling page loop exception at pc = 0x000070e90b826817, stub =0x000070e910a04400
[2025-12-16T09:20:53.730+0000][4603.290s][info ][safepoint   ] Safepoint "ICBufferFull", Time since last: 164106 ns, Reaching safepoint: 227366 ns, Cleanup: 6503 ns, At safepoint: 64263 ns, Total: 298132 ns
[2025-12-16T09:20:54.316+0000][4603.875s][debug][safepoint   ] Safepoint synchronization initiated using futex wait barrier. (277 threads)
[2025-12-16T09:20:54.316+0000][4603.876s][info ][gc,start    ] GC(97) Pause Young (Normal) (G1 Evacuation Pause)
[2025-12-16T09:20:54.316+0000][4603.876s][info ][gc,task     ] GC(97) Using 13 workers of 13 for evacuation
[2025-12-16T09:20:54.340+0000][4603.900s][info ][gc,phases   ] GC(97)   Pre Evacuate Collection Set: 0.4ms
[2025-12-16T09:20:54.340+0000][4603.900s][info ][gc,phases   ] GC(97)   Merge Heap Roots: 0.3ms
[2025-12-16T09:20:54.340+0000][4603.900s][info ][gc,phases   ] GC(97)   Evacuate Collection Set: 20.9ms
[2025-12-16T09:20:54.340+0000][4603.900s][info ][gc,phases   ] GC(97)   Post Evacuate Collection Set: 2.2ms
[2025-12-16T09:20:54.340+0000][4603.900s][info ][gc,phases   ] GC(97)   Other: 0.2ms
[2025-12-16T09:20:54.340+0000][4603.900s][info ][gc,heap     ] GC(97) Eden regions: 309->0(285)
[2025-12-16T09:20:54.340+0000][4603.900s][info ][gc,heap     ] GC(97) Survivor regions: 16->28(41)
[2025-12-16T09:20:54.340+0000][4603.900s][info ][gc,heap     ] GC(97) Old regions: 388->388
[2025-12-16T09:20:54.340+0000][4603.900s][info ][gc,heap     ] GC(97) Archive regions: 2->2
[2025-12-16T09:20:54.340+0000][4603.900s][info ][gc,heap     ] GC(97) Humongous regions: 13->13
[2025-12-16T09:20:54.340+0000][4603.900s][info ][gc,metaspace] GC(97) Metaspace: 198929K(200384K)->198929K(200384K) NonClass: 174623K(175360K)->174623K(175360K) Class: 24305K(25024K)->24305K(25024K)
[2025-12-16T09:20:54.340+0000][4603.900s][info ][gc          ] GC(97) Pause Young (Normal) (G1 Evacuation Pause) 725M->428M(827M) 24.207ms
[2025-12-16T09:20:54.340+0000][4603.900s][info ][gc,cpu      ] GC(97) User=0.27s Sys=0.00s Real=0.03s
[2025-12-16T09:20:54.341+0000][4603.901s][info ][safepoint   ] Safepoint "G1CollectForAllocation", Time since last: 585821682 ns, Reaching safepoint: 80564 ns, Cleanup: 97868 ns, At safepoint: 25393744 ns, Total: 25572176 ns
[2025-12-16T09:20:55.342+0000][4604.901s][debug][safepoint   ] Safepoint synchronization initiated using futex wait barrier. (285 threads)
[2025-12-16T09:20:55.342+0000][4604.902s][info ][safepoint   ] Safepoint "Cleanup", Time since last: 1000238437 ns, Reaching safepoint: 112295 ns, Cleanup: 128738 ns, At safepoint: 4859 ns, Total: 245892 ns
[2025-12-16T09:20:56.342+0000][4605.902s][debug][safepoint   ] Safepoint synchronization initiated using futex wait barrier. (283 threads)
[2025-12-16T09:20:56.342+0000][4605.902s][info ][safepoint   ] Safepoint "Cleanup", Time since last: 1000233021 ns, Reaching safepoint: 260240 ns, Cleanup: 33625 ns, At safepoint: 9749 ns, Total: 303614 ns
[2025-12-16T09:20:57.343+0000][4606.902s][debug][safepoint   ] Safepoint synchronization initiated using futex wait barrier. (283 threads)
[2025-12-16T09:20:57.343+0000][4606.903s][info ][safepoint   ] Safepoint "Cleanup", Time since last: 1000289325 ns, Reaching safepoint: 169236 ns, Cleanup: 34496 ns, At safepoint: 6232 ns, Total: 209964 ns
[2025-12-16T09:20:58.343+0000][4607.903s][debug][safepoint   ] Safepoint synchronization initiated using futex wait barrier. (282 threads)
[2025-12-16T09:20:58.343+0000][4607.903s][info ][safepoint   ] Safepoint "Cleanup", Time since last: 1000317069 ns, Reaching safepoint: 189524 ns, Cleanup: 33685 ns, At safepoint: 7535 ns, Total: 230744 ns
[2025-12-16T09:20:59.344+0000][4608.903s][debug][safepoint   ] Safepoint synchronization initiated using futex wait barrier. (282 threads)
[2025-12-16T09:20:59.344+0000][4608.904s][info ][safepoint   ] Safepoint "Cleanup", Time since last: 1000246498 ns, Reaching safepoint: 129749 ns, Cleanup: 36019 ns, At safepoint: 4860 ns, Total: 170628 ns
[2025-12-16T09:21:04.343+0000][4613.904s][debug][safepoint   ] Safepoint synchronization initiated using futex wait barrier. (282 threads)
[2025-12-16T09:21:04.343+0000][4613.904s][info ][safepoint   ] Safepoint "Cleanup", Time since last: 5000756088 ns, Reaching safepoint: 130728 ns, Cleanup: 14478 ns, At safepoint: 4799 ns, Total: 150005 ns
[2025-12-16T09:21:06.343+0000][4615.905s][debug][safepoint   ] Safepoint synchronization initiated using futex wait barrier. (282 threads)
[2025-12-16T09:21:06.343+0000][4615.905s][info ][safepoint   ] Safepoint "Cleanup", Time since last: 2000242615 ns, Reaching safepoint: 71696 ns, Cleanup: 17764 ns, At safepoint: 3516 ns, Total: 92976 ns
[2025-12-16T09:21:21.445+0000][4631.007s][debug][safepoint   ] Safepoint synchronization initiated using futex wait barrier. (282 threads)
[2025-12-16T09:21:21.446+0000][4631.007s][info ][safepoint   ] Safepoint "Cleanup", Time since last: 15102240235 ns, Reaching safepoint: 145139 ns, Cleanup: 47651 ns, At safepoint: 5170 ns, Total: 197960 ns
[2025-12-16T09:21:24.851+0000][4634.413s][debug][safepoint   ] Safepoint synchronization initiated using futex wait barrier. (282 threads)
[2025-12-16T09:21:24.851+0000][4634.413s][info ][gc,start    ] GC(98) Pause Young (Normal) (G1 Evacuation Pause)
[2025-12-16T09:21:24.851+0000][4634.413s][info ][gc,task     ] GC(98) Using 13 workers of 13 for evacuation
[2025-12-16T09:21:25.067+0000][4634.628s][info ][gc,phases   ] GC(98)   Pre Evacuate Collection Set: 0.7ms
[2025-12-16T09:21:25.067+0000][4634.629s][info ][gc,phases   ] GC(98)   Merge Heap Roots: 0.6ms
[2025-12-16T09:21:25.067+0000][4634.629s][info ][gc,phases   ] GC(98)   Evacuate Collection Set: 210.7ms
[2025-12-16T09:21:25.067+0000][4634.629s][info ][gc,phases   ] GC(98)   Post Evacuate Collection Set: 3.2ms
[2025-12-16T09:21:25.067+0000][4634.629s][info ][gc,phases   ] GC(98)   Other: 0.4ms
[2025-12-16T09:21:25.067+0000][4634.629s][info ][gc,heap     ] GC(98) Eden regions: 285->0(195)
[2025-12-16T09:21:25.067+0000][4634.629s][info ][gc,heap     ] GC(98) Survivor regions: 28->40(40)
[2025-12-16T09:21:25.067+0000][4634.629s][info ][gc,heap     ] GC(98) Old regions: 388->426
[2025-12-16T09:21:25.067+0000][4634.629s][info ][gc,heap     ] GC(98) Archive regions: 2->2
[2025-12-16T09:21:25.067+0000][4634.629s][info ][gc,heap     ] GC(98) Humongous regions: 17->17
[2025-12-16T09:21:25.067+0000][4634.629s][info ][gc,metaspace] GC(98) Metaspace: 199180K(200640K)->199180K(200640K) NonClass: 174849K(175616K)->174849K(175616K) Class: 24331K(25024K)->24331K(25024K)
[2025-12-16T09:21:25.067+0000][4634.629s][info ][gc          ] GC(98) Pause Young (Normal) (G1 Evacuation Pause) 717M->483M(827M) 215.739ms
[2025-12-16T09:21:25.067+0000][4634.629s][info ][gc,cpu      ] GC(98) User=2.72s Sys=0.00s Real=0.22s
[2025-12-16T09:21:25.068+0000][4634.630s][info ][safepoint   ] Safepoint "G1CollectForAllocation", Time since last: 3405478253 ns, Reaching safepoint: 94371 ns, Cleanup: 5761 ns, At safepoint: 216997601 ns, Total: 217097733 ns
[2025-12-16T09:21:49.070+0000][4658.633s][debug][safepoint   ] Safepoint synchronization initiated using futex wait barrier. (282 threads)
[2025-12-16T09:21:49.070+0000][4658.633s][info ][safepoint   ] Safepoint "Cleanup", Time since last: 24003123069 ns, Reaching safepoint: 130861 ns, Cleanup: 15720 ns, At safepoint: 4609 ns, Total: 151190 ns
[2025-12-16T09:21:52.070+0000][4661.633s][debug][safepoint   ] Safepoint synchronization initiated using futex wait barrier. (282 threads)
[2025-12-16T09:21:52.070+0000][4661.634s][info ][safepoint   ] Safepoint "Cleanup", Time since last: 3000365082 ns, Reaching safepoint: 102177 ns, Cleanup: 17173 ns, At safepoint: 4498 ns, Total: 123848 ns
[2025-12-16T09:21:55.071+0000][4664.634s][debug][safepoint   ] Safepoint synchronization initiated using futex wait barrier. (280 threads)
[2025-12-16T09:21:55.071+0000][4664.634s][info ][safepoint   ] Safepoint "Cleanup", Time since last: 3000627326 ns, Reaching safepoint: 184865 ns, Cleanup: 22543 ns, At safepoint: 7214 ns, Total: 214622 ns
[2025-12-16T09:21:59.072+0000][4668.635s][debug][safepoint   ] Safepoint synchronization initiated using futex wait barrier. (280 threads)
[2025-12-16T09:21:59.072+0000][4668.635s][info ][safepoint   ] Safepoint "Cleanup", Time since last: 4000520248 ns, Reaching safepoint: 113899 ns, Cleanup: 14558 ns, At safepoint: 43674 ns, Total: 172131 ns
[2025-12-16T09:22:08.070+0000][4677.636s][debug][safepoint   ] Safepoint synchronization initiated using futex wait barrier. (279 threads)
[2025-12-16T09:22:08.070+0000][4677.636s][info ][safepoint   ] Safepoint "Cleanup", Time since last: 9001077313 ns, Reaching safepoint: 81405 ns, Cleanup: 16822 ns, At safepoint: 3897 ns, Total: 102124 ns
[2025-12-16T09:23:08.482+0000][4738.055s][debug][safepoint   ] Safepoint synchronization initiated using futex wait barrier. (279 threads)
[2025-12-16T09:23:08.482+0000][4738.055s][info ][safepoint   ] Safepoint "Cleanup", Time since last: 60418473524 ns, Reaching safepoint: 113608 ns, Cleanup: 15981 ns, At safepoint: 4017 ns, Total: 133606 ns
[2025-12-16T09:23:17.513+0000][4747.086s][debug][safepoint   ] Safepoint synchronization initiated using futex wait barrier. (284 threads)
[2025-12-16T09:23:17.513+0000][4747.086s][info ][safepoint   ] Safepoint "Cleanup", Time since last: 9030829257 ns, Reaching safepoint: 185732 ns, Cleanup: 57741 ns, At safepoint: 100193 ns, Total: 343666 ns
[2025-12-16T09:23:18.696+0000][4748.269s][debug][safepoint   ] Safepoint synchronization initiated using futex wait barrier. (283 threads)
[2025-12-16T09:23:18.697+0000][4748.269s][info ][safepoint   ] Safepoint "Cleanup", Time since last: 1183209687 ns, Reaching safepoint: 109340 ns, Cleanup: 108248 ns, At safepoint: 6974 ns, Total: 224562 ns
[2025-12-16T09:23:19.697+0000][4749.270s][debug][safepoint   ] Safepoint synchronization initiated using futex wait barrier. (282 threads)
[2025-12-16T09:23:19.697+0000][4749.270s][info ][safepoint   ] Safepoint "Cleanup", Time since last: 1000161197 ns, Reaching safepoint: 115172 ns, Cleanup: 14137 ns, At safepoint: 4148 ns, Total: 133457 ns
[2025-12-16T09:23:20.697+0000][4750.270s][debug][safepoint   ] Safepoint synchronization initiated using futex wait barrier. (281 threads)
[2025-12-16T09:23:20.697+0000][4750.270s][info ][safepoint   ] Safepoint "Cleanup", Time since last: 1000194680 ns, Reaching safepoint: 234110 ns, Cleanup: 45768 ns, At safepoint: 9448 ns, Total: 289326 ns
[2025-12-16T09:23:21.698+0000][4751.270s][debug][safepoint   ] Safepoint synchronization initiated using futex wait barrier. (281 threads)
[2025-12-16T09:23:21.698+0000][4751.271s][info ][safepoint   ] Safepoint "Cleanup", Time since last: 1000189151 ns, Reaching safepoint: 78211 ns, Cleanup: 24046 ns, At safepoint: 3517 ns, Total: 105774 ns
[2025-12-16T09:23:22.698+0000][4752.271s][debug][safepoint   ] Safepoint synchronization initiated using futex wait barrier. (281 threads)
[2025-12-16T09:23:22.698+0000][4752.271s][info ][safepoint   ] Safepoint "Cleanup", Time since last: 1000145696 ns, Reaching safepoint: 126674 ns, Cleanup: 31190 ns, At safepoint: 3116 ns, Total: 160980 ns
[2025-12-16T09:23:23.698+0000][4753.271s][debug][safepoint   ] Safepoint synchronization initiated using futex wait barrier. (281 threads)
[2025-12-16T09:23:23.698+0000][4753.271s][info ][safepoint   ] Safepoint "Cleanup", Time since last: 1000186575 ns, Reaching safepoint: 107958 ns, Cleanup: 71658 ns, At safepoint: 4378 ns, Total: 183994 ns
[2025-12-16T09:23:24.425+0000][4753.998s][debug][safepoint   ] Safepoint synchronization initiated using futex wait barrier. (284 threads)
[2025-12-16T09:23:24.425+0000][4753.998s][info ][gc,start    ] GC(99) Pause Young (Concurrent Start) (G1 Evacuation Pause)
[2025-12-16T09:23:24.426+0000][4753.998s][info ][gc,task     ] GC(99) Using 13 workers of 13 for evacuation
[2025-12-16T09:23:24.503+0000][4754.076s][info ][gc,phases   ] GC(99)   Pre Evacuate Collection Set: 1.5ms
[2025-12-16T09:23:24.503+0000][4754.076s][info ][gc,phases   ] GC(99)   Merge Heap Roots: 0.5ms
[2025-12-16T09:23:24.503+0000][4754.076s][info ][gc,phases   ] GC(99)   Evacuate Collection Set: 66.6ms
[2025-12-16T09:23:24.503+0000][4754.076s][info ][gc,phases   ] GC(99)   Post Evacuate Collection Set: 2.0ms
[2025-12-16T09:23:24.503+0000][4754.076s][info ][gc,phases   ] GC(99)   Other: 7.0ms
[2025-12-16T09:23:24.503+0000][4754.076s][info ][gc,heap     ] GC(99) Eden regions: 195->0(197)
[2025-12-16T09:23:24.503+0000][4754.076s][info ][gc,heap     ] GC(99) Survivor regions: 40->7(30)
[2025-12-16T09:23:24.503+0000][4754.076s][info ][gc,heap     ] GC(99) Old regions: 426->468
[2025-12-16T09:23:24.503+0000][4754.076s][info ][gc,heap     ] GC(99) Archive regions: 2->2
[2025-12-16T09:23:24.503+0000][4754.076s][info ][gc,heap     ] GC(99) Humongous regions: 17->17
[2025-12-16T09:23:24.503+0000][4754.076s][info ][gc,metaspace] GC(99) Metaspace: 200633K(202176K)->200633K(202176K) NonClass: 176154K(176960K)->176154K(176960K) Class: 24478K(25216K)->24478K(25216K)
[2025-12-16T09:23:24.503+0000][4754.076s][info ][gc          ] GC(99) Pause Young (Concurrent Start) (G1 Evacuation Pause) 678M->492M(827M) 77.704ms
[2025-12-16T09:23:24.503+0000][4754.076s][info ][gc,cpu      ] GC(99) User=0.82s Sys=0.00s Real=0.07s
[2025-12-16T09:23:24.504+0000][4754.077s][info ][gc          ] GC(100) Concurrent Mark Cycle
[2025-12-16T09:23:24.505+0000][4754.077s][info ][gc,marking  ] GC(100) Concurrent Clear Claimed Marks
[2025-12-16T09:23:24.505+0000][4754.078s][info ][safepoint   ] Safepoint "G1CollectForAllocation", Time since last: 726732119 ns, Reaching safepoint: 77849 ns, Cleanup: 126564 ns, At safepoint: 79553391 ns, Total: 79757804 ns
[2025-12-16T09:23:24.505+0000][4754.078s][info ][gc,marking  ] GC(100) Concurrent Clear Claimed Marks 0.831ms
[2025-12-16T09:23:24.505+0000][4754.078s][info ][gc,marking  ] GC(100) Concurrent Scan Root Regions
[2025-12-16T09:23:24.629+0000][4754.202s][info ][gc,marking  ] GC(100) Concurrent Scan Root Regions 123.684ms
[2025-12-16T09:23:24.629+0000][4754.202s][info ][gc,marking  ] GC(100) Concurrent Mark
[2025-12-16T09:23:24.629+0000][4754.202s][info ][gc,marking  ] GC(100) Concurrent Mark From Roots
[2025-12-16T09:23:24.629+0000][4754.202s][info ][gc,task     ] GC(100) Using 3 workers of 3 for marking
[2025-12-16T09:23:25.272+0000][4754.845s][info ][gc,marking  ] GC(100) Concurrent Mark From Roots 642.460ms
[2025-12-16T09:23:25.272+0000][4754.845s][info ][gc,marking  ] GC(100) Concurrent Preclean
[2025-12-16T09:23:25.274+0000][4754.847s][info ][gc,marking  ] GC(100) Concurrent Preclean 2.279ms
[2025-12-16T09:23:25.275+0000][4754.847s][debug][safepoint   ] Safepoint synchronization initiated using futex wait barrier. (284 threads)
[2025-12-16T09:23:25.275+0000][4754.848s][info ][gc,start    ] GC(100) Pause Remark
[2025-12-16T09:23:25.510+0000][4755.083s][info ][gc          ] GC(100) Pause Remark 498M->354M(827M) 235.264ms
[2025-12-16T09:23:25.510+0000][4755.083s][info ][gc,cpu      ] GC(100) User=2.29s Sys=0.00s Real=0.23s
[2025-12-16T09:23:25.512+0000][4755.085s][info ][safepoint   ] Safepoint "G1PauseRemark", Time since last: 769678721 ns, Reaching safepoint: 48714 ns, Cleanup: 29697 ns, At safepoint: 237027632 ns, Total: 237106043 ns
[2025-12-16T09:23:25.512+0000][4755.085s][info ][gc,marking  ] GC(100) Concurrent Mark 882.579ms
[2025-12-16T09:23:25.512+0000][4755.085s][info ][gc,marking  ] GC(100) Concurrent Rebuild Remembered Sets
[2025-12-16T09:23:25.624+0000][4755.197s][info ][gc,marking  ] GC(100) Concurrent Rebuild Remembered Sets 112.156ms
[2025-12-16T09:23:25.624+0000][4755.197s][debug][safepoint   ] Safepoint synchronization initiated using futex wait barrier. (284 threads)
[2025-12-16T09:23:25.624+0000][4755.197s][info ][gc,start    ] GC(100) Pause Cleanup
[2025-12-16T09:23:25.625+0000][4755.198s][info ][gc          ] GC(100) Pause Cleanup 356M->356M(827M) 0.650ms
[2025-12-16T09:23:25.625+0000][4755.198s][info ][gc,cpu      ] GC(100) User=0.01s Sys=0.00s Real=0.00s
[2025-12-16T09:23:25.625+0000][4755.198s][info ][safepoint   ] Safepoint "G1PauseCleanup", Time since last: 112455527 ns, Reaching safepoint: 65637 ns, Cleanup: 23034 ns, At safepoint: 871627 ns, Total: 960298 ns
[2025-12-16T09:23:25.625+0000][4755.198s][info ][gc,marking  ] GC(100) Concurrent Cleanup for Next Mark
[2025-12-16T09:23:25.652+0000][4755.225s][info ][gc,marking  ] GC(100) Concurrent Cleanup for Next Mark 26.873ms
[2025-12-16T09:23:25.652+0000][4755.225s][info ][gc          ] GC(100) Concurrent Mark Cycle 1147.831ms
[2025-12-16T09:23:26.625+0000][4756.198s][debug][safepoint   ] Safepoint synchronization initiated using futex wait barrier. (284 threads)
[2025-12-16T09:23:26.626+0000][4756.198s][info ][safepoint   ] Safepoint "Cleanup", Time since last: 1000225948 ns, Reaching safepoint: 86597 ns, Cleanup: 38674 ns, At safepoint: 3737 ns, Total: 129008 ns
[2025-12-16T09:23:31.626+0000][4761.199s][debug][safepoint   ] Safepoint synchronization initiated using futex wait barrier. (283 threads)
[2025-12-16T09:23:31.626+0000][4761.199s][info ][safepoint   ] Safepoint "Cleanup", Time since last: 5000756025 ns, Reaching safepoint: 137154 ns, Cleanup: 24286 ns, At safepoint: 4780 ns, Total: 166220 ns
[2025-12-16T09:23:38.629+0000][4768.200s][debug][safepoint   ] Safepoint synchronization initiated using futex wait barrier. (283 threads)
[2025-12-16T09:23:38.630+0000][4768.201s][info ][safepoint   ] Safepoint "Cleanup", Time since last: 7001039609 ns, Reaching safepoint: 219262 ns, Cleanup: 27132 ns, At safepoint: 6824 ns, Total: 253218 ns
[2025-12-16T09:23:48.631+0000][4778.202s][debug][safepoint   ] Safepoint synchronization initiated using futex wait barrier. (287 threads)
[2025-12-16T09:23:48.632+0000][4778.202s][info ][safepoint   ] Safepoint "Cleanup", Time since last: 10001586319 ns, Reaching safepoint: 222177 ns, Cleanup: 132956 ns, At safepoint: 6322 ns, Total: 361455 ns
[2025-12-16T09:24:09.633+0000][4799.206s][debug][safepoint   ] Safepoint synchronization initiated using futex wait barrier. (282 threads)
[2025-12-16T09:24:09.633+0000][4799.206s][info ][safepoint   ] Safepoint "Cleanup", Time since last: 21003299459 ns, Reaching safepoint: 228912 ns, Cleanup: 30890 ns, At safepoint: 5261 ns, Total: 265063 ns
[2025-12-16T09:24:21.550+0000][4811.123s][debug][safepoint   ] Safepoint synchronization initiated using futex wait barrier. (282 threads)
[2025-12-16T09:24:21.550+0000][4811.123s][info ][safepoint   ] Safepoint "Cleanup", Time since last: 11916828020 ns, Reaching safepoint: 162974 ns, Cleanup: 37341 ns, At safepoint: 4980 ns, Total: 205295 ns
[2025-12-16T09:24:44.552+0000][4834.127s][debug][safepoint   ] Safepoint synchronization initiated using futex wait barrier. (279 threads)
[2025-12-16T09:24:44.552+0000][4834.127s][info ][safepoint   ] Safepoint "Cleanup", Time since last: 23003678553 ns, Reaching safepoint: 198805 ns, Cleanup: 28786 ns, At safepoint: 6051 ns, Total: 233642 ns
[2025-12-16T09:24:53.553+0000][4843.128s][debug][safepoint   ] Safepoint synchronization initiated using futex wait barrier. (279 threads)
[2025-12-16T09:24:53.553+0000][4843.128s][info ][safepoint   ] Safepoint "Cleanup", Time since last: 9001138218 ns, Reaching safepoint: 114960 ns, Cleanup: 17925 ns, At safepoint: 5641 ns, Total: 138526 ns
[2025-12-16T09:25:08.555+0000][4858.131s][debug][safepoint   ] Safepoint synchronization initiated using futex wait barrier. (279 threads)
[2025-12-16T09:25:08.555+0000][4858.131s][info ][safepoint   ] Safepoint "Cleanup", Time since last: 15002933304 ns, Reaching safepoint: 182750 ns, Cleanup: 28355 ns, At safepoint: 7223 ns, Total: 218328 ns
[2025-12-16T09:25:10.555+0000][4860.132s][debug][safepoint   ] Safepoint synchronization initiated using futex wait barrier. (280 threads)
[2025-12-16T09:25:10.556+0000][4860.132s][info ][safepoint   ] Safepoint "Cleanup", Time since last: 2000332868 ns, Reaching safepoint: 133355 ns, Cleanup: 44656 ns, At safepoint: 4619 ns, Total: 182630 ns
[2025-12-16T09:25:53.197+0000][4902.775s][debug][safepoint   ] Safepoint synchronization initiated using futex wait barrier. (279 threads)
[2025-12-16T09:25:53.198+0000][4902.776s][info ][gc,start    ] GC(101) Pause Young (Prepare Mixed) (G1 Evacuation Pause)
[2025-12-16T09:25:53.198+0000][4902.776s][info ][gc,task     ] GC(101) Using 13 workers of 13 for evacuation
[2025-12-16T09:25:53.220+0000][4902.798s][info ][gc,phases   ] GC(101)   Pre Evacuate Collection Set: 0.6ms
[2025-12-16T09:25:53.220+0000][4902.798s][info ][gc,phases   ] GC(101)   Merge Heap Roots: 0.6ms
[2025-12-16T09:25:53.220+0000][4902.798s][info ][gc,phases   ] GC(101)   Evacuate Collection Set: 18.0ms
[2025-12-16T09:25:53.220+0000][4902.798s][info ][gc,phases   ] GC(101)   Post Evacuate Collection Set: 2.8ms
[2025-12-16T09:25:53.220+0000][4902.798s][info ][gc,phases   ] GC(101)   Other: 0.5ms
[2025-12-16T09:25:53.220+0000][4902.798s][info ][gc,heap     ] GC(101) Eden regions: 197->0(37)
[2025-12-16T09:25:53.220+0000][4902.798s][info ][gc,heap     ] GC(101) Survivor regions: 7->4(26)
[2025-12-16T09:25:53.220+0000][4902.798s][info ][gc,heap     ] GC(101) Old regions: 341->341
[2025-12-16T09:25:53.220+0000][4902.798s][info ][gc,heap     ] GC(101) Archive regions: 2->2
[2025-12-16T09:25:53.220+0000][4902.798s][info ][gc,heap     ] GC(101) Humongous regions: 0->0
[2025-12-16T09:25:53.220+0000][4902.798s][info ][gc,metaspace] GC(101) Metaspace: 199682K(202304K)->199682K(202304K) NonClass: 175417K(177088K)->175417K(177088K) Class: 24265K(25216K)->24265K(25216K)
[2025-12-16T09:25:53.220+0000][4902.798s][info ][gc          ] GC(101) Pause Young (Prepare Mixed) (G1 Evacuation Pause) 545M->345M(827M) 22.443ms
[2025-12-16T09:25:53.220+0000][4902.798s][info ][gc,cpu      ] GC(101) User=0.21s Sys=0.01s Real=0.02s
[2025-12-16T09:25:53.221+0000][4902.799s][info ][safepoint   ] Safepoint "G1CollectForAllocation", Time since last: 42643037926 ns, Reaching safepoint: 354960 ns, Cleanup: 11783 ns, At safepoint: 23310104 ns, Total: 23676847 ns
[2025-12-16T09:26:12.222+0000][4921.802s][debug][safepoint   ] Safepoint synchronization initiated using futex wait barrier. (279 threads)
[2025-12-16T09:26:12.222+0000][4921.802s][info ][safepoint   ] Safepoint "Cleanup", Time since last: 19003064799 ns, Reaching safepoint: 294044 ns, Cleanup: 30027 ns, At safepoint: 30369 ns, Total: 354440 ns
[2025-12-16T09:26:22.224+0000][4931.804s][debug][safepoint   ] Safepoint synchronization initiated using futex wait barrier. (279 threads)
[2025-12-16T09:26:22.224+0000][4931.804s][info ][safepoint   ] Safepoint "Cleanup", Time since last: 10001793051 ns, Reaching safepoint: 135721 ns, Cleanup: 41469 ns, At safepoint: 73541 ns, Total: 250731 ns
[2025-12-16T09:26:22.276+0000][4931.856s][debug][safepoint   ] Safepoint synchronization initiated using futex wait barrier. (279 threads)
[2025-12-16T09:26:22.277+0000][4931.856s][info ][gc,start    ] GC(102) Pause Young (Mixed) (G1 Evacuation Pause)
[2025-12-16T09:26:22.277+0000][4931.856s][info ][gc,task     ] GC(102) Using 13 workers of 13 for evacuation
[2025-12-16T09:26:22.311+0000][4931.891s][info ][gc,phases   ] GC(102)   Pre Evacuate Collection Set: 0.6ms
[2025-12-16T09:26:22.311+0000][4931.891s][info ][gc,phases   ] GC(102)   Merge Heap Roots: 0.6ms
[2025-12-16T09:26:22.311+0000][4931.891s][info ][gc,phases   ] GC(102)   Evacuate Collection Set: 29.5ms
[2025-12-16T09:26:22.311+0000][4931.891s][info ][gc,phases   ] GC(102)   Post Evacuate Collection Set: 3.3ms
[2025-12-16T09:26:22.311+0000][4931.891s][info ][gc,phases   ] GC(102)   Other: 0.4ms
[2025-12-16T09:26:22.311+0000][4931.891s][info ][gc,heap     ] GC(102) Eden regions: 37->0(38)
[2025-12-16T09:26:22.311+0000][4931.891s][info ][gc,heap     ] GC(102) Survivor regions: 4->3(6)
[2025-12-16T09:26:22.311+0000][4931.891s][info ][gc,heap     ] GC(102) Old regions: 341->262
[2025-12-16T09:26:22.311+0000][4931.891s][info ][gc,heap     ] GC(102) Archive regions: 2->2
[2025-12-16T09:26:22.311+0000][4931.891s][info ][gc,heap     ] GC(102) Humongous regions: 0->0
[2025-12-16T09:26:22.311+0000][4931.891s][info ][gc,metaspace] GC(102) Metaspace: 199698K(202304K)->199698K(202304K) NonClass: 175433K(177088K)->175433K(177088K) Class: 24265K(25216K)->24265K(25216K)
[2025-12-16T09:26:22.311+0000][4931.891s][info ][gc          ] GC(102) Pause Young (Mixed) (G1 Evacuation Pause) 382M->265M(827M) 34.430ms
[2025-12-16T09:26:22.311+0000][4931.891s][info ][gc,cpu      ] GC(102) User=0.39s Sys=0.00s Real=0.04s
[2025-12-16T09:26:22.312+0000][4931.892s][info ][safepoint   ] Safepoint "G1CollectForAllocation", Time since last: 52106164 ns, Reaching safepoint: 93760 ns, Cleanup: 6161 ns, At safepoint: 35783947 ns, Total: 35883868 ns
[2025-12-16T09:26:52.636+0000][4962.218s][debug][safepoint   ] Safepoint synchronization initiated using futex wait barrier. (278 threads)
[2025-12-16T09:26:52.636+0000][4962.218s][info ][gc,start    ] GC(103) Pause Young (Mixed) (G1 Evacuation Pause)
[2025-12-16T09:26:52.636+0000][4962.218s][info ][gc,task     ] GC(103) Using 13 workers of 13 for evacuation
[2025-12-16T09:26:52.702+0000][4962.284s][info ][gc,phases   ] GC(103)   Pre Evacuate Collection Set: 0.5ms
[2025-12-16T09:26:52.702+0000][4962.284s][info ][gc,phases   ] GC(103)   Merge Heap Roots: 0.6ms
[2025-12-16T09:26:52.702+0000][4962.284s][info ][gc,phases   ] GC(103)   Evacuate Collection Set: 61.8ms
[2025-12-16T09:26:52.702+0000][4962.284s][info ][gc,phases   ] GC(103)   Post Evacuate Collection Set: 2.7ms
[2025-12-16T09:26:52.702+0000][4962.284s][info ][gc,phases   ] GC(103)   Other: 0.7ms
[2025-12-16T09:26:52.702+0000][4962.284s][info ][gc,heap     ] GC(103) Eden regions: 38->0(445)
[2025-12-16T09:26:52.702+0000][4962.284s][info ][gc,heap     ] GC(103) Survivor regions: 3->3(6)
[2025-12-16T09:26:52.702+0000][4962.284s][info ][gc,heap     ] GC(103) Old regions: 262->240
[2025-12-16T09:26:52.702+0000][4962.284s][info ][gc,heap     ] GC(103) Archive regions: 2->2
[2025-12-16T09:26:52.702+0000][4962.284s][info ][gc,heap     ] GC(103) Humongous regions: 0->0
[2025-12-16T09:26:52.702+0000][4962.284s][info ][gc,metaspace] GC(103) Metaspace: 199698K(202304K)->199698K(202304K) NonClass: 175433K(177088K)->175433K(177088K) Class: 24265K(25216K)->24265K(25216K)
[2025-12-16T09:26:52.702+0000][4962.284s][info ][gc          ] GC(103) Pause Young (Mixed) (G1 Evacuation Pause) 303M->243M(827M) 66.227ms
[2025-12-16T09:26:52.702+0000][4962.284s][info ][gc,cpu      ] GC(103) User=0.73s Sys=0.00s Real=0.07s
[2025-12-16T09:26:52.704+0000][4962.285s][info ][safepoint   ] Safepoint "G1CollectForAllocation", Time since last: 30325436277 ns, Reaching safepoint: 113709 ns, Cleanup: 7755 ns, At safepoint: 67692494 ns, Total: 67813958 ns
[2025-12-16T09:27:12.706+0000][4982.289s][debug][safepoint   ] Safepoint synchronization initiated using futex wait barrier. (277 threads)
[2025-12-16T09:27:12.706+0000][4982.289s][info ][safepoint   ] Safepoint "Cleanup", Time since last: 20003205695 ns, Reaching safepoint: 115711 ns, Cleanup: 17484 ns, At safepoint: 6653 ns, Total: 139848 ns
[2025-12-16T09:27:21.707+0000][4991.290s][debug][safepoint   ] Safepoint synchronization initiated using futex wait barrier. (277 threads)
[2025-12-16T09:27:21.707+0000][4991.290s][info ][safepoint   ] Safepoint "Cleanup", Time since last: 9001486908 ns, Reaching safepoint: 149497 ns, Cleanup: 17693 ns, At safepoint: 5261 ns, Total: 172451 ns
[2025-12-16T09:27:25.708+0000][4995.291s][debug][safepoint   ] Safepoint synchronization initiated using futex wait barrier. (277 threads)
[2025-12-16T09:27:25.709+0000][4995.292s][info ][safepoint   ] Safepoint "Cleanup", Time since last: 4000787447 ns, Reaching safepoint: 313301 ns, Cleanup: 22964 ns, At safepoint: 52550 ns, Total: 388815 ns
[2025-12-16T09:28:08.722+0000][5038.308s][debug][safepoint   ] Safepoint synchronization initiated using futex wait barrier. (276 threads)
[2025-12-16T09:28:08.722+0000][5038.309s][info ][safepoint   ] Safepoint "Cleanup", Time since last: 43016528618 ns, Reaching safepoint: 355381 ns, Cleanup: 24767 ns, At safepoint: 176087 ns, Total: 556235 ns
[2025-12-16T09:28:13.723+0000][5043.309s][debug][safepoint   ] Safepoint synchronization initiated using futex wait barrier. (277 threads)
[2025-12-16T09:28:13.723+0000][5043.309s][info ][safepoint   ] Safepoint "Cleanup", Time since last: 5000749993 ns, Reaching safepoint: 77669 ns, Cleanup: 13025 ns, At safepoint: 3006 ns, Total: 93700 ns
[2025-12-16T09:29:14.728+0000][5104.318s][debug][safepoint   ] Safepoint synchronization initiated using futex wait barrier. (277 threads)
[2025-12-16T09:29:14.728+0000][5104.318s][info ][safepoint   ] Safepoint "Cleanup", Time since last: 61008787216 ns, Reaching safepoint: 97707 ns, Cleanup: 16922 ns, At safepoint: 3547 ns, Total: 118176 ns
[2025-12-16T09:30:36.743+0000][5186.338s][debug][safepoint   ] Safepoint synchronization initiated using futex wait barrier. (273 threads)
[2025-12-16T09:30:36.745+0000][5186.340s][info ][safepoint   ] Safepoint "Cleanup", Time since last: 82019578998 ns, Reaching safepoint: 1098341 ns, Cleanup: 13797 ns, At safepoint: 469319 ns, Total: 1581457 ns
[2025-12-16T09:31:16.769+0000][5226.367s][debug][safepoint   ] Safepoint synchronization initiated using futex wait barrier. (273 threads)
[2025-12-16T09:31:16.770+0000][5226.367s][info ][safepoint   ] Safepoint "Cleanup", Time since last: 40027713366 ns, Reaching safepoint: 102660 ns, Cleanup: 16382 ns, At safepoint: 4418 ns, Total: 123460 ns
[2025-12-16T09:31:21.770+0000][5231.368s][debug][safepoint   ] Safepoint synchronization initiated using futex wait barrier. (273 threads)
[2025-12-16T09:31:21.770+0000][5231.368s][info ][safepoint   ] Safepoint "Cleanup", Time since last: 5000687311 ns, Reaching safepoint: 147988 ns, Cleanup: 34276 ns, At safepoint: 4178 ns, Total: 186442 ns
[2025-12-16T09:31:34.771+0000][5244.370s][debug][safepoint   ] Safepoint synchronization initiated using futex wait barrier. (272 threads)
[2025-12-16T09:31:34.771+0000][5244.370s][info ][safepoint   ] Safepoint "Cleanup", Time since last: 13001844060 ns, Reaching safepoint: 280178 ns, Cleanup: 26541 ns, At safepoint: 7344 ns, Total: 314063 ns
[2025-12-16T09:32:28.803+0000][5298.404s][debug][safepoint   ] Safepoint synchronization initiated using futex wait barrier. (273 threads)
[2025-12-16T09:32:28.803+0000][5298.405s][info ][safepoint   ] Safepoint "Cleanup", Time since last: 54033448180 ns, Reaching safepoint: 497375 ns, Cleanup: 18826 ns, At safepoint: 270429 ns, Total: 786630 ns
[2025-12-16T09:32:48.805+0000][5318.407s][debug][safepoint   ] Safepoint synchronization initiated using futex wait barrier. (273 threads)
[2025-12-16T09:32:48.805+0000][5318.408s][info ][safepoint   ] Safepoint "Cleanup", Time since last: 20002850357 ns, Reaching safepoint: 146581 ns, Cleanup: 16001 ns, At safepoint: 5190 ns, Total: 167772 ns
[2025-12-16T09:33:06.025+0000][5335.630s][debug][safepoint   ] Safepoint synchronization initiated using futex wait barrier. (273 threads)
[2025-12-16T09:33:06.025+0000][5335.630s][info ][gc,start    ] GC(104) Pause Young (Concurrent Start) (G1 Evacuation Pause)
[2025-12-16T09:33:06.025+0000][5335.630s][info ][gc,task     ] GC(104) Using 13 workers of 13 for evacuation
[2025-12-16T09:33:06.054+0000][5335.659s][info ][gc,phases   ] GC(104)   Pre Evacuate Collection Set: 1.6ms
[2025-12-16T09:33:06.054+0000][5335.659s][info ][gc,phases   ] GC(104)   Merge Heap Roots: 1.0ms
[2025-12-16T09:33:06.054+0000][5335.659s][info ][gc,phases   ] GC(104)   Evacuate Collection Set: 17.4ms
[2025-12-16T09:33:06.054+0000][5335.659s][info ][gc,phases   ] GC(104)   Post Evacuate Collection Set: 5.3ms
[2025-12-16T09:33:06.054+0000][5335.659s][info ][gc,phases   ] GC(104)   Other: 3.6ms
[2025-12-16T09:33:06.054+0000][5335.659s][info ][gc,heap     ] GC(104) Eden regions: 445->0(455)
[2025-12-16T09:33:06.054+0000][5335.659s][info ][gc,heap     ] GC(104) Survivor regions: 3->4(56)
[2025-12-16T09:33:06.054+0000][5335.659s][info ][gc,heap     ] GC(104) Old regions: 240->240
[2025-12-16T09:33:06.054+0000][5335.659s][info ][gc,heap     ] GC(104) Archive regions: 2->2
[2025-12-16T09:33:06.054+0000][5335.659s][info ][gc,heap     ] GC(104) Humongous regions: 0->0
[2025-12-16T09:33:06.054+0000][5335.659s][info ][gc,metaspace] GC(104) Metaspace: 199734K(202304K)->199734K(202304K) NonClass: 175468K(177088K)->175468K(177088K) Class: 24265K(25216K)->24265K(25216K)
[2025-12-16T09:33:06.054+0000][5335.659s][info ][gc          ] GC(104) Pause Young (Concurrent Start) (G1 Evacuation Pause) 688M->243M(827M) 28.780ms
[2025-12-16T09:33:06.054+0000][5335.659s][info ][gc,cpu      ] GC(104) User=0.25s Sys=0.00s Real=0.03s
[2025-12-16T09:33:06.055+0000][5335.660s][info ][gc          ] GC(105) Concurrent Mark Cycle
[2025-12-16T09:33:06.055+0000][5335.660s][info ][gc,marking  ] GC(105) Concurrent Clear Claimed Marks
[2025-12-16T09:33:06.055+0000][5335.660s][info ][gc,marking  ] GC(105) Concurrent Clear Claimed Marks 0.575ms
[2025-12-16T09:33:06.055+0000][5335.660s][info ][gc,marking  ] GC(105) Concurrent Scan Root Regions
[2025-12-16T09:33:06.055+0000][5335.660s][info ][safepoint   ] Safepoint "G1CollectForAllocation", Time since last: 17221914571 ns, Reaching safepoint: 165717 ns, Cleanup: 28555 ns, At safepoint: 30474702 ns, Total: 30668974 ns
[2025-12-16T09:33:06.141+0000][5335.746s][info ][gc,marking  ] GC(105) Concurrent Scan Root Regions 86.037ms
[2025-12-16T09:33:06.142+0000][5335.746s][info ][gc,marking  ] GC(105) Concurrent Mark
[2025-12-16T09:33:06.142+0000][5335.746s][info ][gc,marking  ] GC(105) Concurrent Mark From Roots
[2025-12-16T09:33:06.142+0000][5335.746s][info ][gc,task     ] GC(105) Using 3 workers of 3 for marking
[2025-12-16T09:33:06.576+0000][5336.180s][info ][gc,marking  ] GC(105) Concurrent Mark From Roots 434.083ms
[2025-12-16T09:33:06.576+0000][5336.181s][info ][gc,marking  ] GC(105) Concurrent Preclean
[2025-12-16T09:33:06.576+0000][5336.181s][info ][gc,marking  ] GC(105) Concurrent Preclean 0.554ms
[2025-12-16T09:33:06.576+0000][5336.181s][debug][safepoint   ] Safepoint synchronization initiated using futex wait barrier. (273 threads)
[2025-12-16T09:33:06.577+0000][5336.181s][info ][gc,start    ] GC(105) Pause Remark
[2025-12-16T09:33:06.849+0000][5336.454s][info ][gc          ] GC(105) Pause Remark 251M->208M(704M) 272.915ms
[2025-12-16T09:33:06.850+0000][5336.454s][info ][gc,cpu      ] GC(105) User=3.50s Sys=0.00s Real=0.27s
[2025-12-16T09:33:06.852+0000][5336.456s][info ][safepoint   ] Safepoint "G1PauseRemark", Time since last: 521030290 ns, Reaching safepoint: 59103 ns, Cleanup: 15229 ns, At safepoint: 275100417 ns, Total: 275174749 ns
[2025-12-16T09:33:06.852+0000][5336.457s][info ][gc,marking  ] GC(105) Concurrent Mark 710.156ms
[2025-12-16T09:33:06.852+0000][5336.457s][info ][gc,marking  ] GC(105) Concurrent Rebuild Remembered Sets
[2025-12-16T09:33:06.916+0000][5336.521s][info ][gc,marking  ] GC(105) Concurrent Rebuild Remembered Sets 64.423ms
[2025-12-16T09:33:06.916+0000][5336.521s][debug][safepoint   ] Safepoint synchronization initiated using futex wait barrier. (273 threads)
[2025-12-16T09:33:06.916+0000][5336.521s][info ][gc,start    ] GC(105) Pause Cleanup
[2025-12-16T09:33:06.917+0000][5336.522s][info ][gc          ] GC(105) Pause Cleanup 208M->208M(704M) 0.466ms
[2025-12-16T09:33:06.917+0000][5336.522s][info ][gc,cpu      ] GC(105) User=0.00s Sys=0.00s Real=0.00s
[2025-12-16T09:33:06.917+0000][5336.522s][info ][safepoint   ] Safepoint "G1PauseCleanup", Time since last: 64684120 ns, Reaching safepoint: 45116 ns, Cleanup: 30919 ns, At safepoint: 605792 ns, Total: 681827 ns
[2025-12-16T09:33:06.917+0000][5336.522s][info ][gc,marking  ] GC(105) Concurrent Cleanup for Next Mark
[2025-12-16T09:33:06.932+0000][5336.537s][info ][gc,marking  ] GC(105) Concurrent Cleanup for Next Mark 14.760ms
[2025-12-16T09:33:06.932+0000][5336.537s][info ][gc          ] GC(105) Concurrent Mark Cycle 877.187ms
[2025-12-16T09:33:21.841+0000][5351.446s][debug][safepoint   ] Safepoint synchronization initiated using futex wait barrier. (274 threads)
[2025-12-16T09:33:21.841+0000][5351.446s][info ][safepoint   ] Safepoint "Cleanup", Time since last: 14923774217 ns, Reaching safepoint: 166931 ns, Cleanup: 30078 ns, At safepoint: 4138 ns, Total: 201147 ns
[2025-12-16T09:33:33.842+0000][5363.448s][debug][safepoint   ] Safepoint synchronization initiated using futex wait barrier. (273 threads)
[2025-12-16T09:33:33.842+0000][5363.448s][info ][safepoint   ] Safepoint "Cleanup", Time since last: 12002218800 ns, Reaching safepoint: 175907 ns, Cleanup: 27563 ns, At safepoint: 5701 ns, Total: 209171 ns
[2025-12-16T09:34:13.846+0000][5403.454s][debug][safepoint   ] Safepoint synchronization initiated using futex wait barrier. (270 threads)
[2025-12-16T09:34:13.846+0000][5403.455s][info ][safepoint   ] Safepoint "Cleanup", Time since last: 40006028202 ns, Reaching safepoint: 273985 ns, Cleanup: 27123 ns, At safepoint: 30218 ns, Total: 331326 ns
[2025-12-16T09:34:19.874+0000][5409.483s][debug][safepoint   ] Safepoint synchronization initiated using futex wait barrier. (270 threads)
[2025-12-16T09:34:19.875+0000][5409.483s][info ][safepoint   ] Safepoint "Cleanup", Time since last: 6028092646 ns, Reaching safepoint: 179575 ns, Cleanup: 25890 ns, At safepoint: 4949 ns, Total: 210414 ns
[2025-12-16T09:35:33.911+0000][5483.525s][debug][safepoint   ] Safepoint synchronization initiated using futex wait barrier. (269 threads)
[2025-12-16T09:35:33.911+0000][5483.525s][info ][safepoint   ] Safepoint "Cleanup", Time since last: 74041978357 ns, Reaching safepoint: 88740 ns, Cleanup: 13957 ns, At safepoint: 3156 ns, Total: 105853 ns
[2025-12-16T09:36:25.951+0000][5535.566s][debug][safepoint   ] Safepoint synchronization initiated using futex wait barrier. (266 threads)
[2025-12-16T09:36:25.951+0000][5535.566s][info ][safepoint   ] Safepoint "Cleanup", Time since last: 52041316486 ns, Reaching safepoint: 87548 ns, Cleanup: 11722 ns, At safepoint: 2966 ns, Total: 102236 ns
[2025-12-16T09:36:53.954+0000][5563.571s][debug][safepoint   ] Safepoint synchronization initiated using futex wait barrier. (266 threads)
[2025-12-16T09:36:53.954+0000][5563.571s][info ][safepoint   ] Safepoint "Cleanup", Time since last: 28004548652 ns, Reaching safepoint: 143005 ns, Cleanup: 24236 ns, At safepoint: 4739 ns, Total: 171980 ns
[2025-12-16T09:37:21.983+0000][5591.602s][debug][safepoint   ] Safepoint synchronization initiated using futex wait barrier. (265 threads)
[2025-12-16T09:37:21.983+0000][5591.602s][info ][safepoint   ] Safepoint "Cleanup", Time since last: 28030548475 ns, Reaching safepoint: 139458 ns, Cleanup: 17634 ns, At safepoint: 6041 ns, Total: 163133 ns
[2025-12-16T09:37:22.983+0000][5592.602s][debug][safepoint   ] Safepoint synchronization initiated using futex wait barrier. (266 threads)
[2025-12-16T09:37:22.983+0000][5592.602s][info ][safepoint   ] Safepoint "Cleanup", Time since last: 1000160083 ns, Reaching safepoint: 144919 ns, Cleanup: 87618 ns, At safepoint: 8166 ns, Total: 240703 ns
[2025-12-16T09:37:33.981+0000][5603.604s][debug][safepoint   ] Safepoint synchronization initiated using futex wait barrier. (265 threads)
[2025-12-16T09:37:33.981+0000][5603.604s][info ][safepoint   ] Safepoint "Cleanup", Time since last: 11001491810 ns, Reaching safepoint: 170075 ns, Cleanup: 30839 ns, At safepoint: 8526 ns, Total: 209440 ns
[2025-12-16T09:38:13.984+0000][5643.609s][debug][safepoint   ] Safepoint synchronization initiated using futex wait barrier. (265 threads)
[2025-12-16T09:38:13.985+0000][5643.610s][info ][safepoint   ] Safepoint "Cleanup", Time since last: 40005429892 ns, Reaching safepoint: 189867 ns, Cleanup: 20209 ns, At safepoint: 7305 ns, Total: 217381 ns
[2025-12-16T09:38:56.868+0000][5686.495s][debug][safepoint   ] Safepoint synchronization initiated using futex wait barrier. (264 threads)
[2025-12-16T09:38:56.870+0000][5686.497s][info ][gc,start    ] GC(106) Pause Young (Prepare Mixed) (G1 Evacuation Pause)
[2025-12-16T09:38:56.870+0000][5686.497s][info ][gc,task     ] GC(106) Using 13 workers of 13 for evacuation
[2025-12-16T09:38:56.927+0000][5686.554s][info ][gc,phases   ] GC(106)   Pre Evacuate Collection Set: 2.2ms
[2025-12-16T09:38:56.927+0000][5686.554s][info ][gc,phases   ] GC(106)   Merge Heap Roots: 2.0ms
[2025-12-16T09:38:56.927+0000][5686.554s][info ][gc,phases   ] GC(106)   Evacuate Collection Set: 41.0ms
[2025-12-16T09:38:56.927+0000][5686.554s][info ][gc,phases   ] GC(106)   Post Evacuate Collection Set: 10.7ms
[2025-12-16T09:38:56.927+0000][5686.554s][info ][gc,phases   ] GC(106)   Other: 2.0ms
[2025-12-16T09:38:56.927+0000][5686.554s][info ][gc,heap     ] GC(106) Eden regions: 418->0(31)
[2025-12-16T09:38:56.927+0000][5686.554s][info ][gc,heap     ] GC(106) Survivor regions: 4->4(53)
[2025-12-16T09:38:56.927+0000][5686.554s][info ][gc,heap     ] GC(106) Old regions: 197->197
[2025-12-16T09:38:56.927+0000][5686.554s][info ][gc,heap     ] GC(106) Archive regions: 2->2
[2025-12-16T09:38:56.927+0000][5686.554s][info ][gc,heap     ] GC(106) Humongous regions: 0->0
[2025-12-16T09:38:56.927+0000][5686.554s][info ][gc,metaspace] GC(106) Metaspace: 199797K(202304K)->199797K(202304K) NonClass: 175531K(177088K)->175531K(177088K) Class: 24266K(25216K)->24266K(25216K)
[2025-12-16T09:38:56.927+0000][5686.555s][info ][gc          ] GC(106) Pause Young (Prepare Mixed) (G1 Evacuation Pause) 618M->201M(704M) 57.780ms
[2025-12-16T09:38:56.928+0000][5686.555s][info ][gc,cpu      ] GC(106) User=0.62s Sys=0.00s Real=0.06s
[2025-12-16T09:38:56.929+0000][5686.556s][info ][safepoint   ] Safepoint "G1CollectForAllocation", Time since last: 42885667693 ns, Reaching safepoint: 1093147 ns, Cleanup: 16281 ns, At safepoint: 59529349 ns, Total: 60638777 ns
[2025-12-16T09:39:21.717+0000][5711.346s][debug][safepoint   ] Safepoint synchronization initiated using futex wait barrier. (264 threads)
[2025-12-16T09:39:21.720+0000][5711.349s][info ][gc,start    ] GC(107) Pause Young (Mixed) (G1 Evacuation Pause)
[2025-12-16T09:39:21.720+0000][5711.349s][info ][gc,task     ] GC(107) Using 13 workers of 13 for evacuation
[2025-12-16T09:39:21.836+0000][5711.465s][info ][gc,phases   ] GC(107)   Pre Evacuate Collection Set: 0.7ms
[2025-12-16T09:39:21.836+0000][5711.465s][info ][gc,phases   ] GC(107)   Merge Heap Roots: 4.1ms
[2025-12-16T09:39:21.836+0000][5711.465s][info ][gc,phases   ] GC(107)   Evacuate Collection Set: 106.9ms
[2025-12-16T09:39:21.836+0000][5711.465s][info ][gc,phases   ] GC(107)   Post Evacuate Collection Set: 3.7ms
[2025-12-16T09:39:21.836+0000][5711.465s][info ][gc,phases   ] GC(107)   Other: 0.9ms
[2025-12-16T09:39:21.836+0000][5711.465s][info ][gc,heap     ] GC(107) Eden regions: 31->0(420)
[2025-12-16T09:39:21.836+0000][5711.465s][info ][gc,heap     ] GC(107) Survivor regions: 4->2(5)
[2025-12-16T09:39:21.836+0000][5711.465s][info ][gc,heap     ] GC(107) Old regions: 197->174
[2025-12-16T09:39:21.836+0000][5711.465s][info ][gc,heap     ] GC(107) Archive regions: 2->2
[2025-12-16T09:39:21.836+0000][5711.465s][info ][gc,heap     ] GC(107) Humongous regions: 0->0
[2025-12-16T09:39:21.836+0000][5711.465s][info ][gc,metaspace] GC(107) Metaspace: 199797K(202304K)->199797K(202304K) NonClass: 175531K(177088K)->175531K(177088K) Class: 24266K(25216K)->24266K(25216K)
[2025-12-16T09:39:21.836+0000][5711.465s][info ][gc          ] GC(107) Pause Young (Mixed) (G1 Evacuation Pause) 232M->175M(704M) 116.338ms
[2025-12-16T09:39:21.836+0000][5711.465s][info ][gc,cpu      ] GC(107) User=1.37s Sys=0.00s Real=0.11s
[2025-12-16T09:39:21.838+0000][5711.467s][info ][safepoint   ] Safepoint "G1CollectForAllocation", Time since last: 24790621476 ns, Reaching safepoint: 2319774 ns, Cleanup: 35088 ns, At safepoint: 118205034 ns, Total: 120559896 ns
[2025-12-16T09:40:21.841+0000][5771.476s][debug][safepoint   ] Safepoint synchronization initiated using futex wait barrier. (267 threads)
[2025-12-16T09:40:21.841+0000][5771.476s][info ][safepoint   ] Safepoint "Cleanup", Time since last: 60008679666 ns, Reaching safepoint: 250827 ns, Cleanup: 67662 ns, At safepoint: 7163 ns, Total: 325652 ns
[2025-12-16T09:40:25.842+0000][5775.477s][debug][safepoint   ] Safepoint synchronization initiated using futex wait barrier. (264 threads)
[2025-12-16T09:40:25.842+0000][5775.477s][info ][safepoint   ] Safepoint "Cleanup", Time since last: 4000602716 ns, Reaching safepoint: 92951 ns, Cleanup: 17153 ns, At safepoint: 4369 ns, Total: 114473 ns
[2025-12-16T09:41:13.843+0000][5823.483s][debug][safepoint   ] Safepoint synchronization initiated using futex wait barrier. (263 threads)
[2025-12-16T09:41:13.843+0000][5823.483s][info ][safepoint   ] Safepoint "Cleanup", Time since last: 48006427143 ns, Reaching safepoint: 82580 ns, Cleanup: 12475 ns, At safepoint: 2615 ns, Total: 97670 ns
[2025-12-16T09:41:27.112+0000][5836.752s][debug][safepoint   ] Safepoint synchronization initiated using futex wait barrier. (265 threads)
[2025-12-16T09:41:27.113+0000][5836.752s][info ][safepoint   ] Safepoint "Cleanup", Time since last: 13268901216 ns, Reaching safepoint: 155102 ns, Cleanup: 26281 ns, At safepoint: 4989 ns, Total: 186372 ns
[2025-12-16T09:42:21.144+0000][5890.788s][debug][safepoint   ] Safepoint synchronization initiated using futex wait barrier. (266 threads)
[2025-12-16T09:42:21.333+0000][5890.977s][info ][safepoint   ] Safepoint "Cleanup", Time since last: 54035236271 ns, Reaching safepoint: 187648901 ns, Cleanup: 19638 ns, At safepoint: 1712212 ns, Total: 189380751 ns
[2025-12-16T09:42:22.334+0000][5891.977s][debug][safepoint   ] Safepoint synchronization initiated using futex wait barrier. (270 threads)
[2025-12-16T09:42:22.336+0000][5891.980s][info ][safepoint   ] Safepoint "Cleanup", Time since last: 1000199754 ns, Reaching safepoint: 2253651 ns, Cleanup: 31321 ns, At safepoint: 226780 ns, Total: 2511752 ns
[2025-12-16T09:42:51.337+0000][5920.983s][debug][safepoint   ] Safepoint synchronization initiated using futex wait barrier. (269 threads)
[2025-12-16T09:42:51.338+0000][5920.984s][info ][safepoint   ] Safepoint "Cleanup", Time since last: 29003673489 ns, Reaching safepoint: 146845 ns, Cleanup: 15019 ns, At safepoint: 6993 ns, Total: 168857 ns
[2025-12-16T09:43:35.339+0000][5964.990s][debug][safepoint   ] Safepoint synchronization initiated using futex wait barrier. (265 threads)
[2025-12-16T09:43:35.339+0000][5964.990s][info ][safepoint   ] Safepoint "Cleanup", Time since last: 44006342931 ns, Reaching safepoint: 294137 ns, Cleanup: 30879 ns, At safepoint: 75135 ns, Total: 400151 ns
[2025-12-16T09:43:36.340+0000][5965.990s][debug][safepoint   ] Safepoint synchronization initiated using futex wait barrier. (265 threads)
[2025-12-16T09:43:36.342+0000][5965.993s][info ][safepoint   ] Safepoint "Cleanup", Time since last: 1000167533 ns, Reaching safepoint: 2449191 ns, Cleanup: 14839 ns, At safepoint: 212700 ns, Total: 2676730 ns
[2025-12-16T09:43:38.343+0000][5967.993s][debug][safepoint   ] Safepoint synchronization initiated using futex wait barrier. (268 threads)
[2025-12-16T09:43:38.343+0000][5967.994s][info ][safepoint   ] Safepoint "Cleanup", Time since last: 2000277178 ns, Reaching safepoint: 177111 ns, Cleanup: 48103 ns, At safepoint: 62851 ns, Total: 288065 ns
[2025-12-16T09:43:39.343+0000][5968.994s][debug][safepoint   ] Safepoint synchronization initiated using futex wait barrier. (270 threads)
[2025-12-16T09:43:39.343+0000][5968.994s][info ][safepoint   ] Safepoint "Cleanup", Time since last: 1000167332 ns, Reaching safepoint: 94362 ns, Cleanup: 44065 ns, At safepoint: 37672 ns, Total: 176099 ns
[2025-12-16T09:43:41.344+0000][5970.994s][debug][safepoint   ] Safepoint synchronization initiated using futex wait barrier. (270 threads)
[2025-12-16T09:43:41.344+0000][5970.994s][info ][safepoint   ] Safepoint "Cleanup", Time since last: 2000288388 ns, Reaching safepoint: 95163 ns, Cleanup: 31661 ns, At safepoint: 4198 ns, Total: 131022 ns
[2025-12-16T09:43:45.344+0000][5974.995s][debug][safepoint   ] Safepoint synchronization initiated using futex wait barrier. (270 threads)
[2025-12-16T09:43:45.344+0000][5974.995s][info ][safepoint   ] Safepoint "Cleanup", Time since last: 4000520464 ns, Reaching safepoint: 169158 ns, Cleanup: 15971 ns, At safepoint: 6843 ns, Total: 191972 ns
[2025-12-16T09:43:48.345+0000][5977.996s][debug][safepoint   ] Safepoint synchronization initiated using futex wait barrier. (270 threads)
[2025-12-16T09:43:48.345+0000][5977.996s][info ][safepoint   ] Safepoint "Cleanup", Time since last: 3000409634 ns, Reaching safepoint: 82971 ns, Cleanup: 19007 ns, At safepoint: 2795 ns, Total: 104773 ns
[2025-12-16T09:43:50.345+0000][5979.996s][debug][safepoint   ] Safepoint synchronization initiated using futex wait barrier. (270 threads)
[2025-12-16T09:43:50.351+0000][5980.002s][info ][safepoint   ] Safepoint "Cleanup", Time since last: 2000287743 ns, Reaching safepoint: 5544581 ns, Cleanup: 21922 ns, At safepoint: 85737 ns, Total: 5652240 ns
[2025-12-16T09:44:22.206+0000][6011.860s][debug][safepoint   ] Safepoint synchronization initiated using futex wait barrier. (270 threads)
[2025-12-16T09:44:22.207+0000][6011.860s][info ][safepoint   ] Safepoint "Cleanup", Time since last: 31858094672 ns, Reaching safepoint: 148327 ns, Cleanup: 24528 ns, At safepoint: 5120 ns, Total: 177975 ns
[2025-12-16T09:44:36.819+0000][6026.474s][debug][safepoint   ] Safepoint synchronization initiated using futex wait barrier. (271 threads)
[2025-12-16T09:44:36.820+0000][6026.475s][info ][gc,start    ] GC(108) Pause Young (Concurrent Start) (G1 Evacuation Pause)
[2025-12-16T09:44:36.820+0000][6026.475s][info ][gc,task     ] GC(108) Using 13 workers of 13 for evacuation
[2025-12-16T09:44:36.838+0000][6026.494s][info ][gc,phases   ] GC(108)   Pre Evacuate Collection Set: 1.0ms
[2025-12-16T09:44:36.839+0000][6026.494s][info ][gc,phases   ] GC(108)   Merge Heap Roots: 0.3ms
[2025-12-16T09:44:36.839+0000][6026.494s][info ][gc,phases   ] GC(108)   Evacuate Collection Set: 12.7ms
[2025-12-16T09:44:36.839+0000][6026.494s][info ][gc,phases   ] GC(108)   Post Evacuate Collection Set: 1.9ms
[2025-12-16T09:44:36.839+0000][6026.494s][info ][gc,phases   ] GC(108)   Other: 2.5ms
[2025-12-16T09:44:36.839+0000][6026.494s][info ][gc,heap     ] GC(108) Eden regions: 420->0(420)
[2025-12-16T09:44:36.839+0000][6026.494s][info ][gc,heap     ] GC(108) Survivor regions: 2->2(53)
[2025-12-16T09:44:36.839+0000][6026.494s][info ][gc,heap     ] GC(108) Old regions: 174->174
[2025-12-16T09:44:36.839+0000][6026.494s][info ][gc,heap     ] GC(108) Archive regions: 2->2
[2025-12-16T09:44:36.839+0000][6026.494s][info ][gc,heap     ] GC(108) Humongous regions: 0->0
[2025-12-16T09:44:36.839+0000][6026.494s][info ][gc,metaspace] GC(108) Metaspace: 200938K(202816K)->200938K(202816K) NonClass: 176548K(177600K)->176548K(177600K) Class: 24390K(25216K)->24390K(25216K)
[2025-12-16T09:44:36.839+0000][6026.494s][info ][gc          ] GC(108) Pause Young (Concurrent Start) (G1 Evacuation Pause) 595M->175M(704M) 18.455ms
[2025-12-16T09:44:36.839+0000][6026.494s][info ][gc,cpu      ] GC(108) User=0.08s Sys=0.00s Real=0.02s
[2025-12-16T09:44:36.839+0000][6026.494s][info ][gc          ] GC(109) Concurrent Mark Cycle
[2025-12-16T09:44:36.839+0000][6026.494s][info ][gc,marking  ] GC(109) Concurrent Clear Claimed Marks
[2025-12-16T09:44:36.839+0000][6026.495s][info ][gc,marking  ] GC(109) Concurrent Clear Claimed Marks 0.348ms
[2025-12-16T09:44:36.839+0000][6026.495s][info ][gc,marking  ] GC(109) Concurrent Scan Root Regions
[2025-12-16T09:44:36.840+0000][6026.495s][info ][safepoint   ] Safepoint "G1CollectForAllocation", Time since last: 14614372793 ns, Reaching safepoint: 1056311 ns, Cleanup: 6252 ns, At safepoint: 19594627 ns, Total: 20657190 ns
[2025-12-16T09:44:36.909+0000][6026.564s][info ][gc,marking  ] GC(109) Concurrent Scan Root Regions 69.453ms
[2025-12-16T09:44:36.909+0000][6026.564s][info ][gc,marking  ] GC(109) Concurrent Mark
[2025-12-16T09:44:36.909+0000][6026.564s][info ][gc,marking  ] GC(109) Concurrent Mark From Roots
[2025-12-16T09:44:36.909+0000][6026.564s][info ][gc,task     ] GC(109) Using 3 workers of 3 for marking
[2025-12-16T09:44:37.238+0000][6026.894s][info ][gc,marking  ] GC(109) Concurrent Mark From Roots 329.456ms
[2025-12-16T09:44:37.239+0000][6026.894s][info ][gc,marking  ] GC(109) Concurrent Preclean
[2025-12-16T09:44:37.239+0000][6026.894s][info ][gc,marking  ] GC(109) Concurrent Preclean 0.571ms
[2025-12-16T09:44:37.239+0000][6026.895s][debug][safepoint   ] Safepoint synchronization initiated using futex wait barrier. (271 threads)
[2025-12-16T09:44:37.239+0000][6026.895s][info ][gc,start    ] GC(109) Pause Remark
[2025-12-16T09:44:37.384+0000][6027.039s][info ][gc          ] GC(109) Pause Remark 183M->183M(620M) 144.199ms
[2025-12-16T09:44:37.384+0000][6027.039s][info ][gc,cpu      ] GC(109) User=1.81s Sys=0.00s Real=0.15s
[2025-12-16T09:44:37.385+0000][6027.041s][info ][safepoint   ] Safepoint "G1PauseRemark", Time since last: 399610210 ns, Reaching safepoint: 43865 ns, Cleanup: 32283 ns, At safepoint: 145977352 ns, Total: 146053500 ns
[2025-12-16T09:44:37.385+0000][6027.041s][info ][gc,marking  ] GC(109) Concurrent Mark 476.434ms
[2025-12-16T09:44:37.385+0000][6027.041s][info ][gc,marking  ] GC(109) Concurrent Rebuild Remembered Sets
[2025-12-16T09:44:37.445+0000][6027.101s][info ][gc,marking  ] GC(109) Concurrent Rebuild Remembered Sets 59.875ms
[2025-12-16T09:44:37.445+0000][6027.101s][debug][safepoint   ] Safepoint synchronization initiated using futex wait barrier. (271 threads)
[2025-12-16T09:44:37.446+0000][6027.101s][info ][gc,start    ] GC(109) Pause Cleanup
[2025-12-16T09:44:37.446+0000][6027.101s][info ][gc          ] GC(109) Pause Cleanup 183M->183M(620M) 0.548ms
[2025-12-16T09:44:37.446+0000][6027.101s][info ][gc,cpu      ] GC(109) User=0.00s Sys=0.00s Real=0.00s
[2025-12-16T09:44:37.446+0000][6027.102s][info ][safepoint   ] Safepoint "G1PauseCleanup", Time since last: 60148249 ns, Reaching safepoint: 62541 ns, Cleanup: 3958 ns, At safepoint: 720275 ns, Total: 786774 ns
[2025-12-16T09:44:37.446+0000][6027.102s][info ][gc,marking  ] GC(109) Concurrent Cleanup for Next Mark
[2025-12-16T09:44:37.458+0000][6027.114s][info ][gc,marking  ] GC(109) Concurrent Cleanup for Next Mark 12.021ms
[2025-12-16T09:44:37.458+0000][6027.114s][info ][gc          ] GC(109) Concurrent Mark Cycle 619.356ms
[2025-12-16T09:44:41.447+0000][6031.102s][debug][safepoint   ] Safepoint synchronization initiated using futex wait barrier. (268 threads)
[2025-12-16T09:44:41.447+0000][6031.102s][info ][safepoint   ] Safepoint "Cleanup", Time since last: 4000550065 ns, Reaching safepoint: 159639 ns, Cleanup: 14679 ns, At safepoint: 5069 ns, Total: 179387 ns
[2025-12-16T09:44:53.449+0000][6043.104s][debug][safepoint   ] Safepoint synchronization initiated using futex wait barrier. (268 threads)
[2025-12-16T09:44:53.449+0000][6043.104s][info ][safepoint   ] Safepoint "Cleanup", Time since last: 12002056246 ns, Reaching safepoint: 145231 ns, Cleanup: 19588 ns, At safepoint: 4900 ns, Total: 169719 ns
[2025-12-16T09:46:17.272+0000][6126.935s][debug][safepoint   ] Safepoint synchronization initiated using futex wait barrier. (267 threads)
[2025-12-16T09:46:17.272+0000][6126.935s][info ][safepoint   ] Safepoint "Cleanup", Time since last: 83830036542 ns, Reaching safepoint: 259413 ns, Cleanup: 48323 ns, At safepoint: 9729 ns, Total: 317465 ns
[2025-12-16T09:46:31.009+0000][6140.672s][debug][safepoint   ] Safepoint synchronization initiated using futex wait barrier. (266 threads)
[2025-12-16T09:46:31.009+0000][6140.672s][info ][safepoint   ] Safepoint "Cleanup", Time since last: 13736970005 ns, Reaching safepoint: 97287 ns, Cleanup: 13005 ns, At safepoint: 52050 ns, Total: 162342 ns
[2025-12-16T09:46:32.221+0000][6141.883s][debug][safepoint   ] Safepoint synchronization initiated using futex wait barrier. (268 threads)
[2025-12-16T09:46:32.221+0000][6141.884s][info ][safepoint   ] Safepoint "Cleanup", Time since last: 1211418399 ns, Reaching safepoint: 78832 ns, Cleanup: 120573 ns, At safepoint: 4669 ns, Total: 204074 ns
[2025-12-16T09:46:34.220+0000][6143.884s][debug][safepoint   ] Safepoint synchronization initiated using futex wait barrier. (268 threads)
[2025-12-16T09:46:34.220+0000][6143.884s][info ][safepoint   ] Safepoint "Cleanup", Time since last: 2000350669 ns, Reaching safepoint: 85545 ns, Cleanup: 48043 ns, At safepoint: 3867 ns, Total: 137455 ns
[2025-12-16T09:46:36.220+0000][6145.884s][debug][safepoint   ] Safepoint synchronization initiated using futex wait barrier. (268 threads)
[2025-12-16T09:46:36.220+0000][6145.885s][info ][safepoint   ] Safepoint "Cleanup", Time since last: 2000367300 ns, Reaching safepoint: 127736 ns, Cleanup: 32412 ns, At safepoint: 3918 ns, Total: 164066 ns
[2025-12-16T09:46:37.221+0000][6146.885s][debug][safepoint   ] Safepoint synchronization initiated using futex wait barrier. (268 threads)
[2025-12-16T09:46:37.221+0000][6146.885s][info ][safepoint   ] Safepoint "Cleanup", Time since last: 1000151653 ns, Reaching safepoint: 91025 ns, Cleanup: 32553 ns, At safepoint: 3567 ns, Total: 127145 ns
[2025-12-16T09:46:38.918+0000][6148.582s][debug][safepoint   ] Safepoint synchronization initiated using futex wait barrier. (268 threads)
[2025-12-16T09:46:38.918+0000][6148.582s][info ][safepoint   ] Safepoint "Cleanup", Time since last: 1697088123 ns, Reaching safepoint: 73813 ns, Cleanup: 45458 ns, At safepoint: 143117 ns, Total: 262388 ns
[2025-12-16T09:46:39.918+0000][6149.582s][debug][safepoint   ] Safepoint synchronization initiated using futex wait barrier. (269 threads)
[2025-12-16T09:46:39.919+0000][6149.583s][info ][safepoint   ] Safepoint "Cleanup", Time since last: 1000202164 ns, Reaching safepoint: 128579 ns, Cleanup: 129671 ns, At safepoint: 5902 ns, Total: 264152 ns
[2025-12-16T09:46:40.919+0000][6150.583s][debug][safepoint   ] Safepoint synchronization initiated using futex wait barrier. (269 threads)
[2025-12-16T09:46:40.919+0000][6150.583s][info ][safepoint   ] Safepoint "Cleanup", Time since last: 1000176543 ns, Reaching safepoint: 90455 ns, Cleanup: 73242 ns, At safepoint: 4389 ns, Total: 168086 ns
[2025-12-16T09:46:41.919+0000][6151.583s][debug][safepoint   ] Safepoint synchronization initiated using futex wait barrier. (268 threads)
[2025-12-16T09:46:41.919+0000][6151.583s][info ][safepoint   ] Safepoint "Cleanup", Time since last: 1000151343 ns, Reaching safepoint: 83342 ns, Cleanup: 28395 ns, At safepoint: 37372 ns, Total: 149109 ns
[2025-12-16T09:46:42.919+0000][6152.584s][debug][safepoint   ] Safepoint synchronization initiated using futex wait barrier. (269 threads)
[2025-12-16T09:46:42.919+0000][6152.584s][info ][safepoint   ] Safepoint "Cleanup", Time since last: 1000172768 ns, Reaching safepoint: 103129 ns, Cleanup: 35920 ns, At safepoint: 4318 ns, Total: 143367 ns
[2025-12-16T09:46:48.920+0000][6158.584s][debug][safepoint   ] Safepoint synchronization initiated using futex wait barrier. (268 threads)
[2025-12-16T09:46:48.921+0000][6158.585s][info ][safepoint   ] Safepoint "Cleanup", Time since last: 6000823678 ns, Reaching safepoint: 216138 ns, Cleanup: 24027 ns, At safepoint: 4508 ns, Total: 244673 ns
[2025-12-16T09:46:53.921+0000][6163.585s][debug][safepoint   ] Safepoint synchronization initiated using futex wait barrier. (268 threads)
[2025-12-16T09:46:53.921+0000][6163.586s][info ][safepoint   ] Safepoint "Cleanup", Time since last: 5000750446 ns, Reaching safepoint: 109943 ns, Cleanup: 20028 ns, At safepoint: 4629 ns, Total: 134600 ns
[2025-12-16T09:47:00.922+0000][6170.587s][debug][safepoint   ] Safepoint synchronization initiated using futex wait barrier. (268 threads)
[2025-12-16T09:47:00.923+0000][6170.587s][info ][safepoint   ] Safepoint "Cleanup", Time since last: 7001042399 ns, Reaching safepoint: 135362 ns, Cleanup: 69575 ns, At safepoint: 6933 ns, Total: 211870 ns
[2025-12-16T09:47:01.751+0000][6171.415s][debug][safepoint   ] Safepoint synchronization initiated using futex wait barrier. (268 threads)
[2025-12-16T09:47:01.751+0000][6171.415s][debug][safepoint   ] ... found polling page loop exception at pc = 0x000070e9112a1d88, stub =0x000070e910a04400
[2025-12-16T09:47:01.801+0000][6171.466s][info ][gc,start    ] GC(110) Pause Young (Prepare Mixed) (G1 Evacuation Pause)
[2025-12-16T09:47:01.801+0000][6171.466s][info ][gc,task     ] GC(110) Using 13 workers of 13 for evacuation
[2025-12-16T09:47:01.814+0000][6171.478s][info ][gc,phases   ] GC(110)   Pre Evacuate Collection Set: 0.5ms
[2025-12-16T09:47:01.814+0000][6171.478s][info ][gc,phases   ] GC(110)   Merge Heap Roots: 0.3ms
[2025-12-16T09:47:01.814+0000][6171.478s][info ][gc,phases   ] GC(110)   Evacuate Collection Set: 8.8ms
[2025-12-16T09:47:01.814+0000][6171.478s][info ][gc,phases   ] GC(110)   Post Evacuate Collection Set: 2.9ms
[2025-12-16T09:47:01.814+0000][6171.478s][info ][gc,phases   ] GC(110)   Other: 0.4ms
[2025-12-16T09:47:01.814+0000][6171.478s][info ][gc,heap     ] GC(110) Eden regions: 370->0(28)
[2025-12-16T09:47:01.814+0000][6171.478s][info ][gc,heap     ] GC(110) Survivor regions: 2->3(47)
[2025-12-16T09:47:01.814+0000][6171.478s][info ][gc,heap     ] GC(110) Old regions: 174->174
[2025-12-16T09:47:01.814+0000][6171.478s][info ][gc,heap     ] GC(110) Archive regions: 2->2
[2025-12-16T09:47:01.814+0000][6171.478s][info ][gc,heap     ] GC(110) Humongous regions: 34->8
[2025-12-16T09:47:01.814+0000][6171.478s][info ][gc,metaspace] GC(110) Metaspace: 201632K(203328K)->201632K(203328K) NonClass: 177223K(178112K)->177223K(178112K) Class: 24409K(25216K)->24409K(25216K)
[2025-12-16T09:47:01.814+0000][6171.478s][info ][gc          ] GC(110) Pause Young (Prepare Mixed) (G1 Evacuation Pause) 579M->184M(620M) 12.877ms
[2025-12-16T09:47:01.814+0000][6171.479s][info ][gc,cpu      ] GC(110) User=0.11s Sys=0.00s Real=0.02s
[2025-12-16T09:47:01.816+0000][6171.480s][info ][safepoint   ] Safepoint "G1CollectForAllocation", Time since last: 828380957 ns, Reaching safepoint: 50224042 ns, Cleanup: 37313 ns, At safepoint: 14379005 ns, Total: 64640360 ns
[2025-12-16T09:47:02.813+0000][6172.480s][debug][safepoint   ] Safepoint synchronization initiated using futex wait barrier. (269 threads)
[2025-12-16T09:47:02.814+0000][6172.480s][info ][safepoint   ] Safepoint "Cleanup", Time since last: 1000250382 ns, Reaching safepoint: 102347 ns, Cleanup: 43384 ns, At safepoint: 4939 ns, Total: 150670 ns
[2025-12-16T09:47:02.849+0000][6172.516s][debug][safepoint   ] Safepoint synchronization initiated using futex wait barrier. (269 threads)
[2025-12-16T09:47:02.849+0000][6172.516s][info ][gc,start    ] GC(111) Pause Young (Mixed) (G1 Evacuation Pause)
[2025-12-16T09:47:02.849+0000][6172.516s][info ][gc,task     ] GC(111) Using 13 workers of 13 for evacuation
[2025-12-16T09:47:02.874+0000][6172.541s][info ][gc,phases   ] GC(111)   Pre Evacuate Collection Set: 0.5ms
[2025-12-16T09:47:02.874+0000][6172.541s][info ][gc,phases   ] GC(111)   Merge Heap Roots: 0.3ms
[2025-12-16T09:47:02.874+0000][6172.541s][info ][gc,phases   ] GC(111)   Evacuate Collection Set: 21.6ms
[2025-12-16T09:47:02.874+0000][6172.541s][info ][gc,phases   ] GC(111)   Post Evacuate Collection Set: 2.1ms
[2025-12-16T09:47:02.874+0000][6172.541s][info ][gc,phases   ] GC(111)   Other: 0.3ms
[2025-12-16T09:47:02.874+0000][6172.541s][info ][gc,heap     ] GC(111) Eden regions: 28->0(362)
[2025-12-16T09:47:02.874+0000][6172.541s][info ][gc,heap     ] GC(111) Survivor regions: 3->2(4)
[2025-12-16T09:47:02.874+0000][6172.541s][info ][gc,heap     ] GC(111) Old regions: 174->170
[2025-12-16T09:47:02.874+0000][6172.541s][info ][gc,heap     ] GC(111) Archive regions: 2->2
[2025-12-16T09:47:02.874+0000][6172.541s][info ][gc,heap     ] GC(111) Humongous regions: 9->0
[2025-12-16T09:47:02.874+0000][6172.541s][info ][gc,metaspace] GC(111) Metaspace: 201714K(203328K)->201714K(203328K) NonClass: 177304K(178112K)->177304K(178112K) Class: 24409K(25216K)->24409K(25216K)
[2025-12-16T09:47:02.874+0000][6172.541s][info ][gc          ] GC(111) Pause Young (Mixed) (G1 Evacuation Pause) 213M->172M(620M) 24.906ms
[2025-12-16T09:47:02.874+0000][6172.541s][info ][gc,cpu      ] GC(111) User=0.27s Sys=0.00s Real=0.03s
[2025-12-16T09:47:02.875+0000][6172.542s][info ][safepoint   ] Safepoint "G1CollectForAllocation", Time since last: 35521655 ns, Reaching safepoint: 79103 ns, Cleanup: 5230 ns, At safepoint: 26212958 ns, Total: 26297291 ns
[2025-12-16T09:47:04.876+0000][6174.542s][debug][safepoint   ] Safepoint synchronization initiated using futex wait barrier. (276 threads)
[2025-12-16T09:47:04.876+0000][6174.543s][info ][safepoint   ] Safepoint "Cleanup", Time since last: 2000387470 ns, Reaching safepoint: 184365 ns, Cleanup: 72139 ns, At safepoint: 62911 ns, Total: 319415 ns
[2025-12-16T09:47:05.876+0000][6175.543s][debug][safepoint   ] Safepoint synchronization initiated using futex wait barrier. (277 threads)
[2025-12-16T09:47:05.876+0000][6175.543s][info ][safepoint   ] Safepoint "Cleanup", Time since last: 1000134177 ns, Reaching safepoint: 81166 ns, Cleanup: 96145 ns, At safepoint: 4128 ns, Total: 181439 ns
[2025-12-16T09:47:07.877+0000][6177.543s][debug][safepoint   ] Safepoint synchronization initiated using futex wait barrier. (276 threads)
[2025-12-16T09:47:07.877+0000][6177.544s][info ][safepoint   ] Safepoint "Cleanup", Time since last: 2000255916 ns, Reaching safepoint: 79222 ns, Cleanup: 55517 ns, At safepoint: 3006 ns, Total: 137745 ns
[2025-12-16T09:47:08.877+0000][6178.544s][debug][safepoint   ] Safepoint synchronization initiated using futex wait barrier. (277 threads)
[2025-12-16T09:47:08.877+0000][6178.544s][info ][safepoint   ] Safepoint "Cleanup", Time since last: 1000154232 ns, Reaching safepoint: 93570 ns, Cleanup: 33194 ns, At safepoint: 4458 ns, Total: 131222 ns
[2025-12-16T09:47:10.496+0000][6180.163s][debug][safepoint   ] Safepoint synchronization initiated using futex wait barrier. (278 threads)
[2025-12-16T09:47:10.496+0000][6180.163s][info ][safepoint   ] Safepoint "Cleanup", Time since last: 1618769711 ns, Reaching safepoint: 67962 ns, Cleanup: 64234 ns, At safepoint: 45418 ns, Total: 177614 ns
[2025-12-16T09:47:11.496+0000][6181.163s][debug][safepoint   ] Safepoint synchronization initiated using futex wait barrier. (286 threads)
[2025-12-16T09:47:11.496+0000][6181.163s][info ][safepoint   ] Safepoint "Cleanup", Time since last: 1000151099 ns, Reaching safepoint: 76528 ns, Cleanup: 109793 ns, At safepoint: 6713 ns, Total: 193034 ns
[2025-12-16T09:47:13.497+0000][6183.163s][debug][safepoint   ] Safepoint synchronization initiated using futex wait barrier. (286 threads)
[2025-12-16T09:47:13.497+0000][6183.164s][info ][safepoint   ] Safepoint "Cleanup", Time since last: 2000361147 ns, Reaching safepoint: 85526 ns, Cleanup: 14969 ns, At safepoint: 4028 ns, Total: 104523 ns
[2025-12-16T09:47:44.313+0000][6213.982s][debug][safepoint   ] Safepoint synchronization initiated using futex wait barrier. (283 threads)
[2025-12-16T09:47:44.313+0000][6213.982s][info ][safepoint   ] Safepoint "Cleanup", Time since last: 30818081427 ns, Reaching safepoint: 161683 ns, Cleanup: 20339 ns, At safepoint: 64656 ns, Total: 246678 ns
[2025-12-16T09:47:48.314+0000][6217.983s][debug][safepoint   ] Safepoint synchronization initiated using futex wait barrier. (283 threads)
[2025-12-16T09:47:48.314+0000][6217.983s][info ][safepoint   ] Safepoint "Cleanup", Time since last: 4000648319 ns, Reaching safepoint: 231819 ns, Cleanup: 45338 ns, At safepoint: 6553 ns, Total: 283710 ns
[2025-12-16T09:47:51.314+0000][6220.983s][debug][safepoint   ] Safepoint synchronization initiated using futex wait barrier. (283 threads)
[2025-12-16T09:47:51.315+0000][6220.983s][info ][safepoint   ] Safepoint "Cleanup", Time since last: 3000459786 ns, Reaching safepoint: 84303 ns, Cleanup: 13767 ns, At safepoint: 3466 ns, Total: 101536 ns
[2025-12-16T09:48:39.347+0000][6269.020s][debug][safepoint   ] Safepoint synchronization initiated using futex wait barrier. (278 threads)
[2025-12-16T09:48:39.347+0000][6269.020s][info ][safepoint   ] Safepoint "Cleanup", Time since last: 48036359657 ns, Reaching safepoint: 197413 ns, Cleanup: 16612 ns, At safepoint: 4418 ns, Total: 218443 ns
[2025-12-16T09:49:38.379+0000][6328.057s][debug][safepoint   ] Safepoint synchronization initiated using futex wait barrier. (278 threads)
[2025-12-16T09:49:38.380+0000][6328.057s][info ][safepoint   ] Safepoint "Cleanup", Time since last: 59037101622 ns, Reaching safepoint: 186230 ns, Cleanup: 17494 ns, At safepoint: 9839 ns, Total: 213563 ns
[2025-12-16T09:49:48.381+0000][6338.059s][debug][safepoint   ] Safepoint synchronization initiated using futex wait barrier. (278 threads)
[2025-12-16T09:49:48.381+0000][6338.059s][info ][safepoint   ] Safepoint "Cleanup", Time since last: 10001389647 ns, Reaching safepoint: 87299 ns, Cleanup: 33064 ns, At safepoint: 3637 ns, Total: 124000 ns
[2025-12-16T09:50:08.383+0000][6358.064s][debug][safepoint   ] Safepoint synchronization initiated using futex wait barrier. (278 threads)
[2025-12-16T09:50:08.383+0000][6358.064s][info ][safepoint   ] Safepoint "Cleanup", Time since last: 20004823416 ns, Reaching safepoint: 129601 ns, Cleanup: 16181 ns, At safepoint: 5010 ns, Total: 150792 ns
[2025-12-16T09:51:21.444+0000][6431.129s][debug][safepoint   ] Safepoint synchronization initiated using futex wait barrier. (276 threads)
[2025-12-16T09:51:21.444+0000][6431.129s][info ][safepoint   ] Safepoint "Cleanup", Time since last: 73064949691 ns, Reaching safepoint: 128509 ns, Cleanup: 18346 ns, At safepoint: 6112 ns, Total: 152967 ns
[2025-12-16T09:51:28.445+0000][6438.130s][debug][safepoint   ] Safepoint synchronization initiated using futex wait barrier. (276 threads)
[2025-12-16T09:51:28.446+0000][6438.130s][info ][safepoint   ] Safepoint "Cleanup", Time since last: 7000996254 ns, Reaching safepoint: 288749 ns, Cleanup: 24958 ns, At safepoint: 13055 ns, Total: 326762 ns
[2025-12-16T09:51:28.815+0000][6438.499s][debug][safepoint   ] Safepoint synchronization initiated using futex wait barrier. (276 threads)
[2025-12-16T09:51:28.815+0000][6438.500s][info ][gc,start    ] GC(112) Pause Young (Concurrent Start) (G1 Evacuation Pause)
[2025-12-16T09:51:28.815+0000][6438.500s][info ][gc,task     ] GC(112) Using 13 workers of 13 for evacuation
[2025-12-16T09:51:28.831+0000][6438.516s][info ][gc,phases   ] GC(112)   Pre Evacuate Collection Set: 1.3ms
[2025-12-16T09:51:28.831+0000][6438.516s][info ][gc,phases   ] GC(112)   Merge Heap Roots: 0.5ms
[2025-12-16T09:51:28.831+0000][6438.516s][info ][gc,phases   ] GC(112)   Evacuate Collection Set: 10.0ms
[2025-12-16T09:51:28.831+0000][6438.516s][info ][gc,phases   ] GC(112)   Post Evacuate Collection Set: 3.1ms
[2025-12-16T09:51:28.831+0000][6438.516s][info ][gc,phases   ] GC(112)   Other: 1.6ms
[2025-12-16T09:51:28.831+0000][6438.516s][info ][gc,heap     ] GC(112) Eden regions: 362->0(364)
[2025-12-16T09:51:28.831+0000][6438.516s][info ][gc,heap     ] GC(112) Survivor regions: 2->3(46)
[2025-12-16T09:51:28.831+0000][6438.516s][info ][gc,heap     ] GC(112) Old regions: 170->170
[2025-12-16T09:51:28.831+0000][6438.516s][info ][gc,heap     ] GC(112) Archive regions: 2->2
[2025-12-16T09:51:28.831+0000][6438.516s][info ][gc,heap     ] GC(112) Humongous regions: 0->0
[2025-12-16T09:51:28.831+0000][6438.516s][info ][gc,metaspace] GC(112) Metaspace: 202271K(203712K)->202271K(203712K) NonClass: 177829K(178496K)->177829K(178496K) Class: 24442K(25216K)->24442K(25216K)
[2025-12-16T09:51:28.832+0000][6438.516s][info ][gc          ] GC(112) Pause Young (Concurrent Start) (G1 Evacuation Pause) 534M->172M(620M) 16.627ms
[2025-12-16T09:51:28.832+0000][6438.516s][info ][gc,cpu      ] GC(112) User=0.11s Sys=0.00s Real=0.01s
[2025-12-16T09:51:28.832+0000][6438.516s][info ][gc          ] GC(113) Concurrent Mark Cycle
[2025-12-16T09:51:28.832+0000][6438.517s][info ][gc,marking  ] GC(113) Concurrent Clear Claimed Marks
[2025-12-16T09:51:28.832+0000][6438.517s][info ][gc,marking  ] GC(113) Concurrent Clear Claimed Marks 0.532ms
[2025-12-16T09:51:28.832+0000][6438.517s][info ][gc,marking  ] GC(113) Concurrent Scan Root Regions
[2025-12-16T09:51:28.833+0000][6438.517s][info ][safepoint   ] Safepoint "G1CollectForAllocation", Time since last: 369115370 ns, Reaching safepoint: 89784 ns, Cleanup: 6502 ns, At safepoint: 17950748 ns, Total: 18047034 ns
[2025-12-16T09:51:28.861+0000][6438.546s][info ][gc,marking  ] GC(113) Concurrent Scan Root Regions 28.456ms
[2025-12-16T09:51:28.861+0000][6438.546s][info ][gc,marking  ] GC(113) Concurrent Mark
[2025-12-16T09:51:28.861+0000][6438.546s][info ][gc,marking  ] GC(113) Concurrent Mark From Roots
[2025-12-16T09:51:28.861+0000][6438.546s][info ][gc,task     ] GC(113) Using 3 workers of 3 for marking
[2025-12-16T09:51:29.036+0000][6438.720s][info ][gc,marking  ] GC(113) Concurrent Mark From Roots 174.719ms
[2025-12-16T09:51:29.036+0000][6438.720s][info ][gc,marking  ] GC(113) Concurrent Preclean
[2025-12-16T09:51:29.037+0000][6438.721s][info ][gc,marking  ] GC(113) Concurrent Preclean 0.921ms
[2025-12-16T09:51:29.037+0000][6438.721s][debug][safepoint   ] Safepoint synchronization initiated using futex wait barrier. (276 threads)
[2025-12-16T09:51:29.037+0000][6438.721s][info ][gc,start    ] GC(113) Pause Remark
[2025-12-16T09:51:29.242+0000][6438.927s][info ][gc          ] GC(113) Pause Remark 177M->177M(600M) 205.628ms
[2025-12-16T09:51:29.243+0000][6438.927s][info ][gc,cpu      ] GC(113) User=2.48s Sys=0.00s Real=0.21s
[2025-12-16T09:51:29.245+0000][6438.930s][info ][safepoint   ] Safepoint "G1PauseRemark", Time since last: 204006503 ns, Reaching safepoint: 43134 ns, Cleanup: 4428 ns, At safepoint: 208109439 ns, Total: 208157001 ns
[2025-12-16T09:51:29.245+0000][6438.930s][info ][gc,marking  ] GC(113) Concurrent Mark 384.163ms
[2025-12-16T09:51:29.245+0000][6438.930s][info ][gc,marking  ] GC(113) Concurrent Rebuild Remembered Sets
[2025-12-16T09:51:29.317+0000][6439.002s][info ][gc,marking  ] GC(113) Concurrent Rebuild Remembered Sets 72.183ms
[2025-12-16T09:51:29.318+0000][6439.002s][debug][safepoint   ] Safepoint synchronization initiated using futex wait barrier. (276 threads)
[2025-12-16T09:51:29.323+0000][6439.008s][info ][gc,start    ] GC(113) Pause Cleanup
[2025-12-16T09:51:29.324+0000][6439.009s][info ][gc          ] GC(113) Pause Cleanup 177M->177M(600M) 0.789ms
[2025-12-16T09:51:29.324+0000][6439.009s][info ][gc,cpu      ] GC(113) User=0.00s Sys=0.00s Real=0.00s
[2025-12-16T09:51:29.325+0000][6439.010s][info ][safepoint   ] Safepoint "G1PauseCleanup", Time since last: 72685503 ns, Reaching safepoint: 5582037 ns, Cleanup: 8026 ns, At safepoint: 2045516 ns, Total: 7635579 ns
[2025-12-16T09:51:29.325+0000][6439.010s][info ][gc,marking  ] GC(113) Concurrent Cleanup for Next Mark
[2025-12-16T09:51:29.339+0000][6439.024s][info ][gc,marking  ] GC(113) Concurrent Cleanup for Next Mark 13.994ms
[2025-12-16T09:51:29.339+0000][6439.024s][info ][gc          ] GC(113) Concurrent Mark Cycle 507.543ms
[2025-12-16T09:51:48.326+0000][6458.013s][debug][safepoint   ] Safepoint synchronization initiated using futex wait barrier. (275 threads)
[2025-12-16T09:51:48.327+0000][6458.013s][info ][safepoint   ] Safepoint "Cleanup", Time since last: 19003294133 ns, Reaching safepoint: 207622 ns, Cleanup: 34557 ns, At safepoint: 10760 ns, Total: 252939 ns
[2025-12-16T09:52:51.483+0000][6521.174s][debug][safepoint   ] Safepoint synchronization initiated using futex wait barrier. (276 threads)
[2025-12-16T09:52:51.483+0000][6521.174s][info ][safepoint   ] Safepoint "Cleanup", Time since last: 63160743072 ns, Reaching safepoint: 173296 ns, Cleanup: 24627 ns, At safepoint: 4910 ns, Total: 202833 ns
[2025-12-16T09:53:18.516+0000][6548.210s][debug][safepoint   ] Safepoint synchronization initiated using futex wait barrier. (275 threads)
[2025-12-16T09:53:18.516+0000][6548.211s][info ][safepoint   ] Safepoint "Cleanup", Time since last: 27036128383 ns, Reaching safepoint: 197875 ns, Cleanup: 26792 ns, At safepoint: 7775 ns, Total: 232442 ns
[2025-12-16T09:55:33.577+0000][6683.281s][debug][safepoint   ] Safepoint synchronization initiated using futex wait barrier. (272 threads)
[2025-12-16T09:55:33.577+0000][6683.281s][info ][safepoint   ] Safepoint "Cleanup", Time since last: 135070160055 ns, Reaching safepoint: 189213 ns, Cleanup: 26961 ns, At safepoint: 4549 ns, Total: 220723 ns
[2025-12-16T09:56:28.009+0000][6737.715s][debug][safepoint   ] Safepoint synchronization initiated using futex wait barrier. (270 threads)
[2025-12-16T09:56:28.009+0000][6737.716s][info ][gc,start    ] GC(114) Pause Young (Prepare Mixed) (G1 Evacuation Pause)
[2025-12-16T09:56:28.009+0000][6737.716s][info ][gc,task     ] GC(114) Using 13 workers of 13 for evacuation
[2025-12-16T09:56:28.027+0000][6737.733s][info ][gc,phases   ] GC(114)   Pre Evacuate Collection Set: 0.5ms
[2025-12-16T09:56:28.027+0000][6737.733s][info ][gc,phases   ] GC(114)   Merge Heap Roots: 0.5ms
[2025-12-16T09:56:28.027+0000][6737.733s][info ][gc,phases   ] GC(114)   Evacuate Collection Set: 14.0ms
[2025-12-16T09:56:28.027+0000][6737.733s][info ][gc,phases   ] GC(114)   Post Evacuate Collection Set: 2.2ms
[2025-12-16T09:56:28.027+0000][6737.733s][info ][gc,phases   ] GC(114)   Other: 0.4ms
[2025-12-16T09:56:28.027+0000][6737.733s][info ][gc,heap     ] GC(114) Eden regions: 357->0(27)
[2025-12-16T09:56:28.027+0000][6737.733s][info ][gc,heap     ] GC(114) Survivor regions: 3->3(45)
[2025-12-16T09:56:28.027+0000][6737.733s][info ][gc,heap     ] GC(114) Old regions: 170->170
[2025-12-16T09:56:28.027+0000][6737.733s][info ][gc,heap     ] GC(114) Archive regions: 2->2
[2025-12-16T09:56:28.027+0000][6737.733s][info ][gc,heap     ] GC(114) Humongous regions: 0->0
[2025-12-16T09:56:28.027+0000][6737.733s][info ][gc,metaspace] GC(114) Metaspace: 202248K(203712K)->202248K(203712K) NonClass: 177824K(178496K)->177824K(178496K) Class: 24424K(25216K)->24424K(25216K)
[2025-12-16T09:56:28.027+0000][6737.733s][info ][gc          ] GC(114) Pause Young (Prepare Mixed) (G1 Evacuation Pause) 529M->172M(600M) 17.516ms
[2025-12-16T09:56:28.027+0000][6737.733s][info ][gc,cpu      ] GC(114) User=0.19s Sys=0.00s Real=0.02s
[2025-12-16T09:56:28.027+0000][6737.734s][info ][safepoint   ] Safepoint "G1CollectForAllocation", Time since last: 54434162219 ns, Reaching safepoint: 138248 ns, Cleanup: 10249 ns, At safepoint: 18444475 ns, Total: 18592972 ns
[2025-12-16T09:56:29.028+0000][6738.734s][debug][safepoint   ] Safepoint synchronization initiated using futex wait barrier. (270 threads)
[2025-12-16T09:56:29.028+0000][6738.734s][info ][safepoint   ] Safepoint "Cleanup", Time since last: 1000192622 ns, Reaching safepoint: 156663 ns, Cleanup: 17404 ns, At safepoint: 6111 ns, Total: 180178 ns
[2025-12-16T09:56:49.102+0000][6758.811s][debug][safepoint   ] Safepoint synchronization initiated using futex wait barrier. (271 threads)
[2025-12-16T09:56:49.103+0000][6758.811s][info ][gc,start    ] GC(115) Pause Young (Mixed) (G1 Evacuation Pause)
[2025-12-16T09:56:49.103+0000][6758.811s][info ][gc,task     ] GC(115) Using 13 workers of 13 for evacuation
[2025-12-16T09:56:49.137+0000][6758.845s][info ][gc,phases   ] GC(115)   Pre Evacuate Collection Set: 0.5ms
[2025-12-16T09:56:49.137+0000][6758.846s][info ][gc,phases   ] GC(115)   Merge Heap Roots: 0.4ms
[2025-12-16T09:56:49.137+0000][6758.846s][info ][gc,phases   ] GC(115)   Evacuate Collection Set: 29.9ms
[2025-12-16T09:56:49.137+0000][6758.846s][info ][gc,phases   ] GC(115)   Post Evacuate Collection Set: 3.2ms
[2025-12-16T09:56:49.137+0000][6758.846s][info ][gc,phases   ] GC(115)   Other: 0.5ms
[2025-12-16T09:56:49.137+0000][6758.846s][info ][gc,heap     ] GC(115) Eden regions: 27->0(355)
[2025-12-16T09:56:49.137+0000][6758.846s][info ][gc,heap     ] GC(115) Survivor regions: 3->2(4)
[2025-12-16T09:56:49.137+0000][6758.846s][info ][gc,heap     ] GC(115) Old regions: 170->166
[2025-12-16T09:56:49.137+0000][6758.846s][info ][gc,heap     ] GC(115) Archive regions: 2->2
[2025-12-16T09:56:49.137+0000][6758.846s][info ][gc,heap     ] GC(115) Humongous regions: 0->0
[2025-12-16T09:56:49.137+0000][6758.846s][info ][gc,metaspace] GC(115) Metaspace: 202249K(203712K)->202249K(203712K) NonClass: 177825K(178496K)->177825K(178496K) Class: 24424K(25216K)->24424K(25216K)
[2025-12-16T09:56:49.137+0000][6758.846s][info ][gc          ] GC(115) Pause Young (Mixed) (G1 Evacuation Pause) 199M->168M(600M) 34.689ms
[2025-12-16T09:56:49.137+0000][6758.846s][info ][gc,cpu      ] GC(115) User=0.39s Sys=0.00s Real=0.03s
[2025-12-16T09:56:49.139+0000][6758.847s][info ][safepoint   ] Safepoint "G1CollectForAllocation", Time since last: 20076333748 ns, Reaching safepoint: 300192 ns, Cleanup: 11883 ns, At safepoint: 36145239 ns, Total: 36457314 ns
