2025-12-16 06:44:22,481 [background-preinit] INFO  o.h.validator.internal.util.Version - HV000001: Hibernate Validator 8.0.3.Final
2025-12-16 06:44:22,606 [main] INFO  o.t.s.ThingsboardServerApplication - Starting ThingsboardServerApplication v4.2.1 using Java 17.0.16 with PID 22 (/usr/share/thingsboard/bin/thingsboard.jar started by thingsboard in /)
2025-12-16 06:44:22,608 [main] INFO  o.t.s.ThingsboardServerApplication - No active profile set, falling back to 1 default profile: "default"
2025-12-16 06:44:23,145 [main] WARN  o.s.c.a.AnnotationTypeMapping - Support for convention-based annotation attribute overrides is deprecated and will be removed in Spring Framework 7.0. Please annotate the following attributes in @org.thingsboard.server.config.annotations.ApiOperation with appropriate @AliasFor declarations: [hidden, requestBody, responses]
2025-12-16 06:44:27,132 [main] INFO  o.s.d.r.c.RepositoryConfigurationDelegate - Multiple Spring Data modules found, entering strict repository configuration mode
2025-12-16 06:44:27,132 [main] INFO  o.s.d.r.c.RepositoryConfigurationDelegate - Bootstrapping Spring Data JPA repositories in LAZY mode.
2025-12-16 06:44:27,385 [main] INFO  o.s.d.r.c.RepositoryConfigurationDelegate - Finished Spring Data repository scanning in 231 ms. Found 7 JPA repository interfaces.
2025-12-16 06:44:27,388 [main] INFO  o.s.d.r.c.RepositoryConfigurationDelegate - Multiple Spring Data modules found, entering strict repository configuration mode
2025-12-16 06:44:27,388 [main] INFO  o.s.d.r.c.RepositoryConfigurationDelegate - Bootstrapping Spring Data JPA repositories in LAZY mode.
2025-12-16 06:44:27,668 [main] INFO  o.s.d.r.c.RepositoryConfigurationDelegate - Finished Spring Data repository scanning in 275 ms. Found 57 JPA repository interfaces.
2025-12-16 06:44:27,670 [main] INFO  o.s.d.r.c.RepositoryConfigurationDelegate - Multiple Spring Data modules found, entering strict repository configuration mode
2025-12-16 06:44:27,670 [main] INFO  o.s.d.r.c.RepositoryConfigurationDelegate - Bootstrapping Spring Data JPA repositories in LAZY mode.
2025-12-16 06:44:27,684 [main] INFO  o.s.d.r.c.RepositoryConfigurationDelegate - Finished Spring Data repository scanning in 11 ms. Found 1 JPA repository interface.
2025-12-16 06:44:27,686 [main] INFO  o.s.d.r.c.RepositoryConfigurationDelegate - Multiple Spring Data modules found, entering strict repository configuration mode
2025-12-16 06:44:27,686 [main] INFO  o.s.d.r.c.RepositoryConfigurationDelegate - Bootstrapping Spring Data JPA repositories in LAZY mode.
2025-12-16 06:44:27,698 [main] INFO  o.s.d.r.c.RepositoryConfigurationDelegate - Finished Spring Data repository scanning in 9 ms. Found 1 JPA repository interface.
2025-12-16 06:44:28,772 [main] INFO  o.s.i.c.DefaultConfiguringBeanFactoryPostProcessor - No bean named 'errorChannel' has been explicitly defined. Therefore, a default PublishSubscribeChannel will be created.
2025-12-16 06:44:28,795 [main] INFO  o.s.i.c.DefaultConfiguringBeanFactoryPostProcessor - No bean named 'integrationHeaderChannelRegistry' has been explicitly defined. Therefore, a default DefaultHeaderChannelRegistry will be created.
2025-12-16 06:44:30,159 [main] INFO  o.t.s.q.d.DefaultTbServiceInfoProvider - Current Service ID: 8016b95b6613
2025-12-16 06:44:31,846 [main] INFO  o.h.jpa.internal.util.LogHelper - HHH000204: Processing PersistenceUnitInfo [name: default]
2025-12-16 06:44:32,020 [main] INFO  org.hibernate.Version - HHH000412: Hibernate ORM core version 6.6.29.Final
2025-12-16 06:44:32,097 [main] INFO  o.h.c.i.RegionFactoryInitiator - HHH000026: Second-level cache disabled
2025-12-16 06:44:32,355 [main] INFO  com.zaxxer.hikari.HikariDataSource - HikariPool-1 - Starting...
2025-12-16 06:44:32,543 [main] INFO  com.zaxxer.hikari.pool.HikariPool - HikariPool-1 - Added connection org.postgresql.jdbc.PgConnection@46c22d8e
2025-12-16 06:44:32,546 [main] INFO  com.zaxxer.hikari.HikariDataSource - HikariPool-1 - Start completed.
2025-12-16 06:44:32,649 [main] INFO  o.hibernate.orm.connections.pooling - HHH10001005: Database info:
	Database JDBC URL [Connecting through datasource 'HikariDataSource (HikariPool-1)']
	Database driver: undefined/unknown
	Database version: 12.0
	Autocommit mode: undefined/unknown
	Isolation level: undefined/unknown
	Minimum pool size: undefined/unknown
	Maximum pool size: undefined/unknown
2025-12-16 06:44:33,198 [main] INFO  o.s.o.j.p.SpringPersistenceUnitInfo - No LoadTimeWeaver setup: ignoring JPA class transformer
2025-12-16 06:44:36,786 [main] INFO  o.h.e.t.j.p.i.JtaPlatformInitiator - HHH000489: No JTA platform available (set 'hibernate.transaction.jta.platform' to enable JTA platform integration)
2025-12-16 06:44:36,806 [main] INFO  o.s.o.j.LocalContainerEntityManagerFactoryBean - Initialized JPA EntityManagerFactory for persistence unit 'default'
2025-12-16 06:44:37,526 [main] INFO  o.s.d.j.r.query.QueryEnhancerFactory - Hibernate is in classpath; If applicable, HQL parser will be used.
2025-12-16 06:44:41,913 [main] INFO  o.s.b.w.e.tomcat.TomcatWebServer - Tomcat initialized with port 9090 (http)
2025-12-16 06:44:41,935 [main] INFO  o.a.coyote.http11.Http11NioProtocol - The ["http-nio-0.0.0.0-9090"] connector has been configured to support HTTP upgrade to [h2c]
2025-12-16 06:44:41,936 [main] INFO  o.a.coyote.http11.Http11NioProtocol - Initializing ProtocolHandler ["http-nio-0.0.0.0-9090"]
2025-12-16 06:44:41,940 [main] INFO  o.a.catalina.core.StandardService - Starting service [Tomcat]
2025-12-16 06:44:41,940 [main] INFO  o.a.catalina.core.StandardEngine - Starting Servlet engine: [Apache Tomcat/10.1.46]
2025-12-16 06:44:42,020 [main] INFO  o.a.c.c.C.[Tomcat].[localhost].[/] - Initializing Spring embedded WebApplicationContext
2025-12-16 06:44:42,021 [main] INFO  o.s.b.w.s.c.ServletWebServerApplicationContext - Root WebApplicationContext: initialization completed in 19338 ms
2025-12-16 06:44:42,346 [main] INFO  o.t.s.d.a.CachedAttributesService - Going to use directExecutor for the local cache type caffeine
2025-12-16 06:44:43,362 [main] INFO  o.t.s.s.a.DefaultTbApiUsageStateService - Starting api usage service.
2025-12-16 06:44:43,369 [main] INFO  o.t.s.s.a.DefaultTbApiUsageStateService - Started api usage service.
2025-12-16 06:44:45,829 [main] INFO  o.t.s.t.h.config.PayloadSizeFilter - Initialized payload size filter with configuration: /api/image*/**=52428800;/api/resource/**=52428800;/api/**=16777216
2025-12-16 06:44:45,924 [main] INFO  o.t.s.t.h.config.PayloadSizeFilter - Initialized payload size filter with configuration: /api/v1/*/rpc/**=65536;/api/v1/**=52428800
2025-12-16 06:44:46,057 [main] INFO  o.t.s.q.e.EnvironmentLogService - ThingsBoard server environment: zookeeper.version=3.9.3-c26634f34490bb0ea7a09cc51e05ede3b4e320ee, built on 2024-10-17 23:21 UTC
2025-12-16 06:44:46,057 [main] INFO  o.t.s.q.e.EnvironmentLogService - ThingsBoard server environment: host.name=8016b95b6613
2025-12-16 06:44:46,057 [main] INFO  o.t.s.q.e.EnvironmentLogService - ThingsBoard server environment: java.version=17.0.16
2025-12-16 06:44:46,058 [main] INFO  o.t.s.q.e.EnvironmentLogService - ThingsBoard server environment: java.vendor=Debian
2025-12-16 06:44:46,058 [main] INFO  o.t.s.q.e.EnvironmentLogService - ThingsBoard server environment: java.home=/usr/lib/jvm/java-17-openjdk-amd64
2025-12-16 06:44:46,058 [main] INFO  o.t.s.q.e.EnvironmentLogService - ThingsBoard server environment: java.class.path=/usr/share/thingsboard/bin/thingsboard.jar
2025-12-16 06:44:46,058 [main] INFO  o.t.s.q.e.EnvironmentLogService - ThingsBoard server environment: java.library.path=/usr/java/packages/lib:/usr/lib/x86_64-linux-gnu/jni:/lib/x86_64-linux-gnu:/usr/lib/x86_64-linux-gnu:/usr/lib/jni:/lib:/usr/lib
2025-12-16 06:44:46,058 [main] INFO  o.t.s.q.e.EnvironmentLogService - ThingsBoard server environment: java.io.tmpdir=/tmp
2025-12-16 06:44:46,058 [main] INFO  o.t.s.q.e.EnvironmentLogService - ThingsBoard server environment: java.compiler=<NA>
2025-12-16 06:44:46,058 [main] INFO  o.t.s.q.e.EnvironmentLogService - ThingsBoard server environment: os.name=Linux
2025-12-16 06:44:46,058 [main] INFO  o.t.s.q.e.EnvironmentLogService - ThingsBoard server environment: os.arch=amd64
2025-12-16 06:44:46,058 [main] INFO  o.t.s.q.e.EnvironmentLogService - ThingsBoard server environment: os.version=6.6.87.2-microsoft-standard-WSL2
2025-12-16 06:44:46,058 [main] INFO  o.t.s.q.e.EnvironmentLogService - ThingsBoard server environment: user.name=thingsboard
2025-12-16 06:44:46,058 [main] INFO  o.t.s.q.e.EnvironmentLogService - ThingsBoard server environment: user.home=/home/thingsboard
2025-12-16 06:44:46,059 [main] INFO  o.t.s.q.e.EnvironmentLogService - ThingsBoard server environment: user.dir=/
2025-12-16 06:44:46,059 [main] INFO  o.t.s.q.e.EnvironmentLogService - ThingsBoard server environment: os.memory.free=285MB
2025-12-16 06:44:46,059 [main] INFO  o.t.s.q.e.EnvironmentLogService - ThingsBoard server environment: os.memory.max=1898MB
2025-12-16 06:44:46,059 [main] INFO  o.t.s.q.e.EnvironmentLogService - ThingsBoard server environment: os.memory.total=549MB
2025-12-16 06:44:46,236 [main] INFO  d.n.internal.NashornDetection - Delight-nashorn-sandbox detected that JDK Nashorn is absent and standalone Nashorn is present, and will use Standalone Nashorn
2025-12-16 06:44:47,788 [main] INFO  o.t.s.a.service.DefaultActorService - Initializing actor system.
2025-12-16 06:44:47,802 [main] INFO  o.t.s.a.service.DefaultActorService - Actor system initialized.
2025-12-16 06:44:48,840 [main] INFO  o.t.s.c.t.c.ssl.SslCredentialsConfig - LWM2M Server DTLS Credentials: Skipping initialization of disabled SSL credentials.
2025-12-16 06:44:48,849 [main] INFO  o.t.s.c.t.c.ssl.SslCredentialsConfig - LWM2M Trust Credentials: Skipping initialization of disabled SSL credentials.
2025-12-16 06:44:48,864 [main] INFO  o.t.s.c.t.c.ssl.SslCredentialsConfig - LWM2M Bootstrap DTLS Credentials: Skipping initialization of disabled SSL credentials.
2025-12-16 06:44:49,292 [main] INFO  o.t.s.c.SystemInfoController - System build info: {"version":"4.2.1","artifact":"application","name":"ThingsBoard Server Application","type":"CE"}
2025-12-16 06:44:50,009 [main] INFO  o.t.s.c.adaptor.JsonConverterConfig - JSON max string value length = 0
2025-12-16 06:44:50,010 [main] INFO  o.t.s.c.adaptor.JsonConverterConfig - JSON type cast enabled = true
2025-12-16 06:44:50,097 [main] INFO  o.t.s.t.mqtt.MqttTransportService - Setting resource leak detector level to DISABLED
2025-12-16 06:44:50,098 [main] INFO  o.t.s.t.mqtt.MqttTransportService - Starting MQTT transport...
2025-12-16 06:44:50,172 [main] INFO  o.t.s.t.mqtt.MqttTransportService - Mqtt transport started!
2025-12-16 06:44:50,235 [main] INFO  o.e.c.elements.config.Configuration - defaults added COAP.
2025-12-16 06:44:50,254 [main] INFO  o.e.c.elements.config.Configuration - defaults added UDP.
2025-12-16 06:44:50,256 [main] INFO  o.e.c.c.network.RandomTokenGenerator - using tokens of 8 bytes in length
2025-12-16 06:44:50,278 [main] INFO  org.eclipse.californium.ban - Started.
2025-12-16 06:44:50,279 [main] INFO  o.e.c.core.network.CoapEndpoint - coap CoapEndpoint uses udp context
2025-12-16 06:44:50,295 [main] INFO  o.e.c.elements.config.Configuration - defaults added SYS.
2025-12-16 06:44:50,295 [main] INFO  o.e.c.c.network.stack.BlockwiseLayer - coap BlockwiseLayer uses MAX_MESSAGE_SIZE=1024, PREFERRED_BLOCK_SIZE=1024, BLOCKWISE_STATUS_LIFETIME=300000, MAX_RESOURCE_BODY_SIZE=268435456, BLOCKWISE_STRICT_BLOCK2_OPTION=true
2025-12-16 06:44:50,308 [main] INFO  o.e.californium.core.CoapServer - Starting server
2025-12-16 06:44:50,325 [main] INFO  o.e.c.elements.UDPConnector - UDPConnector starts up 1 sender threads and 1 receiver threads
2025-12-16 06:44:50,330 [main] INFO  o.e.c.elements.UDPConnector - UDPConnector listening on /[0:0:0:0:0:0:0:0]:5683, recv buf = 106496, send buf = 106496, recv packet size = 2048
2025-12-16 06:44:50,332 [main] INFO  o.e.c.core.network.CoapEndpoint - coap Started endpoint at coap://[0:0:0:0:0:0:0:0]:5683
2025-12-16 06:44:50,336 [main] INFO  o.t.s.t.coap.CoapTransportService - Starting CoAP transport...
2025-12-16 06:44:50,346 [main] INFO  o.t.s.t.coap.CoapTransportService - CoAP transport started!
2025-12-16 06:44:50,419 [main] INFO  o.t.s.t.l.b.LwM2MTransportBootstrapService - Starting LwM2M transport bootstrap server...
2025-12-16 06:44:50,447 [main] INFO  o.e.c.elements.util.JceProviderUtil - JCE default setup
2025-12-16 06:44:50,471 [main] INFO  o.e.c.elements.util.JceProviderUtil - RSA: true, EC: true, AES: not restricted
2025-12-16 06:44:50,479 [main] INFO  o.e.c.elements.util.JceProviderUtil - EdDSA supported by SunEC, Ed25519: true, Ed448: true
2025-12-16 06:44:50,479 [main] INFO  o.e.c.elements.util.JceProviderUtil - JCE setup: SunEC version 17, ready.
2025-12-16 06:44:50,535 [main] INFO  o.e.c.elements.config.Configuration - defaults added DTLS.
2025-12-16 06:44:50,777 [main] WARN  o.e.l.s.b.LeshanBootstrapServerBuilder - configStore is set but you also provide a custom SessionManager so this store will not be used
2025-12-16 06:44:50,785 [main] INFO  o.e.c.c.network.RandomTokenGenerator - using tokens of 8 bytes in length
2025-12-16 06:44:50,786 [main] INFO  o.e.c.core.network.CoapEndpoint - [Bootstrap Server-coap://0.0.0.0:5687] CoapEndpoint uses udp context
2025-12-16 06:44:50,786 [main] INFO  o.e.c.c.network.stack.BlockwiseLayer - [Bootstrap Server-coap://0.0.0.0:5687] BlockwiseLayer uses MAX_MESSAGE_SIZE=1024, PREFERRED_BLOCK_SIZE=1024, BLOCKWISE_STATUS_LIFETIME=300000, MAX_RESOURCE_BODY_SIZE=268435456, BLOCKWISE_STRICT_BLOCK2_OPTION=true
2025-12-16 06:44:50,795 [main] INFO  o.t.s.t.l.b.LwM2MTransportBootstrapService - Unable to load X509 files for LWM2MServer
2025-12-16 06:44:50,797 [main] WARN  o.e.l.s.c.b.e.c.CoapsBootstrapServerEndpointFactory - PskStore should be automatically set by Leshan. Using a custom implementation is not advised.
2025-12-16 06:44:50,823 [main] INFO  o.e.c.s.d.InMemoryReadWriteLockConnectionStore - Created new InMemoryConnectionStore [capacity: 150000, connection expiration threshold: 1800s]
2025-12-16 06:44:50,826 [main] INFO  o.e.c.c.network.RandomTokenGenerator - using tokens of 8 bytes in length
2025-12-16 06:44:50,827 [main] INFO  o.e.c.core.network.CoapEndpoint - [Bootstrap Server-coaps://0.0.0.0:5688] CoapEndpoint uses lwm2m correlation
2025-12-16 06:44:50,827 [main] INFO  o.e.c.c.network.stack.BlockwiseLayer - [Bootstrap Server-coaps://0.0.0.0:5688] BlockwiseLayer uses MAX_MESSAGE_SIZE=1024, PREFERRED_BLOCK_SIZE=1024, BLOCKWISE_STATUS_LIFETIME=300000, MAX_RESOURCE_BODY_SIZE=268435456, BLOCKWISE_STRICT_BLOCK2_OPTION=true
2025-12-16 06:44:50,830 [main] INFO  o.e.californium.core.CoapServer - Starting server
2025-12-16 06:44:50,835 [main] INFO  o.e.c.elements.UDPConnector - UDPConnector starts up 2 sender threads and 2 receiver threads
2025-12-16 06:44:50,837 [main] INFO  o.e.c.elements.UDPConnector - UDPConnector listening on /[0:0:0:0:0:0:0:0]:5687, recv buf = 106496, send buf = 106496, recv packet size = 2048
2025-12-16 06:44:50,837 [main] INFO  o.e.c.core.network.CoapEndpoint - [Bootstrap Server-coap://0.0.0.0:5687] Started endpoint at coap://[0:0:0:0:0:0:0:0]:5687
2025-12-16 06:44:50,843 [main] INFO  o.e.c.scandium.DTLSConnector - multiple network interfaces, using smallest MTU [IPv4 1500, IPv6 1280]
2025-12-16 06:44:50,847 [DTLS-Receiver-0-/[0:0:0:0:0:0:0:0]:5688] INFO  o.e.c.scandium.DTLSConnector - Starting worker thread [DTLS-Receiver-0-/[0:0:0:0:0:0:0:0]:5688]
2025-12-16 06:44:50,847 [main] INFO  o.e.c.scandium.DTLSConnector - DTLSConnector listening on /[0:0:0:0:0:0:0:0]:5688, recv buf = 106496, send buf = 106496, recv packet size = 16490, MTU = IPv4 1500 / IPv6 1280
2025-12-16 06:44:50,848 [DTLS-Receiver-1-/[0:0:0:0:0:0:0:0]:5688] INFO  o.e.c.scandium.DTLSConnector - Starting worker thread [DTLS-Receiver-1-/[0:0:0:0:0:0:0:0]:5688]
2025-12-16 06:44:50,848 [main] INFO  o.e.c.core.network.CoapEndpoint - [Bootstrap Server-coaps://0.0.0.0:5688] Started endpoint at coaps://[0:0:0:0:0:0:0:0]:5688
2025-12-16 06:44:50,848 [main] INFO  o.e.l.s.b.LeshanBootstrapServer - Bootstrap server started.
2025-12-16 06:44:50,849 [main] INFO  o.e.l.s.b.LeshanBootstrapServer - CoAP over UDP endpoint based on Californium library available at coap://[0:0:0:0:0:0:0:0]:5687.
2025-12-16 06:44:50,849 [main] INFO  o.e.l.s.b.LeshanBootstrapServer - CoAP over DTLS endpoint based on Californium/Scandium library available at coaps://[0:0:0:0:0:0:0:0]:5688.
2025-12-16 06:44:50,849 [main] INFO  o.t.s.t.l.b.LwM2MTransportBootstrapService - Started LwM2M transport bootstrap server.
2025-12-16 06:44:51,108 [main] INFO  o.t.s.t.s.s.SnmpTransportService - SNMP transport service initialized
2025-12-16 06:44:51,136 [main] INFO  o.t.s.d.s.NamedParameterJdbcTemplateConfiguration - Set jdbcTemplate query timeout [30] second(s)
2025-12-16 06:44:51,526 [main] INFO  o.s.s.c.a.a.c.InitializeAuthenticationProviderBeanManagerConfigurer$InitializeAuthenticationProviderManagerConfigurer - Found 3 AuthenticationProvider beans, with names [jwtAuthenticationProvider, refreshTokenAuthenticationProvider, restAuthenticationProvider]. Global Authentication Manager will not be configured with AuthenticationProviders. Consider publishing a single AuthenticationProvider bean, or wiring your Providers directly using the DSL.
2025-12-16 06:44:51,702 [main] INFO  o.s.b.a.w.s.WelcomePageHandlerMapping - Adding welcome page: class path resource [public/index.html]
2025-12-16 06:44:52,387 [main] INFO  o.s.b.a.e.web.EndpointLinksResolver - Exposing 1 endpoint beneath base path '/actuator'
2025-12-16 06:44:53,835 [main] WARN  i.m.c.i.b.cache.CaffeineCacheMetrics - The cache 'relations' is not recording statistics. No meters except 'cache.size' will be registered. Call 'Caffeine#recordStats()' prior to building the cache for metrics to be recorded.
2025-12-16 06:44:53,836 [main] WARN  i.m.c.i.b.cache.CaffeineCacheMetrics - The cache 'deviceCredentials' is not recording statistics. No meters except 'cache.size' will be registered. Call 'Caffeine#recordStats()' prior to building the cache for metrics to be recorded.
2025-12-16 06:44:53,836 [main] WARN  i.m.c.i.b.cache.CaffeineCacheMetrics - The cache 'devices' is not recording statistics. No meters except 'cache.size' will be registered. Call 'Caffeine#recordStats()' prior to building the cache for metrics to be recorded.
2025-12-16 06:44:53,836 [main] WARN  i.m.c.i.b.cache.CaffeineCacheMetrics - The cache 'sessions' is not recording statistics. No meters except 'cache.size' will be registered. Call 'Caffeine#recordStats()' prior to building the cache for metrics to be recorded.
2025-12-16 06:44:53,837 [main] WARN  i.m.c.i.b.cache.CaffeineCacheMetrics - The cache 'assets' is not recording statistics. No meters except 'cache.size' will be registered. Call 'Caffeine#recordStats()' prior to building the cache for metrics to be recorded.
2025-12-16 06:44:53,837 [main] WARN  i.m.c.i.b.cache.CaffeineCacheMetrics - The cache 'customers' is not recording statistics. No meters except 'cache.size' will be registered. Call 'Caffeine#recordStats()' prior to building the cache for metrics to be recorded.
2025-12-16 06:44:53,837 [main] WARN  i.m.c.i.b.cache.CaffeineCacheMetrics - The cache 'users' is not recording statistics. No meters except 'cache.size' will be registered. Call 'Caffeine#recordStats()' prior to building the cache for metrics to be recorded.
2025-12-16 06:44:53,838 [main] WARN  i.m.c.i.b.cache.CaffeineCacheMetrics - The cache 'entityViews' is not recording statistics. No meters except 'cache.size' will be registered. Call 'Caffeine#recordStats()' prior to building the cache for metrics to be recorded.
2025-12-16 06:44:53,838 [main] WARN  i.m.c.i.b.cache.CaffeineCacheMetrics - The cache 'claimDevices' is not recording statistics. No meters except 'cache.size' will be registered. Call 'Caffeine#recordStats()' prior to building the cache for metrics to be recorded.
2025-12-16 06:44:53,838 [main] WARN  i.m.c.i.b.cache.CaffeineCacheMetrics - The cache 'securitySettings' is not recording statistics. No meters except 'cache.size' will be registered. Call 'Caffeine#recordStats()' prior to building the cache for metrics to be recorded.
2025-12-16 06:44:53,839 [main] WARN  i.m.c.i.b.cache.CaffeineCacheMetrics - The cache 'tenantProfiles' is not recording statistics. No meters except 'cache.size' will be registered. Call 'Caffeine#recordStats()' prior to building the cache for metrics to be recorded.
2025-12-16 06:44:53,839 [main] WARN  i.m.c.i.b.cache.CaffeineCacheMetrics - The cache 'tenants' is not recording statistics. No meters except 'cache.size' will be registered. Call 'Caffeine#recordStats()' prior to building the cache for metrics to be recorded.
2025-12-16 06:44:53,839 [main] WARN  i.m.c.i.b.cache.CaffeineCacheMetrics - The cache 'tenantsExist' is not recording statistics. No meters except 'cache.size' will be registered. Call 'Caffeine#recordStats()' prior to building the cache for metrics to be recorded.
2025-12-16 06:44:53,840 [main] WARN  i.m.c.i.b.cache.CaffeineCacheMetrics - The cache 'deviceProfiles' is not recording statistics. No meters except 'cache.size' will be registered. Call 'Caffeine#recordStats()' prior to building the cache for metrics to be recorded.
2025-12-16 06:44:53,840 [main] WARN  i.m.c.i.b.cache.CaffeineCacheMetrics - The cache 'assetProfiles' is not recording statistics. No meters except 'cache.size' will be registered. Call 'Caffeine#recordStats()' prior to building the cache for metrics to be recorded.
2025-12-16 06:44:53,840 [main] WARN  i.m.c.i.b.cache.CaffeineCacheMetrics - The cache 'notificationSettings' is not recording statistics. No meters except 'cache.size' will be registered. Call 'Caffeine#recordStats()' prior to building the cache for metrics to be recorded.
2025-12-16 06:44:53,840 [main] WARN  i.m.c.i.b.cache.CaffeineCacheMetrics - The cache 'sentNotifications' is not recording statistics. No meters except 'cache.size' will be registered. Call 'Caffeine#recordStats()' prior to building the cache for metrics to be recorded.
2025-12-16 06:44:53,840 [main] WARN  i.m.c.i.b.cache.CaffeineCacheMetrics - The cache 'attributes' is not recording statistics. No meters except 'cache.size' will be registered. Call 'Caffeine#recordStats()' prior to building the cache for metrics to be recorded.
2025-12-16 06:44:53,841 [main] WARN  i.m.c.i.b.cache.CaffeineCacheMetrics - The cache 'tsLatest' is not recording statistics. No meters except 'cache.size' will be registered. Call 'Caffeine#recordStats()' prior to building the cache for metrics to be recorded.
2025-12-16 06:44:53,841 [main] WARN  i.m.c.i.b.cache.CaffeineCacheMetrics - The cache 'userSessionsInvalidation' is not recording statistics. No meters except 'cache.size' will be registered. Call 'Caffeine#recordStats()' prior to building the cache for metrics to be recorded.
2025-12-16 06:44:53,841 [main] WARN  i.m.c.i.b.cache.CaffeineCacheMetrics - The cache 'otaPackages' is not recording statistics. No meters except 'cache.size' will be registered. Call 'Caffeine#recordStats()' prior to building the cache for metrics to be recorded.
2025-12-16 06:44:53,841 [main] WARN  i.m.c.i.b.cache.CaffeineCacheMetrics - The cache 'otaPackagesData' is not recording statistics. No meters except 'cache.size' will be registered. Call 'Caffeine#recordStats()' prior to building the cache for metrics to be recorded.
2025-12-16 06:44:53,842 [main] WARN  i.m.c.i.b.cache.CaffeineCacheMetrics - The cache 'edges' is not recording statistics. No meters except 'cache.size' will be registered. Call 'Caffeine#recordStats()' prior to building the cache for metrics to be recorded.
2025-12-16 06:44:53,842 [main] WARN  i.m.c.i.b.cache.CaffeineCacheMetrics - The cache 'edgeSessions' is not recording statistics. No meters except 'cache.size' will be registered. Call 'Caffeine#recordStats()' prior to building the cache for metrics to be recorded.
2025-12-16 06:44:53,842 [main] WARN  i.m.c.i.b.cache.CaffeineCacheMetrics - The cache 'relatedEdges' is not recording statistics. No meters except 'cache.size' will be registered. Call 'Caffeine#recordStats()' prior to building the cache for metrics to be recorded.
2025-12-16 06:44:53,842 [main] WARN  i.m.c.i.b.cache.CaffeineCacheMetrics - The cache 'repositorySettings' is not recording statistics. No meters except 'cache.size' will be registered. Call 'Caffeine#recordStats()' prior to building the cache for metrics to be recorded.
2025-12-16 06:44:53,842 [main] WARN  i.m.c.i.b.cache.CaffeineCacheMetrics - The cache 'autoCommitSettings' is not recording statistics. No meters except 'cache.size' will be registered. Call 'Caffeine#recordStats()' prior to building the cache for metrics to be recorded.
2025-12-16 06:44:53,843 [main] WARN  i.m.c.i.b.cache.CaffeineCacheMetrics - The cache 'twoFaVerificationCodes' is not recording statistics. No meters except 'cache.size' will be registered. Call 'Caffeine#recordStats()' prior to building the cache for metrics to be recorded.
2025-12-16 06:44:53,843 [main] WARN  i.m.c.i.b.cache.CaffeineCacheMetrics - The cache 'versionControlTask' is not recording statistics. No meters except 'cache.size' will be registered. Call 'Caffeine#recordStats()' prior to building the cache for metrics to be recorded.
2025-12-16 06:44:53,843 [main] WARN  i.m.c.i.b.cache.CaffeineCacheMetrics - The cache 'userSettings' is not recording statistics. No meters except 'cache.size' will be registered. Call 'Caffeine#recordStats()' prior to building the cache for metrics to be recorded.
2025-12-16 06:44:53,843 [main] WARN  i.m.c.i.b.cache.CaffeineCacheMetrics - The cache 'dashboardTitles' is not recording statistics. No meters except 'cache.size' will be registered. Call 'Caffeine#recordStats()' prior to building the cache for metrics to be recorded.
2025-12-16 06:44:53,843 [main] WARN  i.m.c.i.b.cache.CaffeineCacheMetrics - The cache 'entityCount' is not recording statistics. No meters except 'cache.size' will be registered. Call 'Caffeine#recordStats()' prior to building the cache for metrics to be recorded.
2025-12-16 06:44:53,844 [main] WARN  i.m.c.i.b.cache.CaffeineCacheMetrics - The cache 'resourceInfo' is not recording statistics. No meters except 'cache.size' will be registered. Call 'Caffeine#recordStats()' prior to building the cache for metrics to be recorded.
2025-12-16 06:44:53,844 [main] WARN  i.m.c.i.b.cache.CaffeineCacheMetrics - The cache 'alarmTypes' is not recording statistics. No meters except 'cache.size' will be registered. Call 'Caffeine#recordStats()' prior to building the cache for metrics to be recorded.
2025-12-16 06:44:53,844 [main] WARN  i.m.c.i.b.cache.CaffeineCacheMetrics - The cache 'qrCodeSettings' is not recording statistics. No meters except 'cache.size' will be registered. Call 'Caffeine#recordStats()' prior to building the cache for metrics to be recorded.
2025-12-16 06:44:53,844 [main] WARN  i.m.c.i.b.cache.CaffeineCacheMetrics - The cache 'mobileSecretKey' is not recording statistics. No meters except 'cache.size' will be registered. Call 'Caffeine#recordStats()' prior to building the cache for metrics to be recorded.
2025-12-16 06:44:53,844 [main] WARN  i.m.c.i.b.cache.CaffeineCacheMetrics - The cache 'trendzSettings' is not recording statistics. No meters except 'cache.size' will be registered. Call 'Caffeine#recordStats()' prior to building the cache for metrics to be recorded.
2025-12-16 06:44:53,845 [main] WARN  i.m.c.i.b.cache.CaffeineCacheMetrics - The cache 'aiModel' is not recording statistics. No meters except 'cache.size' will be registered. Call 'Caffeine#recordStats()' prior to building the cache for metrics to be recorded.
2025-12-16 06:44:54,237 [main] INFO  o.s.i.endpoint.EventDrivenConsumer - Adding {logging-channel-adapter:_org.springframework.integration.errorLogger} as a subscriber to the 'errorChannel' channel
2025-12-16 06:44:54,238 [main] INFO  o.s.i.c.PublishSubscribeChannel - Channel 'application.errorChannel' has 1 subscriber(s).
2025-12-16 06:44:54,239 [main] INFO  o.s.i.endpoint.EventDrivenConsumer - started bean '_org.springframework.integration.errorLogger'
2025-12-16 06:44:54,262 [main] INFO  o.a.coyote.http11.Http11NioProtocol - Starting ProtocolHandler ["http-nio-0.0.0.0-9090"]
2025-12-16 06:44:54,289 [main] INFO  o.s.b.w.e.tomcat.TomcatWebServer - Tomcat started on port 9090 (http) with context path '/'
2025-12-16 06:44:54,340 [TB-Scheduling-2] INFO  o.t.s.c.t.s.DefaultTransportService - Transport Stats: openConnections [0]
2025-12-16 06:44:54,342 [main] INFO  o.t.s.ThingsboardServerApplication - Started ThingsboardServerApplication in 32.751 seconds (process running for 35.167)
2025-12-16 06:44:54,362 [main] INFO  o.t.s.q.c.c.QueueConsumerManager - [TB Version Control] Launching consumer
2025-12-16 06:44:54,366 [main] INFO  o.t.s.q.d.HashPartitionService - Recalculating partitions
2025-12-16 06:44:54,366 [main] INFO  o.t.s.q.d.HashPartitionService - [8016b95b6613] Found common server: [TB_CORE, TB_RULE_ENGINE, TB_TRANSPORT, JS_EXECUTOR, TB_VC_EXECUTOR, EDQS, TASK_PROCESSOR]
2025-12-16 06:44:54,385 [main] INFO  o.t.s.q.d.HashPartitionService - Partitions changed: 
[QK(Main,EDQS,system)] - [0, 1, 10, 11, 2, 3, 4, 5, 6, 7, 8, 9]
2025-12-16 06:44:54,389 [main] INFO  o.t.s.q.d.HashPartitionService - Partitions changed: 
[QK(Main,TB_CORE,system)] - [0, 1, 2, 3, 4, 5, 6, 7, 8, 9]
[QK(Edge,TB_CORE,system)] - [0, 1, 2, 3, 4, 5, 6, 7, 8, 9]
2025-12-16 06:44:54,395 [device-state-scheduled-21-thread-1] INFO  o.t.s.s.p.AbstractPartitionBasedService - [Device State] CURRENT PARTITIONS: []
2025-12-16 06:44:54,395 [device-state-scheduled-21-thread-1] INFO  o.t.s.s.p.AbstractPartitionBasedService - [Device State] NEW PARTITIONS: [tb_core.0, tb_core.2, tb_core.4, tb_core.6, tb_core.8, tb_core.1, tb_core.3, tb_core.5, tb_core.7, tb_core.9]
2025-12-16 06:44:54,395 [device-state-scheduled-21-thread-1] INFO  o.t.s.s.p.AbstractPartitionBasedService - [Device State] ADDED PARTITIONS: [tb_core.0, tb_core.2, tb_core.4, tb_core.6, tb_core.8, tb_core.1, tb_core.3, tb_core.5, tb_core.7, tb_core.9]
2025-12-16 06:44:54,395 [device-state-scheduled-21-thread-1] INFO  o.t.s.s.p.AbstractPartitionBasedService - [Device State] REMOVED PARTITIONS: []
2025-12-16 06:44:54,395 [api-usage-scheduled-19-thread-1] INFO  o.t.s.s.p.AbstractPartitionBasedService - [API Usage] CURRENT PARTITIONS: []
2025-12-16 06:44:54,395 [api-usage-scheduled-19-thread-1] INFO  o.t.s.s.p.AbstractPartitionBasedService - [API Usage] NEW PARTITIONS: [tb_core.0, tb_core.2, tb_core.4, tb_core.6, tb_core.8, tb_core.1, tb_core.3, tb_core.5, tb_core.7, tb_core.9]
2025-12-16 06:44:54,395 [api-usage-scheduled-19-thread-1] INFO  o.t.s.s.p.AbstractPartitionBasedService - [API Usage] ADDED PARTITIONS: [tb_core.0, tb_core.2, tb_core.4, tb_core.6, tb_core.8, tb_core.1, tb_core.3, tb_core.5, tb_core.7, tb_core.9]
2025-12-16 06:44:54,395 [api-usage-scheduled-19-thread-1] INFO  o.t.s.s.p.AbstractPartitionBasedService - [API Usage] REMOVED PARTITIONS: []
2025-12-16 06:44:54,397 [api-usage-scheduled-19-thread-1] INFO  o.t.s.s.a.DefaultTbApiUsageStateService - Initializing tenant states.
2025-12-16 06:44:54,400 [main] INFO  o.t.s.a.service.DefaultActorService - Received partition change event.
2025-12-16 06:44:54,407 [notifications-scheduler-49-thread-1] INFO  o.t.s.s.p.AbstractPartitionBasedService - [Notifications scheduler] CURRENT PARTITIONS: []
2025-12-16 06:44:54,407 [notifications-scheduler-49-thread-1] INFO  o.t.s.s.p.AbstractPartitionBasedService - [Notifications scheduler] NEW PARTITIONS: [tb_core.0, tb_core.2, tb_core.4, tb_core.6, tb_core.8, tb_core.1, tb_core.3, tb_core.5, tb_core.7, tb_core.9]
2025-12-16 06:44:54,407 [notifications-scheduler-49-thread-1] INFO  o.t.s.s.p.AbstractPartitionBasedService - [Notifications scheduler] ADDED PARTITIONS: [tb_core.0, tb_core.2, tb_core.4, tb_core.6, tb_core.8, tb_core.1, tb_core.3, tb_core.5, tb_core.7, tb_core.9]
2025-12-16 06:44:54,407 [notifications-scheduler-49-thread-1] INFO  o.t.s.s.p.AbstractPartitionBasedService - [Notifications scheduler] REMOVED PARTITIONS: []
2025-12-16 06:44:54,410 [main] INFO  o.t.s.q.d.HashPartitionService - Partitions changed: 
[QK(Main,TB_VC_EXECUTOR,system)] - [0, 1, 2, 3, 4, 5, 6, 7, 8, 9]
2025-12-16 06:44:54,410 [tb-edge-mgmt-0-1] INFO  o.t.s.q.c.c.MainQueueConsumerManager - [QK(Edge,TB_CORE,system)] New partitions: [tb_edge.0, tb_edge.2, tb_edge.4, tb_edge.6, tb_edge.8, tb_edge.1, tb_edge.3, tb_edge.5, tb_edge.7, tb_edge.9]
2025-12-16 06:44:54,411 [main] INFO  o.t.s.q.d.HashPartitionService - Partitions changed: 
[QK(HighPriority,TB_RULE_ENGINE,system)] - [0, 1, 2, 3, 4, 5, 6, 7, 8, 9]
[QK(SequentialByOriginator,TB_RULE_ENGINE,system)] - [0, 1, 2, 3, 4, 5, 6, 7, 8, 9]
[QK(CalculatedFields,TB_RULE_ENGINE,system)] - [0, 1, 2, 3, 4, 5, 6, 7, 8, 9]
[QK(Main,TB_RULE_ENGINE,system)] - [0, 1, 2, 3, 4, 5, 6, 7, 8, 9]
[QK(CalculatedFieldStates,TB_RULE_ENGINE,system)] - [0, 1, 2, 3, 4, 5, 6, 7, 8, 9]
2025-12-16 06:44:54,412 [tb-edge-mgmt-0-1] INFO  o.t.s.q.c.c.MainQueueConsumerManager - [QK(Edge,TB_CORE,system)] Launching consumer
2025-12-16 06:44:54,413 [tb-core-mgmt-0-1] INFO  o.t.s.q.c.c.MainQueueConsumerManager - [QK(Main,TB_CORE,system)] Added partitions: [tb_core.0, tb_core.2, tb_core.4, tb_core.6, tb_core.8, tb_core.1, tb_core.3, tb_core.5, tb_core.7, tb_core.9], removed partitions: []
2025-12-16 06:44:54,413 [main] INFO  o.t.s.a.service.DefaultActorService - Received partition change event.
2025-12-16 06:44:54,414 [main] INFO  o.t.s.t.s.s.SnmpTransportBalancingService - Recalculating partitions for SNMP transports
2025-12-16 06:44:54,414 [tb-core-mgmt-0-1] INFO  o.t.s.q.c.c.MainQueueConsumerManager - [QK(Main,TB_CORE,system)-0] Launching consumer
2025-12-16 06:44:54,415 [tb-core-mgmt-0-1] INFO  o.t.s.q.c.c.MainQueueConsumerManager - [QK(Main,TB_CORE,system)-2] Launching consumer
2025-12-16 06:44:54,417 [tb-core-mgmt-0-1] INFO  o.t.s.q.c.c.MainQueueConsumerManager - [QK(Main,TB_CORE,system)-4] Launching consumer
2025-12-16 06:44:54,417 [tb-core-mgmt-0-1] INFO  o.t.s.q.c.c.MainQueueConsumerManager - [QK(Main,TB_CORE,system)-6] Launching consumer
2025-12-16 06:44:54,416 [main] INFO  o.t.s.t.s.s.SnmpTransportBalancingService - SNMP transports partitions have not changed
2025-12-16 06:44:54,419 [tb-core-mgmt-0-1] INFO  o.t.s.q.c.c.MainQueueConsumerManager - [QK(Main,TB_CORE,system)-8] Launching consumer
2025-12-16 06:44:54,420 [tb-core-mgmt-0-1] INFO  o.t.s.q.c.c.MainQueueConsumerManager - [QK(Main,TB_CORE,system)-1] Launching consumer
2025-12-16 06:44:54,422 [tb-core-mgmt-0-1] INFO  o.t.s.q.c.c.MainQueueConsumerManager - [QK(Main,TB_CORE,system)-3] Launching consumer
2025-12-16 06:44:54,424 [tb-core-mgmt-0-1] INFO  o.t.s.q.c.c.MainQueueConsumerManager - [QK(Main,TB_CORE,system)-5] Launching consumer
2025-12-16 06:44:54,425 [tb-core-mgmt-0-1] INFO  o.t.s.q.c.c.MainQueueConsumerManager - [QK(Main,TB_CORE,system)-7] Launching consumer
2025-12-16 06:44:54,429 [tb-core-mgmt-0-1] INFO  o.t.s.q.c.c.MainQueueConsumerManager - [QK(Main,TB_CORE,system)-9] Launching consumer
2025-12-16 06:44:54,688 [main] INFO  o.t.s.a.service.DefaultActorService - Received application ready event. Sending application init message to actor system
2025-12-16 06:44:54,689 [app-dispatcher-31-thread-1] INFO  o.t.server.actors.app.AppActor - Starting main system actor.
2025-12-16 06:44:54,703 [main] INFO  o.t.s.s.edge.rpc.EdgeGrpcService - Initializing Edge RPC service!
2025-12-16 06:44:54,705 [app-dispatcher-31-thread-1] INFO  o.t.server.actors.app.AppActor - Main system actor started.
2025-12-16 06:44:55,166 [notifications-scheduler-49-thread-1] INFO  o.t.s.s.p.AbstractPartitionBasedService - [Notifications scheduler] Managing following partitions:
2025-12-16 06:44:55,167 [notifications-scheduler-49-thread-1] INFO  o.t.s.s.p.AbstractPartitionBasedService - [Notifications scheduler][tb_core.4]: 0 entities
2025-12-16 06:44:55,167 [notifications-scheduler-49-thread-1] INFO  o.t.s.s.p.AbstractPartitionBasedService - [Notifications scheduler][tb_core.8]: 0 entities
2025-12-16 06:44:55,167 [notifications-scheduler-49-thread-1] INFO  o.t.s.s.p.AbstractPartitionBasedService - [Notifications scheduler][tb_core.0]: 0 entities
2025-12-16 06:44:55,167 [notifications-scheduler-49-thread-1] INFO  o.t.s.s.p.AbstractPartitionBasedService - [Notifications scheduler][tb_core.3]: 0 entities
2025-12-16 06:44:55,167 [notifications-scheduler-49-thread-1] INFO  o.t.s.s.p.AbstractPartitionBasedService - [Notifications scheduler][tb_core.7]: 0 entities
2025-12-16 06:44:55,168 [notifications-scheduler-49-thread-1] INFO  o.t.s.s.p.AbstractPartitionBasedService - [Notifications scheduler][tb_core.2]: 0 entities
2025-12-16 06:44:55,168 [notifications-scheduler-49-thread-1] INFO  o.t.s.s.p.AbstractPartitionBasedService - [Notifications scheduler][tb_core.6]: 0 entities
2025-12-16 06:44:55,168 [notifications-scheduler-49-thread-1] INFO  o.t.s.s.p.AbstractPartitionBasedService - [Notifications scheduler][tb_core.5]: 0 entities
2025-12-16 06:44:55,168 [notifications-scheduler-49-thread-1] INFO  o.t.s.s.p.AbstractPartitionBasedService - [Notifications scheduler][tb_core.1]: 0 entities
2025-12-16 06:44:55,168 [notifications-scheduler-49-thread-1] INFO  o.t.s.s.p.AbstractPartitionBasedService - [Notifications scheduler][tb_core.9]: 0 entities
2025-12-16 06:44:55,205 [main] INFO  o.t.s.s.edge.rpc.EdgeGrpcService - Going to start Edge RPC server using port: 7070
2025-12-16 06:44:55,297 [device-state-scheduled-21-thread-1] INFO  o.t.s.s.s.DefaultDeviceStateService - [tb_core.6] Submit task for device states: 1
2025-12-16 06:44:55,299 [device-state-scheduled-21-thread-1] INFO  o.t.s.s.s.DefaultDeviceStateService - [tb_core.4] Submit task for device states: 1
2025-12-16 06:44:55,301 [device-state-scheduled-21-thread-1] INFO  o.t.s.s.s.DefaultDeviceStateService - [tb_core.7] Submit task for device states: 1
2025-12-16 06:44:55,302 [device-state-scheduled-21-thread-1] INFO  o.t.s.s.s.DefaultDeviceStateService - [tb_core.9] Submit task for device states: 3
2025-12-16 06:44:55,302 [device-state-scheduled-21-thread-1] INFO  o.t.s.s.s.DefaultDeviceStateService - [tb_core.5] Submit task for device states: 2
2025-12-16 06:44:55,302 [device-state-scheduled-21-thread-1] INFO  o.t.s.s.s.DefaultDeviceStateService - [tb_core.2] Submit task for device states: 2
2025-12-16 06:44:55,302 [device-state-scheduled-21-thread-1] INFO  o.t.s.s.s.DefaultDeviceStateService - [tb_core.1] Submit task for device states: 3
2025-12-16 06:44:55,357 [device-state-0-1] INFO  o.t.s.s.s.DefaultDeviceStateService - [6] Initialized 1 out of 1 device states
2025-12-16 06:44:55,357 [device-state-0-5] INFO  o.t.s.s.s.DefaultDeviceStateService - [5] Initialized 2 out of 2 device states
2025-12-16 06:44:55,357 [device-state-0-6] INFO  o.t.s.s.s.DefaultDeviceStateService - [2] Initialized 2 out of 2 device states
2025-12-16 06:44:55,357 [device-state-0-4] INFO  o.t.s.s.s.DefaultDeviceStateService - [9] Initialized 3 out of 3 device states
2025-12-16 06:44:55,357 [device-state-0-7] INFO  o.t.s.s.s.DefaultDeviceStateService - [1] Initialized 3 out of 3 device states
2025-12-16 06:44:55,357 [device-state-0-3] INFO  o.t.s.s.s.DefaultDeviceStateService - [7] Initialized 1 out of 1 device states
2025-12-16 06:44:55,357 [device-state-0-2] INFO  o.t.s.s.s.DefaultDeviceStateService - [4] Initialized 1 out of 1 device states
2025-12-16 06:44:55,358 [device-state-0-1] INFO  o.t.s.s.p.AbstractPartitionBasedService - [Device State] Managing following partitions:
2025-12-16 06:44:55,358 [device-state-0-1] INFO  o.t.s.s.p.AbstractPartitionBasedService - [Device State][tb_core.4]: 1 entities
2025-12-16 06:44:55,358 [device-state-0-1] INFO  o.t.s.s.p.AbstractPartitionBasedService - [Device State][tb_core.8]: 0 entities
2025-12-16 06:44:55,358 [device-state-0-1] INFO  o.t.s.s.p.AbstractPartitionBasedService - [Device State][tb_core.0]: 0 entities
2025-12-16 06:44:55,359 [device-state-0-1] INFO  o.t.s.s.p.AbstractPartitionBasedService - [Device State][tb_core.3]: 0 entities
2025-12-16 06:44:55,360 [device-state-0-1] INFO  o.t.s.s.p.AbstractPartitionBasedService - [Device State][tb_core.7]: 1 entities
2025-12-16 06:44:55,360 [device-state-0-1] INFO  o.t.s.s.p.AbstractPartitionBasedService - [Device State][tb_core.2]: 2 entities
2025-12-16 06:44:55,360 [device-state-0-1] INFO  o.t.s.s.p.AbstractPartitionBasedService - [Device State][tb_core.6]: 1 entities
2025-12-16 06:44:55,360 [device-state-0-1] INFO  o.t.s.s.p.AbstractPartitionBasedService - [Device State][tb_core.5]: 2 entities
2025-12-16 06:44:55,361 [device-state-0-1] INFO  o.t.s.s.p.AbstractPartitionBasedService - [Device State][tb_core.1]: 3 entities
2025-12-16 06:44:55,361 [device-state-0-1] INFO  o.t.s.s.p.AbstractPartitionBasedService - [Device State][tb_core.9]: 3 entities
2025-12-16 06:44:55,454 [main] INFO  o.t.s.s.edge.rpc.EdgeGrpcService - Edge RPC service initialized!
2025-12-16 06:44:55,456 [main] INFO  o.t.s.q.c.c.QueueConsumerManager - [Housekeeper reprocessing] Launching consumer
2025-12-16 06:44:55,458 [main] INFO  o.t.s.q.c.c.QueueConsumerManager - [Housekeeper] Launching consumer
2025-12-16 06:44:55,460 [main] INFO  o.t.s.q.c.c.QueueConsumerManager - [job-stats] Launching consumer
2025-12-16 06:44:55,462 [main] INFO  o.t.s.q.c.c.QueueConsumerManager - [TB Rule Engine Notifications] Launching consumer
2025-12-16 06:44:55,466 [main] INFO  o.t.s.s.q.DefaultTbCalculatedFieldConsumerService - Handling partition change event: PartitionChangeEvent(super=TbApplicationEvent(sequenceNumber=4), serviceType=TB_RULE_ENGINE, newPartitions={QK(HighPriority,TB_RULE_ENGINE,system)=[tb_rule_engine.hp.1, tb_rule_engine.hp.3, tb_rule_engine.hp.5, tb_rule_engine.hp.7, tb_rule_engine.hp.9, tb_rule_engine.hp.0, tb_rule_engine.hp.2, tb_rule_engine.hp.4, tb_rule_engine.hp.6, tb_rule_engine.hp.8], QK(SequentialByOriginator,TB_RULE_ENGINE,system)=[tb_rule_engine.sq.0, tb_rule_engine.sq.2, tb_rule_engine.sq.4, tb_rule_engine.sq.6, tb_rule_engine.sq.8, tb_rule_engine.sq.1, tb_rule_engine.sq.3, tb_rule_engine.sq.5, tb_rule_engine.sq.7, tb_rule_engine.sq.9], QK(CalculatedFields,TB_RULE_ENGINE,system)=[tb_cf_event.1, tb_cf_event.3, tb_cf_event.5, tb_cf_event.7, tb_cf_event.9, tb_cf_event.0, tb_cf_event.2, tb_cf_event.4, tb_cf_event.6, tb_cf_event.8], QK(Main,TB_RULE_ENGINE,system)=[tb_rule_engine.main.0, tb_rule_engine.main.2, tb_rule_engine.main.4, tb_rule_engine.main.6, tb_rule_engine.main.8, tb_rule_engine.main.1, tb_rule_engine.main.3, tb_rule_engine.main.5, tb_rule_engine.main.7, tb_rule_engine.main.9], QK(CalculatedFieldStates,TB_RULE_ENGINE,system)=[tb_cf_state.1, tb_cf_state.3, tb_cf_state.5, tb_cf_state.7, tb_cf_state.9, tb_cf_state.0, tb_cf_state.2, tb_cf_state.4, tb_cf_state.6, tb_cf_state.8]}, oldPartitions={QK(HighPriority,TB_RULE_ENGINE,system)=[], QK(SequentialByOriginator,TB_RULE_ENGINE,system)=[], QK(Main,TB_CORE,system)=[], QK(CalculatedFields,TB_RULE_ENGINE,system)=[], QK(Main,TB_RULE_ENGINE,system)=[], QK(Main,TB_VC_EXECUTOR,system)=[], QK(CalculatedFieldStates,TB_RULE_ENGINE,system)=[], QK(Edge,TB_CORE,system)=[], QK(Main,EDQS,system)=[]})
2025-12-16 06:44:55,481 [main] INFO  o.t.s.q.c.c.QueueConsumerManager - [TB Core Notifications] Launching consumer
2025-12-16 06:44:55,481 [main] INFO  o.t.s.q.c.c.QueueConsumerManager - [TB Ota Package States] Launching consumer
2025-12-16 06:44:55,481 [tb-cf-mgmt-0-1] INFO  o.t.s.q.c.c.PartitionedQueueConsumerManager - [QK(CalculatedFields,TB_RULE_ENGINE,system)] Added partitions: [tb_cf_event.1, tb_cf_event.3, tb_cf_event.5, tb_cf_event.7, tb_cf_event.9, tb_cf_event.0, tb_cf_event.2, tb_cf_event.4, tb_cf_event.6, tb_cf_event.8]
2025-12-16 06:44:55,481 [tb-cf-mgmt-0-1] INFO  o.t.s.q.c.c.MainQueueConsumerManager - [QK(CalculatedFields,TB_RULE_ENGINE,system)-1] Launching consumer
2025-12-16 06:44:55,482 [main] INFO  o.t.s.q.c.c.QueueConsumerManager - [TB Usage Stats] Launching consumer
2025-12-16 06:44:55,482 [tb-cf-mgmt-0-1] INFO  o.t.s.q.c.c.MainQueueConsumerManager - [QK(CalculatedFields,TB_RULE_ENGINE,system)-3] Launching consumer
2025-12-16 06:44:55,483 [main] INFO  o.t.s.q.c.c.QueueConsumerManager - [TB Core Notifications] Launching consumer
2025-12-16 06:44:55,484 [tb-cf-mgmt-0-1] INFO  o.t.s.q.c.c.MainQueueConsumerManager - [QK(CalculatedFields,TB_RULE_ENGINE,system)-5] Launching consumer
2025-12-16 06:44:55,485 [main] INFO  o.t.s.q.c.c.QueueConsumerManager - [TB Rule Engine Notifications] Launching consumer
2025-12-16 06:44:55,486 [tb-cf-mgmt-0-1] INFO  o.t.s.q.c.c.MainQueueConsumerManager - [QK(CalculatedFields,TB_RULE_ENGINE,system)-7] Launching consumer
2025-12-16 06:44:55,486 [notifications-tb-core-consumer-52-thread-11] INFO  o.t.s.s.q.DefaultTbCoreConsumerService - [8016b95b6613] Processing core startup with partitions: [0, 1, 2, 3, 4, 5, 6, 7, 8, 9]
2025-12-16 06:44:55,489 [tb-cf-mgmt-0-1] INFO  o.t.s.q.c.c.MainQueueConsumerManager - [QK(CalculatedFields,TB_RULE_ENGINE,system)-9] Launching consumer
2025-12-16 06:44:55,490 [tb-cf-mgmt-0-1] INFO  o.t.s.q.c.c.MainQueueConsumerManager - [QK(CalculatedFields,TB_RULE_ENGINE,system)-0] Launching consumer
2025-12-16 06:44:55,491 [DefaultTbLocalSubscriptionService-0-1] INFO  o.t.s.s.s.DefaultTbLocalSubscriptionService - [8016b95b6613] Pushed 0 subscriptions to [8016b95b6613]
2025-12-16 06:44:55,492 [tb-cf-mgmt-0-1] INFO  o.t.s.q.c.c.MainQueueConsumerManager - [QK(CalculatedFields,TB_RULE_ENGINE,system)-2] Launching consumer
2025-12-16 06:44:55,493 [tb-cf-mgmt-0-1] INFO  o.t.s.q.c.c.MainQueueConsumerManager - [QK(CalculatedFields,TB_RULE_ENGINE,system)-4] Launching consumer
2025-12-16 06:44:55,494 [tb-cf-mgmt-0-1] INFO  o.t.s.q.c.c.MainQueueConsumerManager - [QK(CalculatedFields,TB_RULE_ENGINE,system)-6] Launching consumer
2025-12-16 06:44:55,495 [tb-cf-mgmt-0-1] INFO  o.t.s.q.c.c.MainQueueConsumerManager - [QK(CalculatedFields,TB_RULE_ENGINE,system)-8] Launching consumer
2025-12-16 06:44:55,500 [main] INFO  o.t.s.s.q.DefaultTbRuleEngineConsumerService - Handling partition change event: PartitionChangeEvent(super=TbApplicationEvent(sequenceNumber=4), serviceType=TB_RULE_ENGINE, newPartitions={QK(HighPriority,TB_RULE_ENGINE,system)=[tb_rule_engine.hp.1, tb_rule_engine.hp.3, tb_rule_engine.hp.5, tb_rule_engine.hp.7, tb_rule_engine.hp.9, tb_rule_engine.hp.0, tb_rule_engine.hp.2, tb_rule_engine.hp.4, tb_rule_engine.hp.6, tb_rule_engine.hp.8], QK(SequentialByOriginator,TB_RULE_ENGINE,system)=[tb_rule_engine.sq.0, tb_rule_engine.sq.2, tb_rule_engine.sq.4, tb_rule_engine.sq.6, tb_rule_engine.sq.8, tb_rule_engine.sq.1, tb_rule_engine.sq.3, tb_rule_engine.sq.5, tb_rule_engine.sq.7, tb_rule_engine.sq.9], QK(CalculatedFields,TB_RULE_ENGINE,system)=[tb_cf_event.1, tb_cf_event.3, tb_cf_event.5, tb_cf_event.7, tb_cf_event.9, tb_cf_event.0, tb_cf_event.2, tb_cf_event.4, tb_cf_event.6, tb_cf_event.8], QK(Main,TB_RULE_ENGINE,system)=[tb_rule_engine.main.0, tb_rule_engine.main.2, tb_rule_engine.main.4, tb_rule_engine.main.6, tb_rule_engine.main.8, tb_rule_engine.main.1, tb_rule_engine.main.3, tb_rule_engine.main.5, tb_rule_engine.main.7, tb_rule_engine.main.9], QK(CalculatedFieldStates,TB_RULE_ENGINE,system)=[tb_cf_state.1, tb_cf_state.3, tb_cf_state.5, tb_cf_state.7, tb_cf_state.9, tb_cf_state.0, tb_cf_state.2, tb_cf_state.4, tb_cf_state.6, tb_cf_state.8]}, oldPartitions={QK(HighPriority,TB_RULE_ENGINE,system)=[], QK(SequentialByOriginator,TB_RULE_ENGINE,system)=[], QK(Main,TB_CORE,system)=[], QK(CalculatedFields,TB_RULE_ENGINE,system)=[], QK(Main,TB_RULE_ENGINE,system)=[], QK(Main,TB_VC_EXECUTOR,system)=[], QK(CalculatedFieldStates,TB_RULE_ENGINE,system)=[], QK(Edge,TB_CORE,system)=[], QK(Main,EDQS,system)=[]})
2025-12-16 06:44:55,502 [tb-rule-engine-mgmt-0-1] INFO  o.t.s.q.c.c.MainQueueConsumerManager - [QK(HighPriority,TB_RULE_ENGINE,system)] Added partitions: [tb_rule_engine.hp.1, tb_rule_engine.hp.3, tb_rule_engine.hp.5, tb_rule_engine.hp.7, tb_rule_engine.hp.9, tb_rule_engine.hp.0, tb_rule_engine.hp.2, tb_rule_engine.hp.4, tb_rule_engine.hp.6, tb_rule_engine.hp.8], removed partitions: []
2025-12-16 06:44:55,502 [main] INFO  o.t.s.s.t.TbCoreTransportApiService - Received application ready event. Starting polling for events.
2025-12-16 06:44:55,503 [tb-rule-engine-mgmt-0-1] INFO  o.t.s.q.c.c.MainQueueConsumerManager - [QK(HighPriority,TB_RULE_ENGINE,system)-1] Launching consumer
2025-12-16 06:44:55,503 [tb-rule-engine-mgmt-0-2] INFO  o.t.s.q.c.c.MainQueueConsumerManager - [QK(SequentialByOriginator,TB_RULE_ENGINE,system)] Added partitions: [tb_rule_engine.sq.0, tb_rule_engine.sq.2, tb_rule_engine.sq.4, tb_rule_engine.sq.6, tb_rule_engine.sq.8, tb_rule_engine.sq.1, tb_rule_engine.sq.3, tb_rule_engine.sq.5, tb_rule_engine.sq.7, tb_rule_engine.sq.9], removed partitions: []
2025-12-16 06:44:55,503 [tb-rule-engine-mgmt-0-2] INFO  o.t.s.q.c.c.MainQueueConsumerManager - [QK(SequentialByOriginator,TB_RULE_ENGINE,system)-0] Launching consumer
2025-12-16 06:44:55,503 [tb-rule-engine-mgmt-0-3] INFO  o.t.s.q.c.c.MainQueueConsumerManager - [QK(Main,TB_RULE_ENGINE,system)] Added partitions: [tb_rule_engine.main.0, tb_rule_engine.main.2, tb_rule_engine.main.4, tb_rule_engine.main.6, tb_rule_engine.main.8, tb_rule_engine.main.1, tb_rule_engine.main.3, tb_rule_engine.main.5, tb_rule_engine.main.7, tb_rule_engine.main.9], removed partitions: []
2025-12-16 06:44:55,503 [tb-rule-engine-mgmt-0-3] INFO  o.t.s.q.c.c.MainQueueConsumerManager - [QK(Main,TB_RULE_ENGINE,system)-0] Launching consumer
2025-12-16 06:44:55,503 [tb-rule-engine-mgmt-0-1] INFO  o.t.s.q.c.c.MainQueueConsumerManager - [QK(HighPriority,TB_RULE_ENGINE,system)-3] Launching consumer
2025-12-16 06:44:55,504 [tb-rule-engine-mgmt-0-3] INFO  o.t.s.q.c.c.MainQueueConsumerManager - [QK(Main,TB_RULE_ENGINE,system)-2] Launching consumer
2025-12-16 06:44:55,504 [tb-rule-engine-mgmt-0-2] INFO  o.t.s.q.c.c.MainQueueConsumerManager - [QK(SequentialByOriginator,TB_RULE_ENGINE,system)-2] Launching consumer
2025-12-16 06:44:55,505 [tb-rule-engine-mgmt-0-1] INFO  o.t.s.q.c.c.MainQueueConsumerManager - [QK(HighPriority,TB_RULE_ENGINE,system)-5] Launching consumer
2025-12-16 06:44:55,506 [tb-rule-engine-mgmt-0-3] INFO  o.t.s.q.c.c.MainQueueConsumerManager - [QK(Main,TB_RULE_ENGINE,system)-4] Launching consumer
2025-12-16 06:44:55,507 [tb-rule-engine-mgmt-0-2] INFO  o.t.s.q.c.c.MainQueueConsumerManager - [QK(SequentialByOriginator,TB_RULE_ENGINE,system)-4] Launching consumer
2025-12-16 06:44:55,507 [tb-rule-engine-mgmt-0-3] INFO  o.t.s.q.c.c.MainQueueConsumerManager - [QK(Main,TB_RULE_ENGINE,system)-6] Launching consumer
2025-12-16 06:44:55,507 [tb-rule-engine-mgmt-0-2] INFO  o.t.s.q.c.c.MainQueueConsumerManager - [QK(SequentialByOriginator,TB_RULE_ENGINE,system)-6] Launching consumer
2025-12-16 06:44:55,508 [main] INFO  o.t.s.q.c.c.QueueConsumerManager - [TB Transport] Launching consumer
2025-12-16 06:44:55,508 [tb-rule-engine-mgmt-0-1] INFO  o.t.s.q.c.c.MainQueueConsumerManager - [QK(HighPriority,TB_RULE_ENGINE,system)-7] Launching consumer
2025-12-16 06:44:55,508 [tb-rule-engine-mgmt-0-3] INFO  o.t.s.q.c.c.MainQueueConsumerManager - [QK(Main,TB_RULE_ENGINE,system)-8] Launching consumer
2025-12-16 06:44:55,509 [tb-rule-engine-mgmt-0-2] INFO  o.t.s.q.c.c.MainQueueConsumerManager - [QK(SequentialByOriginator,TB_RULE_ENGINE,system)-8] Launching consumer
2025-12-16 06:44:55,509 [tb-rule-engine-mgmt-0-1] INFO  o.t.s.q.c.c.MainQueueConsumerManager - [QK(HighPriority,TB_RULE_ENGINE,system)-9] Launching consumer
2025-12-16 06:44:55,510 [tb-rule-engine-mgmt-0-3] INFO  o.t.s.q.c.c.MainQueueConsumerManager - [QK(Main,TB_RULE_ENGINE,system)-1] Launching consumer
2025-12-16 06:44:55,510 [tb-rule-engine-mgmt-0-2] INFO  o.t.s.q.c.c.MainQueueConsumerManager - [QK(SequentialByOriginator,TB_RULE_ENGINE,system)-1] Launching consumer
2025-12-16 06:44:55,511 [tb-rule-engine-mgmt-0-1] INFO  o.t.s.q.c.c.MainQueueConsumerManager - [QK(HighPriority,TB_RULE_ENGINE,system)-0] Launching consumer
2025-12-16 06:44:55,511 [tb-rule-engine-mgmt-0-3] INFO  o.t.s.q.c.c.MainQueueConsumerManager - [QK(Main,TB_RULE_ENGINE,system)-3] Launching consumer
2025-12-16 06:44:55,512 [tb-rule-engine-mgmt-0-2] INFO  o.t.s.q.c.c.MainQueueConsumerManager - [QK(SequentialByOriginator,TB_RULE_ENGINE,system)-3] Launching consumer
2025-12-16 06:44:55,512 [tb-rule-engine-mgmt-0-1] INFO  o.t.s.q.c.c.MainQueueConsumerManager - [QK(HighPriority,TB_RULE_ENGINE,system)-2] Launching consumer
2025-12-16 06:44:55,513 [tb-rule-engine-mgmt-0-3] INFO  o.t.s.q.c.c.MainQueueConsumerManager - [QK(Main,TB_RULE_ENGINE,system)-5] Launching consumer
2025-12-16 06:44:55,513 [tb-rule-engine-mgmt-0-2] INFO  o.t.s.q.c.c.MainQueueConsumerManager - [QK(SequentialByOriginator,TB_RULE_ENGINE,system)-5] Launching consumer
2025-12-16 06:44:55,514 [tb-rule-engine-mgmt-0-1] INFO  o.t.s.q.c.c.MainQueueConsumerManager - [QK(HighPriority,TB_RULE_ENGINE,system)-4] Launching consumer
2025-12-16 06:44:55,515 [tb-rule-engine-mgmt-0-3] INFO  o.t.s.q.c.c.MainQueueConsumerManager - [QK(Main,TB_RULE_ENGINE,system)-7] Launching consumer
2025-12-16 06:44:55,515 [tb-rule-engine-mgmt-0-2] INFO  o.t.s.q.c.c.MainQueueConsumerManager - [QK(SequentialByOriginator,TB_RULE_ENGINE,system)-7] Launching consumer
2025-12-16 06:44:55,515 [tb-rule-engine-mgmt-0-1] INFO  o.t.s.q.c.c.MainQueueConsumerManager - [QK(HighPriority,TB_RULE_ENGINE,system)-6] Launching consumer
2025-12-16 06:44:55,515 [tb-rule-engine-mgmt-0-3] INFO  o.t.s.q.c.c.MainQueueConsumerManager - [QK(Main,TB_RULE_ENGINE,system)-9] Launching consumer
2025-12-16 06:44:55,516 [tb-rule-engine-mgmt-0-2] INFO  o.t.s.q.c.c.MainQueueConsumerManager - [QK(SequentialByOriginator,TB_RULE_ENGINE,system)-9] Launching consumer
2025-12-16 06:44:55,517 [tb-rule-engine-mgmt-0-1] INFO  o.t.s.q.c.c.MainQueueConsumerManager - [QK(HighPriority,TB_RULE_ENGINE,system)-8] Launching consumer
2025-12-16 06:44:55,541 [main] INFO  o.e.c.c.network.RandomTokenGenerator - using tokens of 8 bytes in length
2025-12-16 06:44:55,542 [main] INFO  o.e.c.core.network.CoapEndpoint - [LWM2M Server-coap://0.0.0.0:5685] CoapEndpoint uses udp context
2025-12-16 06:44:55,542 [main] INFO  o.e.c.c.network.stack.BlockwiseLayer - [LWM2M Server-coap://0.0.0.0:5685] BlockwiseLayer uses MAX_MESSAGE_SIZE=1024, PREFERRED_BLOCK_SIZE=1024, BLOCKWISE_STATUS_LIFETIME=300000, MAX_RESOURCE_BODY_SIZE=268435456, BLOCKWISE_STRICT_BLOCK2_OPTION=true
2025-12-16 06:44:55,545 [main] INFO  o.t.s.t.l.s.DefaultLwM2mTransportService - Unable to load X509 files for LWM2MServer
2025-12-16 06:44:55,545 [main] WARN  o.e.l.s.c.e.c.CoapsServerEndpointFactory - PskStore should be automatically set by Leshan. Using a custom implementation is not advised.
2025-12-16 06:44:55,546 [main] INFO  o.e.c.s.d.InMemoryReadWriteLockConnectionStore - Created new InMemoryConnectionStore [capacity: 150000, connection expiration threshold: 1800s]
2025-12-16 06:44:55,546 [main] INFO  o.e.c.c.network.RandomTokenGenerator - using tokens of 8 bytes in length
2025-12-16 06:44:55,546 [main] INFO  o.e.c.core.network.CoapEndpoint - [LWM2M Server-coaps://0.0.0.0:5686] CoapEndpoint uses lwm2m correlation
2025-12-16 06:44:55,546 [main] INFO  o.e.c.c.network.stack.BlockwiseLayer - [LWM2M Server-coaps://0.0.0.0:5686] BlockwiseLayer uses MAX_MESSAGE_SIZE=1024, PREFERRED_BLOCK_SIZE=1024, BLOCKWISE_STATUS_LIFETIME=300000, MAX_RESOURCE_BODY_SIZE=268435456, BLOCKWISE_STRICT_BLOCK2_OPTION=true
2025-12-16 06:44:55,554 [main] INFO  o.t.s.t.l.s.DefaultLwM2mTransportService - Starting LwM2M transport server...
2025-12-16 06:44:55,555 [main] INFO  o.e.californium.core.CoapServer - Starting server
2025-12-16 06:44:55,566 [main] INFO  o.e.c.elements.UDPConnector - UDPConnector starts up 2 sender threads and 2 receiver threads
2025-12-16 06:44:55,569 [main] INFO  o.e.c.elements.UDPConnector - UDPConnector listening on /[0:0:0:0:0:0:0:0]:5685, recv buf = 106496, send buf = 106496, recv packet size = 2048
2025-12-16 06:44:55,569 [main] INFO  o.e.c.core.network.CoapEndpoint - [LWM2M Server-coap://0.0.0.0:5685] Started endpoint at coap://[0:0:0:0:0:0:0:0]:5685
2025-12-16 06:44:55,572 [DbCallbackExecutorService-0-1] INFO  o.t.s.s.p.AbstractPartitionBasedService - [API Usage] Managing following partitions:
2025-12-16 06:44:55,572 [DbCallbackExecutorService-0-1] INFO  o.t.s.s.p.AbstractPartitionBasedService - [API Usage][tb_core.4]: 0 entities
2025-12-16 06:44:55,572 [DbCallbackExecutorService-0-1] INFO  o.t.s.s.p.AbstractPartitionBasedService - [API Usage][tb_core.8]: 0 entities
2025-12-16 06:44:55,573 [DbCallbackExecutorService-0-1] INFO  o.t.s.s.p.AbstractPartitionBasedService - [API Usage][tb_core.0]: 0 entities
2025-12-16 06:44:55,573 [DbCallbackExecutorService-0-1] INFO  o.t.s.s.p.AbstractPartitionBasedService - [API Usage][tb_core.3]: 1 entities
2025-12-16 06:44:55,573 [DbCallbackExecutorService-0-1] INFO  o.t.s.s.p.AbstractPartitionBasedService - [API Usage][tb_core.7]: 1 entities
2025-12-16 06:44:55,573 [DbCallbackExecutorService-0-1] INFO  o.t.s.s.p.AbstractPartitionBasedService - [API Usage][tb_core.2]: 0 entities
2025-12-16 06:44:55,573 [DbCallbackExecutorService-0-1] INFO  o.t.s.s.p.AbstractPartitionBasedService - [API Usage][tb_core.6]: 0 entities
2025-12-16 06:44:55,573 [DbCallbackExecutorService-0-1] INFO  o.t.s.s.p.AbstractPartitionBasedService - [API Usage][tb_core.5]: 0 entities
2025-12-16 06:44:55,573 [DbCallbackExecutorService-0-1] INFO  o.t.s.s.p.AbstractPartitionBasedService - [API Usage][tb_core.1]: 0 entities
2025-12-16 06:44:55,573 [DbCallbackExecutorService-0-1] INFO  o.t.s.s.p.AbstractPartitionBasedService - [API Usage][tb_core.9]: 0 entities
2025-12-16 06:44:55,577 [main] INFO  o.e.c.scandium.DTLSConnector - multiple network interfaces, using smallest MTU [IPv4 1500, IPv6 1280]
2025-12-16 06:44:55,579 [DTLS-Receiver-0-/[0:0:0:0:0:0:0:0]:5686] INFO  o.e.c.scandium.DTLSConnector - Starting worker thread [DTLS-Receiver-0-/[0:0:0:0:0:0:0:0]:5686]
2025-12-16 06:44:55,579 [main] INFO  o.e.c.scandium.DTLSConnector - DTLSConnector listening on /[0:0:0:0:0:0:0:0]:5686, recv buf = 106496, send buf = 106496, recv packet size = 16490, MTU = IPv4 1500 / IPv6 1280
2025-12-16 06:44:55,579 [DTLS-Receiver-1-/[0:0:0:0:0:0:0:0]:5686] INFO  o.e.c.scandium.DTLSConnector - Starting worker thread [DTLS-Receiver-1-/[0:0:0:0:0:0:0:0]:5686]
2025-12-16 06:44:55,579 [main] INFO  o.e.c.core.network.CoapEndpoint - [LWM2M Server-coaps://0.0.0.0:5686] Started endpoint at coaps://[0:0:0:0:0:0:0:0]:5686
2025-12-16 06:44:55,579 [main] INFO  o.eclipse.leshan.server.LeshanServer - LWM2M server started.
2025-12-16 06:44:55,580 [main] INFO  o.eclipse.leshan.server.LeshanServer - CoAP over UDP endpoint based on Californium library available at coap://[0:0:0:0:0:0:0:0]:5685.
2025-12-16 06:44:55,580 [main] INFO  o.eclipse.leshan.server.LeshanServer - CoAP over DTLS endpoint based on Californium/Scandium library available at coaps://[0:0:0:0:0:0:0:0]:5686.
2025-12-16 06:44:55,585 [main] INFO  o.t.s.t.l.s.DefaultLwM2mTransportService - Started LwM2M transport server.
2025-12-16 06:44:55,585 [main] INFO  o.t.s.t.snmp.SnmpTransportContext - Initializing SNMP devices sessions
2025-12-16 06:44:56,268 [main] INFO  o.t.s.ThingsboardServerApplication - Started ThingsBoard in 34 seconds
2025-12-16 06:44:56,394 [rule-dispatcher-0-8] INFO  o.t.s.d.s.i.s.SqlPartitioningRepository - Saving partition 1765411200000-1766016000000 for table lc_event
2025-12-16 06:44:57,319 [rule-dispatcher-0-7] INFO  c.d.oss.driver.api.core.uuid.Uuids - PID obtained through native call to getpid(): 22
2025-12-16 06:45:00,872 [sql-log-2-thread-1] INFO  o.t.s.dao.sql.TbSqlBlockingQueue - Queue-0 [Events] queueSize [0] totalAdded [7] totalSaved [7] totalFailed [0]
2025-12-16 06:45:00,873 [sql-log-2-thread-1] INFO  o.t.s.dao.sql.TbSqlBlockingQueue - Queue-1 [Events] queueSize [0] totalAdded [7] totalSaved [7] totalFailed [0]
2025-12-16 06:45:00,874 [sql-log-2-thread-1] INFO  o.t.s.dao.sql.TbSqlBlockingQueue - Queue-2 [Events] queueSize [0] totalAdded [4] totalSaved [4] totalFailed [0]
2025-12-16 06:45:02,832 [sql-log-2-thread-1] INFO  o.t.s.dao.sql.TbSqlBlockingQueue - Queue-1 [TS] queueSize [0] totalAdded [7] totalSaved [7] totalFailed [0]
2025-12-16 06:45:02,855 [sql-log-2-thread-1] INFO  o.t.s.dao.sql.TbSqlBlockingQueue - Queue-1 [TS Latest] queueSize [0] totalAdded [7] totalSaved [7] totalFailed [0]
2025-12-16 06:45:04,033 [git-sync-43-thread-1] INFO  o.t.s.s.sync.DefaultGitSyncService - [gateways-dashboard] Initialized repository
2025-12-16 06:45:04,745 [git-sync-43-thread-1] INFO  o.t.s.d.resource.BaseResourceService - Updating system resource gateway-management-extension.js
2025-12-16 06:45:04,760 [git-sync-43-thread-1] INFO  org.owasp.validator.html.Policy - Attempting to load AntiSamy policy from an input stream.
2025-12-16 06:45:04,898 [git-sync-43-thread-1] WARN  org.owasp.validator.html.Policy - The directive "noopenerAndNoreferrerAnchors" is enabled by default, but disabled in this policy. It is recommended to leave it enabled to prevent reverse tabnabbing attacks.
2025-12-16 06:45:05,054 [app-dispatcher-31-thread-1] WARN  o.t.server.actors.app.AppActor - Message has system tenant id: ComponentLifecycleMsg(tenantId=13814000-1dd2-11b2-8080-808080808080, entityId=54758d20-ccf1-11f0-81f3-0bf1425738f5, event=UPDATED, oldName=null, name=null, oldProfileId=null, profileId=null, info=null)
2025-12-16 06:45:05,423 [app-dispatcher-31-thread-1] WARN  o.t.server.actors.app.AppActor - Message has system tenant id: ComponentLifecycleMsg(tenantId=13814000-1dd2-11b2-8080-808080808080, entityId=5471bc90-ccf1-11f0-81f3-0bf1425738f5, event=UPDATED, oldName=null, name=null, oldProfileId=null, profileId=null, info=null)
2025-12-16 06:45:05,853 [git-sync-43-thread-1] INFO  o.t.s.d.resource.BaseResourceService - Updating system resource gateways_dashboard.json
2025-12-16 06:45:05,860 [git-sync-43-thread-1] INFO  o.t.s.s.e.d.DashboardSyncService - Gateways dashboard sync completed
2025-12-16 06:45:05,877 [app-dispatcher-31-thread-1] WARN  o.t.server.actors.app.AppActor - Message has system tenant id: ComponentLifecycleMsg(tenantId=13814000-1dd2-11b2-8080-808080808080, entityId=5485b9c0-ccf1-11f0-81f3-0bf1425738f5, event=UPDATED, oldName=null, name=null, oldProfileId=null, profileId=null, info=null)
2025-12-16 06:45:26,461 [rule-dispatcher-0-4] INFO  o.t.s.d.s.i.s.SqlPartitioningRepository - Saving partition 1765411200000-1766016000000 for table error_event
2025-12-16 06:45:26,477 [rule-dispatcher-0-4] INFO  o.t.server.actors.TbActorMailbox - [RULE_NODE|4ee21770-cf62-11f0-b928-f5b3ab8e93ac] Failed to init actor, attempt 1, going to retry in attempts in 5000ms
2025-12-16 06:45:30,873 [sql-log-2-thread-1] INFO  o.t.s.dao.sql.TbSqlBlockingQueue - Queue-2 [Events] queueSize [0] totalAdded [2] totalSaved [2] totalFailed [0]
2025-12-16 06:45:32,942 [http-nio-0.0.0.0-9090-exec-1] INFO  o.a.c.c.C.[Tomcat].[localhost].[/] - Initializing Spring DispatcherServlet 'dispatcherServlet'
2025-12-16 06:45:32,942 [http-nio-0.0.0.0-9090-exec-1] INFO  o.s.web.servlet.DispatcherServlet - Initializing Servlet 'dispatcherServlet'
2025-12-16 06:45:32,945 [http-nio-0.0.0.0-9090-exec-1] INFO  o.s.web.servlet.DispatcherServlet - Completed initialization in 3 ms
2025-12-16 06:45:54,328 [TB-Scheduling-6] INFO  o.t.s.dao.aspect.SqlDaoCallsAspect - Total timing statistics below:
2025-12-16 06:45:54,330 [TB-Scheduling-6] INFO  o.t.s.dao.aspect.SqlDaoCallsAspect - [5489b160-ccf1-11f0-81f3-0bf1425738f5]: calls: 49, failures: 0, exec time: 3602 
2025-12-16 06:45:54,330 [TB-Scheduling-6] INFO  o.t.s.dao.aspect.SqlDaoCallsAspect - [5489b160-ccf1-11f0-81f3-0bf1425738f5] Top 3 methods by timing:
2025-12-16 06:45:54,331 [TB-Scheduling-6] INFO  o.t.s.dao.aspect.SqlDaoCallsAspect - [5489b160-ccf1-11f0-81f3-0bf1425738f5]: method: JpaRelationDao.findAllByFrom(..), calls: 3, failures: 0, exec time: 1621
2025-12-16 06:45:54,331 [TB-Scheduling-6] INFO  o.t.s.dao.aspect.SqlDaoCallsAspect - [5489b160-ccf1-11f0-81f3-0bf1425738f5]: method: JpaAbstractDao.findById(..), calls: 38, failures: 0, exec time: 1343
2025-12-16 06:45:54,331 [TB-Scheduling-6] INFO  o.t.s.dao.aspect.SqlDaoCallsAspect - [5489b160-ccf1-11f0-81f3-0bf1425738f5]: method: JpaApiUsageStateDao.findApiUsageStateByEntityId(..), calls: 2, failures: 0, exec time: 249
2025-12-16 06:45:54,339 [TB-Scheduling-12] INFO  o.t.s.c.t.s.DefaultTransportService - Transport Stats: openConnections [0]
2025-12-16 06:45:54,340 [TB-Scheduling-12] INFO  o.t.s.s.queue.TbCoreConsumerStats - Core Stats: totalMsgs = [4] sessionEvents = [0] getAttr = [0] subToAttr = [0] subToRpc = [0] toDevRpc = [0] subInfo = [0] claimDevice = [0] deviceState = [0] subMsgs = [0] deviceConnect = [0] deviceActivity = [0] deviceDisconnect = [0] deviceInactivity = [0] deviceInactivityTimeoutUpdate = [0] coreNfOther = [1] coreNfCompLfcl = [3] coreNfDevRpcRsp = [0] coreNfNfRlProc = [0] coreNfQueueUpd = [0] coreNfQueueDel = [0] coreNfSubSvc = [0] coreNfSubMgr = [0] coreNfVCRsp = [0] 
2025-12-16 06:45:54,340 [TB-Scheduling-5] INFO  o.t.s.s.queue.EdgeConsumerStats - Edge Stats: totalMsgs = [14] edgeNfs = [14] coreNfEdgeHPUpd = [0] coreNfEdgeUpd = [0] coreNfEdgeSyncReq = [0] coreNfEdgeSyncResp = [0] coreNfEdgeCompLfcl = [0] 
2025-12-16 06:46:01,489 [rule-dispatcher-0-4] INFO  o.t.server.actors.TbActorMailbox - [RULE_NODE|4ee21770-cf62-11f0-b928-f5b3ab8e93ac] Failed to init actor, attempt 2, going to retry in attempts in 10000ms
2025-12-16 06:46:02,828 [sql-log-2-thread-1] INFO  o.t.s.dao.sql.TbSqlBlockingQueue - Queue-1 [TS] queueSize [0] totalAdded [7] totalSaved [7] totalFailed [0]
2025-12-16 06:46:02,851 [sql-log-2-thread-1] INFO  o.t.s.dao.sql.TbSqlBlockingQueue - Queue-1 [TS Latest] queueSize [0] totalAdded [7] totalSaved [7] totalFailed [0]
2025-12-16 06:46:10,870 [sql-log-2-thread-1] INFO  o.t.s.dao.sql.TbSqlBlockingQueue - Queue-2 [Events] queueSize [0] totalAdded [2] totalSaved [2] totalFailed [0]
2025-12-16 06:46:22,829 [sql-log-2-thread-1] INFO  o.t.s.dao.sql.TbSqlBlockingQueue - Queue-1 [TS] queueSize [0] totalAdded [4] totalSaved [4] totalFailed [0]
2025-12-16 06:46:22,851 [sql-log-2-thread-1] INFO  o.t.s.dao.sql.TbSqlBlockingQueue - Queue-1 [TS Latest] queueSize [0] totalAdded [4] totalSaved [4] totalFailed [0]
2025-12-16 06:46:41,497 [rule-dispatcher-0-4] INFO  o.t.server.actors.TbActorMailbox - [RULE_NODE|4ee21770-cf62-11f0-b928-f5b3ab8e93ac] Failed to init actor, attempt 3, going to retry in attempts in 15000ms
2025-12-16 06:46:50,868 [sql-log-2-thread-1] INFO  o.t.s.dao.sql.TbSqlBlockingQueue - Queue-2 [Events] queueSize [0] totalAdded [2] totalSaved [2] totalFailed [0]
2025-12-16 06:46:54,329 [TB-Scheduling-3] INFO  o.t.s.dao.aspect.SqlDaoCallsAspect - Total timing statistics below:
2025-12-16 06:46:54,329 [TB-Scheduling-3] INFO  o.t.s.dao.aspect.SqlDaoCallsAspect - [5489b160-ccf1-11f0-81f3-0bf1425738f5]: calls: 1, failures: 0, exec time: 4 
2025-12-16 06:46:54,329 [TB-Scheduling-3] INFO  o.t.s.dao.aspect.SqlDaoCallsAspect - [5489b160-ccf1-11f0-81f3-0bf1425738f5] Top 3 methods by timing:
2025-12-16 06:46:54,330 [TB-Scheduling-3] INFO  o.t.s.dao.aspect.SqlDaoCallsAspect - [5489b160-ccf1-11f0-81f3-0bf1425738f5]: method: JpaAbstractDao.findById(..), calls: 1, failures: 0, exec time: 4
2025-12-16 06:46:54,336 [TB-Scheduling-8] INFO  o.t.s.c.t.s.DefaultTransportService - Transport Stats: openConnections [0]
2025-12-16 06:47:02,825 [sql-log-2-thread-1] INFO  o.t.s.dao.sql.TbSqlBlockingQueue - Queue-1 [TS] queueSize [0] totalAdded [7] totalSaved [7] totalFailed [0]
2025-12-16 06:47:02,861 [sql-log-2-thread-1] INFO  o.t.s.dao.sql.TbSqlBlockingQueue - Queue-1 [TS Latest] queueSize [0] totalAdded [7] totalSaved [7] totalFailed [0]
2025-12-16 06:47:22,825 [sql-log-2-thread-1] INFO  o.t.s.dao.sql.TbSqlBlockingQueue - Queue-1 [TS] queueSize [0] totalAdded [4] totalSaved [4] totalFailed [0]
2025-12-16 06:47:22,848 [sql-log-2-thread-1] INFO  o.t.s.dao.sql.TbSqlBlockingQueue - Queue-1 [TS Latest] queueSize [0] totalAdded [4] totalSaved [4] totalFailed [0]
2025-12-16 06:47:26,509 [rule-dispatcher-0-3] INFO  o.t.server.actors.TbActorMailbox - [RULE_NODE|4ee21770-cf62-11f0-b928-f5b3ab8e93ac] Failed to init actor, attempt 4, going to retry in attempts in 20000ms
2025-12-16 06:47:30,866 [sql-log-2-thread-1] INFO  o.t.s.dao.sql.TbSqlBlockingQueue - Queue-2 [Events] queueSize [0] totalAdded [2] totalSaved [2] totalFailed [0]
2025-12-16 06:47:54,327 [TB-Scheduling-2] INFO  o.t.s.dao.aspect.SqlDaoCallsAspect - Total timing statistics below:
2025-12-16 06:47:54,327 [TB-Scheduling-2] INFO  o.t.s.dao.aspect.SqlDaoCallsAspect - [5489b160-ccf1-11f0-81f3-0bf1425738f5]: calls: 2, failures: 0, exec time: 10 
2025-12-16 06:47:54,327 [TB-Scheduling-2] INFO  o.t.s.dao.aspect.SqlDaoCallsAspect - [5489b160-ccf1-11f0-81f3-0bf1425738f5] Top 3 methods by timing:
2025-12-16 06:47:54,327 [TB-Scheduling-2] INFO  o.t.s.dao.aspect.SqlDaoCallsAspect - [5489b160-ccf1-11f0-81f3-0bf1425738f5]: method: JpaAbstractDao.findById(..), calls: 2, failures: 0, exec time: 10
2025-12-16 06:47:54,334 [TB-Scheduling-4] INFO  o.t.s.c.t.s.DefaultTransportService - Transport Stats: openConnections [0]
2025-12-16 06:48:02,822 [sql-log-2-thread-1] INFO  o.t.s.dao.sql.TbSqlBlockingQueue - Queue-1 [TS] queueSize [0] totalAdded [7] totalSaved [7] totalFailed [0]
2025-12-16 06:48:02,845 [sql-log-2-thread-1] INFO  o.t.s.dao.sql.TbSqlBlockingQueue - Queue-1 [TS Latest] queueSize [0] totalAdded [7] totalSaved [7] totalFailed [0]
2025-12-16 06:48:16,512 [rule-dispatcher-0-3] INFO  o.t.server.actors.TbActorMailbox - [RULE_NODE|4ee21770-cf62-11f0-b928-f5b3ab8e93ac] Failed to init actor, attempt 5, going to retry in attempts in 25000ms
2025-12-16 06:48:20,863 [sql-log-2-thread-1] INFO  o.t.s.dao.sql.TbSqlBlockingQueue - Queue-2 [Events] queueSize [0] totalAdded [2] totalSaved [2] totalFailed [0]
2025-12-16 06:48:22,822 [sql-log-2-thread-1] INFO  o.t.s.dao.sql.TbSqlBlockingQueue - Queue-1 [TS] queueSize [0] totalAdded [4] totalSaved [4] totalFailed [0]
2025-12-16 06:48:22,845 [sql-log-2-thread-1] INFO  o.t.s.dao.sql.TbSqlBlockingQueue - Queue-1 [TS Latest] queueSize [0] totalAdded [4] totalSaved [4] totalFailed [0]
2025-12-16 06:48:54,324 [TB-Scheduling-12] INFO  o.t.s.dao.aspect.SqlDaoCallsAspect - Total timing statistics below:
2025-12-16 06:48:54,325 [TB-Scheduling-12] INFO  o.t.s.dao.aspect.SqlDaoCallsAspect - [5489b160-ccf1-11f0-81f3-0bf1425738f5]: calls: 1, failures: 0, exec time: 3 
2025-12-16 06:48:54,325 [TB-Scheduling-12] INFO  o.t.s.dao.aspect.SqlDaoCallsAspect - [5489b160-ccf1-11f0-81f3-0bf1425738f5] Top 3 methods by timing:
2025-12-16 06:48:54,325 [TB-Scheduling-12] INFO  o.t.s.dao.aspect.SqlDaoCallsAspect - [5489b160-ccf1-11f0-81f3-0bf1425738f5]: method: JpaAbstractDao.findById(..), calls: 1, failures: 0, exec time: 3
2025-12-16 06:48:54,332 [TB-Scheduling-5] INFO  o.t.s.c.t.s.DefaultTransportService - Transport Stats: openConnections [0]
2025-12-16 06:49:02,818 [sql-log-2-thread-1] INFO  o.t.s.dao.sql.TbSqlBlockingQueue - Queue-1 [TS] queueSize [0] totalAdded [7] totalSaved [7] totalFailed [0]
2025-12-16 06:49:02,841 [sql-log-2-thread-1] INFO  o.t.s.dao.sql.TbSqlBlockingQueue - Queue-1 [TS Latest] queueSize [0] totalAdded [7] totalSaved [7] totalFailed [0]
2025-12-16 06:49:11,517 [rule-dispatcher-0-3] INFO  o.t.server.actors.TbActorMailbox - [RULE_NODE|4ee21770-cf62-11f0-b928-f5b3ab8e93ac] Failed to init actor, attempt 6, going to retry in attempts in 30000ms
2025-12-16 06:49:20,860 [sql-log-2-thread-1] INFO  o.t.s.dao.sql.TbSqlBlockingQueue - Queue-2 [Events] queueSize [0] totalAdded [2] totalSaved [2] totalFailed [0]
2025-12-16 06:49:22,818 [sql-log-2-thread-1] INFO  o.t.s.dao.sql.TbSqlBlockingQueue - Queue-1 [TS] queueSize [0] totalAdded [4] totalSaved [4] totalFailed [0]
2025-12-16 06:49:22,841 [sql-log-2-thread-1] INFO  o.t.s.dao.sql.TbSqlBlockingQueue - Queue-1 [TS Latest] queueSize [0] totalAdded [4] totalSaved [4] totalFailed [0]
2025-12-16 06:49:54,322 [TB-Scheduling-14] INFO  o.t.s.dao.aspect.SqlDaoCallsAspect - Total timing statistics below:
2025-12-16 06:49:54,323 [TB-Scheduling-14] INFO  o.t.s.dao.aspect.SqlDaoCallsAspect - [5489b160-ccf1-11f0-81f3-0bf1425738f5]: calls: 1, failures: 0, exec time: 3 
2025-12-16 06:49:54,323 [TB-Scheduling-14] INFO  o.t.s.dao.aspect.SqlDaoCallsAspect - [5489b160-ccf1-11f0-81f3-0bf1425738f5] Top 3 methods by timing:
2025-12-16 06:49:54,323 [TB-Scheduling-14] INFO  o.t.s.dao.aspect.SqlDaoCallsAspect - [5489b160-ccf1-11f0-81f3-0bf1425738f5]: method: JpaAbstractDao.findById(..), calls: 1, failures: 0, exec time: 3
2025-12-16 06:49:54,329 [TB-Scheduling-6] INFO  o.t.s.c.t.s.DefaultTransportService - Transport Stats: openConnections [0]
2025-12-16 06:50:02,815 [sql-log-2-thread-1] INFO  o.t.s.dao.sql.TbSqlBlockingQueue - Queue-1 [TS] queueSize [0] totalAdded [7] totalSaved [7] totalFailed [0]
2025-12-16 06:50:02,838 [sql-log-2-thread-1] INFO  o.t.s.dao.sql.TbSqlBlockingQueue - Queue-1 [TS Latest] queueSize [0] totalAdded [7] totalSaved [7] totalFailed [0]
2025-12-16 06:50:11,522 [rule-dispatcher-0-3] INFO  o.t.server.actors.TbActorMailbox - [RULE_NODE|4ee21770-cf62-11f0-b928-f5b3ab8e93ac] Failed to init actor, attempt 7, going to retry in attempts in 35000ms
2025-12-16 06:50:20,856 [sql-log-2-thread-1] INFO  o.t.s.dao.sql.TbSqlBlockingQueue - Queue-2 [Events] queueSize [0] totalAdded [2] totalSaved [2] totalFailed [0]
2025-12-16 06:50:22,815 [sql-log-2-thread-1] INFO  o.t.s.dao.sql.TbSqlBlockingQueue - Queue-1 [TS] queueSize [0] totalAdded [5] totalSaved [5] totalFailed [0]
2025-12-16 06:50:22,838 [sql-log-2-thread-1] INFO  o.t.s.dao.sql.TbSqlBlockingQueue - Queue-1 [TS Latest] queueSize [0] totalAdded [5] totalSaved [5] totalFailed [0]
2025-12-16 06:50:48,228 [JpaExecutorService-0-4] INFO  o.t.s.d.s.i.s.SqlPartitioningRepository - Saving partition 1765411200000-1766016000000 for table audit_log
2025-12-16 06:50:49,264 [http-nio-0.0.0.0-9090-exec-2] INFO  o.t.s.c.plugin.TbWebSocketHandler - [5489b160-ccf1-11f0-81f3-0bf1425738f5][550b6480-ccf1-11f0-81f3-0bf1425738f5][b16d803d-871f-4300-ad75-df60d3f7d3e6][af75d034-311f-e445-0ca7-031a1f013673] Session established from address: /172.19.0.1:51898
2025-12-16 06:50:54,320 [TB-Scheduling-1] INFO  o.t.s.dao.aspect.SqlDaoCallsAspect - Total timing statistics below:
2025-12-16 06:50:54,321 [TB-Scheduling-1] INFO  o.t.s.dao.aspect.SqlDaoCallsAspect - [5489b160-ccf1-11f0-81f3-0bf1425738f5]: calls: 28, failures: 0, exec time: 867 
2025-12-16 06:50:54,321 [TB-Scheduling-1] INFO  o.t.s.dao.aspect.SqlDaoCallsAspect - [5489b160-ccf1-11f0-81f3-0bf1425738f5] Top 3 methods by timing:
2025-12-16 06:50:54,321 [TB-Scheduling-1] INFO  o.t.s.dao.aspect.SqlDaoCallsAspect - [5489b160-ccf1-11f0-81f3-0bf1425738f5]: method: JpaAssetDao.countByTenantId(..), calls: 1, failures: 0, exec time: 283
2025-12-16 06:50:54,321 [TB-Scheduling-1] INFO  o.t.s.dao.aspect.SqlDaoCallsAspect - [5489b160-ccf1-11f0-81f3-0bf1425738f5]: method: JpaDashboardInfoDao.findTitleById(..), calls: 3, failures: 0, exec time: 247
2025-12-16 06:50:54,321 [TB-Scheduling-1] INFO  o.t.s.dao.aspect.SqlDaoCallsAspect - [5489b160-ccf1-11f0-81f3-0bf1425738f5]: method: JpaNotificationDao.countUnreadByDeliveryMethodAndRecipientId(..), calls: 1, failures: 0, exec time: 58
2025-12-16 06:50:54,325 [TB-Scheduling-10] INFO  o.t.s.c.t.s.DefaultTransportService - Transport Stats: openConnections [0]
2025-12-16 06:50:54,348 [TB-Scheduling-16] INFO  o.t.s.s.s.DefaultTbEntityDataSubscriptionService - Stats: regularQueryInvocationCnt = [6], regularQueryInvocationTime = [15], dynamicQueryCnt = [6] dynamicQueryInvocationCnt = [0], dynamicQueryInvocationTime = [0], alarmQueryInvocationCnt = [0], alarmQueryInvocationTime = [0]
2025-12-16 06:51:02,811 [sql-log-2-thread-1] INFO  o.t.s.dao.sql.TbSqlBlockingQueue - Queue-1 [TS] queueSize [0] totalAdded [7] totalSaved [7] totalFailed [0]
2025-12-16 06:51:02,834 [sql-log-2-thread-1] INFO  o.t.s.dao.sql.TbSqlBlockingQueue - Queue-1 [TS Latest] queueSize [0] totalAdded [7] totalSaved [7] totalFailed [0]
2025-12-16 06:51:04,348 [TB-Scheduling-7] INFO  o.t.s.s.s.DefaultTbEntityDataSubscriptionService - Stats: regularQueryInvocationCnt = [1], regularQueryInvocationTime = [9], dynamicQueryCnt = [6] dynamicQueryInvocationCnt = [0], dynamicQueryInvocationTime = [0], alarmQueryInvocationCnt = [0], alarmQueryInvocationTime = [0]
2025-12-16 06:51:14,348 [TB-Scheduling-1] INFO  o.t.s.s.s.DefaultTbEntityDataSubscriptionService - Stats: regularQueryInvocationCnt = [0], regularQueryInvocationTime = [0], dynamicQueryCnt = [6] dynamicQueryInvocationCnt = [0], dynamicQueryInvocationTime = [0], alarmQueryInvocationCnt = [0], alarmQueryInvocationTime = [0]
2025-12-16 06:51:16,528 [rule-dispatcher-0-3] INFO  o.t.server.actors.TbActorMailbox - [RULE_NODE|4ee21770-cf62-11f0-b928-f5b3ab8e93ac] Failed to init actor, attempt 8, going to retry in attempts in 40000ms
2025-12-16 06:51:20,853 [sql-log-2-thread-1] INFO  o.t.s.dao.sql.TbSqlBlockingQueue - Queue-2 [Events] queueSize [0] totalAdded [2] totalSaved [2] totalFailed [0]
2025-12-16 06:51:22,812 [sql-log-2-thread-1] INFO  o.t.s.dao.sql.TbSqlBlockingQueue - Queue-1 [TS] queueSize [0] totalAdded [4] totalSaved [4] totalFailed [0]
2025-12-16 06:51:22,834 [sql-log-2-thread-1] INFO  o.t.s.dao.sql.TbSqlBlockingQueue - Queue-1 [TS Latest] queueSize [0] totalAdded [4] totalSaved [4] totalFailed [0]
2025-12-16 06:51:24,348 [TB-Scheduling-10] INFO  o.t.s.s.s.DefaultTbEntityDataSubscriptionService - Stats: regularQueryInvocationCnt = [0], regularQueryInvocationTime = [0], dynamicQueryCnt = [6] dynamicQueryInvocationCnt = [0], dynamicQueryInvocationTime = [0], alarmQueryInvocationCnt = [0], alarmQueryInvocationTime = [0]
2025-12-16 06:51:34,348 [TB-Scheduling-2] INFO  o.t.s.s.s.DefaultTbEntityDataSubscriptionService - Stats: regularQueryInvocationCnt = [0], regularQueryInvocationTime = [0], dynamicQueryCnt = [6] dynamicQueryInvocationCnt = [0], dynamicQueryInvocationTime = [0], alarmQueryInvocationCnt = [0], alarmQueryInvocationTime = [0]
2025-12-16 06:51:44,348 [TB-Scheduling-7] INFO  o.t.s.s.s.DefaultTbEntityDataSubscriptionService - Stats: regularQueryInvocationCnt = [0], regularQueryInvocationTime = [0], dynamicQueryCnt = [6] dynamicQueryInvocationCnt = [0], dynamicQueryInvocationTime = [0], alarmQueryInvocationCnt = [0], alarmQueryInvocationTime = [0]
2025-12-16 06:51:54,320 [TB-Scheduling-11] INFO  o.t.s.dao.aspect.SqlDaoCallsAspect - Total timing statistics below:
2025-12-16 06:51:54,320 [TB-Scheduling-11] INFO  o.t.s.dao.aspect.SqlDaoCallsAspect - [5489b160-ccf1-11f0-81f3-0bf1425738f5]: calls: 4, failures: 0, exec time: 11 
2025-12-16 06:51:54,320 [TB-Scheduling-11] INFO  o.t.s.dao.aspect.SqlDaoCallsAspect - [5489b160-ccf1-11f0-81f3-0bf1425738f5] Top 3 methods by timing:
2025-12-16 06:51:54,320 [TB-Scheduling-11] INFO  o.t.s.dao.aspect.SqlDaoCallsAspect - [5489b160-ccf1-11f0-81f3-0bf1425738f5]: method: JpaAlarmDao.countAlarmsByQuery(..), calls: 3, failures: 0, exec time: 9
2025-12-16 06:51:54,320 [TB-Scheduling-11] INFO  o.t.s.dao.aspect.SqlDaoCallsAspect - [5489b160-ccf1-11f0-81f3-0bf1425738f5]: method: JpaUserSettingsDao.findById(..), calls: 1, failures: 0, exec time: 2
2025-12-16 06:51:54,323 [TB-Scheduling-1] INFO  o.t.s.c.t.s.DefaultTransportService - Transport Stats: openConnections [0]
2025-12-16 06:51:54,349 [TB-Scheduling-16] INFO  o.t.s.s.s.DefaultTbEntityDataSubscriptionService - Stats: regularQueryInvocationCnt = [0], regularQueryInvocationTime = [0], dynamicQueryCnt = [6] dynamicQueryInvocationCnt = [6], dynamicQueryInvocationTime = [16], alarmQueryInvocationCnt = [0], alarmQueryInvocationTime = [0]
2025-12-16 06:52:04,348 [TB-Scheduling-14] INFO  o.t.s.s.s.DefaultTbEntityDataSubscriptionService - Stats: regularQueryInvocationCnt = [0], regularQueryInvocationTime = [0], dynamicQueryCnt = [6] dynamicQueryInvocationCnt = [0], dynamicQueryInvocationTime = [0], alarmQueryInvocationCnt = [0], alarmQueryInvocationTime = [0]
2025-12-16 06:52:12,809 [sql-log-2-thread-1] INFO  o.t.s.dao.sql.TbSqlBlockingQueue - Queue-1 [TS] queueSize [0] totalAdded [7] totalSaved [7] totalFailed [0]
2025-12-16 06:52:12,831 [sql-log-2-thread-1] INFO  o.t.s.dao.sql.TbSqlBlockingQueue - Queue-1 [TS Latest] queueSize [0] totalAdded [7] totalSaved [7] totalFailed [0]
2025-12-16 06:52:14,348 [TB-Scheduling-11] INFO  o.t.s.s.s.DefaultTbEntityDataSubscriptionService - Stats: regularQueryInvocationCnt = [0], regularQueryInvocationTime = [0], dynamicQueryCnt = [6] dynamicQueryInvocationCnt = [0], dynamicQueryInvocationTime = [0], alarmQueryInvocationCnt = [0], alarmQueryInvocationTime = [0]
2025-12-16 06:52:22,808 [sql-log-2-thread-1] INFO  o.t.s.dao.sql.TbSqlBlockingQueue - Queue-1 [TS] queueSize [0] totalAdded [4] totalSaved [4] totalFailed [0]
2025-12-16 06:52:22,831 [sql-log-2-thread-1] INFO  o.t.s.dao.sql.TbSqlBlockingQueue - Queue-1 [TS Latest] queueSize [0] totalAdded [4] totalSaved [4] totalFailed [0]
2025-12-16 06:52:24,349 [TB-Scheduling-12] INFO  o.t.s.s.s.DefaultTbEntityDataSubscriptionService - Stats: regularQueryInvocationCnt = [0], regularQueryInvocationTime = [0], dynamicQueryCnt = [6] dynamicQueryInvocationCnt = [0], dynamicQueryInvocationTime = [0], alarmQueryInvocationCnt = [0], alarmQueryInvocationTime = [0]
2025-12-16 06:52:26,537 [rule-dispatcher-0-2] INFO  o.t.server.actors.TbActorMailbox - [RULE_NODE|4ee21770-cf62-11f0-b928-f5b3ab8e93ac] Failed to init actor, attempt 9, going to retry in attempts in 45000ms
2025-12-16 06:52:30,849 [sql-log-2-thread-1] INFO  o.t.s.dao.sql.TbSqlBlockingQueue - Queue-2 [Events] queueSize [0] totalAdded [2] totalSaved [2] totalFailed [0]
2025-12-16 06:52:34,347 [TB-Scheduling-16] INFO  o.t.s.s.s.DefaultTbEntityDataSubscriptionService - Stats: regularQueryInvocationCnt = [0], regularQueryInvocationTime = [0], dynamicQueryCnt = [6] dynamicQueryInvocationCnt = [0], dynamicQueryInvocationTime = [0], alarmQueryInvocationCnt = [0], alarmQueryInvocationTime = [0]
2025-12-16 06:52:44,348 [TB-Scheduling-14] INFO  o.t.s.s.s.DefaultTbEntityDataSubscriptionService - Stats: regularQueryInvocationCnt = [0], regularQueryInvocationTime = [0], dynamicQueryCnt = [6] dynamicQueryInvocationCnt = [0], dynamicQueryInvocationTime = [0], alarmQueryInvocationCnt = [0], alarmQueryInvocationTime = [0]
2025-12-16 06:52:54,317 [TB-Scheduling-15] INFO  o.t.s.dao.aspect.SqlDaoCallsAspect - Total timing statistics below:
2025-12-16 06:52:54,317 [TB-Scheduling-15] INFO  o.t.s.dao.aspect.SqlDaoCallsAspect - [5489b160-ccf1-11f0-81f3-0bf1425738f5]: calls: 4, failures: 0, exec time: 13 
2025-12-16 06:52:54,317 [TB-Scheduling-15] INFO  o.t.s.dao.aspect.SqlDaoCallsAspect - [5489b160-ccf1-11f0-81f3-0bf1425738f5] Top 3 methods by timing:
2025-12-16 06:52:54,317 [TB-Scheduling-15] INFO  o.t.s.dao.aspect.SqlDaoCallsAspect - [5489b160-ccf1-11f0-81f3-0bf1425738f5]: method: JpaAlarmDao.countAlarmsByQuery(..), calls: 3, failures: 0, exec time: 8
2025-12-16 06:52:54,317 [TB-Scheduling-15] INFO  o.t.s.dao.aspect.SqlDaoCallsAspect - [5489b160-ccf1-11f0-81f3-0bf1425738f5]: method: JpaAbstractDao.findById(..), calls: 1, failures: 0, exec time: 5
2025-12-16 06:52:54,319 [TB-Scheduling-13] INFO  o.t.s.c.t.s.DefaultTransportService - Transport Stats: openConnections [0]
2025-12-16 06:52:54,348 [TB-Scheduling-6] INFO  o.t.s.s.s.DefaultTbEntityDataSubscriptionService - Stats: regularQueryInvocationCnt = [0], regularQueryInvocationTime = [0], dynamicQueryCnt = [6] dynamicQueryInvocationCnt = [6], dynamicQueryInvocationTime = [17], alarmQueryInvocationCnt = [0], alarmQueryInvocationTime = [0]
2025-12-16 06:53:04,346 [TB-Scheduling-4] INFO  o.t.s.s.s.DefaultTbEntityDataSubscriptionService - Stats: regularQueryInvocationCnt = [0], regularQueryInvocationTime = [0], dynamicQueryCnt = [6] dynamicQueryInvocationCnt = [0], dynamicQueryInvocationTime = [0], alarmQueryInvocationCnt = [0], alarmQueryInvocationTime = [0]
2025-12-16 06:53:12,803 [sql-log-2-thread-1] INFO  o.t.s.dao.sql.TbSqlBlockingQueue - Queue-1 [TS] queueSize [0] totalAdded [7] totalSaved [7] totalFailed [0]
2025-12-16 06:53:12,825 [sql-log-2-thread-1] INFO  o.t.s.dao.sql.TbSqlBlockingQueue - Queue-1 [TS Latest] queueSize [0] totalAdded [7] totalSaved [7] totalFailed [0]
2025-12-16 06:53:14,347 [TB-Scheduling-15] INFO  o.t.s.s.s.DefaultTbEntityDataSubscriptionService - Stats: regularQueryInvocationCnt = [0], regularQueryInvocationTime = [0], dynamicQueryCnt = [6] dynamicQueryInvocationCnt = [0], dynamicQueryInvocationTime = [0], alarmQueryInvocationCnt = [0], alarmQueryInvocationTime = [0]
2025-12-16 06:53:22,803 [sql-log-2-thread-1] INFO  o.t.s.dao.sql.TbSqlBlockingQueue - Queue-1 [TS] queueSize [0] totalAdded [4] totalSaved [4] totalFailed [0]
2025-12-16 06:53:22,825 [sql-log-2-thread-1] INFO  o.t.s.dao.sql.TbSqlBlockingQueue - Queue-1 [TS Latest] queueSize [0] totalAdded [4] totalSaved [4] totalFailed [0]
2025-12-16 06:53:24,347 [TB-Scheduling-5] INFO  o.t.s.s.s.DefaultTbEntityDataSubscriptionService - Stats: regularQueryInvocationCnt = [0], regularQueryInvocationTime = [0], dynamicQueryCnt = [6] dynamicQueryInvocationCnt = [0], dynamicQueryInvocationTime = [0], alarmQueryInvocationCnt = [0], alarmQueryInvocationTime = [0]
2025-12-16 06:53:34,346 [TB-Scheduling-6] INFO  o.t.s.s.s.DefaultTbEntityDataSubscriptionService - Stats: regularQueryInvocationCnt = [0], regularQueryInvocationTime = [0], dynamicQueryCnt = [6] dynamicQueryInvocationCnt = [0], dynamicQueryInvocationTime = [0], alarmQueryInvocationCnt = [0], alarmQueryInvocationTime = [0]
2025-12-16 06:53:41,541 [rule-dispatcher-0-5] INFO  o.t.server.actors.TbActorMailbox - [RULE_NODE|4ee21770-cf62-11f0-b928-f5b3ab8e93ac] Failed to init actor, attempt 10, going to stop attempts.
org.thingsboard.server.actors.TbActorException: Failed to init actor
	at org.thingsboard.server.actors.service.ComponentActor.initProcessor(ComponentActor.java:76)
	at org.thingsboard.server.actors.service.ComponentActor.init(ComponentActor.java:61)
	at org.thingsboard.server.actors.TbActorMailbox.tryInit(TbActorMailbox.java:69)
	at org.thingsboard.server.actors.TbActorMailbox.lambda$tryInit$1(TbActorMailbox.java:91)
	at java.base/java.util.concurrent.ForkJoinTask$RunnableExecuteAction.exec(ForkJoinTask.java:1395)
	at java.base/java.util.concurrent.ForkJoinTask.doExec(ForkJoinTask.java:373)
	at java.base/java.util.concurrent.ForkJoinPool$WorkQueue.topLevelExec(ForkJoinPool.java:1182)
	at java.base/java.util.concurrent.ForkJoinPool.scan(ForkJoinPool.java:1655)
	at java.base/java.util.concurrent.ForkJoinPool.runWorker(ForkJoinPool.java:1622)
	at java.base/java.util.concurrent.ForkJoinWorkerThread.run(ForkJoinWorkerThread.java:165)
Caused by: org.thingsboard.rule.engine.api.TbNodeException: java.lang.RuntimeException: Failed to connect to MQTT broker at 192.168.126.86:8888.
	at org.thingsboard.rule.engine.mqtt.TbMqttNode.init(TbMqttNode.java:80)
	at org.thingsboard.server.actors.ruleChain.RuleNodeActorMessageProcessor.initComponent(RuleNodeActorMessageProcessor.java:182)
	at org.thingsboard.server.actors.ruleChain.RuleNodeActorMessageProcessor.start(RuleNodeActorMessageProcessor.java:68)
	at org.thingsboard.server.actors.service.ComponentActor.initProcessor(ComponentActor.java:67)
	... 9 common frames omitted
Caused by: java.lang.RuntimeException: Failed to connect to MQTT broker at 192.168.126.86:8888.
	at org.thingsboard.rule.engine.mqtt.TbMqttNode.initClient(TbMqttNode.java:146)
	at org.thingsboard.rule.engine.mqtt.TbMqttNode.init(TbMqttNode.java:76)
	... 12 common frames omitted
2025-12-16 06:53:41,759 [NotificationExecutorService-0-10] INFO  o.t.s.d.s.i.s.SqlPartitioningRepository - Saving partition 1765411200000-1766016000000 for table notification
2025-12-16 06:53:44,347 [TB-Scheduling-4] INFO  o.t.s.s.s.DefaultTbEntityDataSubscriptionService - Stats: regularQueryInvocationCnt = [0], regularQueryInvocationTime = [0], dynamicQueryCnt = [6] dynamicQueryInvocationCnt = [0], dynamicQueryInvocationTime = [0], alarmQueryInvocationCnt = [0], alarmQueryInvocationTime = [0]
2025-12-16 06:53:50,842 [sql-log-2-thread-1] INFO  o.t.s.dao.sql.TbSqlBlockingQueue - Queue-2 [Events] queueSize [0] totalAdded [3] totalSaved [3] totalFailed [0]
2025-12-16 06:53:54,313 [TB-Scheduling-9] INFO  o.t.s.dao.aspect.SqlDaoCallsAspect - Total timing statistics below:
2025-12-16 06:53:54,313 [TB-Scheduling-9] INFO  o.t.s.dao.aspect.SqlDaoCallsAspect - [5489b160-ccf1-11f0-81f3-0bf1425738f5]: calls: 12, failures: 0, exec time: 190 
2025-12-16 06:53:54,313 [TB-Scheduling-9] INFO  o.t.s.dao.aspect.SqlDaoCallsAspect - [5489b160-ccf1-11f0-81f3-0bf1425738f5] Top 3 methods by timing:
2025-12-16 06:53:54,314 [TB-Scheduling-9] INFO  o.t.s.dao.aspect.SqlDaoCallsAspect - [5489b160-ccf1-11f0-81f3-0bf1425738f5]: method: JpaAbstractDao.findById(..), calls: 3, failures: 0, exec time: 86
2025-12-16 06:53:54,314 [TB-Scheduling-9] INFO  o.t.s.dao.aspect.SqlDaoCallsAspect - [5489b160-ccf1-11f0-81f3-0bf1425738f5]: method: JpaAbstractDao.save(..), calls: 2, failures: 0, exec time: 70
2025-12-16 06:53:54,314 [TB-Scheduling-9] INFO  o.t.s.dao.aspect.SqlDaoCallsAspect - [5489b160-ccf1-11f0-81f3-0bf1425738f5]: method: JpaNotificationRequestDao.updateById(..), calls: 1, failures: 0, exec time: 12
2025-12-16 06:53:54,315 [TB-Scheduling-1] INFO  o.t.s.c.t.s.DefaultTransportService - Transport Stats: openConnections [0]
2025-12-16 06:53:54,348 [TB-Scheduling-10] INFO  o.t.s.s.s.DefaultTbEntityDataSubscriptionService - Stats: regularQueryInvocationCnt = [0], regularQueryInvocationTime = [0], dynamicQueryCnt = [6] dynamicQueryInvocationCnt = [6], dynamicQueryInvocationTime = [10], alarmQueryInvocationCnt = [0], alarmQueryInvocationTime = [0]
2025-12-16 06:54:04,347 [TB-Scheduling-8] INFO  o.t.s.s.s.DefaultTbEntityDataSubscriptionService - Stats: regularQueryInvocationCnt = [0], regularQueryInvocationTime = [0], dynamicQueryCnt = [6] dynamicQueryInvocationCnt = [0], dynamicQueryInvocationTime = [0], alarmQueryInvocationCnt = [0], alarmQueryInvocationTime = [0]
2025-12-16 06:54:12,800 [sql-log-2-thread-1] INFO  o.t.s.dao.sql.TbSqlBlockingQueue - Queue-1 [TS] queueSize [0] totalAdded [7] totalSaved [7] totalFailed [0]
2025-12-16 06:54:12,822 [sql-log-2-thread-1] INFO  o.t.s.dao.sql.TbSqlBlockingQueue - Queue-1 [TS Latest] queueSize [0] totalAdded [7] totalSaved [7] totalFailed [0]
2025-12-16 06:54:14,348 [TB-Scheduling-11] INFO  o.t.s.s.s.DefaultTbEntityDataSubscriptionService - Stats: regularQueryInvocationCnt = [0], regularQueryInvocationTime = [0], dynamicQueryCnt = [6] dynamicQueryInvocationCnt = [0], dynamicQueryInvocationTime = [0], alarmQueryInvocationCnt = [0], alarmQueryInvocationTime = [0]
2025-12-16 06:54:22,800 [sql-log-2-thread-1] INFO  o.t.s.dao.sql.TbSqlBlockingQueue - Queue-1 [TS] queueSize [0] totalAdded [4] totalSaved [4] totalFailed [0]
2025-12-16 06:54:22,822 [sql-log-2-thread-1] INFO  o.t.s.dao.sql.TbSqlBlockingQueue - Queue-1 [TS Latest] queueSize [0] totalAdded [4] totalSaved [4] totalFailed [0]
2025-12-16 06:54:24,349 [TB-Scheduling-13] INFO  o.t.s.s.s.DefaultTbEntityDataSubscriptionService - Stats: regularQueryInvocationCnt = [0], regularQueryInvocationTime = [0], dynamicQueryCnt = [6] dynamicQueryInvocationCnt = [0], dynamicQueryInvocationTime = [0], alarmQueryInvocationCnt = [0], alarmQueryInvocationTime = [0]
2025-12-16 06:54:34,348 [TB-Scheduling-12] INFO  o.t.s.s.s.DefaultTbEntityDataSubscriptionService - Stats: regularQueryInvocationCnt = [0], regularQueryInvocationTime = [0], dynamicQueryCnt = [6] dynamicQueryInvocationCnt = [0], dynamicQueryInvocationTime = [0], alarmQueryInvocationCnt = [0], alarmQueryInvocationTime = [0]
2025-12-16 06:54:44,349 [TB-Scheduling-8] INFO  o.t.s.s.s.DefaultTbEntityDataSubscriptionService - Stats: regularQueryInvocationCnt = [0], regularQueryInvocationTime = [0], dynamicQueryCnt = [6] dynamicQueryInvocationCnt = [0], dynamicQueryInvocationTime = [0], alarmQueryInvocationCnt = [0], alarmQueryInvocationTime = [0]
2025-12-16 06:54:54,312 [TB-Scheduling-11] INFO  o.t.s.dao.aspect.SqlDaoCallsAspect - Total timing statistics below:
2025-12-16 06:54:54,312 [TB-Scheduling-11] INFO  o.t.s.dao.aspect.SqlDaoCallsAspect - [5489b160-ccf1-11f0-81f3-0bf1425738f5]: calls: 3, failures: 0, exec time: 8 
2025-12-16 06:54:54,312 [TB-Scheduling-11] INFO  o.t.s.dao.aspect.SqlDaoCallsAspect - [5489b160-ccf1-11f0-81f3-0bf1425738f5] Top 3 methods by timing:
2025-12-16 06:54:54,312 [TB-Scheduling-11] INFO  o.t.s.dao.aspect.SqlDaoCallsAspect - [5489b160-ccf1-11f0-81f3-0bf1425738f5]: method: JpaAlarmDao.countAlarmsByQuery(..), calls: 3, failures: 0, exec time: 8
2025-12-16 06:54:54,313 [TB-Scheduling-9] INFO  o.t.s.c.t.s.DefaultTransportService - Transport Stats: openConnections [0]
2025-12-16 06:54:54,350 [TB-Scheduling-13] INFO  o.t.s.s.s.DefaultTbEntityDataSubscriptionService - Stats: regularQueryInvocationCnt = [0], regularQueryInvocationTime = [0], dynamicQueryCnt = [6] dynamicQueryInvocationCnt = [6], dynamicQueryInvocationTime = [14], alarmQueryInvocationCnt = [0], alarmQueryInvocationTime = [0]
2025-12-16 06:55:04,348 [TB-Scheduling-6] INFO  o.t.s.s.s.DefaultTbEntityDataSubscriptionService - Stats: regularQueryInvocationCnt = [0], regularQueryInvocationTime = [0], dynamicQueryCnt = [6] dynamicQueryInvocationCnt = [0], dynamicQueryInvocationTime = [0], alarmQueryInvocationCnt = [0], alarmQueryInvocationTime = [0]
2025-12-16 06:55:12,796 [sql-log-2-thread-1] INFO  o.t.s.dao.sql.TbSqlBlockingQueue - Queue-1 [TS] queueSize [0] totalAdded [7] totalSaved [7] totalFailed [0]
2025-12-16 06:55:12,819 [sql-log-2-thread-1] INFO  o.t.s.dao.sql.TbSqlBlockingQueue - Queue-1 [TS Latest] queueSize [0] totalAdded [7] totalSaved [7] totalFailed [0]
2025-12-16 06:55:14,349 [TB-Scheduling-14] INFO  o.t.s.s.s.DefaultTbEntityDataSubscriptionService - Stats: regularQueryInvocationCnt = [0], regularQueryInvocationTime = [0], dynamicQueryCnt = [6] dynamicQueryInvocationCnt = [0], dynamicQueryInvocationTime = [0], alarmQueryInvocationCnt = [0], alarmQueryInvocationTime = [0]
2025-12-16 06:55:22,796 [sql-log-2-thread-1] INFO  o.t.s.dao.sql.TbSqlBlockingQueue - Queue-1 [TS] queueSize [0] totalAdded [4] totalSaved [4] totalFailed [0]
2025-12-16 06:55:22,819 [sql-log-2-thread-1] INFO  o.t.s.dao.sql.TbSqlBlockingQueue - Queue-1 [TS Latest] queueSize [0] totalAdded [4] totalSaved [4] totalFailed [0]
2025-12-16 06:55:24,350 [TB-Scheduling-11] INFO  o.t.s.s.s.DefaultTbEntityDataSubscriptionService - Stats: regularQueryInvocationCnt = [0], regularQueryInvocationTime = [0], dynamicQueryCnt = [6] dynamicQueryInvocationCnt = [0], dynamicQueryInvocationTime = [0], alarmQueryInvocationCnt = [0], alarmQueryInvocationTime = [0]
2025-12-16 06:55:34,348 [TB-Scheduling-13] INFO  o.t.s.s.s.DefaultTbEntityDataSubscriptionService - Stats: regularQueryInvocationCnt = [0], regularQueryInvocationTime = [0], dynamicQueryCnt = [6] dynamicQueryInvocationCnt = [0], dynamicQueryInvocationTime = [0], alarmQueryInvocationCnt = [0], alarmQueryInvocationTime = [0]
2025-12-16 06:55:44,349 [TB-Scheduling-6] INFO  o.t.s.s.s.DefaultTbEntityDataSubscriptionService - Stats: regularQueryInvocationCnt = [0], regularQueryInvocationTime = [0], dynamicQueryCnt = [6] dynamicQueryInvocationCnt = [0], dynamicQueryInvocationTime = [0], alarmQueryInvocationCnt = [0], alarmQueryInvocationTime = [0]
2025-12-16 06:55:54,309 [TB-Scheduling-14] INFO  o.t.s.dao.aspect.SqlDaoCallsAspect - Total timing statistics below:
2025-12-16 06:55:54,309 [TB-Scheduling-14] INFO  o.t.s.dao.aspect.SqlDaoCallsAspect - [5489b160-ccf1-11f0-81f3-0bf1425738f5]: calls: 3, failures: 0, exec time: 6 
2025-12-16 06:55:54,310 [TB-Scheduling-14] INFO  o.t.s.dao.aspect.SqlDaoCallsAspect - [5489b160-ccf1-11f0-81f3-0bf1425738f5] Top 3 methods by timing:
2025-12-16 06:55:54,310 [TB-Scheduling-14] INFO  o.t.s.dao.aspect.SqlDaoCallsAspect - [5489b160-ccf1-11f0-81f3-0bf1425738f5]: method: JpaAlarmDao.countAlarmsByQuery(..), calls: 3, failures: 0, exec time: 6
2025-12-16 06:55:54,310 [TB-Scheduling-9] INFO  o.t.s.c.t.s.DefaultTransportService - Transport Stats: openConnections [0]
2025-12-16 06:55:54,350 [TB-Scheduling-11] INFO  o.t.s.s.s.DefaultTbEntityDataSubscriptionService - Stats: regularQueryInvocationCnt = [0], regularQueryInvocationTime = [0], dynamicQueryCnt = [6] dynamicQueryInvocationCnt = [6], dynamicQueryInvocationTime = [15], alarmQueryInvocationCnt = [0], alarmQueryInvocationTime = [0]
2025-12-16 06:56:04,348 [TB-Scheduling-16] INFO  o.t.s.s.s.DefaultTbEntityDataSubscriptionService - Stats: regularQueryInvocationCnt = [0], regularQueryInvocationTime = [0], dynamicQueryCnt = [6] dynamicQueryInvocationCnt = [0], dynamicQueryInvocationTime = [0], alarmQueryInvocationCnt = [0], alarmQueryInvocationTime = [0]
2025-12-16 06:56:12,792 [sql-log-2-thread-1] INFO  o.t.s.dao.sql.TbSqlBlockingQueue - Queue-1 [TS] queueSize [0] totalAdded [7] totalSaved [7] totalFailed [0]
2025-12-16 06:56:12,815 [sql-log-2-thread-1] INFO  o.t.s.dao.sql.TbSqlBlockingQueue - Queue-1 [TS Latest] queueSize [0] totalAdded [7] totalSaved [7] totalFailed [0]
2025-12-16 06:56:14,350 [TB-Scheduling-4] INFO  o.t.s.s.s.DefaultTbEntityDataSubscriptionService - Stats: regularQueryInvocationCnt = [0], regularQueryInvocationTime = [0], dynamicQueryCnt = [6] dynamicQueryInvocationCnt = [0], dynamicQueryInvocationTime = [0], alarmQueryInvocationCnt = [0], alarmQueryInvocationTime = [0]
2025-12-16 06:56:22,792 [sql-log-2-thread-1] INFO  o.t.s.dao.sql.TbSqlBlockingQueue - Queue-1 [TS] queueSize [0] totalAdded [4] totalSaved [4] totalFailed [0]
2025-12-16 06:56:22,815 [sql-log-2-thread-1] INFO  o.t.s.dao.sql.TbSqlBlockingQueue - Queue-1 [TS Latest] queueSize [0] totalAdded [4] totalSaved [4] totalFailed [0]
2025-12-16 06:56:24,350 [TB-Scheduling-1] INFO  o.t.s.s.s.DefaultTbEntityDataSubscriptionService - Stats: regularQueryInvocationCnt = [0], regularQueryInvocationTime = [0], dynamicQueryCnt = [6] dynamicQueryInvocationCnt = [0], dynamicQueryInvocationTime = [0], alarmQueryInvocationCnt = [0], alarmQueryInvocationTime = [0]
2025-12-16 06:56:34,350 [TB-Scheduling-3] INFO  o.t.s.s.s.DefaultTbEntityDataSubscriptionService - Stats: regularQueryInvocationCnt = [0], regularQueryInvocationTime = [0], dynamicQueryCnt = [6] dynamicQueryInvocationCnt = [0], dynamicQueryInvocationTime = [0], alarmQueryInvocationCnt = [0], alarmQueryInvocationTime = [0]
2025-12-16 06:56:44,352 [TB-Scheduling-2] INFO  o.t.s.s.s.DefaultTbEntityDataSubscriptionService - Stats: regularQueryInvocationCnt = [0], regularQueryInvocationTime = [0], dynamicQueryCnt = [6] dynamicQueryInvocationCnt = [0], dynamicQueryInvocationTime = [0], alarmQueryInvocationCnt = [0], alarmQueryInvocationTime = [0]
2025-12-16 06:56:54,307 [TB-Scheduling-14] INFO  o.t.s.c.t.s.DefaultTransportService - Transport Stats: openConnections [0]
2025-12-16 06:56:54,307 [TB-Scheduling-9] INFO  o.t.s.dao.aspect.SqlDaoCallsAspect - Total timing statistics below:
2025-12-16 06:56:54,307 [TB-Scheduling-9] INFO  o.t.s.dao.aspect.SqlDaoCallsAspect - [5489b160-ccf1-11f0-81f3-0bf1425738f5]: calls: 3, failures: 0, exec time: 4 
2025-12-16 06:56:54,307 [TB-Scheduling-9] INFO  o.t.s.dao.aspect.SqlDaoCallsAspect - [5489b160-ccf1-11f0-81f3-0bf1425738f5] Top 3 methods by timing:
2025-12-16 06:56:54,307 [TB-Scheduling-9] INFO  o.t.s.dao.aspect.SqlDaoCallsAspect - [5489b160-ccf1-11f0-81f3-0bf1425738f5]: method: JpaAlarmDao.countAlarmsByQuery(..), calls: 3, failures: 0, exec time: 4
2025-12-16 06:56:54,352 [TB-Scheduling-1] INFO  o.t.s.s.s.DefaultTbEntityDataSubscriptionService - Stats: regularQueryInvocationCnt = [0], regularQueryInvocationTime = [0], dynamicQueryCnt = [6] dynamicQueryInvocationCnt = [6], dynamicQueryInvocationTime = [7], alarmQueryInvocationCnt = [0], alarmQueryInvocationTime = [0]
2025-12-16 06:57:04,351 [TB-Scheduling-12] INFO  o.t.s.s.s.DefaultTbEntityDataSubscriptionService - Stats: regularQueryInvocationCnt = [0], regularQueryInvocationTime = [0], dynamicQueryCnt = [6] dynamicQueryInvocationCnt = [0], dynamicQueryInvocationTime = [0], alarmQueryInvocationCnt = [0], alarmQueryInvocationTime = [0]
2025-12-16 06:57:12,789 [sql-log-2-thread-1] INFO  o.t.s.dao.sql.TbSqlBlockingQueue - Queue-1 [TS] queueSize [0] totalAdded [7] totalSaved [7] totalFailed [0]
2025-12-16 06:57:12,812 [sql-log-2-thread-1] INFO  o.t.s.dao.sql.TbSqlBlockingQueue - Queue-1 [TS Latest] queueSize [0] totalAdded [7] totalSaved [7] totalFailed [0]
2025-12-16 06:57:14,352 [TB-Scheduling-6] INFO  o.t.s.s.s.DefaultTbEntityDataSubscriptionService - Stats: regularQueryInvocationCnt = [0], regularQueryInvocationTime = [0], dynamicQueryCnt = [6] dynamicQueryInvocationCnt = [0], dynamicQueryInvocationTime = [0], alarmQueryInvocationCnt = [0], alarmQueryInvocationTime = [0]
2025-12-16 06:57:22,789 [sql-log-2-thread-1] INFO  o.t.s.dao.sql.TbSqlBlockingQueue - Queue-1 [TS] queueSize [0] totalAdded [4] totalSaved [4] totalFailed [0]
2025-12-16 06:57:22,812 [sql-log-2-thread-1] INFO  o.t.s.dao.sql.TbSqlBlockingQueue - Queue-1 [TS Latest] queueSize [0] totalAdded [4] totalSaved [4] totalFailed [0]
2025-12-16 06:57:24,353 [TB-Scheduling-4] INFO  o.t.s.s.s.DefaultTbEntityDataSubscriptionService - Stats: regularQueryInvocationCnt = [0], regularQueryInvocationTime = [0], dynamicQueryCnt = [6] dynamicQueryInvocationCnt = [0], dynamicQueryInvocationTime = [0], alarmQueryInvocationCnt = [0], alarmQueryInvocationTime = [0]
2025-12-16 06:57:34,352 [TB-Scheduling-1] INFO  o.t.s.s.s.DefaultTbEntityDataSubscriptionService - Stats: regularQueryInvocationCnt = [0], regularQueryInvocationTime = [0], dynamicQueryCnt = [6] dynamicQueryInvocationCnt = [0], dynamicQueryInvocationTime = [0], alarmQueryInvocationCnt = [0], alarmQueryInvocationTime = [0]
2025-12-16 06:57:44,353 [TB-Scheduling-13] INFO  o.t.s.s.s.DefaultTbEntityDataSubscriptionService - Stats: regularQueryInvocationCnt = [0], regularQueryInvocationTime = [0], dynamicQueryCnt = [6] dynamicQueryInvocationCnt = [0], dynamicQueryInvocationTime = [0], alarmQueryInvocationCnt = [0], alarmQueryInvocationTime = [0]
2025-12-16 06:57:54,304 [TB-Scheduling-14] INFO  o.t.s.c.t.s.DefaultTransportService - Transport Stats: openConnections [0]
2025-12-16 06:57:54,304 [TB-Scheduling-8] INFO  o.t.s.dao.aspect.SqlDaoCallsAspect - Total timing statistics below:
2025-12-16 06:57:54,304 [TB-Scheduling-8] INFO  o.t.s.dao.aspect.SqlDaoCallsAspect - [5489b160-ccf1-11f0-81f3-0bf1425738f5]: calls: 3, failures: 0, exec time: 4 
2025-12-16 06:57:54,304 [TB-Scheduling-8] INFO  o.t.s.dao.aspect.SqlDaoCallsAspect - [5489b160-ccf1-11f0-81f3-0bf1425738f5] Top 3 methods by timing:
2025-12-16 06:57:54,304 [TB-Scheduling-8] INFO  o.t.s.dao.aspect.SqlDaoCallsAspect - [5489b160-ccf1-11f0-81f3-0bf1425738f5]: method: JpaAlarmDao.countAlarmsByQuery(..), calls: 3, failures: 0, exec time: 4
2025-12-16 06:57:54,354 [TB-Scheduling-5] INFO  o.t.s.s.s.DefaultTbEntityDataSubscriptionService - Stats: regularQueryInvocationCnt = [0], regularQueryInvocationTime = [0], dynamicQueryCnt = [6] dynamicQueryInvocationCnt = [6], dynamicQueryInvocationTime = [9], alarmQueryInvocationCnt = [0], alarmQueryInvocationTime = [0]
2025-12-16 06:58:04,353 [TB-Scheduling-11] INFO  o.t.s.s.s.DefaultTbEntityDataSubscriptionService - Stats: regularQueryInvocationCnt = [0], regularQueryInvocationTime = [0], dynamicQueryCnt = [6] dynamicQueryInvocationCnt = [0], dynamicQueryInvocationTime = [0], alarmQueryInvocationCnt = [0], alarmQueryInvocationTime = [0]
2025-12-16 06:58:12,786 [sql-log-2-thread-1] INFO  o.t.s.dao.sql.TbSqlBlockingQueue - Queue-1 [TS] queueSize [0] totalAdded [7] totalSaved [7] totalFailed [0]
2025-12-16 06:58:12,809 [sql-log-2-thread-1] INFO  o.t.s.dao.sql.TbSqlBlockingQueue - Queue-1 [TS Latest] queueSize [0] totalAdded [7] totalSaved [7] totalFailed [0]
2025-12-16 06:58:14,354 [TB-Scheduling-7] INFO  o.t.s.s.s.DefaultTbEntityDataSubscriptionService - Stats: regularQueryInvocationCnt = [0], regularQueryInvocationTime = [0], dynamicQueryCnt = [6] dynamicQueryInvocationCnt = [0], dynamicQueryInvocationTime = [0], alarmQueryInvocationCnt = [0], alarmQueryInvocationTime = [0]
2025-12-16 06:58:22,786 [sql-log-2-thread-1] INFO  o.t.s.dao.sql.TbSqlBlockingQueue - Queue-1 [TS] queueSize [0] totalAdded [4] totalSaved [4] totalFailed [0]
2025-12-16 06:58:22,809 [sql-log-2-thread-1] INFO  o.t.s.dao.sql.TbSqlBlockingQueue - Queue-1 [TS Latest] queueSize [0] totalAdded [4] totalSaved [4] totalFailed [0]
2025-12-16 06:58:24,355 [TB-Scheduling-8] INFO  o.t.s.s.s.DefaultTbEntityDataSubscriptionService - Stats: regularQueryInvocationCnt = [0], regularQueryInvocationTime = [0], dynamicQueryCnt = [6] dynamicQueryInvocationCnt = [0], dynamicQueryInvocationTime = [0], alarmQueryInvocationCnt = [0], alarmQueryInvocationTime = [0]
2025-12-16 06:58:34,354 [TB-Scheduling-10] INFO  o.t.s.s.s.DefaultTbEntityDataSubscriptionService - Stats: regularQueryInvocationCnt = [0], regularQueryInvocationTime = [0], dynamicQueryCnt = [6] dynamicQueryInvocationCnt = [0], dynamicQueryInvocationTime = [0], alarmQueryInvocationCnt = [0], alarmQueryInvocationTime = [0]
2025-12-16 06:58:44,354 [TB-Scheduling-11] INFO  o.t.s.s.s.DefaultTbEntityDataSubscriptionService - Stats: regularQueryInvocationCnt = [0], regularQueryInvocationTime = [0], dynamicQueryCnt = [6] dynamicQueryInvocationCnt = [0], dynamicQueryInvocationTime = [0], alarmQueryInvocationCnt = [0], alarmQueryInvocationTime = [0]
2025-12-16 06:58:54,301 [TB-Scheduling-9] INFO  o.t.s.c.t.s.DefaultTransportService - Transport Stats: openConnections [0]
2025-12-16 06:58:54,301 [TB-Scheduling-14] INFO  o.t.s.dao.aspect.SqlDaoCallsAspect - Total timing statistics below:
2025-12-16 06:58:54,301 [TB-Scheduling-14] INFO  o.t.s.dao.aspect.SqlDaoCallsAspect - [5489b160-ccf1-11f0-81f3-0bf1425738f5]: calls: 3, failures: 0, exec time: 5 
2025-12-16 06:58:54,302 [TB-Scheduling-14] INFO  o.t.s.dao.aspect.SqlDaoCallsAspect - [5489b160-ccf1-11f0-81f3-0bf1425738f5] Top 3 methods by timing:
2025-12-16 06:58:54,302 [TB-Scheduling-14] INFO  o.t.s.dao.aspect.SqlDaoCallsAspect - [5489b160-ccf1-11f0-81f3-0bf1425738f5]: method: JpaAlarmDao.countAlarmsByQuery(..), calls: 3, failures: 0, exec time: 5
2025-12-16 06:58:54,355 [TB-Scheduling-4] INFO  o.t.s.s.s.DefaultTbEntityDataSubscriptionService - Stats: regularQueryInvocationCnt = [0], regularQueryInvocationTime = [0], dynamicQueryCnt = [6] dynamicQueryInvocationCnt = [6], dynamicQueryInvocationTime = [9], alarmQueryInvocationCnt = [0], alarmQueryInvocationTime = [0]
2025-12-16 06:59:04,354 [TB-Scheduling-1] INFO  o.t.s.s.s.DefaultTbEntityDataSubscriptionService - Stats: regularQueryInvocationCnt = [0], regularQueryInvocationTime = [0], dynamicQueryCnt = [6] dynamicQueryInvocationCnt = [0], dynamicQueryInvocationTime = [0], alarmQueryInvocationCnt = [0], alarmQueryInvocationTime = [0]
2025-12-16 06:59:12,785 [sql-log-2-thread-1] INFO  o.t.s.dao.sql.TbSqlBlockingQueue - Queue-1 [TS] queueSize [0] totalAdded [7] totalSaved [7] totalFailed [0]
2025-12-16 06:59:12,805 [sql-log-2-thread-1] INFO  o.t.s.dao.sql.TbSqlBlockingQueue - Queue-1 [TS Latest] queueSize [0] totalAdded [7] totalSaved [7] totalFailed [0]
2025-12-16 06:59:14,355 [TB-Scheduling-13] INFO  o.t.s.s.s.DefaultTbEntityDataSubscriptionService - Stats: regularQueryInvocationCnt = [0], regularQueryInvocationTime = [0], dynamicQueryCnt = [6] dynamicQueryInvocationCnt = [0], dynamicQueryInvocationTime = [0], alarmQueryInvocationCnt = [0], alarmQueryInvocationTime = [0]
2025-12-16 06:59:22,782 [sql-log-2-thread-1] INFO  o.t.s.dao.sql.TbSqlBlockingQueue - Queue-1 [TS] queueSize [0] totalAdded [4] totalSaved [4] totalFailed [0]
2025-12-16 06:59:22,805 [sql-log-2-thread-1] INFO  o.t.s.dao.sql.TbSqlBlockingQueue - Queue-1 [TS Latest] queueSize [0] totalAdded [4] totalSaved [4] totalFailed [0]
2025-12-16 06:59:24,356 [TB-Scheduling-7] INFO  o.t.s.s.s.DefaultTbEntityDataSubscriptionService - Stats: regularQueryInvocationCnt = [0], regularQueryInvocationTime = [0], dynamicQueryCnt = [6] dynamicQueryInvocationCnt = [0], dynamicQueryInvocationTime = [0], alarmQueryInvocationCnt = [0], alarmQueryInvocationTime = [0]
2025-12-16 06:59:34,357 [TB-Scheduling-4] INFO  o.t.s.s.s.DefaultTbEntityDataSubscriptionService - Stats: regularQueryInvocationCnt = [0], regularQueryInvocationTime = [0], dynamicQueryCnt = [6] dynamicQueryInvocationCnt = [0], dynamicQueryInvocationTime = [0], alarmQueryInvocationCnt = [0], alarmQueryInvocationTime = [0]
2025-12-16 06:59:44,358 [TB-Scheduling-1] INFO  o.t.s.s.s.DefaultTbEntityDataSubscriptionService - Stats: regularQueryInvocationCnt = [0], regularQueryInvocationTime = [0], dynamicQueryCnt = [6] dynamicQueryInvocationCnt = [0], dynamicQueryInvocationTime = [0], alarmQueryInvocationCnt = [0], alarmQueryInvocationTime = [0]
2025-12-16 06:59:54,298 [TB-Scheduling-14] INFO  o.t.s.dao.aspect.SqlDaoCallsAspect - Total timing statistics below:
2025-12-16 06:59:54,298 [TB-Scheduling-9] INFO  o.t.s.c.t.s.DefaultTransportService - Transport Stats: openConnections [0]
2025-12-16 06:59:54,299 [TB-Scheduling-14] INFO  o.t.s.dao.aspect.SqlDaoCallsAspect - [5489b160-ccf1-11f0-81f3-0bf1425738f5]: calls: 3, failures: 0, exec time: 5 
2025-12-16 06:59:54,299 [TB-Scheduling-14] INFO  o.t.s.dao.aspect.SqlDaoCallsAspect - [5489b160-ccf1-11f0-81f3-0bf1425738f5] Top 3 methods by timing:
2025-12-16 06:59:54,299 [TB-Scheduling-14] INFO  o.t.s.dao.aspect.SqlDaoCallsAspect - [5489b160-ccf1-11f0-81f3-0bf1425738f5]: method: JpaAlarmDao.countAlarmsByQuery(..), calls: 3, failures: 0, exec time: 5
2025-12-16 06:59:54,359 [TB-Scheduling-8] INFO  o.t.s.s.s.DefaultTbEntityDataSubscriptionService - Stats: regularQueryInvocationCnt = [0], regularQueryInvocationTime = [0], dynamicQueryCnt = [6] dynamicQueryInvocationCnt = [6], dynamicQueryInvocationTime = [13], alarmQueryInvocationCnt = [0], alarmQueryInvocationTime = [0]
2025-12-16 07:00:04,358 [TB-Scheduling-3] INFO  o.t.s.s.s.DefaultTbEntityDataSubscriptionService - Stats: regularQueryInvocationCnt = [0], regularQueryInvocationTime = [0], dynamicQueryCnt = [6] dynamicQueryInvocationCnt = [0], dynamicQueryInvocationTime = [0], alarmQueryInvocationCnt = [0], alarmQueryInvocationTime = [0]
2025-12-16 07:00:12,779 [sql-log-2-thread-1] INFO  o.t.s.dao.sql.TbSqlBlockingQueue - Queue-1 [TS] queueSize [0] totalAdded [7] totalSaved [7] totalFailed [0]
2025-12-16 07:00:12,801 [sql-log-2-thread-1] INFO  o.t.s.dao.sql.TbSqlBlockingQueue - Queue-1 [TS Latest] queueSize [0] totalAdded [7] totalSaved [7] totalFailed [0]
2025-12-16 07:00:14,359 [TB-Scheduling-11] INFO  o.t.s.s.s.DefaultTbEntityDataSubscriptionService - Stats: regularQueryInvocationCnt = [0], regularQueryInvocationTime = [0], dynamicQueryCnt = [6] dynamicQueryInvocationCnt = [0], dynamicQueryInvocationTime = [0], alarmQueryInvocationCnt = [0], alarmQueryInvocationTime = [0]
2025-12-16 07:00:22,779 [sql-log-2-thread-1] INFO  o.t.s.dao.sql.TbSqlBlockingQueue - Queue-1 [TS] queueSize [0] totalAdded [6] totalSaved [6] totalFailed [0]
2025-12-16 07:00:22,801 [sql-log-2-thread-1] INFO  o.t.s.dao.sql.TbSqlBlockingQueue - Queue-1 [TS Latest] queueSize [0] totalAdded [6] totalSaved [6] totalFailed [0]
2025-12-16 07:00:24,359 [TB-Scheduling-9] INFO  o.t.s.s.s.DefaultTbEntityDataSubscriptionService - Stats: regularQueryInvocationCnt = [0], regularQueryInvocationTime = [0], dynamicQueryCnt = [6] dynamicQueryInvocationCnt = [0], dynamicQueryInvocationTime = [0], alarmQueryInvocationCnt = [0], alarmQueryInvocationTime = [0]
2025-12-16 07:00:34,359 [TB-Scheduling-8] INFO  o.t.s.s.s.DefaultTbEntityDataSubscriptionService - Stats: regularQueryInvocationCnt = [0], regularQueryInvocationTime = [0], dynamicQueryCnt = [6] dynamicQueryInvocationCnt = [0], dynamicQueryInvocationTime = [0], alarmQueryInvocationCnt = [0], alarmQueryInvocationTime = [0]
2025-12-16 07:00:44,360 [TB-Scheduling-3] INFO  o.t.s.s.s.DefaultTbEntityDataSubscriptionService - Stats: regularQueryInvocationCnt = [0], regularQueryInvocationTime = [0], dynamicQueryCnt = [6] dynamicQueryInvocationCnt = [0], dynamicQueryInvocationTime = [0], alarmQueryInvocationCnt = [0], alarmQueryInvocationTime = [0]
2025-12-16 07:00:54,297 [TB-Scheduling-14] INFO  o.t.s.c.t.s.DefaultTransportService - Transport Stats: openConnections [0]
2025-12-16 07:00:54,297 [TB-Scheduling-2] INFO  o.t.s.dao.aspect.SqlDaoCallsAspect - Total timing statistics below:
2025-12-16 07:00:54,297 [TB-Scheduling-2] INFO  o.t.s.dao.aspect.SqlDaoCallsAspect - [5489b160-ccf1-11f0-81f3-0bf1425738f5]: calls: 3, failures: 0, exec time: 6 
2025-12-16 07:00:54,297 [TB-Scheduling-2] INFO  o.t.s.dao.aspect.SqlDaoCallsAspect - [5489b160-ccf1-11f0-81f3-0bf1425738f5] Top 3 methods by timing:
2025-12-16 07:00:54,297 [TB-Scheduling-2] INFO  o.t.s.dao.aspect.SqlDaoCallsAspect - [5489b160-ccf1-11f0-81f3-0bf1425738f5]: method: JpaAlarmDao.countAlarmsByQuery(..), calls: 3, failures: 0, exec time: 6
2025-12-16 07:00:54,361 [TB-Scheduling-15] INFO  o.t.s.s.s.DefaultTbEntityDataSubscriptionService - Stats: regularQueryInvocationCnt = [0], regularQueryInvocationTime = [0], dynamicQueryCnt = [6] dynamicQueryInvocationCnt = [6], dynamicQueryInvocationTime = [9], alarmQueryInvocationCnt = [0], alarmQueryInvocationTime = [0]
2025-12-16 07:01:04,359 [TB-Scheduling-4] INFO  o.t.s.s.s.DefaultTbEntityDataSubscriptionService - Stats: regularQueryInvocationCnt = [0], regularQueryInvocationTime = [0], dynamicQueryCnt = [6] dynamicQueryInvocationCnt = [0], dynamicQueryInvocationTime = [0], alarmQueryInvocationCnt = [0], alarmQueryInvocationTime = [0]
2025-12-16 07:01:12,775 [sql-log-2-thread-1] INFO  o.t.s.dao.sql.TbSqlBlockingQueue - Queue-1 [TS] queueSize [0] totalAdded [7] totalSaved [7] totalFailed [0]
2025-12-16 07:01:12,798 [sql-log-2-thread-1] INFO  o.t.s.dao.sql.TbSqlBlockingQueue - Queue-1 [TS Latest] queueSize [0] totalAdded [7] totalSaved [7] totalFailed [0]
2025-12-16 07:01:14,360 [TB-Scheduling-16] INFO  o.t.s.s.s.DefaultTbEntityDataSubscriptionService - Stats: regularQueryInvocationCnt = [0], regularQueryInvocationTime = [0], dynamicQueryCnt = [6] dynamicQueryInvocationCnt = [0], dynamicQueryInvocationTime = [0], alarmQueryInvocationCnt = [0], alarmQueryInvocationTime = [0]
2025-12-16 07:01:22,775 [sql-log-2-thread-1] INFO  o.t.s.dao.sql.TbSqlBlockingQueue - Queue-1 [TS] queueSize [0] totalAdded [4] totalSaved [4] totalFailed [0]
2025-12-16 07:01:22,798 [sql-log-2-thread-1] INFO  o.t.s.dao.sql.TbSqlBlockingQueue - Queue-1 [TS Latest] queueSize [0] totalAdded [4] totalSaved [4] totalFailed [0]
2025-12-16 07:01:24,361 [TB-Scheduling-13] INFO  o.t.s.s.s.DefaultTbEntityDataSubscriptionService - Stats: regularQueryInvocationCnt = [0], regularQueryInvocationTime = [0], dynamicQueryCnt = [6] dynamicQueryInvocationCnt = [0], dynamicQueryInvocationTime = [0], alarmQueryInvocationCnt = [0], alarmQueryInvocationTime = [0]
2025-12-16 07:01:34,360 [TB-Scheduling-15] INFO  o.t.s.s.s.DefaultTbEntityDataSubscriptionService - Stats: regularQueryInvocationCnt = [0], regularQueryInvocationTime = [0], dynamicQueryCnt = [6] dynamicQueryInvocationCnt = [0], dynamicQueryInvocationTime = [0], alarmQueryInvocationCnt = [0], alarmQueryInvocationTime = [0]
2025-12-16 07:01:44,361 [TB-Scheduling-4] INFO  o.t.s.s.s.DefaultTbEntityDataSubscriptionService - Stats: regularQueryInvocationCnt = [0], regularQueryInvocationTime = [0], dynamicQueryCnt = [6] dynamicQueryInvocationCnt = [0], dynamicQueryInvocationTime = [0], alarmQueryInvocationCnt = [0], alarmQueryInvocationTime = [0]
2025-12-16 07:01:54,294 [TB-Scheduling-16] INFO  o.t.s.c.t.s.DefaultTransportService - Transport Stats: openConnections [0]
2025-12-16 07:01:54,294 [TB-Scheduling-2] INFO  o.t.s.dao.aspect.SqlDaoCallsAspect - Total timing statistics below:
2025-12-16 07:01:54,294 [TB-Scheduling-2] INFO  o.t.s.dao.aspect.SqlDaoCallsAspect - [5489b160-ccf1-11f0-81f3-0bf1425738f5]: calls: 3, failures: 0, exec time: 4 
2025-12-16 07:01:54,295 [TB-Scheduling-2] INFO  o.t.s.dao.aspect.SqlDaoCallsAspect - [5489b160-ccf1-11f0-81f3-0bf1425738f5] Top 3 methods by timing:
2025-12-16 07:01:54,295 [TB-Scheduling-2] INFO  o.t.s.dao.aspect.SqlDaoCallsAspect - [5489b160-ccf1-11f0-81f3-0bf1425738f5]: method: JpaAlarmDao.countAlarmsByQuery(..), calls: 3, failures: 0, exec time: 4
2025-12-16 07:01:54,361 [TB-Scheduling-13] INFO  o.t.s.s.s.DefaultTbEntityDataSubscriptionService - Stats: regularQueryInvocationCnt = [0], regularQueryInvocationTime = [0], dynamicQueryCnt = [6] dynamicQueryInvocationCnt = [6], dynamicQueryInvocationTime = [8], alarmQueryInvocationCnt = [0], alarmQueryInvocationTime = [0]
2025-12-16 07:02:04,360 [TB-Scheduling-7] INFO  o.t.s.s.s.DefaultTbEntityDataSubscriptionService - Stats: regularQueryInvocationCnt = [0], regularQueryInvocationTime = [0], dynamicQueryCnt = [6] dynamicQueryInvocationCnt = [0], dynamicQueryInvocationTime = [0], alarmQueryInvocationCnt = [0], alarmQueryInvocationTime = [0]
2025-12-16 07:02:14,360 [TB-Scheduling-3] INFO  o.t.s.s.s.DefaultTbEntityDataSubscriptionService - Stats: regularQueryInvocationCnt = [0], regularQueryInvocationTime = [0], dynamicQueryCnt = [6] dynamicQueryInvocationCnt = [0], dynamicQueryInvocationTime = [0], alarmQueryInvocationCnt = [0], alarmQueryInvocationTime = [0]
2025-12-16 07:02:22,772 [sql-log-2-thread-1] INFO  o.t.s.dao.sql.TbSqlBlockingQueue - Queue-1 [TS] queueSize [0] totalAdded [11] totalSaved [11] totalFailed [0]
2025-12-16 07:02:22,795 [sql-log-2-thread-1] INFO  o.t.s.dao.sql.TbSqlBlockingQueue - Queue-1 [TS Latest] queueSize [0] totalAdded [11] totalSaved [11] totalFailed [0]
2025-12-16 07:02:24,361 [TB-Scheduling-11] INFO  o.t.s.s.s.DefaultTbEntityDataSubscriptionService - Stats: regularQueryInvocationCnt = [0], regularQueryInvocationTime = [0], dynamicQueryCnt = [6] dynamicQueryInvocationCnt = [0], dynamicQueryInvocationTime = [0], alarmQueryInvocationCnt = [0], alarmQueryInvocationTime = [0]
2025-12-16 07:02:34,360 [TB-Scheduling-13] INFO  o.t.s.s.s.DefaultTbEntityDataSubscriptionService - Stats: regularQueryInvocationCnt = [0], regularQueryInvocationTime = [0], dynamicQueryCnt = [6] dynamicQueryInvocationCnt = [0], dynamicQueryInvocationTime = [0], alarmQueryInvocationCnt = [0], alarmQueryInvocationTime = [0]
2025-12-16 07:02:44,361 [TB-Scheduling-7] INFO  o.t.s.s.s.DefaultTbEntityDataSubscriptionService - Stats: regularQueryInvocationCnt = [0], regularQueryInvocationTime = [0], dynamicQueryCnt = [6] dynamicQueryInvocationCnt = [0], dynamicQueryInvocationTime = [0], alarmQueryInvocationCnt = [0], alarmQueryInvocationTime = [0]
2025-12-16 07:02:54,291 [TB-Scheduling-16] INFO  o.t.s.c.t.s.DefaultTransportService - Transport Stats: openConnections [0]
2025-12-16 07:02:54,292 [TB-Scheduling-1] INFO  o.t.s.dao.aspect.SqlDaoCallsAspect - Total timing statistics below:
2025-12-16 07:02:54,292 [TB-Scheduling-1] INFO  o.t.s.dao.aspect.SqlDaoCallsAspect - [5489b160-ccf1-11f0-81f3-0bf1425738f5]: calls: 2, failures: 0, exec time: 37 
2025-12-16 07:02:54,292 [TB-Scheduling-1] INFO  o.t.s.dao.aspect.SqlDaoCallsAspect - [5489b160-ccf1-11f0-81f3-0bf1425738f5] Top 3 methods by timing:
2025-12-16 07:02:54,292 [TB-Scheduling-1] INFO  o.t.s.dao.aspect.SqlDaoCallsAspect - [5489b160-ccf1-11f0-81f3-0bf1425738f5]: method: JpaWidgetTypeDao.findWidgetTypesInfosByWidgetsBundleId(..), calls: 1, failures: 0, exec time: 33
2025-12-16 07:02:54,292 [TB-Scheduling-1] INFO  o.t.s.dao.aspect.SqlDaoCallsAspect - [5489b160-ccf1-11f0-81f3-0bf1425738f5]: method: JpaAbstractDao.findById(..), calls: 1, failures: 0, exec time: 4
2025-12-16 07:03:22,769 [sql-log-2-thread-1] INFO  o.t.s.dao.sql.TbSqlBlockingQueue - Queue-1 [TS] queueSize [0] totalAdded [11] totalSaved [11] totalFailed [0]
2025-12-16 07:03:22,792 [sql-log-2-thread-1] INFO  o.t.s.dao.sql.TbSqlBlockingQueue - Queue-1 [TS Latest] queueSize [0] totalAdded [11] totalSaved [11] totalFailed [0]
2025-12-16 07:03:54,287 [TB-Scheduling-16] INFO  o.t.s.c.t.s.DefaultTransportService - Transport Stats: openConnections [0]
2025-12-16 07:03:54,288 [TB-Scheduling-3] INFO  o.t.s.dao.aspect.SqlDaoCallsAspect - Total timing statistics below:
2025-12-16 07:03:54,288 [TB-Scheduling-3] INFO  o.t.s.dao.aspect.SqlDaoCallsAspect - [5489b160-ccf1-11f0-81f3-0bf1425738f5]: calls: 3, failures: 0, exec time: 14 
2025-12-16 07:03:54,289 [TB-Scheduling-3] INFO  o.t.s.dao.aspect.SqlDaoCallsAspect - [5489b160-ccf1-11f0-81f3-0bf1425738f5] Top 3 methods by timing:
2025-12-16 07:03:54,289 [TB-Scheduling-3] INFO  o.t.s.dao.aspect.SqlDaoCallsAspect - [5489b160-ccf1-11f0-81f3-0bf1425738f5]: method: JpaAbstractDao.findById(..), calls: 2, failures: 0, exec time: 10
2025-12-16 07:03:54,289 [TB-Scheduling-3] INFO  o.t.s.dao.aspect.SqlDaoCallsAspect - [5489b160-ccf1-11f0-81f3-0bf1425738f5]: method: JpaUserCredentialsDao.findByUserId(..), calls: 1, failures: 0, exec time: 4
2025-12-16 07:04:22,765 [sql-log-2-thread-1] INFO  o.t.s.dao.sql.TbSqlBlockingQueue - Queue-1 [TS] queueSize [0] totalAdded [12] totalSaved [12] totalFailed [0]
2025-12-16 07:04:22,788 [sql-log-2-thread-1] INFO  o.t.s.dao.sql.TbSqlBlockingQueue - Queue-1 [TS Latest] queueSize [0] totalAdded [12] totalSaved [12] totalFailed [0]
2025-12-16 07:04:54,285 [TB-Scheduling-4] INFO  o.t.s.c.t.s.DefaultTransportService - Transport Stats: openConnections [0]
2025-12-16 07:05:22,762 [sql-log-2-thread-1] INFO  o.t.s.dao.sql.TbSqlBlockingQueue - Queue-1 [TS] queueSize [0] totalAdded [11] totalSaved [11] totalFailed [0]
2025-12-16 07:05:22,785 [sql-log-2-thread-1] INFO  o.t.s.dao.sql.TbSqlBlockingQueue - Queue-1 [TS Latest] queueSize [0] totalAdded [11] totalSaved [11] totalFailed [0]
2025-12-16 07:05:54,283 [TB-Scheduling-10] INFO  o.t.s.c.t.s.DefaultTransportService - Transport Stats: openConnections [0]
2025-12-16 07:06:22,758 [sql-log-2-thread-1] INFO  o.t.s.dao.sql.TbSqlBlockingQueue - Queue-1 [TS] queueSize [0] totalAdded [11] totalSaved [11] totalFailed [0]
2025-12-16 07:06:22,781 [sql-log-2-thread-1] INFO  o.t.s.dao.sql.TbSqlBlockingQueue - Queue-1 [TS Latest] queueSize [0] totalAdded [11] totalSaved [11] totalFailed [0]
2025-12-16 07:06:54,280 [TB-Scheduling-12] INFO  o.t.s.c.t.s.DefaultTransportService - Transport Stats: openConnections [0]
2025-12-16 07:07:22,755 [sql-log-2-thread-1] INFO  o.t.s.dao.sql.TbSqlBlockingQueue - Queue-1 [TS] queueSize [0] totalAdded [11] totalSaved [11] totalFailed [0]
2025-12-16 07:07:22,778 [sql-log-2-thread-1] INFO  o.t.s.dao.sql.TbSqlBlockingQueue - Queue-1 [TS Latest] queueSize [0] totalAdded [11] totalSaved [11] totalFailed [0]
2025-12-16 07:07:54,277 [TB-Scheduling-16] INFO  o.t.s.c.t.s.DefaultTransportService - Transport Stats: openConnections [0]
2025-12-16 07:08:22,752 [sql-log-2-thread-1] INFO  o.t.s.dao.sql.TbSqlBlockingQueue - Queue-1 [TS] queueSize [0] totalAdded [11] totalSaved [11] totalFailed [0]
2025-12-16 07:08:22,775 [sql-log-2-thread-1] INFO  o.t.s.dao.sql.TbSqlBlockingQueue - Queue-1 [TS Latest] queueSize [0] totalAdded [11] totalSaved [11] totalFailed [0]
2025-12-16 07:08:54,274 [TB-Scheduling-16] INFO  o.t.s.c.t.s.DefaultTransportService - Transport Stats: openConnections [0]
2025-12-16 07:09:22,749 [sql-log-2-thread-1] INFO  o.t.s.dao.sql.TbSqlBlockingQueue - Queue-1 [TS] queueSize [0] totalAdded [11] totalSaved [11] totalFailed [0]
2025-12-16 07:09:22,772 [sql-log-2-thread-1] INFO  o.t.s.dao.sql.TbSqlBlockingQueue - Queue-1 [TS Latest] queueSize [0] totalAdded [11] totalSaved [11] totalFailed [0]
2025-12-16 07:09:54,272 [TB-Scheduling-13] INFO  o.t.s.c.t.s.DefaultTransportService - Transport Stats: openConnections [0]
2025-12-16 07:10:22,745 [sql-log-2-thread-1] INFO  o.t.s.dao.sql.TbSqlBlockingQueue - Queue-1 [TS] queueSize [0] totalAdded [11] totalSaved [11] totalFailed [0]
2025-12-16 07:10:22,768 [sql-log-2-thread-1] INFO  o.t.s.dao.sql.TbSqlBlockingQueue - Queue-1 [TS Latest] queueSize [0] totalAdded [11] totalSaved [11] totalFailed [0]
2025-12-16 07:10:54,269 [TB-Scheduling-2] INFO  o.t.s.c.t.s.DefaultTransportService - Transport Stats: openConnections [0]
2025-12-16 07:11:22,742 [sql-log-2-thread-1] INFO  o.t.s.dao.sql.TbSqlBlockingQueue - Queue-1 [TS] queueSize [0] totalAdded [11] totalSaved [11] totalFailed [0]
2025-12-16 07:11:22,765 [sql-log-2-thread-1] INFO  o.t.s.dao.sql.TbSqlBlockingQueue - Queue-1 [TS Latest] queueSize [0] totalAdded [11] totalSaved [11] totalFailed [0]
2025-12-16 07:11:54,266 [TB-Scheduling-13] INFO  o.t.s.c.t.s.DefaultTransportService - Transport Stats: openConnections [0]
2025-12-16 07:12:22,739 [sql-log-2-thread-1] INFO  o.t.s.dao.sql.TbSqlBlockingQueue - Queue-1 [TS] queueSize [0] totalAdded [4] totalSaved [4] totalFailed [0]
2025-12-16 07:12:22,762 [sql-log-2-thread-1] INFO  o.t.s.dao.sql.TbSqlBlockingQueue - Queue-1 [TS Latest] queueSize [0] totalAdded [4] totalSaved [4] totalFailed [0]
2025-12-16 07:12:32,736 [sql-log-2-thread-1] INFO  o.t.s.dao.sql.TbSqlBlockingQueue - Queue-1 [TS] queueSize [0] totalAdded [7] totalSaved [7] totalFailed [0]
2025-12-16 07:12:32,759 [sql-log-2-thread-1] INFO  o.t.s.dao.sql.TbSqlBlockingQueue - Queue-1 [TS Latest] queueSize [0] totalAdded [7] totalSaved [7] totalFailed [0]
2025-12-16 07:12:54,263 [TB-Scheduling-9] INFO  o.t.s.c.t.s.DefaultTransportService - Transport Stats: openConnections [0]
2025-12-16 07:13:22,736 [sql-log-2-thread-1] INFO  o.t.s.dao.sql.TbSqlBlockingQueue - Queue-1 [TS] queueSize [0] totalAdded [4] totalSaved [4] totalFailed [0]
2025-12-16 07:13:22,758 [sql-log-2-thread-1] INFO  o.t.s.dao.sql.TbSqlBlockingQueue - Queue-1 [TS Latest] queueSize [0] totalAdded [4] totalSaved [4] totalFailed [0]
2025-12-16 07:13:32,733 [sql-log-2-thread-1] INFO  o.t.s.dao.sql.TbSqlBlockingQueue - Queue-1 [TS] queueSize [0] totalAdded [7] totalSaved [7] totalFailed [0]
2025-12-16 07:13:32,756 [sql-log-2-thread-1] INFO  o.t.s.dao.sql.TbSqlBlockingQueue - Queue-1 [TS Latest] queueSize [0] totalAdded [7] totalSaved [7] totalFailed [0]
2025-12-16 07:13:54,261 [TB-Scheduling-15] INFO  o.t.s.c.t.s.DefaultTransportService - Transport Stats: openConnections [0]
2025-12-16 07:14:22,732 [sql-log-2-thread-1] INFO  o.t.s.dao.sql.TbSqlBlockingQueue - Queue-1 [TS] queueSize [0] totalAdded [4] totalSaved [4] totalFailed [0]
2025-12-16 07:14:22,754 [sql-log-2-thread-1] INFO  o.t.s.dao.sql.TbSqlBlockingQueue - Queue-1 [TS Latest] queueSize [0] totalAdded [4] totalSaved [4] totalFailed [0]
2025-12-16 07:14:32,729 [sql-log-2-thread-1] INFO  o.t.s.dao.sql.TbSqlBlockingQueue - Queue-1 [TS] queueSize [0] totalAdded [7] totalSaved [7] totalFailed [0]
2025-12-16 07:14:32,752 [sql-log-2-thread-1] INFO  o.t.s.dao.sql.TbSqlBlockingQueue - Queue-1 [TS Latest] queueSize [0] totalAdded [7] totalSaved [7] totalFailed [0]
2025-12-16 07:14:54,257 [TB-Scheduling-15] INFO  o.t.s.c.t.s.DefaultTransportService - Transport Stats: openConnections [0]
2025-12-16 07:15:22,727 [sql-log-2-thread-1] INFO  o.t.s.dao.sql.TbSqlBlockingQueue - Queue-1 [TS] queueSize [0] totalAdded [4] totalSaved [4] totalFailed [0]
2025-12-16 07:15:22,750 [sql-log-2-thread-1] INFO  o.t.s.dao.sql.TbSqlBlockingQueue - Queue-1 [TS Latest] queueSize [0] totalAdded [4] totalSaved [4] totalFailed [0]
2025-12-16 07:15:32,725 [sql-log-2-thread-1] INFO  o.t.s.dao.sql.TbSqlBlockingQueue - Queue-1 [TS] queueSize [0] totalAdded [7] totalSaved [7] totalFailed [0]
2025-12-16 07:15:32,748 [sql-log-2-thread-1] INFO  o.t.s.dao.sql.TbSqlBlockingQueue - Queue-1 [TS Latest] queueSize [0] totalAdded [7] totalSaved [7] totalFailed [0]
2025-12-16 07:15:54,254 [TB-Scheduling-15] INFO  o.t.s.c.t.s.DefaultTransportService - Transport Stats: openConnections [0]
2025-12-16 07:16:22,724 [sql-log-2-thread-1] INFO  o.t.s.dao.sql.TbSqlBlockingQueue - Queue-1 [TS] queueSize [0] totalAdded [4] totalSaved [4] totalFailed [0]
2025-12-16 07:16:22,747 [sql-log-2-thread-1] INFO  o.t.s.dao.sql.TbSqlBlockingQueue - Queue-1 [TS Latest] queueSize [0] totalAdded [4] totalSaved [4] totalFailed [0]
2025-12-16 07:16:32,722 [sql-log-2-thread-1] INFO  o.t.s.dao.sql.TbSqlBlockingQueue - Queue-1 [TS] queueSize [0] totalAdded [7] totalSaved [7] totalFailed [0]
2025-12-16 07:16:32,745 [sql-log-2-thread-1] INFO  o.t.s.dao.sql.TbSqlBlockingQueue - Queue-1 [TS Latest] queueSize [0] totalAdded [7] totalSaved [7] totalFailed [0]
2025-12-16 07:16:54,251 [TB-Scheduling-15] INFO  o.t.s.c.t.s.DefaultTransportService - Transport Stats: openConnections [0]
2025-12-16 07:17:22,720 [sql-log-2-thread-1] INFO  o.t.s.dao.sql.TbSqlBlockingQueue - Queue-1 [TS] queueSize [0] totalAdded [4] totalSaved [4] totalFailed [0]
2025-12-16 07:17:22,743 [sql-log-2-thread-1] INFO  o.t.s.dao.sql.TbSqlBlockingQueue - Queue-1 [TS Latest] queueSize [0] totalAdded [4] totalSaved [4] totalFailed [0]
2025-12-16 07:17:32,718 [sql-log-2-thread-1] INFO  o.t.s.dao.sql.TbSqlBlockingQueue - Queue-1 [TS] queueSize [0] totalAdded [7] totalSaved [7] totalFailed [0]
2025-12-16 07:17:32,741 [sql-log-2-thread-1] INFO  o.t.s.dao.sql.TbSqlBlockingQueue - Queue-1 [TS Latest] queueSize [0] totalAdded [7] totalSaved [7] totalFailed [0]
2025-12-16 07:17:54,248 [TB-Scheduling-14] INFO  o.t.s.c.t.s.DefaultTransportService - Transport Stats: openConnections [0]
2025-12-16 07:18:22,717 [sql-log-2-thread-1] INFO  o.t.s.dao.sql.TbSqlBlockingQueue - Queue-1 [TS] queueSize [0] totalAdded [4] totalSaved [4] totalFailed [0]
2025-12-16 07:18:22,739 [sql-log-2-thread-1] INFO  o.t.s.dao.sql.TbSqlBlockingQueue - Queue-1 [TS Latest] queueSize [0] totalAdded [4] totalSaved [4] totalFailed [0]
2025-12-16 07:18:32,715 [sql-log-2-thread-1] INFO  o.t.s.dao.sql.TbSqlBlockingQueue - Queue-1 [TS] queueSize [0] totalAdded [7] totalSaved [7] totalFailed [0]
2025-12-16 07:18:32,738 [sql-log-2-thread-1] INFO  o.t.s.dao.sql.TbSqlBlockingQueue - Queue-1 [TS Latest] queueSize [0] totalAdded [7] totalSaved [7] totalFailed [0]
2025-12-16 07:18:54,245 [TB-Scheduling-5] INFO  o.t.s.c.t.s.DefaultTransportService - Transport Stats: openConnections [0]
2025-12-16 07:19:22,715 [sql-log-2-thread-1] INFO  o.t.s.dao.sql.TbSqlBlockingQueue - Queue-1 [TS] queueSize [0] totalAdded [4] totalSaved [4] totalFailed [0]
2025-12-16 07:19:22,736 [sql-log-2-thread-1] INFO  o.t.s.dao.sql.TbSqlBlockingQueue - Queue-1 [TS Latest] queueSize [0] totalAdded [4] totalSaved [4] totalFailed [0]
2025-12-16 07:19:32,711 [sql-log-2-thread-1] INFO  o.t.s.dao.sql.TbSqlBlockingQueue - Queue-1 [TS] queueSize [0] totalAdded [7] totalSaved [7] totalFailed [0]
2025-12-16 07:19:32,734 [sql-log-2-thread-1] INFO  o.t.s.dao.sql.TbSqlBlockingQueue - Queue-1 [TS Latest] queueSize [0] totalAdded [7] totalSaved [7] totalFailed [0]
2025-12-16 07:19:54,242 [TB-Scheduling-4] INFO  o.t.s.c.t.s.DefaultTransportService - Transport Stats: openConnections [0]
2025-12-16 07:20:22,710 [sql-log-2-thread-1] INFO  o.t.s.dao.sql.TbSqlBlockingQueue - Queue-1 [TS] queueSize [0] totalAdded [4] totalSaved [4] totalFailed [0]
2025-12-16 07:20:22,733 [sql-log-2-thread-1] INFO  o.t.s.dao.sql.TbSqlBlockingQueue - Queue-1 [TS Latest] queueSize [0] totalAdded [4] totalSaved [4] totalFailed [0]
2025-12-16 07:20:32,708 [sql-log-2-thread-1] INFO  o.t.s.dao.sql.TbSqlBlockingQueue - Queue-1 [TS] queueSize [0] totalAdded [7] totalSaved [7] totalFailed [0]
2025-12-16 07:20:32,730 [sql-log-2-thread-1] INFO  o.t.s.dao.sql.TbSqlBlockingQueue - Queue-1 [TS Latest] queueSize [0] totalAdded [7] totalSaved [7] totalFailed [0]
2025-12-16 07:20:54,239 [TB-Scheduling-5] INFO  o.t.s.c.t.s.DefaultTransportService - Transport Stats: openConnections [0]
2025-12-16 07:21:22,706 [sql-log-2-thread-1] INFO  o.t.s.dao.sql.TbSqlBlockingQueue - Queue-1 [TS] queueSize [0] totalAdded [4] totalSaved [4] totalFailed [0]
2025-12-16 07:21:22,729 [sql-log-2-thread-1] INFO  o.t.s.dao.sql.TbSqlBlockingQueue - Queue-1 [TS Latest] queueSize [0] totalAdded [4] totalSaved [4] totalFailed [0]
2025-12-16 07:21:32,704 [sql-log-2-thread-1] INFO  o.t.s.dao.sql.TbSqlBlockingQueue - Queue-1 [TS] queueSize [0] totalAdded [7] totalSaved [7] totalFailed [0]
2025-12-16 07:21:32,726 [sql-log-2-thread-1] INFO  o.t.s.dao.sql.TbSqlBlockingQueue - Queue-1 [TS Latest] queueSize [0] totalAdded [7] totalSaved [7] totalFailed [0]
2025-12-16 07:21:54,236 [TB-Scheduling-5] INFO  o.t.s.c.t.s.DefaultTransportService - Transport Stats: openConnections [0]
2025-12-16 07:22:22,703 [sql-log-2-thread-1] INFO  o.t.s.dao.sql.TbSqlBlockingQueue - Queue-1 [TS] queueSize [0] totalAdded [4] totalSaved [4] totalFailed [0]
2025-12-16 07:22:22,725 [sql-log-2-thread-1] INFO  o.t.s.dao.sql.TbSqlBlockingQueue - Queue-1 [TS Latest] queueSize [0] totalAdded [4] totalSaved [4] totalFailed [0]
2025-12-16 07:22:42,701 [sql-log-2-thread-1] INFO  o.t.s.dao.sql.TbSqlBlockingQueue - Queue-1 [TS] queueSize [0] totalAdded [7] totalSaved [7] totalFailed [0]
2025-12-16 07:22:42,723 [sql-log-2-thread-1] INFO  o.t.s.dao.sql.TbSqlBlockingQueue - Queue-1 [TS Latest] queueSize [0] totalAdded [7] totalSaved [7] totalFailed [0]
2025-12-16 07:22:54,233 [TB-Scheduling-12] INFO  o.t.s.c.t.s.DefaultTransportService - Transport Stats: openConnections [0]
2025-12-16 07:23:22,699 [sql-log-2-thread-1] INFO  o.t.s.dao.sql.TbSqlBlockingQueue - Queue-1 [TS] queueSize [0] totalAdded [4] totalSaved [4] totalFailed [0]
2025-12-16 07:23:22,722 [sql-log-2-thread-1] INFO  o.t.s.dao.sql.TbSqlBlockingQueue - Queue-1 [TS Latest] queueSize [0] totalAdded [4] totalSaved [4] totalFailed [0]
2025-12-16 07:23:42,697 [sql-log-2-thread-1] INFO  o.t.s.dao.sql.TbSqlBlockingQueue - Queue-1 [TS] queueSize [0] totalAdded [7] totalSaved [7] totalFailed [0]
2025-12-16 07:23:42,720 [sql-log-2-thread-1] INFO  o.t.s.dao.sql.TbSqlBlockingQueue - Queue-1 [TS Latest] queueSize [0] totalAdded [7] totalSaved [7] totalFailed [0]
2025-12-16 07:23:54,230 [TB-Scheduling-7] INFO  o.t.s.c.t.s.DefaultTransportService - Transport Stats: openConnections [0]
2025-12-16 07:24:22,695 [sql-log-2-thread-1] INFO  o.t.s.dao.sql.TbSqlBlockingQueue - Queue-1 [TS] queueSize [0] totalAdded [4] totalSaved [4] totalFailed [0]
2025-12-16 07:24:22,718 [sql-log-2-thread-1] INFO  o.t.s.dao.sql.TbSqlBlockingQueue - Queue-1 [TS Latest] queueSize [0] totalAdded [4] totalSaved [4] totalFailed [0]
2025-12-16 07:24:42,694 [sql-log-2-thread-1] INFO  o.t.s.dao.sql.TbSqlBlockingQueue - Queue-1 [TS] queueSize [0] totalAdded [7] totalSaved [7] totalFailed [0]
2025-12-16 07:24:42,717 [sql-log-2-thread-1] INFO  o.t.s.dao.sql.TbSqlBlockingQueue - Queue-1 [TS Latest] queueSize [0] totalAdded [7] totalSaved [7] totalFailed [0]
2025-12-16 07:24:54,228 [TB-Scheduling-2] INFO  o.t.s.c.t.s.DefaultTransportService - Transport Stats: openConnections [0]
2025-12-16 07:25:22,692 [sql-log-2-thread-1] INFO  o.t.s.dao.sql.TbSqlBlockingQueue - Queue-1 [TS] queueSize [0] totalAdded [4] totalSaved [4] totalFailed [0]
2025-12-16 07:25:22,715 [sql-log-2-thread-1] INFO  o.t.s.dao.sql.TbSqlBlockingQueue - Queue-1 [TS Latest] queueSize [0] totalAdded [4] totalSaved [4] totalFailed [0]
2025-12-16 07:25:42,690 [sql-log-2-thread-1] INFO  o.t.s.dao.sql.TbSqlBlockingQueue - Queue-1 [TS] queueSize [0] totalAdded [7] totalSaved [7] totalFailed [0]
2025-12-16 07:25:42,713 [sql-log-2-thread-1] INFO  o.t.s.dao.sql.TbSqlBlockingQueue - Queue-1 [TS Latest] queueSize [0] totalAdded [7] totalSaved [7] totalFailed [0]
2025-12-16 07:25:54,225 [TB-Scheduling-7] INFO  o.t.s.c.t.s.DefaultTransportService - Transport Stats: openConnections [0]
2025-12-16 07:26:22,688 [sql-log-2-thread-1] INFO  o.t.s.dao.sql.TbSqlBlockingQueue - Queue-1 [TS] queueSize [0] totalAdded [4] totalSaved [4] totalFailed [0]
2025-12-16 07:26:22,711 [sql-log-2-thread-1] INFO  o.t.s.dao.sql.TbSqlBlockingQueue - Queue-1 [TS Latest] queueSize [0] totalAdded [4] totalSaved [4] totalFailed [0]
2025-12-16 07:26:42,687 [sql-log-2-thread-1] INFO  o.t.s.dao.sql.TbSqlBlockingQueue - Queue-1 [TS] queueSize [0] totalAdded [7] totalSaved [7] totalFailed [0]
2025-12-16 07:26:42,710 [sql-log-2-thread-1] INFO  o.t.s.dao.sql.TbSqlBlockingQueue - Queue-1 [TS Latest] queueSize [0] totalAdded [7] totalSaved [7] totalFailed [0]
2025-12-16 07:26:54,222 [TB-Scheduling-3] INFO  o.t.s.c.t.s.DefaultTransportService - Transport Stats: openConnections [0]
2025-12-16 07:27:22,685 [sql-log-2-thread-1] INFO  o.t.s.dao.sql.TbSqlBlockingQueue - Queue-1 [TS] queueSize [0] totalAdded [4] totalSaved [4] totalFailed [0]
2025-12-16 07:27:22,708 [sql-log-2-thread-1] INFO  o.t.s.dao.sql.TbSqlBlockingQueue - Queue-1 [TS Latest] queueSize [0] totalAdded [4] totalSaved [4] totalFailed [0]
2025-12-16 07:27:42,683 [sql-log-2-thread-1] INFO  o.t.s.dao.sql.TbSqlBlockingQueue - Queue-1 [TS] queueSize [0] totalAdded [7] totalSaved [7] totalFailed [0]
2025-12-16 07:27:42,706 [sql-log-2-thread-1] INFO  o.t.s.dao.sql.TbSqlBlockingQueue - Queue-1 [TS Latest] queueSize [0] totalAdded [7] totalSaved [7] totalFailed [0]
2025-12-16 07:27:54,220 [TB-Scheduling-9] INFO  o.t.s.c.t.s.DefaultTransportService - Transport Stats: openConnections [0]
2025-12-16 07:28:22,680 [sql-log-2-thread-1] INFO  o.t.s.dao.sql.TbSqlBlockingQueue - Queue-1 [TS] queueSize [0] totalAdded [4] totalSaved [4] totalFailed [0]
2025-12-16 07:28:22,703 [sql-log-2-thread-1] INFO  o.t.s.dao.sql.TbSqlBlockingQueue - Queue-1 [TS Latest] queueSize [0] totalAdded [4] totalSaved [4] totalFailed [0]
2025-12-16 07:28:42,679 [sql-log-2-thread-1] INFO  o.t.s.dao.sql.TbSqlBlockingQueue - Queue-1 [TS] queueSize [0] totalAdded [7] totalSaved [7] totalFailed [0]
2025-12-16 07:28:42,702 [sql-log-2-thread-1] INFO  o.t.s.dao.sql.TbSqlBlockingQueue - Queue-1 [TS Latest] queueSize [0] totalAdded [7] totalSaved [7] totalFailed [0]
2025-12-16 07:28:54,216 [TB-Scheduling-11] INFO  o.t.s.c.t.s.DefaultTransportService - Transport Stats: openConnections [0]
2025-12-16 07:29:22,678 [sql-log-2-thread-1] INFO  o.t.s.dao.sql.TbSqlBlockingQueue - Queue-1 [TS] queueSize [0] totalAdded [4] totalSaved [4] totalFailed [0]
2025-12-16 07:29:22,701 [sql-log-2-thread-1] INFO  o.t.s.dao.sql.TbSqlBlockingQueue - Queue-1 [TS Latest] queueSize [0] totalAdded [4] totalSaved [4] totalFailed [0]
2025-12-16 07:29:42,676 [sql-log-2-thread-1] INFO  o.t.s.dao.sql.TbSqlBlockingQueue - Queue-1 [TS] queueSize [0] totalAdded [7] totalSaved [7] totalFailed [0]
2025-12-16 07:29:42,699 [sql-log-2-thread-1] INFO  o.t.s.dao.sql.TbSqlBlockingQueue - Queue-1 [TS Latest] queueSize [0] totalAdded [7] totalSaved [7] totalFailed [0]
2025-12-16 07:29:54,214 [TB-Scheduling-8] INFO  o.t.s.c.t.s.DefaultTransportService - Transport Stats: openConnections [0]
2025-12-16 07:30:22,674 [sql-log-2-thread-1] INFO  o.t.s.dao.sql.TbSqlBlockingQueue - Queue-1 [TS] queueSize [0] totalAdded [4] totalSaved [4] totalFailed [0]
2025-12-16 07:30:22,697 [sql-log-2-thread-1] INFO  o.t.s.dao.sql.TbSqlBlockingQueue - Queue-1 [TS Latest] queueSize [0] totalAdded [4] totalSaved [4] totalFailed [0]
2025-12-16 07:30:42,672 [sql-log-2-thread-1] INFO  o.t.s.dao.sql.TbSqlBlockingQueue - Queue-1 [TS] queueSize [0] totalAdded [7] totalSaved [7] totalFailed [0]
2025-12-16 07:30:42,695 [sql-log-2-thread-1] INFO  o.t.s.dao.sql.TbSqlBlockingQueue - Queue-1 [TS Latest] queueSize [0] totalAdded [7] totalSaved [7] totalFailed [0]
2025-12-16 07:30:54,211 [TB-Scheduling-5] INFO  o.t.s.c.t.s.DefaultTransportService - Transport Stats: openConnections [0]
2025-12-16 07:31:22,671 [sql-log-2-thread-1] INFO  o.t.s.dao.sql.TbSqlBlockingQueue - Queue-1 [TS] queueSize [0] totalAdded [4] totalSaved [4] totalFailed [0]
2025-12-16 07:31:22,693 [sql-log-2-thread-1] INFO  o.t.s.dao.sql.TbSqlBlockingQueue - Queue-1 [TS Latest] queueSize [0] totalAdded [4] totalSaved [4] totalFailed [0]
2025-12-16 07:31:42,669 [sql-log-2-thread-1] INFO  o.t.s.dao.sql.TbSqlBlockingQueue - Queue-1 [TS] queueSize [0] totalAdded [7] totalSaved [7] totalFailed [0]
2025-12-16 07:31:42,692 [sql-log-2-thread-1] INFO  o.t.s.dao.sql.TbSqlBlockingQueue - Queue-1 [TS Latest] queueSize [0] totalAdded [7] totalSaved [7] totalFailed [0]
2025-12-16 07:31:54,208 [TB-Scheduling-6] INFO  o.t.s.c.t.s.DefaultTransportService - Transport Stats: openConnections [0]
2025-12-16 07:32:22,667 [sql-log-2-thread-1] INFO  o.t.s.dao.sql.TbSqlBlockingQueue - Queue-1 [TS] queueSize [0] totalAdded [4] totalSaved [4] totalFailed [0]
2025-12-16 07:32:22,689 [sql-log-2-thread-1] INFO  o.t.s.dao.sql.TbSqlBlockingQueue - Queue-1 [TS Latest] queueSize [0] totalAdded [4] totalSaved [4] totalFailed [0]
2025-12-16 07:32:52,665 [sql-log-2-thread-1] INFO  o.t.s.dao.sql.TbSqlBlockingQueue - Queue-1 [TS] queueSize [0] totalAdded [7] totalSaved [7] totalFailed [0]
2025-12-16 07:32:52,688 [sql-log-2-thread-1] INFO  o.t.s.dao.sql.TbSqlBlockingQueue - Queue-1 [TS Latest] queueSize [0] totalAdded [7] totalSaved [7] totalFailed [0]
2025-12-16 07:32:54,206 [TB-Scheduling-14] INFO  o.t.s.c.t.s.DefaultTransportService - Transport Stats: openConnections [0]
2025-12-16 07:32:59,175 [TB-Scheduling-16] INFO  o.t.s.dao.sql.event.JpaBaseEventDao - Going to cleanup debug events with exp time: 1765265579152
2025-12-16 07:33:22,663 [sql-log-2-thread-1] INFO  o.t.s.dao.sql.TbSqlBlockingQueue - Queue-1 [TS] queueSize [0] totalAdded [4] totalSaved [4] totalFailed [0]
2025-12-16 07:33:22,686 [sql-log-2-thread-1] INFO  o.t.s.dao.sql.TbSqlBlockingQueue - Queue-1 [TS Latest] queueSize [0] totalAdded [4] totalSaved [4] totalFailed [0]
2025-12-16 07:33:52,661 [sql-log-2-thread-1] INFO  o.t.s.dao.sql.TbSqlBlockingQueue - Queue-1 [TS] queueSize [0] totalAdded [7] totalSaved [7] totalFailed [0]
2025-12-16 07:33:52,684 [sql-log-2-thread-1] INFO  o.t.s.dao.sql.TbSqlBlockingQueue - Queue-1 [TS Latest] queueSize [0] totalAdded [7] totalSaved [7] totalFailed [0]
2025-12-16 07:33:54,203 [TB-Scheduling-11] INFO  o.t.s.c.t.s.DefaultTransportService - Transport Stats: openConnections [0]
2025-12-16 07:34:22,660 [sql-log-2-thread-1] INFO  o.t.s.dao.sql.TbSqlBlockingQueue - Queue-1 [TS] queueSize [0] totalAdded [4] totalSaved [4] totalFailed [0]
2025-12-16 07:34:22,683 [sql-log-2-thread-1] INFO  o.t.s.dao.sql.TbSqlBlockingQueue - Queue-1 [TS Latest] queueSize [0] totalAdded [4] totalSaved [4] totalFailed [0]
2025-12-16 07:34:52,658 [sql-log-2-thread-1] INFO  o.t.s.dao.sql.TbSqlBlockingQueue - Queue-1 [TS] queueSize [0] totalAdded [7] totalSaved [7] totalFailed [0]
2025-12-16 07:34:52,681 [sql-log-2-thread-1] INFO  o.t.s.dao.sql.TbSqlBlockingQueue - Queue-1 [TS Latest] queueSize [0] totalAdded [7] totalSaved [7] totalFailed [0]
2025-12-16 07:34:54,201 [TB-Scheduling-2] INFO  o.t.s.c.t.s.DefaultTransportService - Transport Stats: openConnections [0]
2025-12-16 07:35:22,656 [sql-log-2-thread-1] INFO  o.t.s.dao.sql.TbSqlBlockingQueue - Queue-1 [TS] queueSize [0] totalAdded [4] totalSaved [4] totalFailed [0]
2025-12-16 07:35:22,679 [sql-log-2-thread-1] INFO  o.t.s.dao.sql.TbSqlBlockingQueue - Queue-1 [TS Latest] queueSize [0] totalAdded [4] totalSaved [4] totalFailed [0]
2025-12-16 07:35:52,654 [sql-log-2-thread-1] INFO  o.t.s.dao.sql.TbSqlBlockingQueue - Queue-1 [TS] queueSize [0] totalAdded [7] totalSaved [7] totalFailed [0]
2025-12-16 07:35:52,677 [sql-log-2-thread-1] INFO  o.t.s.dao.sql.TbSqlBlockingQueue - Queue-1 [TS Latest] queueSize [0] totalAdded [7] totalSaved [7] totalFailed [0]
2025-12-16 07:35:54,198 [TB-Scheduling-7] INFO  o.t.s.c.t.s.DefaultTransportService - Transport Stats: openConnections [0]
2025-12-16 07:36:22,653 [sql-log-2-thread-1] INFO  o.t.s.dao.sql.TbSqlBlockingQueue - Queue-1 [TS] queueSize [0] totalAdded [4] totalSaved [4] totalFailed [0]
2025-12-16 07:36:22,676 [sql-log-2-thread-1] INFO  o.t.s.dao.sql.TbSqlBlockingQueue - Queue-1 [TS Latest] queueSize [0] totalAdded [4] totalSaved [4] totalFailed [0]
2025-12-16 07:36:52,651 [sql-log-2-thread-1] INFO  o.t.s.dao.sql.TbSqlBlockingQueue - Queue-1 [TS] queueSize [0] totalAdded [7] totalSaved [7] totalFailed [0]
2025-12-16 07:36:52,674 [sql-log-2-thread-1] INFO  o.t.s.dao.sql.TbSqlBlockingQueue - Queue-1 [TS Latest] queueSize [0] totalAdded [7] totalSaved [7] totalFailed [0]
2025-12-16 07:36:54,184 [TB-Scheduling-9] INFO  o.t.s.dao.aspect.SqlDaoCallsAspect - Total timing statistics below:
2025-12-16 07:36:54,186 [TB-Scheduling-9] INFO  o.t.s.dao.aspect.SqlDaoCallsAspect - [5489b160-ccf1-11f0-81f3-0bf1425738f5]: calls: 2, failures: 0, exec time: 110 
2025-12-16 07:36:54,186 [TB-Scheduling-9] INFO  o.t.s.dao.aspect.SqlDaoCallsAspect - [5489b160-ccf1-11f0-81f3-0bf1425738f5] Top 3 methods by timing:
2025-12-16 07:36:54,187 [TB-Scheduling-9] INFO  o.t.s.dao.aspect.SqlDaoCallsAspect - [5489b160-ccf1-11f0-81f3-0bf1425738f5]: method: JpaUserCredentialsDao.findByUserId(..), calls: 1, failures: 0, exec time: 62
2025-12-16 07:36:54,187 [TB-Scheduling-9] INFO  o.t.s.dao.aspect.SqlDaoCallsAspect - [5489b160-ccf1-11f0-81f3-0bf1425738f5]: method: JpaAbstractDao.findById(..), calls: 1, failures: 0, exec time: 48
2025-12-16 07:36:54,199 [TB-Scheduling-14] INFO  o.t.s.c.t.s.DefaultTransportService - Transport Stats: openConnections [0]
2025-12-16 07:37:04,367 [TB-Scheduling-4] INFO  o.t.s.s.s.DefaultTbEntityDataSubscriptionService - Stats: regularQueryInvocationCnt = [0], regularQueryInvocationTime = [0], dynamicQueryCnt = [0] dynamicQueryInvocationCnt = [0], dynamicQueryInvocationTime = [0], alarmQueryInvocationCnt = [2], alarmQueryInvocationTime = [785]
2025-12-16 07:37:12,093 [tb-rule-engine-consumer-57-thread-6 | QK(Main,TB_RULE_ENGINE,system)-2] INFO  o.t.s.s.q.r.TbRuleEngineQueueConsumerManager - [QK(Main,TB_RULE_ENGINE,system)] Failed to process [1] messages
2025-12-16 07:37:12,094 [tb-rule-engine-consumer-57-thread-6 | QK(Main,TB_RULE_ENGINE,system)-2] INFO  o.t.s.s.q.r.TbRuleEngineQueueConsumerManager - [5489b160-ccf1-11f0-81f3-0bf1425738f5] Failed to process message: TbMsg(queueName=Main, id=17c7aacb-7c6b-41c7-aca1-fb4ab5a9b527, ts=1765870632061, type=RPC_CALL_FROM_SERVER_TO_DEVICE, internalType=RPC_CALL_FROM_SERVER_TO_DEVICE, originator=2e112f10-ccf4-11f0-9325-87376abd1036, customerId=null, metaData=TbMsgMetaData(data={deviceType=esp32-1, originServiceId=8016b95b6613, requestUUID=85ddf6aa-4645-4b2f-a62c-26d2f4882032, expirationTime=1765870632038, persistent=false, deviceName=ESP32-1, oneway=true}), dataType=JSON, data={"error":"NO_ACTIVE_CONNECTION"}, ruleChainId=54f32190-ccf1-11f0-81f3-0bf1425738f5, ruleNodeId=54ffa4b0-ccf1-11f0-81f3-0bf1425738f5, correlationId=null, partition=null, previousCalculatedFieldIds=[], ctx=org.thingsboard.server.common.msg.TbMsgProcessingCtx@4722592a, callback=org.thingsboard.server.common.msg.queue.TbMsgCallback$1@49e5bfbe), Last Rule Node: null
2025-12-16 07:37:12,649 [sql-log-2-thread-1] INFO  o.t.s.dao.sql.TbSqlBlockingQueue - Queue-0 [TS] queueSize [0] totalAdded [4] totalSaved [4] totalFailed [0]
2025-12-16 07:37:12,672 [sql-log-2-thread-1] INFO  o.t.s.dao.sql.TbSqlBlockingQueue - Queue-0 [TS Latest] queueSize [0] totalAdded [4] totalSaved [4] totalFailed [0]
2025-12-16 07:37:22,649 [sql-log-2-thread-1] INFO  o.t.s.dao.sql.TbSqlBlockingQueue - Queue-1 [TS] queueSize [0] totalAdded [8] totalSaved [8] totalFailed [0]
2025-12-16 07:37:22,672 [sql-log-2-thread-1] INFO  o.t.s.dao.sql.TbSqlBlockingQueue - Queue-1 [TS Latest] queueSize [0] totalAdded [8] totalSaved [8] totalFailed [0]
2025-12-16 07:37:48,963 [access-validator-33-thread-1] WARN  o.t.s.s.s.TbEntityRemoteSubsInfo - [5489b160-ccf1-11f0-81f3-0bf1425738f5][2e112f10-ccf4-11f0-9325-87376abd1036] Duplicate subscription event received. Current: TbSubscriptionsInfo(notifications=false, alarms=true, tsAllKeys=false, tsKeys=[open], attrAllKeys=false, attrKeys=[tankCapacity], seqNumber=3), Event: TbSubscriptionsInfo(notifications=false, alarms=false, tsAllKeys=false, tsKeys=[open], attrAllKeys=false, attrKeys=[tankCapacity], seqNumber=2)
2025-12-16 07:37:52,647 [sql-log-2-thread-1] INFO  o.t.s.dao.sql.TbSqlBlockingQueue - Queue-1 [TS] queueSize [0] totalAdded [7] totalSaved [7] totalFailed [0]
2025-12-16 07:37:52,670 [sql-log-2-thread-1] INFO  o.t.s.dao.sql.TbSqlBlockingQueue - Queue-1 [TS Latest] queueSize [0] totalAdded [7] totalSaved [7] totalFailed [0]
2025-12-16 07:37:54,179 [TB-Scheduling-1] INFO  o.t.s.s.queue.EdgeConsumerStats - Edge Stats: totalMsgs = [1] edgeNfs = [1] coreNfEdgeHPUpd = [0] coreNfEdgeUpd = [0] coreNfEdgeSyncReq = [0] coreNfEdgeSyncResp = [0] coreNfEdgeCompLfcl = [0] 
2025-12-16 07:37:54,180 [TB-Scheduling-13] INFO  o.t.s.s.q.TbRuleEngineConsumerStats - [Main] Stats: totalMsgs = [7] successfulMsgs = [6] timeoutMsgs = [0] failedMsgs = [1] tmpTimeout = [0] tmpFailed = [0] successfulIterations = [6] failedIterations = [1] 
2025-12-16 07:37:54,183 [TB-Scheduling-16] INFO  o.t.s.dao.aspect.SqlDaoCallsAspect - Total timing statistics below:
2025-12-16 07:37:54,184 [TB-Scheduling-16] INFO  o.t.s.dao.aspect.SqlDaoCallsAspect - [5489b160-ccf1-11f0-81f3-0bf1425738f5]: calls: 53, failures: 0, exec time: 1766 
2025-12-16 07:37:54,184 [TB-Scheduling-16] INFO  o.t.s.dao.aspect.SqlDaoCallsAspect - [5489b160-ccf1-11f0-81f3-0bf1425738f5] Top 3 methods by timing:
2025-12-16 07:37:54,184 [TB-Scheduling-16] INFO  o.t.s.dao.aspect.SqlDaoCallsAspect - [5489b160-ccf1-11f0-81f3-0bf1425738f5]: method: JpaAlarmDao.findActiveOriginatorAlarms(..), calls: 8, failures: 0, exec time: 805
2025-12-16 07:37:54,184 [TB-Scheduling-16] INFO  o.t.s.dao.aspect.SqlDaoCallsAspect - [5489b160-ccf1-11f0-81f3-0bf1425738f5]: method: JpaAbstractDao.findById(..), calls: 7, failures: 0, exec time: 246
2025-12-16 07:37:54,184 [TB-Scheduling-16] INFO  o.t.s.dao.aspect.SqlDaoCallsAspect - [5489b160-ccf1-11f0-81f3-0bf1425738f5]: method: JpaAttributeDao.find(..), calls: 3, failures: 0, exec time: 187
2025-12-16 07:37:54,195 [TB-Scheduling-9] INFO  o.t.s.c.t.s.DefaultTransportService - Transport Stats: openConnections [0]
2025-12-16 07:37:54,367 [TB-Scheduling-7] INFO  o.t.s.s.s.DefaultTbEntityDataSubscriptionService - Stats: regularQueryInvocationCnt = [4], regularQueryInvocationTime = [11], dynamicQueryCnt = [0] dynamicQueryInvocationCnt = [0], dynamicQueryInvocationTime = [0], alarmQueryInvocationCnt = [6], alarmQueryInvocationTime = [25]
2025-12-16 07:38:02,646 [sql-log-2-thread-1] INFO  o.t.s.dao.sql.TbSqlBlockingQueue - Queue-2 [TS] queueSize [0] totalAdded [7] totalSaved [7] totalFailed [0]
2025-12-16 07:38:02,669 [sql-log-2-thread-1] INFO  o.t.s.dao.sql.TbSqlBlockingQueue - Queue-2 [TS Latest] queueSize [0] totalAdded [7] totalSaved [7] totalFailed [0]
2025-12-16 07:38:04,366 [TB-Scheduling-5] INFO  o.t.s.s.s.DefaultTbEntityDataSubscriptionService - Stats: regularQueryInvocationCnt = [4], regularQueryInvocationTime = [10], dynamicQueryCnt = [0] dynamicQueryInvocationCnt = [0], dynamicQueryInvocationTime = [0], alarmQueryInvocationCnt = [6], alarmQueryInvocationTime = [11]
2025-12-16 07:38:14,366 [TB-Scheduling-15] INFO  o.t.s.s.s.DefaultTbEntityDataSubscriptionService - Stats: regularQueryInvocationCnt = [4], regularQueryInvocationTime = [9], dynamicQueryCnt = [0] dynamicQueryInvocationCnt = [0], dynamicQueryInvocationTime = [0], alarmQueryInvocationCnt = [6], alarmQueryInvocationTime = [14]
2025-12-16 07:38:22,645 [sql-log-2-thread-1] INFO  o.t.s.dao.sql.TbSqlBlockingQueue - Queue-1 [TS] queueSize [0] totalAdded [4] totalSaved [4] totalFailed [0]
2025-12-16 07:38:22,668 [sql-log-2-thread-1] INFO  o.t.s.dao.sql.TbSqlBlockingQueue - Queue-1 [TS Latest] queueSize [0] totalAdded [4] totalSaved [4] totalFailed [0]
2025-12-16 07:38:34,366 [TB-Scheduling-8] INFO  o.t.s.s.s.DefaultTbEntityDataSubscriptionService - Stats: regularQueryInvocationCnt = [4], regularQueryInvocationTime = [10], dynamicQueryCnt = [0] dynamicQueryInvocationCnt = [0], dynamicQueryInvocationTime = [0], alarmQueryInvocationCnt = [4], alarmQueryInvocationTime = [10]
2025-12-16 07:38:52,644 [sql-log-2-thread-1] INFO  o.t.s.dao.sql.TbSqlBlockingQueue - Queue-1 [TS] queueSize [0] totalAdded [7] totalSaved [7] totalFailed [0]
2025-12-16 07:38:52,667 [sql-log-2-thread-1] INFO  o.t.s.dao.sql.TbSqlBlockingQueue - Queue-1 [TS Latest] queueSize [0] totalAdded [7] totalSaved [7] totalFailed [0]
2025-12-16 07:38:54,182 [TB-Scheduling-15] INFO  o.t.s.dao.aspect.SqlDaoCallsAspect - Total timing statistics below:
2025-12-16 07:38:54,182 [TB-Scheduling-15] INFO  o.t.s.dao.aspect.SqlDaoCallsAspect - [5489b160-ccf1-11f0-81f3-0bf1425738f5]: calls: 26, failures: 0, exec time: 74 
2025-12-16 07:38:54,182 [TB-Scheduling-15] INFO  o.t.s.dao.aspect.SqlDaoCallsAspect - [5489b160-ccf1-11f0-81f3-0bf1425738f5] Top 3 methods by timing:
2025-12-16 07:38:54,182 [TB-Scheduling-15] INFO  o.t.s.dao.aspect.SqlDaoCallsAspect - [5489b160-ccf1-11f0-81f3-0bf1425738f5]: method: JpaAlarmDao.findActiveOriginatorAlarms(..), calls: 24, failures: 0, exec time: 44
2025-12-16 07:38:54,182 [TB-Scheduling-15] INFO  o.t.s.dao.aspect.SqlDaoCallsAspect - [5489b160-ccf1-11f0-81f3-0bf1425738f5]: method: JpaQueueStatsDao.findByTenantIdQueueNameAndServiceId(..), calls: 1, failures: 0, exec time: 29
2025-12-16 07:38:54,182 [TB-Scheduling-15] INFO  o.t.s.dao.aspect.SqlDaoCallsAspect - [5489b160-ccf1-11f0-81f3-0bf1425738f5]: method: JpaAbstractDao.save(..), calls: 1, failures: 0, exec time: 1
2025-12-16 07:38:54,193 [TB-Scheduling-1] INFO  o.t.s.c.t.s.DefaultTransportService - Transport Stats: openConnections [0]
2025-12-16 07:38:54,367 [TB-Scheduling-9] INFO  o.t.s.s.s.DefaultTbEntityDataSubscriptionService - Stats: regularQueryInvocationCnt = [4], regularQueryInvocationTime = [14], dynamicQueryCnt = [0] dynamicQueryInvocationCnt = [0], dynamicQueryInvocationTime = [0], alarmQueryInvocationCnt = [8], alarmQueryInvocationTime = [10]
2025-12-16 07:39:22,642 [sql-log-2-thread-1] INFO  o.t.s.dao.sql.TbSqlBlockingQueue - Queue-1 [TS] queueSize [0] totalAdded [4] totalSaved [4] totalFailed [0]
2025-12-16 07:39:22,665 [sql-log-2-thread-1] INFO  o.t.s.dao.sql.TbSqlBlockingQueue - Queue-1 [TS Latest] queueSize [0] totalAdded [4] totalSaved [4] totalFailed [0]
2025-12-16 07:39:24,367 [TB-Scheduling-14] INFO  o.t.s.s.s.DefaultTbEntityDataSubscriptionService - Stats: regularQueryInvocationCnt = [4], regularQueryInvocationTime = [8], dynamicQueryCnt = [0] dynamicQueryInvocationCnt = [0], dynamicQueryInvocationTime = [0], alarmQueryInvocationCnt = [4], alarmQueryInvocationTime = [4]
2025-12-16 07:39:34,366 [TB-Scheduling-3] INFO  o.t.s.s.s.DefaultTbEntityDataSubscriptionService - Stats: regularQueryInvocationCnt = [0], regularQueryInvocationTime = [0], dynamicQueryCnt = [0] dynamicQueryInvocationCnt = [0], dynamicQueryInvocationTime = [0], alarmQueryInvocationCnt = [2], alarmQueryInvocationTime = [3]
2025-12-16 07:39:44,367 [TB-Scheduling-8] INFO  o.t.s.s.s.DefaultTbEntityDataSubscriptionService - Stats: regularQueryInvocationCnt = [4], regularQueryInvocationTime = [12], dynamicQueryCnt = [0] dynamicQueryInvocationCnt = [0], dynamicQueryInvocationTime = [0], alarmQueryInvocationCnt = [4], alarmQueryInvocationTime = [6]
2025-12-16 07:39:52,641 [sql-log-2-thread-1] INFO  o.t.s.dao.sql.TbSqlBlockingQueue - Queue-1 [TS] queueSize [0] totalAdded [7] totalSaved [7] totalFailed [0]
2025-12-16 07:39:52,663 [sql-log-2-thread-1] INFO  o.t.s.dao.sql.TbSqlBlockingQueue - Queue-1 [TS Latest] queueSize [0] totalAdded [7] totalSaved [7] totalFailed [0]
2025-12-16 07:39:54,179 [TB-Scheduling-15] INFO  o.t.s.dao.aspect.SqlDaoCallsAspect - Total timing statistics below:
2025-12-16 07:39:54,180 [TB-Scheduling-15] INFO  o.t.s.dao.aspect.SqlDaoCallsAspect - [5489b160-ccf1-11f0-81f3-0bf1425738f5]: calls: 12, failures: 0, exec time: 15 
2025-12-16 07:39:54,180 [TB-Scheduling-15] INFO  o.t.s.dao.aspect.SqlDaoCallsAspect - [5489b160-ccf1-11f0-81f3-0bf1425738f5] Top 3 methods by timing:
2025-12-16 07:39:54,180 [TB-Scheduling-15] INFO  o.t.s.dao.aspect.SqlDaoCallsAspect - [5489b160-ccf1-11f0-81f3-0bf1425738f5]: method: JpaAlarmDao.findActiveOriginatorAlarms(..), calls: 12, failures: 0, exec time: 15
2025-12-16 07:39:54,190 [TB-Scheduling-13] INFO  o.t.s.c.t.s.DefaultTransportService - Transport Stats: openConnections [0]
2025-12-16 07:39:54,367 [TB-Scheduling-16] INFO  o.t.s.s.s.DefaultTbEntityDataSubscriptionService - Stats: regularQueryInvocationCnt = [0], regularQueryInvocationTime = [0], dynamicQueryCnt = [0] dynamicQueryInvocationCnt = [0], dynamicQueryInvocationTime = [0], alarmQueryInvocationCnt = [2], alarmQueryInvocationTime = [2]
2025-12-16 07:40:04,366 [TB-Scheduling-4] INFO  o.t.s.s.s.DefaultTbEntityDataSubscriptionService - Stats: regularQueryInvocationCnt = [4], regularQueryInvocationTime = [11], dynamicQueryCnt = [0] dynamicQueryInvocationCnt = [0], dynamicQueryInvocationTime = [0], alarmQueryInvocationCnt = [4], alarmQueryInvocationTime = [5]
2025-12-16 07:40:14,367 [TB-Scheduling-8] INFO  o.t.s.s.s.DefaultTbEntityDataSubscriptionService - Stats: regularQueryInvocationCnt = [1], regularQueryInvocationTime = [3], dynamicQueryCnt = [0] dynamicQueryInvocationCnt = [0], dynamicQueryInvocationTime = [0], alarmQueryInvocationCnt = [2], alarmQueryInvocationTime = [4]
2025-12-16 07:40:22,639 [sql-log-2-thread-1] INFO  o.t.s.dao.sql.TbSqlBlockingQueue - Queue-1 [TS] queueSize [0] totalAdded [4] totalSaved [4] totalFailed [0]
2025-12-16 07:40:22,662 [sql-log-2-thread-1] INFO  o.t.s.dao.sql.TbSqlBlockingQueue - Queue-1 [TS Latest] queueSize [0] totalAdded [4] totalSaved [4] totalFailed [0]
2025-12-16 07:40:44,367 [TB-Scheduling-3] INFO  o.t.s.s.s.DefaultTbEntityDataSubscriptionService - Stats: regularQueryInvocationCnt = [1], regularQueryInvocationTime = [3], dynamicQueryCnt = [0] dynamicQueryInvocationCnt = [0], dynamicQueryInvocationTime = [0], alarmQueryInvocationCnt = [0], alarmQueryInvocationTime = [0]
2025-12-16 07:40:52,637 [sql-log-2-thread-1] INFO  o.t.s.dao.sql.TbSqlBlockingQueue - Queue-1 [TS] queueSize [0] totalAdded [7] totalSaved [7] totalFailed [0]
2025-12-16 07:40:52,660 [sql-log-2-thread-1] INFO  o.t.s.dao.sql.TbSqlBlockingQueue - Queue-1 [TS Latest] queueSize [0] totalAdded [7] totalSaved [7] totalFailed [0]
2025-12-16 07:40:54,177 [TB-Scheduling-11] INFO  o.t.s.dao.aspect.SqlDaoCallsAspect - Total timing statistics below:
2025-12-16 07:40:54,177 [TB-Scheduling-11] INFO  o.t.s.dao.aspect.SqlDaoCallsAspect - [5489b160-ccf1-11f0-81f3-0bf1425738f5]: calls: 6, failures: 0, exec time: 9 
2025-12-16 07:40:54,177 [TB-Scheduling-11] INFO  o.t.s.dao.aspect.SqlDaoCallsAspect - [5489b160-ccf1-11f0-81f3-0bf1425738f5] Top 3 methods by timing:
2025-12-16 07:40:54,178 [TB-Scheduling-11] INFO  o.t.s.dao.aspect.SqlDaoCallsAspect - [5489b160-ccf1-11f0-81f3-0bf1425738f5]: method: JpaAlarmDao.findActiveOriginatorAlarms(..), calls: 6, failures: 0, exec time: 9
2025-12-16 07:40:54,188 [TB-Scheduling-1] INFO  o.t.s.c.t.s.DefaultTransportService - Transport Stats: openConnections [0]
2025-12-16 07:40:54,367 [TB-Scheduling-13] INFO  o.t.s.s.s.DefaultTbEntityDataSubscriptionService - Stats: regularQueryInvocationCnt = [1], regularQueryInvocationTime = [4], dynamicQueryCnt = [0] dynamicQueryInvocationCnt = [0], dynamicQueryInvocationTime = [0], alarmQueryInvocationCnt = [0], alarmQueryInvocationTime = [0]
2025-12-16 07:41:04,366 [TB-Scheduling-16] INFO  o.t.s.s.s.DefaultTbEntityDataSubscriptionService - Stats: regularQueryInvocationCnt = [1], regularQueryInvocationTime = [4], dynamicQueryCnt = [0] dynamicQueryInvocationCnt = [0], dynamicQueryInvocationTime = [0], alarmQueryInvocationCnt = [0], alarmQueryInvocationTime = [0]
2025-12-16 07:41:22,635 [sql-log-2-thread-1] INFO  o.t.s.dao.sql.TbSqlBlockingQueue - Queue-1 [TS] queueSize [0] totalAdded [4] totalSaved [4] totalFailed [0]
2025-12-16 07:41:22,657 [sql-log-2-thread-1] INFO  o.t.s.dao.sql.TbSqlBlockingQueue - Queue-1 [TS Latest] queueSize [0] totalAdded [4] totalSaved [4] totalFailed [0]
2025-12-16 07:41:34,366 [TB-Scheduling-10] INFO  o.t.s.s.s.DefaultTbEntityDataSubscriptionService - Stats: regularQueryInvocationCnt = [2], regularQueryInvocationTime = [4], dynamicQueryCnt = [0] dynamicQueryInvocationCnt = [0], dynamicQueryInvocationTime = [0], alarmQueryInvocationCnt = [0], alarmQueryInvocationTime = [0]
2025-12-16 07:41:44,367 [TB-Scheduling-7] INFO  o.t.s.s.s.DefaultTbEntityDataSubscriptionService - Stats: regularQueryInvocationCnt = [2], regularQueryInvocationTime = [5], dynamicQueryCnt = [0] dynamicQueryInvocationCnt = [0], dynamicQueryInvocationTime = [0], alarmQueryInvocationCnt = [0], alarmQueryInvocationTime = [0]
2025-12-16 07:41:52,634 [sql-log-2-thread-1] INFO  o.t.s.dao.sql.TbSqlBlockingQueue - Queue-1 [TS] queueSize [0] totalAdded [7] totalSaved [7] totalFailed [0]
2025-12-16 07:41:52,657 [sql-log-2-thread-1] INFO  o.t.s.dao.sql.TbSqlBlockingQueue - Queue-1 [TS Latest] queueSize [0] totalAdded [7] totalSaved [7] totalFailed [0]
2025-12-16 07:41:54,185 [TB-Scheduling-2] INFO  o.t.s.c.t.s.DefaultTransportService - Transport Stats: openConnections [0]
2025-12-16 07:42:04,367 [TB-Scheduling-4] INFO  o.t.s.s.s.DefaultTbEntityDataSubscriptionService - Stats: regularQueryInvocationCnt = [4], regularQueryInvocationTime = [10], dynamicQueryCnt = [0] dynamicQueryInvocationCnt = [0], dynamicQueryInvocationTime = [0], alarmQueryInvocationCnt = [4], alarmQueryInvocationTime = [12]
2025-12-16 07:42:14,367 [TB-Scheduling-3] INFO  o.t.s.s.s.DefaultTbEntityDataSubscriptionService - Stats: regularQueryInvocationCnt = [1], regularQueryInvocationTime = [2], dynamicQueryCnt = [0] dynamicQueryInvocationCnt = [0], dynamicQueryInvocationTime = [0], alarmQueryInvocationCnt = [2], alarmQueryInvocationTime = [4]
2025-12-16 07:42:22,632 [sql-log-2-thread-1] INFO  o.t.s.dao.sql.TbSqlBlockingQueue - Queue-1 [TS] queueSize [0] totalAdded [4] totalSaved [4] totalFailed [0]
2025-12-16 07:42:22,655 [sql-log-2-thread-1] INFO  o.t.s.dao.sql.TbSqlBlockingQueue - Queue-1 [TS Latest] queueSize [0] totalAdded [4] totalSaved [4] totalFailed [0]
2025-12-16 07:42:24,368 [TB-Scheduling-1] INFO  o.t.s.s.s.DefaultTbEntityDataSubscriptionService - Stats: regularQueryInvocationCnt = [1], regularQueryInvocationTime = [2], dynamicQueryCnt = [0] dynamicQueryInvocationCnt = [0], dynamicQueryInvocationTime = [0], alarmQueryInvocationCnt = [0], alarmQueryInvocationTime = [0]
2025-12-16 07:42:54,172 [TB-Scheduling-8] INFO  o.t.s.dao.aspect.SqlDaoCallsAspect - Total timing statistics below:
2025-12-16 07:42:54,172 [TB-Scheduling-8] INFO  o.t.s.dao.aspect.SqlDaoCallsAspect - [5489b160-ccf1-11f0-81f3-0bf1425738f5]: calls: 6, failures: 0, exec time: 16 
2025-12-16 07:42:54,172 [TB-Scheduling-8] INFO  o.t.s.dao.aspect.SqlDaoCallsAspect - [5489b160-ccf1-11f0-81f3-0bf1425738f5] Top 3 methods by timing:
2025-12-16 07:42:54,172 [TB-Scheduling-8] INFO  o.t.s.dao.aspect.SqlDaoCallsAspect - [5489b160-ccf1-11f0-81f3-0bf1425738f5]: method: JpaAlarmDao.findActiveOriginatorAlarms(..), calls: 6, failures: 0, exec time: 16
2025-12-16 07:42:54,183 [TB-Scheduling-2] INFO  o.t.s.c.t.s.DefaultTransportService - Transport Stats: openConnections [0]
2025-12-16 07:43:02,628 [sql-log-2-thread-1] INFO  o.t.s.dao.sql.TbSqlBlockingQueue - Queue-1 [TS] queueSize [0] totalAdded [7] totalSaved [7] totalFailed [0]
2025-12-16 07:43:02,651 [sql-log-2-thread-1] INFO  o.t.s.dao.sql.TbSqlBlockingQueue - Queue-1 [TS Latest] queueSize [0] totalAdded [7] totalSaved [7] totalFailed [0]
2025-12-16 07:43:14,367 [TB-Scheduling-6] INFO  o.t.s.s.s.DefaultTbEntityDataSubscriptionService - Stats: regularQueryInvocationCnt = [1], regularQueryInvocationTime = [2], dynamicQueryCnt = [0] dynamicQueryInvocationCnt = [0], dynamicQueryInvocationTime = [0], alarmQueryInvocationCnt = [0], alarmQueryInvocationTime = [0]
2025-12-16 07:43:22,628 [sql-log-2-thread-1] INFO  o.t.s.dao.sql.TbSqlBlockingQueue - Queue-1 [TS] queueSize [0] totalAdded [4] totalSaved [4] totalFailed [0]
2025-12-16 07:43:22,651 [sql-log-2-thread-1] INFO  o.t.s.dao.sql.TbSqlBlockingQueue - Queue-1 [TS Latest] queueSize [0] totalAdded [4] totalSaved [4] totalFailed [0]
2025-12-16 07:43:34,365 [TB-Scheduling-1] INFO  o.t.s.s.s.DefaultTbEntityDataSubscriptionService - Stats: regularQueryInvocationCnt = [1], regularQueryInvocationTime = [2], dynamicQueryCnt = [0] dynamicQueryInvocationCnt = [0], dynamicQueryInvocationTime = [0], alarmQueryInvocationCnt = [0], alarmQueryInvocationTime = [0]
2025-12-16 07:43:44,366 [TB-Scheduling-10] INFO  o.t.s.s.s.DefaultTbEntityDataSubscriptionService - Stats: regularQueryInvocationCnt = [2], regularQueryInvocationTime = [4], dynamicQueryCnt = [0] dynamicQueryInvocationCnt = [0], dynamicQueryInvocationTime = [0], alarmQueryInvocationCnt = [0], alarmQueryInvocationTime = [0]
2025-12-16 07:43:54,180 [TB-Scheduling-8] INFO  o.t.s.c.t.s.DefaultTransportService - Transport Stats: openConnections [0]
2025-12-16 07:43:54,366 [TB-Scheduling-11] INFO  o.t.s.s.s.DefaultTbEntityDataSubscriptionService - Stats: regularQueryInvocationCnt = [1], regularQueryInvocationTime = [4], dynamicQueryCnt = [0] dynamicQueryInvocationCnt = [0], dynamicQueryInvocationTime = [0], alarmQueryInvocationCnt = [0], alarmQueryInvocationTime = [0]
2025-12-16 07:44:02,625 [sql-log-2-thread-1] INFO  o.t.s.dao.sql.TbSqlBlockingQueue - Queue-1 [TS] queueSize [0] totalAdded [7] totalSaved [7] totalFailed [0]
2025-12-16 07:44:02,648 [sql-log-2-thread-1] INFO  o.t.s.dao.sql.TbSqlBlockingQueue - Queue-1 [TS Latest] queueSize [0] totalAdded [7] totalSaved [7] totalFailed [0]
2025-12-16 07:44:04,366 [TB-Scheduling-1] INFO  o.t.s.s.s.DefaultTbEntityDataSubscriptionService - Stats: regularQueryInvocationCnt = [3], regularQueryInvocationTime = [8], dynamicQueryCnt = [0] dynamicQueryInvocationCnt = [0], dynamicQueryInvocationTime = [0], alarmQueryInvocationCnt = [0], alarmQueryInvocationTime = [0]
2025-12-16 07:44:14,366 [TB-Scheduling-10] INFO  o.t.s.s.s.DefaultTbEntityDataSubscriptionService - Stats: regularQueryInvocationCnt = [1], regularQueryInvocationTime = [2], dynamicQueryCnt = [0] dynamicQueryInvocationCnt = [0], dynamicQueryInvocationTime = [0], alarmQueryInvocationCnt = [0], alarmQueryInvocationTime = [0]
2025-12-16 07:44:22,625 [sql-log-2-thread-1] INFO  o.t.s.dao.sql.TbSqlBlockingQueue - Queue-1 [TS] queueSize [0] totalAdded [4] totalSaved [4] totalFailed [0]
2025-12-16 07:44:22,648 [sql-log-2-thread-1] INFO  o.t.s.dao.sql.TbSqlBlockingQueue - Queue-1 [TS Latest] queueSize [0] totalAdded [4] totalSaved [4] totalFailed [0]
2025-12-16 07:44:24,367 [TB-Scheduling-3] INFO  o.t.s.s.s.DefaultTbEntityDataSubscriptionService - Stats: regularQueryInvocationCnt = [4], regularQueryInvocationTime = [10], dynamicQueryCnt = [0] dynamicQueryInvocationCnt = [0], dynamicQueryInvocationTime = [0], alarmQueryInvocationCnt = [4], alarmQueryInvocationTime = [9]
2025-12-16 07:44:34,365 [TB-Scheduling-14] INFO  o.t.s.s.s.DefaultTbEntityDataSubscriptionService - Stats: regularQueryInvocationCnt = [3], regularQueryInvocationTime = [7], dynamicQueryCnt = [0] dynamicQueryInvocationCnt = [0], dynamicQueryInvocationTime = [0], alarmQueryInvocationCnt = [2], alarmQueryInvocationTime = [3]
2025-12-16 07:44:43,472 [subscription-scheduler-24-thread-1] INFO  o.t.s.s.s.DefaultSubscriptionManagerService - Removed 0 old entity update records.
2025-12-16 07:44:54,166 [TB-Scheduling-6] INFO  o.t.s.dao.aspect.SqlDaoCallsAspect - Total timing statistics below:
2025-12-16 07:44:54,167 [TB-Scheduling-6] INFO  o.t.s.dao.aspect.SqlDaoCallsAspect - [5489b160-ccf1-11f0-81f3-0bf1425738f5]: calls: 6, failures: 0, exec time: 11 
2025-12-16 07:44:54,167 [TB-Scheduling-6] INFO  o.t.s.dao.aspect.SqlDaoCallsAspect - [5489b160-ccf1-11f0-81f3-0bf1425738f5] Top 3 methods by timing:
2025-12-16 07:44:54,167 [TB-Scheduling-6] INFO  o.t.s.dao.aspect.SqlDaoCallsAspect - [5489b160-ccf1-11f0-81f3-0bf1425738f5]: method: JpaAlarmDao.findActiveOriginatorAlarms(..), calls: 6, failures: 0, exec time: 11
2025-12-16 07:44:54,177 [TB-Scheduling-2] INFO  o.t.s.c.t.s.DefaultTransportService - Transport Stats: openConnections [0]
2025-12-16 07:44:56,244 [tenant-dispatcher-0-2] INFO  o.t.s.d.s.i.s.SqlPartitioningRepository - Saving partition 1765411200000-1766016000000 for table stats_event
2025-12-16 07:45:00,663 [sql-log-2-thread-1] INFO  o.t.s.dao.sql.TbSqlBlockingQueue - Queue-0 [Events] queueSize [0] totalAdded [1] totalSaved [1] totalFailed [0]
2025-12-16 07:45:00,664 [sql-log-2-thread-1] INFO  o.t.s.dao.sql.TbSqlBlockingQueue - Queue-1 [Events] queueSize [0] totalAdded [3] totalSaved [3] totalFailed [0]
2025-12-16 07:45:02,620 [sql-log-2-thread-1] INFO  o.t.s.dao.sql.TbSqlBlockingQueue - Queue-1 [TS] queueSize [0] totalAdded [7] totalSaved [7] totalFailed [0]
2025-12-16 07:45:02,643 [sql-log-2-thread-1] INFO  o.t.s.dao.sql.TbSqlBlockingQueue - Queue-1 [TS Latest] queueSize [0] totalAdded [7] totalSaved [7] totalFailed [0]
2025-12-16 07:45:14,364 [TB-Scheduling-12] INFO  o.t.s.s.s.DefaultTbEntityDataSubscriptionService - Stats: regularQueryInvocationCnt = [4], regularQueryInvocationTime = [9], dynamicQueryCnt = [0] dynamicQueryInvocationCnt = [0], dynamicQueryInvocationTime = [0], alarmQueryInvocationCnt = [4], alarmQueryInvocationTime = [8]
2025-12-16 07:45:22,620 [sql-log-2-thread-1] INFO  o.t.s.dao.sql.TbSqlBlockingQueue - Queue-1 [TS] queueSize [0] totalAdded [4] totalSaved [4] totalFailed [0]
2025-12-16 07:45:22,643 [sql-log-2-thread-1] INFO  o.t.s.dao.sql.TbSqlBlockingQueue - Queue-1 [TS Latest] queueSize [0] totalAdded [4] totalSaved [4] totalFailed [0]
2025-12-16 07:45:24,365 [TB-Scheduling-8] INFO  o.t.s.s.s.DefaultTbEntityDataSubscriptionService - Stats: regularQueryInvocationCnt = [4], regularQueryInvocationTime = [8], dynamicQueryCnt = [0] dynamicQueryInvocationCnt = [0], dynamicQueryInvocationTime = [0], alarmQueryInvocationCnt = [2], alarmQueryInvocationTime = [4]
2025-12-16 07:45:54,155 [TB-Scheduling-12] INFO  o.t.s.s.queue.EdgeConsumerStats - Edge Stats: totalMsgs = [1] edgeNfs = [1] coreNfEdgeHPUpd = [0] coreNfEdgeUpd = [0] coreNfEdgeSyncReq = [0] coreNfEdgeSyncResp = [0] coreNfEdgeCompLfcl = [0] 
2025-12-16 07:45:54,165 [TB-Scheduling-6] INFO  o.t.s.dao.aspect.SqlDaoCallsAspect - Total timing statistics below:
2025-12-16 07:45:54,165 [TB-Scheduling-6] INFO  o.t.s.dao.aspect.SqlDaoCallsAspect - [5489b160-ccf1-11f0-81f3-0bf1425738f5]: calls: 11, failures: 0, exec time: 74 
2025-12-16 07:45:54,165 [TB-Scheduling-6] INFO  o.t.s.dao.aspect.SqlDaoCallsAspect - [5489b160-ccf1-11f0-81f3-0bf1425738f5] Top 3 methods by timing:
2025-12-16 07:45:54,165 [TB-Scheduling-6] INFO  o.t.s.dao.aspect.SqlDaoCallsAspect - [5489b160-ccf1-11f0-81f3-0bf1425738f5]: method: JpaAbstractDao.save(..), calls: 2, failures: 0, exec time: 32
2025-12-16 07:45:54,165 [TB-Scheduling-6] INFO  o.t.s.dao.aspect.SqlDaoCallsAspect - [5489b160-ccf1-11f0-81f3-0bf1425738f5]: method: JpaEdgeDao.findEdgeIdsByTenantIdAndEntityId(..), calls: 1, failures: 0, exec time: 23
2025-12-16 07:45:54,165 [TB-Scheduling-6] INFO  o.t.s.dao.aspect.SqlDaoCallsAspect - [5489b160-ccf1-11f0-81f3-0bf1425738f5]: method: JpaAlarmDao.findActiveOriginatorAlarms(..), calls: 6, failures: 0, exec time: 12
2025-12-16 07:45:54,175 [TB-Scheduling-3] INFO  o.t.s.c.t.s.DefaultTransportService - Transport Stats: openConnections [0]
2025-12-16 07:45:54,216 [TB-Scheduling-2] INFO  o.t.s.s.q.TbRuleEngineConsumerStats - [Main] Stats: totalMsgs = [1] successfulMsgs = [1] timeoutMsgs = [0] failedMsgs = [0] tmpTimeout = [0] tmpFailed = [0] successfulIterations = [1] failedIterations = [0] 
2025-12-16 07:46:02,618 [sql-log-2-thread-1] INFO  o.t.s.dao.sql.TbSqlBlockingQueue - Queue-1 [TS] queueSize [0] totalAdded [7] totalSaved [7] totalFailed [0]
2025-12-16 07:46:02,619 [sql-log-2-thread-1] INFO  o.t.s.dao.sql.TbSqlBlockingQueue - Queue-2 [TS] queueSize [0] totalAdded [6] totalSaved [6] totalFailed [0]
2025-12-16 07:46:02,642 [sql-log-2-thread-1] INFO  o.t.s.dao.sql.TbSqlBlockingQueue - Queue-1 [TS Latest] queueSize [0] totalAdded [7] totalSaved [7] totalFailed [0]
2025-12-16 07:46:02,642 [sql-log-2-thread-1] INFO  o.t.s.dao.sql.TbSqlBlockingQueue - Queue-2 [TS Latest] queueSize [0] totalAdded [6] totalSaved [6] totalFailed [0]
2025-12-16 07:46:22,618 [sql-log-2-thread-1] INFO  o.t.s.dao.sql.TbSqlBlockingQueue - Queue-1 [TS] queueSize [0] totalAdded [4] totalSaved [4] totalFailed [0]
2025-12-16 07:46:22,641 [sql-log-2-thread-1] INFO  o.t.s.dao.sql.TbSqlBlockingQueue - Queue-1 [TS Latest] queueSize [0] totalAdded [4] totalSaved [4] totalFailed [0]
2025-12-16 07:46:34,365 [TB-Scheduling-11] INFO  o.t.s.s.s.DefaultTbEntityDataSubscriptionService - Stats: regularQueryInvocationCnt = [2], regularQueryInvocationTime = [4], dynamicQueryCnt = [0] dynamicQueryInvocationCnt = [0], dynamicQueryInvocationTime = [0], alarmQueryInvocationCnt = [0], alarmQueryInvocationTime = [0]
2025-12-16 07:46:54,172 [TB-Scheduling-12] INFO  o.t.s.c.t.s.DefaultTransportService - Transport Stats: openConnections [0]
2025-12-16 07:47:02,615 [sql-log-2-thread-1] INFO  o.t.s.dao.sql.TbSqlBlockingQueue - Queue-1 [TS] queueSize [0] totalAdded [7] totalSaved [7] totalFailed [0]
2025-12-16 07:47:02,638 [sql-log-2-thread-1] INFO  o.t.s.dao.sql.TbSqlBlockingQueue - Queue-1 [TS Latest] queueSize [0] totalAdded [7] totalSaved [7] totalFailed [0]
2025-12-16 07:47:14,366 [TB-Scheduling-4] INFO  o.t.s.s.s.DefaultTbEntityDataSubscriptionService - Stats: regularQueryInvocationCnt = [2], regularQueryInvocationTime = [3], dynamicQueryCnt = [0] dynamicQueryInvocationCnt = [0], dynamicQueryInvocationTime = [0], alarmQueryInvocationCnt = [0], alarmQueryInvocationTime = [0]
2025-12-16 07:47:22,615 [sql-log-2-thread-1] INFO  o.t.s.dao.sql.TbSqlBlockingQueue - Queue-1 [TS] queueSize [0] totalAdded [4] totalSaved [4] totalFailed [0]
2025-12-16 07:47:22,638 [sql-log-2-thread-1] INFO  o.t.s.dao.sql.TbSqlBlockingQueue - Queue-1 [TS Latest] queueSize [0] totalAdded [4] totalSaved [4] totalFailed [0]
2025-12-16 07:47:54,169 [TB-Scheduling-16] INFO  o.t.s.c.t.s.DefaultTransportService - Transport Stats: openConnections [0]
2025-12-16 07:48:02,611 [sql-log-2-thread-1] INFO  o.t.s.dao.sql.TbSqlBlockingQueue - Queue-1 [TS] queueSize [0] totalAdded [7] totalSaved [7] totalFailed [0]
2025-12-16 07:48:02,634 [sql-log-2-thread-1] INFO  o.t.s.dao.sql.TbSqlBlockingQueue - Queue-1 [TS Latest] queueSize [0] totalAdded [7] totalSaved [7] totalFailed [0]
2025-12-16 07:48:22,611 [sql-log-2-thread-1] INFO  o.t.s.dao.sql.TbSqlBlockingQueue - Queue-1 [TS] queueSize [0] totalAdded [4] totalSaved [4] totalFailed [0]
2025-12-16 07:48:22,634 [sql-log-2-thread-1] INFO  o.t.s.dao.sql.TbSqlBlockingQueue - Queue-1 [TS Latest] queueSize [0] totalAdded [4] totalSaved [4] totalFailed [0]
2025-12-16 07:48:54,146 [TB-Scheduling-14] INFO  o.t.s.s.queue.EdgeConsumerStats - Edge Stats: totalMsgs = [1] edgeNfs = [1] coreNfEdgeHPUpd = [0] coreNfEdgeUpd = [0] coreNfEdgeSyncReq = [0] coreNfEdgeSyncResp = [0] coreNfEdgeCompLfcl = [0] 
2025-12-16 07:48:54,156 [TB-Scheduling-1] INFO  o.t.s.dao.aspect.SqlDaoCallsAspect - Total timing statistics below:
2025-12-16 07:48:54,156 [TB-Scheduling-1] INFO  o.t.s.dao.aspect.SqlDaoCallsAspect - [5489b160-ccf1-11f0-81f3-0bf1425738f5]: calls: 8, failures: 0, exec time: 35 
2025-12-16 07:48:54,156 [TB-Scheduling-1] INFO  o.t.s.dao.aspect.SqlDaoCallsAspect - [5489b160-ccf1-11f0-81f3-0bf1425738f5] Top 3 methods by timing:
2025-12-16 07:48:54,156 [TB-Scheduling-1] INFO  o.t.s.dao.aspect.SqlDaoCallsAspect - [5489b160-ccf1-11f0-81f3-0bf1425738f5]: method: JpaAbstractDao.save(..), calls: 2, failures: 0, exec time: 21
2025-12-16 07:48:54,156 [TB-Scheduling-1] INFO  o.t.s.dao.aspect.SqlDaoCallsAspect - [5489b160-ccf1-11f0-81f3-0bf1425738f5]: method: JpaAbstractDao.findById(..), calls: 1, failures: 0, exec time: 7
2025-12-16 07:48:54,156 [TB-Scheduling-1] INFO  o.t.s.dao.aspect.SqlDaoCallsAspect - [5489b160-ccf1-11f0-81f3-0bf1425738f5]: method: JpaAlarmDao.findActiveOriginatorAlarms(..), calls: 4, failures: 0, exec time: 6
2025-12-16 07:48:54,166 [TB-Scheduling-7] INFO  o.t.s.c.t.s.DefaultTransportService - Transport Stats: openConnections [0]
2025-12-16 07:48:54,207 [TB-Scheduling-16] INFO  o.t.s.s.q.TbRuleEngineConsumerStats - [Main] Stats: totalMsgs = [1] successfulMsgs = [1] timeoutMsgs = [0] failedMsgs = [0] tmpTimeout = [0] tmpFailed = [0] successfulIterations = [1] failedIterations = [0] 
2025-12-16 07:48:54,364 [TB-Scheduling-8] INFO  o.t.s.s.s.DefaultTbEntityDataSubscriptionService - Stats: regularQueryInvocationCnt = [4], regularQueryInvocationTime = [8], dynamicQueryCnt = [0] dynamicQueryInvocationCnt = [0], dynamicQueryInvocationTime = [0], alarmQueryInvocationCnt = [4], alarmQueryInvocationTime = [6]
2025-12-16 07:49:02,608 [sql-log-2-thread-1] INFO  o.t.s.dao.sql.TbSqlBlockingQueue - Queue-1 [TS] queueSize [0] totalAdded [7] totalSaved [7] totalFailed [0]
2025-12-16 07:49:02,608 [sql-log-2-thread-1] INFO  o.t.s.dao.sql.TbSqlBlockingQueue - Queue-2 [TS] queueSize [0] totalAdded [6] totalSaved [6] totalFailed [0]
2025-12-16 07:49:02,631 [sql-log-2-thread-1] INFO  o.t.s.dao.sql.TbSqlBlockingQueue - Queue-1 [TS Latest] queueSize [0] totalAdded [7] totalSaved [7] totalFailed [0]
2025-12-16 07:49:02,632 [sql-log-2-thread-1] INFO  o.t.s.dao.sql.TbSqlBlockingQueue - Queue-2 [TS Latest] queueSize [0] totalAdded [6] totalSaved [6] totalFailed [0]
2025-12-16 07:49:04,364 [TB-Scheduling-12] INFO  o.t.s.s.s.DefaultTbEntityDataSubscriptionService - Stats: regularQueryInvocationCnt = [4], regularQueryInvocationTime = [6], dynamicQueryCnt = [0] dynamicQueryInvocationCnt = [0], dynamicQueryInvocationTime = [0], alarmQueryInvocationCnt = [2], alarmQueryInvocationTime = [2]
2025-12-16 07:49:22,608 [sql-log-2-thread-1] INFO  o.t.s.dao.sql.TbSqlBlockingQueue - Queue-1 [TS] queueSize [0] totalAdded [4] totalSaved [4] totalFailed [0]
2025-12-16 07:49:22,631 [sql-log-2-thread-1] INFO  o.t.s.dao.sql.TbSqlBlockingQueue - Queue-1 [TS Latest] queueSize [0] totalAdded [4] totalSaved [4] totalFailed [0]
2025-12-16 07:49:54,154 [TB-Scheduling-9] INFO  o.t.s.dao.aspect.SqlDaoCallsAspect - Total timing statistics below:
2025-12-16 07:49:54,154 [TB-Scheduling-9] INFO  o.t.s.dao.aspect.SqlDaoCallsAspect - [5489b160-ccf1-11f0-81f3-0bf1425738f5]: calls: 2, failures: 0, exec time: 2 
2025-12-16 07:49:54,154 [TB-Scheduling-9] INFO  o.t.s.dao.aspect.SqlDaoCallsAspect - [5489b160-ccf1-11f0-81f3-0bf1425738f5] Top 3 methods by timing:
2025-12-16 07:49:54,154 [TB-Scheduling-9] INFO  o.t.s.dao.aspect.SqlDaoCallsAspect - [5489b160-ccf1-11f0-81f3-0bf1425738f5]: method: JpaAlarmDao.findActiveOriginatorAlarms(..), calls: 2, failures: 0, exec time: 2
2025-12-16 07:49:54,164 [TB-Scheduling-14] INFO  o.t.s.c.t.s.DefaultTransportService - Transport Stats: openConnections [0]
2025-12-16 07:50:02,605 [sql-log-2-thread-1] INFO  o.t.s.dao.sql.TbSqlBlockingQueue - Queue-1 [TS] queueSize [0] totalAdded [7] totalSaved [7] totalFailed [0]
2025-12-16 07:50:02,628 [sql-log-2-thread-1] INFO  o.t.s.dao.sql.TbSqlBlockingQueue - Queue-1 [TS Latest] queueSize [0] totalAdded [7] totalSaved [7] totalFailed [0]
2025-12-16 07:50:22,605 [sql-log-2-thread-1] INFO  o.t.s.dao.sql.TbSqlBlockingQueue - Queue-1 [TS] queueSize [0] totalAdded [4] totalSaved [4] totalFailed [0]
2025-12-16 07:50:22,627 [sql-log-2-thread-1] INFO  o.t.s.dao.sql.TbSqlBlockingQueue - Queue-1 [TS Latest] queueSize [0] totalAdded [4] totalSaved [4] totalFailed [0]
2025-12-16 07:50:54,161 [TB-Scheduling-16] INFO  o.t.s.c.t.s.DefaultTransportService - Transport Stats: openConnections [0]
2025-12-16 07:51:02,601 [sql-log-2-thread-1] INFO  o.t.s.dao.sql.TbSqlBlockingQueue - Queue-1 [TS] queueSize [0] totalAdded [7] totalSaved [7] totalFailed [0]
2025-12-16 07:51:02,624 [sql-log-2-thread-1] INFO  o.t.s.dao.sql.TbSqlBlockingQueue - Queue-1 [TS Latest] queueSize [0] totalAdded [7] totalSaved [7] totalFailed [0]
2025-12-16 07:51:22,601 [sql-log-2-thread-1] INFO  o.t.s.dao.sql.TbSqlBlockingQueue - Queue-1 [TS] queueSize [0] totalAdded [4] totalSaved [4] totalFailed [0]
2025-12-16 07:51:22,624 [sql-log-2-thread-1] INFO  o.t.s.dao.sql.TbSqlBlockingQueue - Queue-1 [TS Latest] queueSize [0] totalAdded [4] totalSaved [4] totalFailed [0]
2025-12-16 07:51:54,158 [TB-Scheduling-14] INFO  o.t.s.c.t.s.DefaultTransportService - Transport Stats: openConnections [0]
2025-12-16 07:52:02,598 [sql-log-2-thread-1] INFO  o.t.s.dao.sql.TbSqlBlockingQueue - Queue-1 [TS] queueSize [0] totalAdded [7] totalSaved [7] totalFailed [0]
2025-12-16 07:52:02,621 [sql-log-2-thread-1] INFO  o.t.s.dao.sql.TbSqlBlockingQueue - Queue-1 [TS Latest] queueSize [0] totalAdded [7] totalSaved [7] totalFailed [0]
2025-12-16 07:52:22,598 [sql-log-2-thread-1] INFO  o.t.s.dao.sql.TbSqlBlockingQueue - Queue-1 [TS] queueSize [0] totalAdded [4] totalSaved [4] totalFailed [0]
2025-12-16 07:52:22,621 [sql-log-2-thread-1] INFO  o.t.s.dao.sql.TbSqlBlockingQueue - Queue-1 [TS Latest] queueSize [0] totalAdded [4] totalSaved [4] totalFailed [0]
2025-12-16 07:52:54,156 [TB-Scheduling-6] INFO  o.t.s.c.t.s.DefaultTransportService - Transport Stats: openConnections [0]
2025-12-16 07:53:12,593 [sql-log-2-thread-1] INFO  o.t.s.dao.sql.TbSqlBlockingQueue - Queue-1 [TS] queueSize [0] totalAdded [7] totalSaved [7] totalFailed [0]
2025-12-16 07:53:12,616 [sql-log-2-thread-1] INFO  o.t.s.dao.sql.TbSqlBlockingQueue - Queue-1 [TS Latest] queueSize [0] totalAdded [7] totalSaved [7] totalFailed [0]
2025-12-16 07:53:22,593 [sql-log-2-thread-1] INFO  o.t.s.dao.sql.TbSqlBlockingQueue - Queue-1 [TS] queueSize [0] totalAdded [4] totalSaved [4] totalFailed [0]
2025-12-16 07:53:22,616 [sql-log-2-thread-1] INFO  o.t.s.dao.sql.TbSqlBlockingQueue - Queue-1 [TS Latest] queueSize [0] totalAdded [4] totalSaved [4] totalFailed [0]
2025-12-16 07:53:54,153 [TB-Scheduling-5] INFO  o.t.s.c.t.s.DefaultTransportService - Transport Stats: openConnections [0]
2025-12-16 07:54:12,590 [sql-log-2-thread-1] INFO  o.t.s.dao.sql.TbSqlBlockingQueue - Queue-1 [TS] queueSize [0] totalAdded [7] totalSaved [7] totalFailed [0]
2025-12-16 07:54:12,613 [sql-log-2-thread-1] INFO  o.t.s.dao.sql.TbSqlBlockingQueue - Queue-1 [TS Latest] queueSize [0] totalAdded [7] totalSaved [7] totalFailed [0]
2025-12-16 07:54:22,590 [sql-log-2-thread-1] INFO  o.t.s.dao.sql.TbSqlBlockingQueue - Queue-1 [TS] queueSize [0] totalAdded [4] totalSaved [4] totalFailed [0]
2025-12-16 07:54:22,613 [sql-log-2-thread-1] INFO  o.t.s.dao.sql.TbSqlBlockingQueue - Queue-1 [TS Latest] queueSize [0] totalAdded [4] totalSaved [4] totalFailed [0]
2025-12-16 07:54:54,151 [TB-Scheduling-10] INFO  o.t.s.c.t.s.DefaultTransportService - Transport Stats: openConnections [0]
2025-12-16 07:55:12,587 [sql-log-2-thread-1] INFO  o.t.s.dao.sql.TbSqlBlockingQueue - Queue-1 [TS] queueSize [0] totalAdded [7] totalSaved [7] totalFailed [0]
2025-12-16 07:55:12,610 [sql-log-2-thread-1] INFO  o.t.s.dao.sql.TbSqlBlockingQueue - Queue-1 [TS Latest] queueSize [0] totalAdded [7] totalSaved [7] totalFailed [0]
2025-12-16 07:55:22,587 [sql-log-2-thread-1] INFO  o.t.s.dao.sql.TbSqlBlockingQueue - Queue-1 [TS] queueSize [0] totalAdded [4] totalSaved [4] totalFailed [0]
2025-12-16 07:55:22,610 [sql-log-2-thread-1] INFO  o.t.s.dao.sql.TbSqlBlockingQueue - Queue-1 [TS Latest] queueSize [0] totalAdded [4] totalSaved [4] totalFailed [0]
2025-12-16 07:55:54,149 [TB-Scheduling-10] INFO  o.t.s.c.t.s.DefaultTransportService - Transport Stats: openConnections [0]
2025-12-16 07:56:12,581 [sql-log-2-thread-1] INFO  o.t.s.dao.sql.TbSqlBlockingQueue - Queue-1 [TS] queueSize [0] totalAdded [7] totalSaved [7] totalFailed [0]
2025-12-16 07:56:12,604 [sql-log-2-thread-1] INFO  o.t.s.dao.sql.TbSqlBlockingQueue - Queue-1 [TS Latest] queueSize [0] totalAdded [7] totalSaved [7] totalFailed [0]
2025-12-16 07:56:22,581 [sql-log-2-thread-1] INFO  o.t.s.dao.sql.TbSqlBlockingQueue - Queue-1 [TS] queueSize [0] totalAdded [4] totalSaved [4] totalFailed [0]
2025-12-16 07:56:22,604 [sql-log-2-thread-1] INFO  o.t.s.dao.sql.TbSqlBlockingQueue - Queue-1 [TS Latest] queueSize [0] totalAdded [4] totalSaved [4] totalFailed [0]
2025-12-16 07:56:54,146 [TB-Scheduling-5] INFO  o.t.s.c.t.s.DefaultTransportService - Transport Stats: openConnections [0]
2025-12-16 07:57:12,580 [sql-log-2-thread-1] INFO  o.t.s.dao.sql.TbSqlBlockingQueue - Queue-1 [TS] queueSize [0] totalAdded [7] totalSaved [7] totalFailed [0]
2025-12-16 07:57:12,603 [sql-log-2-thread-1] INFO  o.t.s.dao.sql.TbSqlBlockingQueue - Queue-1 [TS Latest] queueSize [0] totalAdded [7] totalSaved [7] totalFailed [0]
2025-12-16 07:57:22,580 [sql-log-2-thread-1] INFO  o.t.s.dao.sql.TbSqlBlockingQueue - Queue-1 [TS] queueSize [0] totalAdded [4] totalSaved [4] totalFailed [0]
2025-12-16 07:57:22,603 [sql-log-2-thread-1] INFO  o.t.s.dao.sql.TbSqlBlockingQueue - Queue-1 [TS Latest] queueSize [0] totalAdded [4] totalSaved [4] totalFailed [0]
2025-12-16 07:57:54,142 [TB-Scheduling-4] INFO  o.t.s.c.t.s.DefaultTransportService - Transport Stats: openConnections [0]
2025-12-16 07:58:12,574 [sql-log-2-thread-1] INFO  o.t.s.dao.sql.TbSqlBlockingQueue - Queue-1 [TS] queueSize [0] totalAdded [7] totalSaved [7] totalFailed [0]
2025-12-16 07:58:12,597 [sql-log-2-thread-1] INFO  o.t.s.dao.sql.TbSqlBlockingQueue - Queue-1 [TS Latest] queueSize [0] totalAdded [7] totalSaved [7] totalFailed [0]
2025-12-16 07:58:22,574 [sql-log-2-thread-1] INFO  o.t.s.dao.sql.TbSqlBlockingQueue - Queue-1 [TS] queueSize [0] totalAdded [4] totalSaved [4] totalFailed [0]
2025-12-16 07:58:22,597 [sql-log-2-thread-1] INFO  o.t.s.dao.sql.TbSqlBlockingQueue - Queue-1 [TS Latest] queueSize [0] totalAdded [4] totalSaved [4] totalFailed [0]
2025-12-16 07:58:54,138 [TB-Scheduling-9] INFO  o.t.s.c.t.s.DefaultTransportService - Transport Stats: openConnections [0]
2025-12-16 07:59:12,569 [sql-log-2-thread-1] INFO  o.t.s.dao.sql.TbSqlBlockingQueue - Queue-1 [TS] queueSize [0] totalAdded [7] totalSaved [7] totalFailed [0]
2025-12-16 07:59:12,592 [sql-log-2-thread-1] INFO  o.t.s.dao.sql.TbSqlBlockingQueue - Queue-1 [TS Latest] queueSize [0] totalAdded [7] totalSaved [7] totalFailed [0]
2025-12-16 07:59:22,569 [sql-log-2-thread-1] INFO  o.t.s.dao.sql.TbSqlBlockingQueue - Queue-1 [TS] queueSize [0] totalAdded [4] totalSaved [4] totalFailed [0]
2025-12-16 07:59:22,592 [sql-log-2-thread-1] INFO  o.t.s.dao.sql.TbSqlBlockingQueue - Queue-1 [TS Latest] queueSize [0] totalAdded [4] totalSaved [4] totalFailed [0]
2025-12-16 07:59:54,135 [TB-Scheduling-1] INFO  o.t.s.c.t.s.DefaultTransportService - Transport Stats: openConnections [0]
2025-12-16 08:00:12,565 [sql-log-2-thread-1] INFO  o.t.s.dao.sql.TbSqlBlockingQueue - Queue-1 [TS] queueSize [0] totalAdded [7] totalSaved [7] totalFailed [0]
2025-12-16 08:00:12,588 [sql-log-2-thread-1] INFO  o.t.s.dao.sql.TbSqlBlockingQueue - Queue-1 [TS Latest] queueSize [0] totalAdded [7] totalSaved [7] totalFailed [0]
2025-12-16 08:00:22,565 [sql-log-2-thread-1] INFO  o.t.s.dao.sql.TbSqlBlockingQueue - Queue-1 [TS] queueSize [0] totalAdded [6] totalSaved [6] totalFailed [0]
2025-12-16 08:00:22,588 [sql-log-2-thread-1] INFO  o.t.s.dao.sql.TbSqlBlockingQueue - Queue-1 [TS Latest] queueSize [0] totalAdded [6] totalSaved [6] totalFailed [0]
2025-12-16 08:00:54,173 [TB-Scheduling-12] INFO  o.t.s.c.t.s.DefaultTransportService - Transport Stats: openConnections [0]
2025-12-16 08:01:12,561 [sql-log-2-thread-1] INFO  o.t.s.dao.sql.TbSqlBlockingQueue - Queue-1 [TS] queueSize [0] totalAdded [7] totalSaved [7] totalFailed [0]
2025-12-16 08:01:12,583 [sql-log-2-thread-1] INFO  o.t.s.dao.sql.TbSqlBlockingQueue - Queue-1 [TS Latest] queueSize [0] totalAdded [7] totalSaved [7] totalFailed [0]
2025-12-16 08:01:22,561 [sql-log-2-thread-1] INFO  o.t.s.dao.sql.TbSqlBlockingQueue - Queue-1 [TS] queueSize [0] totalAdded [4] totalSaved [4] totalFailed [0]
2025-12-16 08:01:22,583 [sql-log-2-thread-1] INFO  o.t.s.dao.sql.TbSqlBlockingQueue - Queue-1 [TS Latest] queueSize [0] totalAdded [4] totalSaved [4] totalFailed [0]
2025-12-16 08:01:54,169 [TB-Scheduling-3] INFO  o.t.s.c.t.s.DefaultTransportService - Transport Stats: openConnections [0]
2025-12-16 08:02:12,556 [sql-log-2-thread-1] INFO  o.t.s.dao.sql.TbSqlBlockingQueue - Queue-1 [TS] queueSize [0] totalAdded [7] totalSaved [7] totalFailed [0]
2025-12-16 08:02:12,579 [sql-log-2-thread-1] INFO  o.t.s.dao.sql.TbSqlBlockingQueue - Queue-1 [TS Latest] queueSize [0] totalAdded [7] totalSaved [7] totalFailed [0]
2025-12-16 08:02:22,556 [sql-log-2-thread-1] INFO  o.t.s.dao.sql.TbSqlBlockingQueue - Queue-1 [TS] queueSize [0] totalAdded [4] totalSaved [4] totalFailed [0]
2025-12-16 08:02:22,579 [sql-log-2-thread-1] INFO  o.t.s.dao.sql.TbSqlBlockingQueue - Queue-1 [TS Latest] queueSize [0] totalAdded [4] totalSaved [4] totalFailed [0]
2025-12-16 08:02:37,350 [http-nio-0.0.0.0-9090-exec-8] INFO  o.t.s.c.plugin.TbWebSocketHandler - [5489b160-ccf1-11f0-81f3-0bf1425738f5][550b6480-ccf1-11f0-81f3-0bf1425738f5][b16d803d-871f-4300-ad75-df60d3f7d3e6] Session is closed
2025-12-16 08:03:15,471 [background-preinit] INFO  o.h.validator.internal.util.Version - HV000001: Hibernate Validator 8.0.3.Final
2025-12-16 08:03:15,627 [main] INFO  o.t.s.ThingsboardServerApplication - Starting ThingsboardServerApplication v4.2.1 using Java 17.0.16 with PID 22 (/usr/share/thingsboard/bin/thingsboard.jar started by thingsboard in /)
2025-12-16 08:03:15,629 [main] INFO  o.t.s.ThingsboardServerApplication - No active profile set, falling back to 1 default profile: "default"
2025-12-16 08:03:16,259 [main] WARN  o.s.c.a.AnnotationTypeMapping - Support for convention-based annotation attribute overrides is deprecated and will be removed in Spring Framework 7.0. Please annotate the following attributes in @org.thingsboard.server.config.annotations.ApiOperation with appropriate @AliasFor declarations: [hidden, requestBody, responses]
2025-12-16 08:03:21,694 [main] INFO  o.s.d.r.c.RepositoryConfigurationDelegate - Multiple Spring Data modules found, entering strict repository configuration mode
2025-12-16 08:03:21,697 [main] INFO  o.s.d.r.c.RepositoryConfigurationDelegate - Bootstrapping Spring Data JPA repositories in LAZY mode.
2025-12-16 08:03:22,023 [main] INFO  o.s.d.r.c.RepositoryConfigurationDelegate - Finished Spring Data repository scanning in 299 ms. Found 7 JPA repository interfaces.
2025-12-16 08:03:22,027 [main] INFO  o.s.d.r.c.RepositoryConfigurationDelegate - Multiple Spring Data modules found, entering strict repository configuration mode
2025-12-16 08:03:22,027 [main] INFO  o.s.d.r.c.RepositoryConfigurationDelegate - Bootstrapping Spring Data JPA repositories in LAZY mode.
2025-12-16 08:03:22,432 [main] INFO  o.s.d.r.c.RepositoryConfigurationDelegate - Finished Spring Data repository scanning in 400 ms. Found 57 JPA repository interfaces.
2025-12-16 08:03:22,436 [main] INFO  o.s.d.r.c.RepositoryConfigurationDelegate - Multiple Spring Data modules found, entering strict repository configuration mode
2025-12-16 08:03:22,436 [main] INFO  o.s.d.r.c.RepositoryConfigurationDelegate - Bootstrapping Spring Data JPA repositories in LAZY mode.
2025-12-16 08:03:22,452 [main] INFO  o.s.d.r.c.RepositoryConfigurationDelegate - Finished Spring Data repository scanning in 13 ms. Found 1 JPA repository interface.
2025-12-16 08:03:22,453 [main] INFO  o.s.d.r.c.RepositoryConfigurationDelegate - Multiple Spring Data modules found, entering strict repository configuration mode
2025-12-16 08:03:22,453 [main] INFO  o.s.d.r.c.RepositoryConfigurationDelegate - Bootstrapping Spring Data JPA repositories in LAZY mode.
2025-12-16 08:03:22,470 [main] INFO  o.s.d.r.c.RepositoryConfigurationDelegate - Finished Spring Data repository scanning in 13 ms. Found 1 JPA repository interface.
2025-12-16 08:03:23,839 [main] INFO  o.s.i.c.DefaultConfiguringBeanFactoryPostProcessor - No bean named 'errorChannel' has been explicitly defined. Therefore, a default PublishSubscribeChannel will be created.
2025-12-16 08:03:23,878 [main] INFO  o.s.i.c.DefaultConfiguringBeanFactoryPostProcessor - No bean named 'integrationHeaderChannelRegistry' has been explicitly defined. Therefore, a default DefaultHeaderChannelRegistry will be created.
2025-12-16 08:03:25,505 [main] INFO  o.t.s.q.d.DefaultTbServiceInfoProvider - Current Service ID: cbe6c91a831b
2025-12-16 08:03:27,385 [main] INFO  o.h.jpa.internal.util.LogHelper - HHH000204: Processing PersistenceUnitInfo [name: default]
2025-12-16 08:03:27,613 [main] INFO  org.hibernate.Version - HHH000412: Hibernate ORM core version 6.6.29.Final
2025-12-16 08:03:27,715 [main] INFO  o.h.c.i.RegionFactoryInitiator - HHH000026: Second-level cache disabled
2025-12-16 08:03:27,994 [main] INFO  com.zaxxer.hikari.HikariDataSource - HikariPool-1 - Starting...
2025-12-16 08:03:28,272 [main] INFO  com.zaxxer.hikari.pool.HikariPool - HikariPool-1 - Added connection org.postgresql.jdbc.PgConnection@46c22d8e
2025-12-16 08:03:28,278 [main] INFO  com.zaxxer.hikari.HikariDataSource - HikariPool-1 - Start completed.
2025-12-16 08:03:28,464 [main] INFO  o.hibernate.orm.connections.pooling - HHH10001005: Database info:
	Database JDBC URL [Connecting through datasource 'HikariDataSource (HikariPool-1)']
	Database driver: undefined/unknown
	Database version: 12.0
	Autocommit mode: undefined/unknown
	Isolation level: undefined/unknown
	Minimum pool size: undefined/unknown
	Maximum pool size: undefined/unknown
2025-12-16 08:03:29,228 [main] INFO  o.s.o.j.p.SpringPersistenceUnitInfo - No LoadTimeWeaver setup: ignoring JPA class transformer
2025-12-16 08:03:34,027 [main] INFO  o.h.e.t.j.p.i.JtaPlatformInitiator - HHH000489: No JTA platform available (set 'hibernate.transaction.jta.platform' to enable JTA platform integration)
2025-12-16 08:03:34,056 [main] INFO  o.s.o.j.LocalContainerEntityManagerFactoryBean - Initialized JPA EntityManagerFactory for persistence unit 'default'
2025-12-16 08:03:34,922 [main] INFO  o.s.d.j.r.query.QueryEnhancerFactory - Hibernate is in classpath; If applicable, HQL parser will be used.
2025-12-16 08:03:40,758 [main] INFO  o.s.b.w.e.tomcat.TomcatWebServer - Tomcat initialized with port 9090 (http)
2025-12-16 08:03:40,785 [main] INFO  o.a.coyote.http11.Http11NioProtocol - The ["http-nio-0.0.0.0-9090"] connector has been configured to support HTTP upgrade to [h2c]
2025-12-16 08:03:40,786 [main] INFO  o.a.coyote.http11.Http11NioProtocol - Initializing ProtocolHandler ["http-nio-0.0.0.0-9090"]
2025-12-16 08:03:40,790 [main] INFO  o.a.catalina.core.StandardService - Starting service [Tomcat]
2025-12-16 08:03:40,790 [main] INFO  o.a.catalina.core.StandardEngine - Starting Servlet engine: [Apache Tomcat/10.1.46]
2025-12-16 08:03:40,891 [main] INFO  o.a.c.c.C.[Tomcat].[localhost].[/] - Initializing Spring embedded WebApplicationContext
2025-12-16 08:03:40,892 [main] INFO  o.s.b.w.s.c.ServletWebServerApplicationContext - Root WebApplicationContext: initialization completed in 25181 ms
2025-12-16 08:03:41,267 [main] INFO  o.t.s.d.a.CachedAttributesService - Going to use directExecutor for the local cache type caffeine
2025-12-16 08:03:42,476 [main] INFO  o.t.s.s.a.DefaultTbApiUsageStateService - Starting api usage service.
2025-12-16 08:03:42,487 [main] INFO  o.t.s.s.a.DefaultTbApiUsageStateService - Started api usage service.
2025-12-16 08:03:45,234 [main] INFO  o.t.s.t.h.config.PayloadSizeFilter - Initialized payload size filter with configuration: /api/image*/**=52428800;/api/resource/**=52428800;/api/**=16777216
2025-12-16 08:03:45,312 [main] INFO  o.t.s.t.h.config.PayloadSizeFilter - Initialized payload size filter with configuration: /api/v1/*/rpc/**=65536;/api/v1/**=52428800
2025-12-16 08:03:45,488 [main] INFO  o.t.s.q.e.EnvironmentLogService - ThingsBoard server environment: zookeeper.version=3.9.3-c26634f34490bb0ea7a09cc51e05ede3b4e320ee, built on 2024-10-17 23:21 UTC
2025-12-16 08:03:45,488 [main] INFO  o.t.s.q.e.EnvironmentLogService - ThingsBoard server environment: host.name=cbe6c91a831b
2025-12-16 08:03:45,488 [main] INFO  o.t.s.q.e.EnvironmentLogService - ThingsBoard server environment: java.version=17.0.16
2025-12-16 08:03:45,489 [main] INFO  o.t.s.q.e.EnvironmentLogService - ThingsBoard server environment: java.vendor=Debian
2025-12-16 08:03:45,489 [main] INFO  o.t.s.q.e.EnvironmentLogService - ThingsBoard server environment: java.home=/usr/lib/jvm/java-17-openjdk-amd64
2025-12-16 08:03:45,489 [main] INFO  o.t.s.q.e.EnvironmentLogService - ThingsBoard server environment: java.class.path=/usr/share/thingsboard/bin/thingsboard.jar
2025-12-16 08:03:45,489 [main] INFO  o.t.s.q.e.EnvironmentLogService - ThingsBoard server environment: java.library.path=/usr/java/packages/lib:/usr/lib/x86_64-linux-gnu/jni:/lib/x86_64-linux-gnu:/usr/lib/x86_64-linux-gnu:/usr/lib/jni:/lib:/usr/lib
2025-12-16 08:03:45,489 [main] INFO  o.t.s.q.e.EnvironmentLogService - ThingsBoard server environment: java.io.tmpdir=/tmp
2025-12-16 08:03:45,489 [main] INFO  o.t.s.q.e.EnvironmentLogService - ThingsBoard server environment: java.compiler=<NA>
2025-12-16 08:03:45,489 [main] INFO  o.t.s.q.e.EnvironmentLogService - ThingsBoard server environment: os.name=Linux
2025-12-16 08:03:45,489 [main] INFO  o.t.s.q.e.EnvironmentLogService - ThingsBoard server environment: os.arch=amd64
2025-12-16 08:03:45,489 [main] INFO  o.t.s.q.e.EnvironmentLogService - ThingsBoard server environment: os.version=6.6.87.2-microsoft-standard-WSL2
2025-12-16 08:03:45,489 [main] INFO  o.t.s.q.e.EnvironmentLogService - ThingsBoard server environment: user.name=thingsboard
2025-12-16 08:03:45,489 [main] INFO  o.t.s.q.e.EnvironmentLogService - ThingsBoard server environment: user.home=/home/thingsboard
2025-12-16 08:03:45,489 [main] INFO  o.t.s.q.e.EnvironmentLogService - ThingsBoard server environment: user.dir=/
2025-12-16 08:03:45,489 [main] INFO  o.t.s.q.e.EnvironmentLogService - ThingsBoard server environment: os.memory.free=301MB
2025-12-16 08:03:45,489 [main] INFO  o.t.s.q.e.EnvironmentLogService - ThingsBoard server environment: os.memory.max=1898MB
2025-12-16 08:03:45,490 [main] INFO  o.t.s.q.e.EnvironmentLogService - ThingsBoard server environment: os.memory.total=524MB
2025-12-16 08:03:45,685 [main] INFO  d.n.internal.NashornDetection - Delight-nashorn-sandbox detected that JDK Nashorn is absent and standalone Nashorn is present, and will use Standalone Nashorn
2025-12-16 08:03:47,479 [main] INFO  o.t.s.a.service.DefaultActorService - Initializing actor system.
2025-12-16 08:03:47,495 [main] INFO  o.t.s.a.service.DefaultActorService - Actor system initialized.
2025-12-16 08:03:48,670 [main] INFO  o.t.s.c.t.c.ssl.SslCredentialsConfig - LWM2M Server DTLS Credentials: Skipping initialization of disabled SSL credentials.
2025-12-16 08:03:48,680 [main] INFO  o.t.s.c.t.c.ssl.SslCredentialsConfig - LWM2M Trust Credentials: Skipping initialization of disabled SSL credentials.
2025-12-16 08:03:48,694 [main] INFO  o.t.s.c.t.c.ssl.SslCredentialsConfig - LWM2M Bootstrap DTLS Credentials: Skipping initialization of disabled SSL credentials.
2025-12-16 08:03:49,221 [main] INFO  o.t.s.c.SystemInfoController - System build info: {"version":"4.2.1","artifact":"application","name":"ThingsBoard Server Application","type":"CE"}
2025-12-16 08:03:50,027 [main] INFO  o.t.s.c.adaptor.JsonConverterConfig - JSON max string value length = 0
2025-12-16 08:03:50,028 [main] INFO  o.t.s.c.adaptor.JsonConverterConfig - JSON type cast enabled = true
2025-12-16 08:03:50,154 [main] INFO  o.t.s.t.mqtt.MqttTransportService - Setting resource leak detector level to DISABLED
2025-12-16 08:03:50,155 [main] INFO  o.t.s.t.mqtt.MqttTransportService - Starting MQTT transport...
2025-12-16 08:03:50,237 [main] INFO  o.t.s.t.mqtt.MqttTransportService - Mqtt transport started!
2025-12-16 08:03:50,329 [main] INFO  o.e.c.elements.config.Configuration - defaults added COAP.
2025-12-16 08:03:50,356 [main] INFO  o.e.c.elements.config.Configuration - defaults added UDP.
2025-12-16 08:03:50,358 [main] INFO  o.e.c.c.network.RandomTokenGenerator - using tokens of 8 bytes in length
2025-12-16 08:03:50,391 [main] INFO  org.eclipse.californium.ban - Started.
2025-12-16 08:03:50,392 [main] INFO  o.e.c.core.network.CoapEndpoint - coap CoapEndpoint uses udp context
2025-12-16 08:03:50,408 [main] INFO  o.e.c.elements.config.Configuration - defaults added SYS.
2025-12-16 08:03:50,408 [main] INFO  o.e.c.c.network.stack.BlockwiseLayer - coap BlockwiseLayer uses MAX_MESSAGE_SIZE=1024, PREFERRED_BLOCK_SIZE=1024, BLOCKWISE_STATUS_LIFETIME=300000, MAX_RESOURCE_BODY_SIZE=268435456, BLOCKWISE_STRICT_BLOCK2_OPTION=true
2025-12-16 08:03:50,421 [main] INFO  o.e.californium.core.CoapServer - Starting server
2025-12-16 08:03:50,445 [main] INFO  o.e.c.elements.UDPConnector - UDPConnector starts up 1 sender threads and 1 receiver threads
2025-12-16 08:03:50,451 [main] INFO  o.e.c.elements.UDPConnector - UDPConnector listening on /[0:0:0:0:0:0:0:0]:5683, recv buf = 106496, send buf = 106496, recv packet size = 2048
2025-12-16 08:03:50,453 [main] INFO  o.e.c.core.network.CoapEndpoint - coap Started endpoint at coap://[0:0:0:0:0:0:0:0]:5683
2025-12-16 08:03:50,456 [main] INFO  o.t.s.t.coap.CoapTransportService - Starting CoAP transport...
2025-12-16 08:03:50,464 [main] INFO  o.t.s.t.coap.CoapTransportService - CoAP transport started!
2025-12-16 08:03:50,537 [main] INFO  o.t.s.t.l.b.LwM2MTransportBootstrapService - Starting LwM2M transport bootstrap server...
2025-12-16 08:03:50,573 [main] INFO  o.e.c.elements.util.JceProviderUtil - JCE default setup
2025-12-16 08:03:50,607 [main] INFO  o.e.c.elements.util.JceProviderUtil - RSA: true, EC: true, AES: not restricted
2025-12-16 08:03:50,618 [main] INFO  o.e.c.elements.util.JceProviderUtil - EdDSA supported by SunEC, Ed25519: true, Ed448: true
2025-12-16 08:03:50,618 [main] INFO  o.e.c.elements.util.JceProviderUtil - JCE setup: SunEC version 17, ready.
2025-12-16 08:03:50,676 [main] INFO  o.e.c.elements.config.Configuration - defaults added DTLS.
2025-12-16 08:03:50,981 [main] WARN  o.e.l.s.b.LeshanBootstrapServerBuilder - configStore is set but you also provide a custom SessionManager so this store will not be used
2025-12-16 08:03:50,989 [main] INFO  o.e.c.c.network.RandomTokenGenerator - using tokens of 8 bytes in length
2025-12-16 08:03:50,990 [main] INFO  o.e.c.core.network.CoapEndpoint - [Bootstrap Server-coap://0.0.0.0:5687] CoapEndpoint uses udp context
2025-12-16 08:03:50,990 [main] INFO  o.e.c.c.network.stack.BlockwiseLayer - [Bootstrap Server-coap://0.0.0.0:5687] BlockwiseLayer uses MAX_MESSAGE_SIZE=1024, PREFERRED_BLOCK_SIZE=1024, BLOCKWISE_STATUS_LIFETIME=300000, MAX_RESOURCE_BODY_SIZE=268435456, BLOCKWISE_STRICT_BLOCK2_OPTION=true
2025-12-16 08:03:50,999 [main] INFO  o.t.s.t.l.b.LwM2MTransportBootstrapService - Unable to load X509 files for LWM2MServer
2025-12-16 08:03:51,003 [main] WARN  o.e.l.s.c.b.e.c.CoapsBootstrapServerEndpointFactory - PskStore should be automatically set by Leshan. Using a custom implementation is not advised.
2025-12-16 08:03:51,038 [main] INFO  o.e.c.s.d.InMemoryReadWriteLockConnectionStore - Created new InMemoryConnectionStore [capacity: 150000, connection expiration threshold: 1800s]
2025-12-16 08:03:51,042 [main] INFO  o.e.c.c.network.RandomTokenGenerator - using tokens of 8 bytes in length
2025-12-16 08:03:51,042 [main] INFO  o.e.c.core.network.CoapEndpoint - [Bootstrap Server-coaps://0.0.0.0:5688] CoapEndpoint uses lwm2m correlation
2025-12-16 08:03:51,042 [main] INFO  o.e.c.c.network.stack.BlockwiseLayer - [Bootstrap Server-coaps://0.0.0.0:5688] BlockwiseLayer uses MAX_MESSAGE_SIZE=1024, PREFERRED_BLOCK_SIZE=1024, BLOCKWISE_STATUS_LIFETIME=300000, MAX_RESOURCE_BODY_SIZE=268435456, BLOCKWISE_STRICT_BLOCK2_OPTION=true
2025-12-16 08:03:51,045 [main] INFO  o.e.californium.core.CoapServer - Starting server
2025-12-16 08:03:51,052 [main] INFO  o.e.c.elements.UDPConnector - UDPConnector starts up 2 sender threads and 2 receiver threads
2025-12-16 08:03:51,054 [main] INFO  o.e.c.elements.UDPConnector - UDPConnector listening on /[0:0:0:0:0:0:0:0]:5687, recv buf = 106496, send buf = 106496, recv packet size = 2048
2025-12-16 08:03:51,055 [main] INFO  o.e.c.core.network.CoapEndpoint - [Bootstrap Server-coap://0.0.0.0:5687] Started endpoint at coap://[0:0:0:0:0:0:0:0]:5687
2025-12-16 08:03:51,068 [main] INFO  o.e.c.scandium.DTLSConnector - multiple network interfaces, using smallest MTU [IPv4 1500, IPv6 1280]
2025-12-16 08:03:51,073 [DTLS-Receiver-0-/[0:0:0:0:0:0:0:0]:5688] INFO  o.e.c.scandium.DTLSConnector - Starting worker thread [DTLS-Receiver-0-/[0:0:0:0:0:0:0:0]:5688]
2025-12-16 08:03:51,073 [main] INFO  o.e.c.scandium.DTLSConnector - DTLSConnector listening on /[0:0:0:0:0:0:0:0]:5688, recv buf = 106496, send buf = 106496, recv packet size = 16490, MTU = IPv4 1500 / IPv6 1280
2025-12-16 08:03:51,074 [DTLS-Receiver-1-/[0:0:0:0:0:0:0:0]:5688] INFO  o.e.c.scandium.DTLSConnector - Starting worker thread [DTLS-Receiver-1-/[0:0:0:0:0:0:0:0]:5688]
2025-12-16 08:03:51,074 [main] INFO  o.e.c.core.network.CoapEndpoint - [Bootstrap Server-coaps://0.0.0.0:5688] Started endpoint at coaps://[0:0:0:0:0:0:0:0]:5688
2025-12-16 08:03:51,074 [main] INFO  o.e.l.s.b.LeshanBootstrapServer - Bootstrap server started.
2025-12-16 08:03:51,074 [main] INFO  o.e.l.s.b.LeshanBootstrapServer - CoAP over UDP endpoint based on Californium library available at coap://[0:0:0:0:0:0:0:0]:5687.
2025-12-16 08:03:51,074 [main] INFO  o.e.l.s.b.LeshanBootstrapServer - CoAP over DTLS endpoint based on Californium/Scandium library available at coaps://[0:0:0:0:0:0:0:0]:5688.
2025-12-16 08:03:51,075 [main] INFO  o.t.s.t.l.b.LwM2MTransportBootstrapService - Started LwM2M transport bootstrap server.
2025-12-16 08:03:51,370 [main] INFO  o.t.s.t.s.s.SnmpTransportService - SNMP transport service initialized
2025-12-16 08:03:51,402 [main] INFO  o.t.s.d.s.NamedParameterJdbcTemplateConfiguration - Set jdbcTemplate query timeout [30] second(s)
2025-12-16 08:03:51,929 [main] INFO  o.s.s.c.a.a.c.InitializeAuthenticationProviderBeanManagerConfigurer$InitializeAuthenticationProviderManagerConfigurer - Found 3 AuthenticationProvider beans, with names [jwtAuthenticationProvider, refreshTokenAuthenticationProvider, restAuthenticationProvider]. Global Authentication Manager will not be configured with AuthenticationProviders. Consider publishing a single AuthenticationProvider bean, or wiring your Providers directly using the DSL.
2025-12-16 08:03:52,187 [main] INFO  o.s.b.a.w.s.WelcomePageHandlerMapping - Adding welcome page: class path resource [public/index.html]
2025-12-16 08:03:53,005 [main] INFO  o.s.b.a.e.web.EndpointLinksResolver - Exposing 1 endpoint beneath base path '/actuator'
2025-12-16 08:04:13,397 [background-preinit] INFO  o.h.validator.internal.util.Version - HV000001: Hibernate Validator 8.0.3.Final
2025-12-16 08:04:13,528 [main] INFO  o.t.s.ThingsboardServerApplication - Starting ThingsboardServerApplication v4.2.1 using Java 17.0.16 with PID 22 (/usr/share/thingsboard/bin/thingsboard.jar started by thingsboard in /)
2025-12-16 08:04:13,530 [main] INFO  o.t.s.ThingsboardServerApplication - No active profile set, falling back to 1 default profile: "default"
2025-12-16 08:04:13,984 [main] WARN  o.s.c.a.AnnotationTypeMapping - Support for convention-based annotation attribute overrides is deprecated and will be removed in Spring Framework 7.0. Please annotate the following attributes in @org.thingsboard.server.config.annotations.ApiOperation with appropriate @AliasFor declarations: [hidden, requestBody, responses]
2025-12-16 08:04:17,851 [main] INFO  o.s.d.r.c.RepositoryConfigurationDelegate - Multiple Spring Data modules found, entering strict repository configuration mode
2025-12-16 08:04:17,852 [main] INFO  o.s.d.r.c.RepositoryConfigurationDelegate - Bootstrapping Spring Data JPA repositories in LAZY mode.
2025-12-16 08:04:18,083 [main] INFO  o.s.d.r.c.RepositoryConfigurationDelegate - Finished Spring Data repository scanning in 212 ms. Found 7 JPA repository interfaces.
2025-12-16 08:04:18,087 [main] INFO  o.s.d.r.c.RepositoryConfigurationDelegate - Multiple Spring Data modules found, entering strict repository configuration mode
2025-12-16 08:04:18,087 [main] INFO  o.s.d.r.c.RepositoryConfigurationDelegate - Bootstrapping Spring Data JPA repositories in LAZY mode.
2025-12-16 08:04:18,388 [main] INFO  o.s.d.r.c.RepositoryConfigurationDelegate - Finished Spring Data repository scanning in 297 ms. Found 57 JPA repository interfaces.
2025-12-16 08:04:18,391 [main] INFO  o.s.d.r.c.RepositoryConfigurationDelegate - Multiple Spring Data modules found, entering strict repository configuration mode
2025-12-16 08:04:18,391 [main] INFO  o.s.d.r.c.RepositoryConfigurationDelegate - Bootstrapping Spring Data JPA repositories in LAZY mode.
2025-12-16 08:04:18,406 [main] INFO  o.s.d.r.c.RepositoryConfigurationDelegate - Finished Spring Data repository scanning in 12 ms. Found 1 JPA repository interface.
2025-12-16 08:04:18,407 [main] INFO  o.s.d.r.c.RepositoryConfigurationDelegate - Multiple Spring Data modules found, entering strict repository configuration mode
2025-12-16 08:04:18,408 [main] INFO  o.s.d.r.c.RepositoryConfigurationDelegate - Bootstrapping Spring Data JPA repositories in LAZY mode.
2025-12-16 08:04:18,423 [main] INFO  o.s.d.r.c.RepositoryConfigurationDelegate - Finished Spring Data repository scanning in 11 ms. Found 1 JPA repository interface.
2025-12-16 08:04:19,678 [main] INFO  o.s.i.c.DefaultConfiguringBeanFactoryPostProcessor - No bean named 'errorChannel' has been explicitly defined. Therefore, a default PublishSubscribeChannel will be created.
2025-12-16 08:04:19,699 [main] INFO  o.s.i.c.DefaultConfiguringBeanFactoryPostProcessor - No bean named 'integrationHeaderChannelRegistry' has been explicitly defined. Therefore, a default DefaultHeaderChannelRegistry will be created.
2025-12-16 08:04:21,019 [main] INFO  o.t.s.q.d.DefaultTbServiceInfoProvider - Current Service ID: 49fed5d904d6
2025-12-16 08:04:22,715 [main] INFO  o.h.jpa.internal.util.LogHelper - HHH000204: Processing PersistenceUnitInfo [name: default]
2025-12-16 08:04:22,836 [main] INFO  org.hibernate.Version - HHH000412: Hibernate ORM core version 6.6.29.Final
2025-12-16 08:04:22,904 [main] INFO  o.h.c.i.RegionFactoryInitiator - HHH000026: Second-level cache disabled
2025-12-16 08:04:23,114 [main] INFO  com.zaxxer.hikari.HikariDataSource - HikariPool-1 - Starting...
2025-12-16 08:04:23,285 [main] INFO  com.zaxxer.hikari.pool.HikariPool - HikariPool-1 - Added connection org.postgresql.jdbc.PgConnection@50bae745
2025-12-16 08:04:23,290 [main] INFO  com.zaxxer.hikari.HikariDataSource - HikariPool-1 - Start completed.
2025-12-16 08:04:23,373 [main] INFO  o.hibernate.orm.connections.pooling - HHH10001005: Database info:
	Database JDBC URL [Connecting through datasource 'HikariDataSource (HikariPool-1)']
	Database driver: undefined/unknown
	Database version: 12.0
	Autocommit mode: undefined/unknown
	Isolation level: undefined/unknown
	Minimum pool size: undefined/unknown
	Maximum pool size: undefined/unknown
2025-12-16 08:04:23,921 [main] INFO  o.s.o.j.p.SpringPersistenceUnitInfo - No LoadTimeWeaver setup: ignoring JPA class transformer
2025-12-16 08:04:27,986 [main] INFO  o.h.e.t.j.p.i.JtaPlatformInitiator - HHH000489: No JTA platform available (set 'hibernate.transaction.jta.platform' to enable JTA platform integration)
2025-12-16 08:04:28,012 [main] INFO  o.s.o.j.LocalContainerEntityManagerFactoryBean - Initialized JPA EntityManagerFactory for persistence unit 'default'
2025-12-16 08:04:28,709 [main] INFO  o.s.d.j.r.query.QueryEnhancerFactory - Hibernate is in classpath; If applicable, HQL parser will be used.
2025-12-16 08:04:34,186 [main] INFO  o.s.b.w.e.tomcat.TomcatWebServer - Tomcat initialized with port 9090 (http)
2025-12-16 08:04:34,228 [main] INFO  o.a.coyote.http11.Http11NioProtocol - The ["http-nio-0.0.0.0-9090"] connector has been configured to support HTTP upgrade to [h2c]
2025-12-16 08:04:34,229 [main] INFO  o.a.coyote.http11.Http11NioProtocol - Initializing ProtocolHandler ["http-nio-0.0.0.0-9090"]
2025-12-16 08:04:34,238 [main] INFO  o.a.catalina.core.StandardService - Starting service [Tomcat]
2025-12-16 08:04:34,239 [main] INFO  o.a.catalina.core.StandardEngine - Starting Servlet engine: [Apache Tomcat/10.1.46]
2025-12-16 08:04:34,342 [main] INFO  o.a.c.c.C.[Tomcat].[localhost].[/] - Initializing Spring embedded WebApplicationContext
2025-12-16 08:04:34,343 [main] INFO  o.s.b.w.s.c.ServletWebServerApplicationContext - Root WebApplicationContext: initialization completed in 20748 ms
2025-12-16 08:04:34,754 [main] INFO  o.t.s.d.a.CachedAttributesService - Going to use directExecutor for the local cache type caffeine
2025-12-16 08:04:36,090 [main] INFO  o.t.s.s.a.DefaultTbApiUsageStateService - Starting api usage service.
2025-12-16 08:04:36,097 [main] INFO  o.t.s.s.a.DefaultTbApiUsageStateService - Started api usage service.
2025-12-16 08:04:38,811 [main] INFO  o.t.s.t.h.config.PayloadSizeFilter - Initialized payload size filter with configuration: /api/image*/**=52428800;/api/resource/**=52428800;/api/**=16777216
2025-12-16 08:04:38,872 [main] INFO  o.t.s.t.h.config.PayloadSizeFilter - Initialized payload size filter with configuration: /api/v1/*/rpc/**=65536;/api/v1/**=52428800
2025-12-16 08:04:39,036 [main] INFO  o.t.s.q.e.EnvironmentLogService - ThingsBoard server environment: zookeeper.version=3.9.3-c26634f34490bb0ea7a09cc51e05ede3b4e320ee, built on 2024-10-17 23:21 UTC
2025-12-16 08:04:39,036 [main] INFO  o.t.s.q.e.EnvironmentLogService - ThingsBoard server environment: host.name=49fed5d904d6
2025-12-16 08:04:39,036 [main] INFO  o.t.s.q.e.EnvironmentLogService - ThingsBoard server environment: java.version=17.0.16
2025-12-16 08:04:39,037 [main] INFO  o.t.s.q.e.EnvironmentLogService - ThingsBoard server environment: java.vendor=Debian
2025-12-16 08:04:39,040 [main] INFO  o.t.s.q.e.EnvironmentLogService - ThingsBoard server environment: java.home=/usr/lib/jvm/java-17-openjdk-amd64
2025-12-16 08:04:39,041 [main] INFO  o.t.s.q.e.EnvironmentLogService - ThingsBoard server environment: java.class.path=/usr/share/thingsboard/bin/thingsboard.jar
2025-12-16 08:04:39,041 [main] INFO  o.t.s.q.e.EnvironmentLogService - ThingsBoard server environment: java.library.path=/usr/java/packages/lib:/usr/lib/x86_64-linux-gnu/jni:/lib/x86_64-linux-gnu:/usr/lib/x86_64-linux-gnu:/usr/lib/jni:/lib:/usr/lib
2025-12-16 08:04:39,041 [main] INFO  o.t.s.q.e.EnvironmentLogService - ThingsBoard server environment: java.io.tmpdir=/tmp
2025-12-16 08:04:39,041 [main] INFO  o.t.s.q.e.EnvironmentLogService - ThingsBoard server environment: java.compiler=<NA>
2025-12-16 08:04:39,042 [main] INFO  o.t.s.q.e.EnvironmentLogService - ThingsBoard server environment: os.name=Linux
2025-12-16 08:04:39,042 [main] INFO  o.t.s.q.e.EnvironmentLogService - ThingsBoard server environment: os.arch=amd64
2025-12-16 08:04:39,043 [main] INFO  o.t.s.q.e.EnvironmentLogService - ThingsBoard server environment: os.version=6.6.87.2-microsoft-standard-WSL2
2025-12-16 08:04:39,045 [main] INFO  o.t.s.q.e.EnvironmentLogService - ThingsBoard server environment: user.name=thingsboard
2025-12-16 08:04:39,046 [main] INFO  o.t.s.q.e.EnvironmentLogService - ThingsBoard server environment: user.home=/home/thingsboard
2025-12-16 08:04:39,046 [main] INFO  o.t.s.q.e.EnvironmentLogService - ThingsBoard server environment: user.dir=/
2025-12-16 08:04:39,046 [main] INFO  o.t.s.q.e.EnvironmentLogService - ThingsBoard server environment: os.memory.free=273MB
2025-12-16 08:04:39,046 [main] INFO  o.t.s.q.e.EnvironmentLogService - ThingsBoard server environment: os.memory.max=1898MB
2025-12-16 08:04:39,046 [main] INFO  o.t.s.q.e.EnvironmentLogService - ThingsBoard server environment: os.memory.total=504MB
2025-12-16 08:04:39,255 [main] INFO  d.n.internal.NashornDetection - Delight-nashorn-sandbox detected that JDK Nashorn is absent and standalone Nashorn is present, and will use Standalone Nashorn
2025-12-16 08:04:40,786 [main] INFO  o.t.s.a.service.DefaultActorService - Initializing actor system.
2025-12-16 08:04:40,798 [main] INFO  o.t.s.a.service.DefaultActorService - Actor system initialized.
2025-12-16 08:04:41,902 [main] INFO  o.t.s.c.t.c.ssl.SslCredentialsConfig - LWM2M Server DTLS Credentials: Skipping initialization of disabled SSL credentials.
2025-12-16 08:04:41,914 [main] INFO  o.t.s.c.t.c.ssl.SslCredentialsConfig - LWM2M Trust Credentials: Skipping initialization of disabled SSL credentials.
2025-12-16 08:04:41,930 [main] INFO  o.t.s.c.t.c.ssl.SslCredentialsConfig - LWM2M Bootstrap DTLS Credentials: Skipping initialization of disabled SSL credentials.
2025-12-16 08:04:42,399 [main] INFO  o.t.s.c.SystemInfoController - System build info: {"version":"4.2.1","artifact":"application","name":"ThingsBoard Server Application","type":"CE"}
2025-12-16 08:04:43,308 [main] INFO  o.t.s.c.adaptor.JsonConverterConfig - JSON max string value length = 0
2025-12-16 08:04:43,309 [main] INFO  o.t.s.c.adaptor.JsonConverterConfig - JSON type cast enabled = true
2025-12-16 08:04:43,436 [main] INFO  o.t.s.t.mqtt.MqttTransportService - Setting resource leak detector level to DISABLED
2025-12-16 08:04:43,436 [main] INFO  o.t.s.t.mqtt.MqttTransportService - Starting MQTT transport...
2025-12-16 08:04:43,509 [main] INFO  o.t.s.t.mqtt.MqttTransportService - Mqtt transport started!
2025-12-16 08:04:43,584 [main] INFO  o.e.c.elements.config.Configuration - defaults added COAP.
2025-12-16 08:04:43,597 [main] INFO  o.e.c.elements.config.Configuration - defaults added UDP.
2025-12-16 08:04:43,598 [main] INFO  o.e.c.c.network.RandomTokenGenerator - using tokens of 8 bytes in length
2025-12-16 08:04:43,628 [main] INFO  org.eclipse.californium.ban - Started.
2025-12-16 08:04:43,630 [main] INFO  o.e.c.core.network.CoapEndpoint - coap CoapEndpoint uses udp context
2025-12-16 08:04:43,650 [main] INFO  o.e.c.elements.config.Configuration - defaults added SYS.
2025-12-16 08:04:43,650 [main] INFO  o.e.c.c.network.stack.BlockwiseLayer - coap BlockwiseLayer uses MAX_MESSAGE_SIZE=1024, PREFERRED_BLOCK_SIZE=1024, BLOCKWISE_STATUS_LIFETIME=300000, MAX_RESOURCE_BODY_SIZE=268435456, BLOCKWISE_STRICT_BLOCK2_OPTION=true
2025-12-16 08:04:43,662 [main] INFO  o.e.californium.core.CoapServer - Starting server
2025-12-16 08:04:43,677 [main] INFO  o.e.c.elements.UDPConnector - UDPConnector starts up 1 sender threads and 1 receiver threads
2025-12-16 08:04:43,681 [main] INFO  o.e.c.elements.UDPConnector - UDPConnector listening on /[0:0:0:0:0:0:0:0]:5683, recv buf = 106496, send buf = 106496, recv packet size = 2048
2025-12-16 08:04:43,682 [main] INFO  o.e.c.core.network.CoapEndpoint - coap Started endpoint at coap://[0:0:0:0:0:0:0:0]:5683
2025-12-16 08:04:43,685 [main] INFO  o.t.s.t.coap.CoapTransportService - Starting CoAP transport...
2025-12-16 08:04:43,692 [main] INFO  o.t.s.t.coap.CoapTransportService - CoAP transport started!
2025-12-16 08:04:43,738 [main] INFO  o.t.s.t.l.b.LwM2MTransportBootstrapService - Starting LwM2M transport bootstrap server...
2025-12-16 08:04:43,758 [main] INFO  o.e.c.elements.util.JceProviderUtil - JCE default setup
2025-12-16 08:04:43,780 [main] INFO  o.e.c.elements.util.JceProviderUtil - RSA: true, EC: true, AES: not restricted
2025-12-16 08:04:43,787 [main] INFO  o.e.c.elements.util.JceProviderUtil - EdDSA supported by SunEC, Ed25519: true, Ed448: true
2025-12-16 08:04:43,788 [main] INFO  o.e.c.elements.util.JceProviderUtil - JCE setup: SunEC version 17, ready.
2025-12-16 08:04:43,847 [main] INFO  o.e.c.elements.config.Configuration - defaults added DTLS.
2025-12-16 08:04:44,111 [main] WARN  o.e.l.s.b.LeshanBootstrapServerBuilder - configStore is set but you also provide a custom SessionManager so this store will not be used
2025-12-16 08:04:44,117 [main] INFO  o.e.c.c.network.RandomTokenGenerator - using tokens of 8 bytes in length
2025-12-16 08:04:44,117 [main] INFO  o.e.c.core.network.CoapEndpoint - [Bootstrap Server-coap://0.0.0.0:5687] CoapEndpoint uses udp context
2025-12-16 08:04:44,118 [main] INFO  o.e.c.c.network.stack.BlockwiseLayer - [Bootstrap Server-coap://0.0.0.0:5687] BlockwiseLayer uses MAX_MESSAGE_SIZE=1024, PREFERRED_BLOCK_SIZE=1024, BLOCKWISE_STATUS_LIFETIME=300000, MAX_RESOURCE_BODY_SIZE=268435456, BLOCKWISE_STRICT_BLOCK2_OPTION=true
2025-12-16 08:04:44,128 [main] INFO  o.t.s.t.l.b.LwM2MTransportBootstrapService - Unable to load X509 files for LWM2MServer
2025-12-16 08:04:44,133 [main] WARN  o.e.l.s.c.b.e.c.CoapsBootstrapServerEndpointFactory - PskStore should be automatically set by Leshan. Using a custom implementation is not advised.
2025-12-16 08:04:44,159 [main] INFO  o.e.c.s.d.InMemoryReadWriteLockConnectionStore - Created new InMemoryConnectionStore [capacity: 150000, connection expiration threshold: 1800s]
2025-12-16 08:04:44,162 [main] INFO  o.e.c.c.network.RandomTokenGenerator - using tokens of 8 bytes in length
2025-12-16 08:04:44,163 [main] INFO  o.e.c.core.network.CoapEndpoint - [Bootstrap Server-coaps://0.0.0.0:5688] CoapEndpoint uses lwm2m correlation
2025-12-16 08:04:44,163 [main] INFO  o.e.c.c.network.stack.BlockwiseLayer - [Bootstrap Server-coaps://0.0.0.0:5688] BlockwiseLayer uses MAX_MESSAGE_SIZE=1024, PREFERRED_BLOCK_SIZE=1024, BLOCKWISE_STATUS_LIFETIME=300000, MAX_RESOURCE_BODY_SIZE=268435456, BLOCKWISE_STRICT_BLOCK2_OPTION=true
2025-12-16 08:04:44,167 [main] INFO  o.e.californium.core.CoapServer - Starting server
2025-12-16 08:04:44,176 [main] INFO  o.e.c.elements.UDPConnector - UDPConnector starts up 2 sender threads and 2 receiver threads
2025-12-16 08:04:44,178 [main] INFO  o.e.c.elements.UDPConnector - UDPConnector listening on /[0:0:0:0:0:0:0:0]:5687, recv buf = 106496, send buf = 106496, recv packet size = 2048
2025-12-16 08:04:44,178 [main] INFO  o.e.c.core.network.CoapEndpoint - [Bootstrap Server-coap://0.0.0.0:5687] Started endpoint at coap://[0:0:0:0:0:0:0:0]:5687
2025-12-16 08:04:44,184 [main] INFO  o.e.c.scandium.DTLSConnector - multiple network interfaces, using smallest MTU [IPv4 1500, IPv6 1280]
2025-12-16 08:04:44,188 [DTLS-Receiver-0-/[0:0:0:0:0:0:0:0]:5688] INFO  o.e.c.scandium.DTLSConnector - Starting worker thread [DTLS-Receiver-0-/[0:0:0:0:0:0:0:0]:5688]
2025-12-16 08:04:44,188 [main] INFO  o.e.c.scandium.DTLSConnector - DTLSConnector listening on /[0:0:0:0:0:0:0:0]:5688, recv buf = 106496, send buf = 106496, recv packet size = 16490, MTU = IPv4 1500 / IPv6 1280
2025-12-16 08:04:44,188 [DTLS-Receiver-1-/[0:0:0:0:0:0:0:0]:5688] INFO  o.e.c.scandium.DTLSConnector - Starting worker thread [DTLS-Receiver-1-/[0:0:0:0:0:0:0:0]:5688]
2025-12-16 08:04:44,190 [main] INFO  o.e.c.core.network.CoapEndpoint - [Bootstrap Server-coaps://0.0.0.0:5688] Started endpoint at coaps://[0:0:0:0:0:0:0:0]:5688
2025-12-16 08:04:44,190 [main] INFO  o.e.l.s.b.LeshanBootstrapServer - Bootstrap server started.
2025-12-16 08:04:44,190 [main] INFO  o.e.l.s.b.LeshanBootstrapServer - CoAP over UDP endpoint based on Californium library available at coap://[0:0:0:0:0:0:0:0]:5687.
2025-12-16 08:04:44,190 [main] INFO  o.e.l.s.b.LeshanBootstrapServer - CoAP over DTLS endpoint based on Californium/Scandium library available at coaps://[0:0:0:0:0:0:0:0]:5688.
2025-12-16 08:04:44,190 [main] INFO  o.t.s.t.l.b.LwM2MTransportBootstrapService - Started LwM2M transport bootstrap server.
2025-12-16 08:04:44,490 [main] INFO  o.t.s.t.s.s.SnmpTransportService - SNMP transport service initialized
2025-12-16 08:04:44,515 [main] INFO  o.t.s.d.s.NamedParameterJdbcTemplateConfiguration - Set jdbcTemplate query timeout [30] second(s)
2025-12-16 08:04:44,969 [main] INFO  o.s.s.c.a.a.c.InitializeAuthenticationProviderBeanManagerConfigurer$InitializeAuthenticationProviderManagerConfigurer - Found 3 AuthenticationProvider beans, with names [jwtAuthenticationProvider, refreshTokenAuthenticationProvider, restAuthenticationProvider]. Global Authentication Manager will not be configured with AuthenticationProviders. Consider publishing a single AuthenticationProvider bean, or wiring your Providers directly using the DSL.
2025-12-16 08:04:45,235 [main] INFO  o.s.b.a.w.s.WelcomePageHandlerMapping - Adding welcome page: class path resource [public/index.html]
2025-12-16 08:04:45,950 [main] INFO  o.s.b.a.e.web.EndpointLinksResolver - Exposing 1 endpoint beneath base path '/actuator'
2025-12-16 08:04:47,742 [main] WARN  i.m.c.i.b.cache.CaffeineCacheMetrics - The cache 'relations' is not recording statistics. No meters except 'cache.size' will be registered. Call 'Caffeine#recordStats()' prior to building the cache for metrics to be recorded.
2025-12-16 08:04:47,743 [main] WARN  i.m.c.i.b.cache.CaffeineCacheMetrics - The cache 'deviceCredentials' is not recording statistics. No meters except 'cache.size' will be registered. Call 'Caffeine#recordStats()' prior to building the cache for metrics to be recorded.
2025-12-16 08:04:47,744 [main] WARN  i.m.c.i.b.cache.CaffeineCacheMetrics - The cache 'devices' is not recording statistics. No meters except 'cache.size' will be registered. Call 'Caffeine#recordStats()' prior to building the cache for metrics to be recorded.
2025-12-16 08:04:47,745 [main] WARN  i.m.c.i.b.cache.CaffeineCacheMetrics - The cache 'sessions' is not recording statistics. No meters except 'cache.size' will be registered. Call 'Caffeine#recordStats()' prior to building the cache for metrics to be recorded.
2025-12-16 08:04:47,745 [main] WARN  i.m.c.i.b.cache.CaffeineCacheMetrics - The cache 'assets' is not recording statistics. No meters except 'cache.size' will be registered. Call 'Caffeine#recordStats()' prior to building the cache for metrics to be recorded.
2025-12-16 08:04:47,746 [main] WARN  i.m.c.i.b.cache.CaffeineCacheMetrics - The cache 'customers' is not recording statistics. No meters except 'cache.size' will be registered. Call 'Caffeine#recordStats()' prior to building the cache for metrics to be recorded.
2025-12-16 08:04:47,746 [main] WARN  i.m.c.i.b.cache.CaffeineCacheMetrics - The cache 'users' is not recording statistics. No meters except 'cache.size' will be registered. Call 'Caffeine#recordStats()' prior to building the cache for metrics to be recorded.
2025-12-16 08:04:47,747 [main] WARN  i.m.c.i.b.cache.CaffeineCacheMetrics - The cache 'entityViews' is not recording statistics. No meters except 'cache.size' will be registered. Call 'Caffeine#recordStats()' prior to building the cache for metrics to be recorded.
2025-12-16 08:04:47,747 [main] WARN  i.m.c.i.b.cache.CaffeineCacheMetrics - The cache 'claimDevices' is not recording statistics. No meters except 'cache.size' will be registered. Call 'Caffeine#recordStats()' prior to building the cache for metrics to be recorded.
2025-12-16 08:04:47,749 [main] WARN  i.m.c.i.b.cache.CaffeineCacheMetrics - The cache 'securitySettings' is not recording statistics. No meters except 'cache.size' will be registered. Call 'Caffeine#recordStats()' prior to building the cache for metrics to be recorded.
2025-12-16 08:04:47,749 [main] WARN  i.m.c.i.b.cache.CaffeineCacheMetrics - The cache 'tenantProfiles' is not recording statistics. No meters except 'cache.size' will be registered. Call 'Caffeine#recordStats()' prior to building the cache for metrics to be recorded.
2025-12-16 08:04:47,749 [main] WARN  i.m.c.i.b.cache.CaffeineCacheMetrics - The cache 'tenants' is not recording statistics. No meters except 'cache.size' will be registered. Call 'Caffeine#recordStats()' prior to building the cache for metrics to be recorded.
2025-12-16 08:04:47,750 [main] WARN  i.m.c.i.b.cache.CaffeineCacheMetrics - The cache 'tenantsExist' is not recording statistics. No meters except 'cache.size' will be registered. Call 'Caffeine#recordStats()' prior to building the cache for metrics to be recorded.
2025-12-16 08:04:47,750 [main] WARN  i.m.c.i.b.cache.CaffeineCacheMetrics - The cache 'deviceProfiles' is not recording statistics. No meters except 'cache.size' will be registered. Call 'Caffeine#recordStats()' prior to building the cache for metrics to be recorded.
2025-12-16 08:04:47,750 [main] WARN  i.m.c.i.b.cache.CaffeineCacheMetrics - The cache 'assetProfiles' is not recording statistics. No meters except 'cache.size' will be registered. Call 'Caffeine#recordStats()' prior to building the cache for metrics to be recorded.
2025-12-16 08:04:47,751 [main] WARN  i.m.c.i.b.cache.CaffeineCacheMetrics - The cache 'notificationSettings' is not recording statistics. No meters except 'cache.size' will be registered. Call 'Caffeine#recordStats()' prior to building the cache for metrics to be recorded.
2025-12-16 08:04:47,751 [main] WARN  i.m.c.i.b.cache.CaffeineCacheMetrics - The cache 'sentNotifications' is not recording statistics. No meters except 'cache.size' will be registered. Call 'Caffeine#recordStats()' prior to building the cache for metrics to be recorded.
2025-12-16 08:04:47,751 [main] WARN  i.m.c.i.b.cache.CaffeineCacheMetrics - The cache 'attributes' is not recording statistics. No meters except 'cache.size' will be registered. Call 'Caffeine#recordStats()' prior to building the cache for metrics to be recorded.
2025-12-16 08:04:47,752 [main] WARN  i.m.c.i.b.cache.CaffeineCacheMetrics - The cache 'tsLatest' is not recording statistics. No meters except 'cache.size' will be registered. Call 'Caffeine#recordStats()' prior to building the cache for metrics to be recorded.
2025-12-16 08:04:47,752 [main] WARN  i.m.c.i.b.cache.CaffeineCacheMetrics - The cache 'userSessionsInvalidation' is not recording statistics. No meters except 'cache.size' will be registered. Call 'Caffeine#recordStats()' prior to building the cache for metrics to be recorded.
2025-12-16 08:04:47,753 [main] WARN  i.m.c.i.b.cache.CaffeineCacheMetrics - The cache 'otaPackages' is not recording statistics. No meters except 'cache.size' will be registered. Call 'Caffeine#recordStats()' prior to building the cache for metrics to be recorded.
2025-12-16 08:04:47,754 [main] WARN  i.m.c.i.b.cache.CaffeineCacheMetrics - The cache 'otaPackagesData' is not recording statistics. No meters except 'cache.size' will be registered. Call 'Caffeine#recordStats()' prior to building the cache for metrics to be recorded.
2025-12-16 08:04:47,755 [main] WARN  i.m.c.i.b.cache.CaffeineCacheMetrics - The cache 'edges' is not recording statistics. No meters except 'cache.size' will be registered. Call 'Caffeine#recordStats()' prior to building the cache for metrics to be recorded.
2025-12-16 08:04:47,756 [main] WARN  i.m.c.i.b.cache.CaffeineCacheMetrics - The cache 'edgeSessions' is not recording statistics. No meters except 'cache.size' will be registered. Call 'Caffeine#recordStats()' prior to building the cache for metrics to be recorded.
2025-12-16 08:04:47,756 [main] WARN  i.m.c.i.b.cache.CaffeineCacheMetrics - The cache 'relatedEdges' is not recording statistics. No meters except 'cache.size' will be registered. Call 'Caffeine#recordStats()' prior to building the cache for metrics to be recorded.
2025-12-16 08:04:47,756 [main] WARN  i.m.c.i.b.cache.CaffeineCacheMetrics - The cache 'repositorySettings' is not recording statistics. No meters except 'cache.size' will be registered. Call 'Caffeine#recordStats()' prior to building the cache for metrics to be recorded.
2025-12-16 08:04:47,756 [main] WARN  i.m.c.i.b.cache.CaffeineCacheMetrics - The cache 'autoCommitSettings' is not recording statistics. No meters except 'cache.size' will be registered. Call 'Caffeine#recordStats()' prior to building the cache for metrics to be recorded.
2025-12-16 08:04:47,757 [main] WARN  i.m.c.i.b.cache.CaffeineCacheMetrics - The cache 'twoFaVerificationCodes' is not recording statistics. No meters except 'cache.size' will be registered. Call 'Caffeine#recordStats()' prior to building the cache for metrics to be recorded.
2025-12-16 08:04:47,757 [main] WARN  i.m.c.i.b.cache.CaffeineCacheMetrics - The cache 'versionControlTask' is not recording statistics. No meters except 'cache.size' will be registered. Call 'Caffeine#recordStats()' prior to building the cache for metrics to be recorded.
2025-12-16 08:04:47,758 [main] WARN  i.m.c.i.b.cache.CaffeineCacheMetrics - The cache 'userSettings' is not recording statistics. No meters except 'cache.size' will be registered. Call 'Caffeine#recordStats()' prior to building the cache for metrics to be recorded.
2025-12-16 08:04:47,758 [main] WARN  i.m.c.i.b.cache.CaffeineCacheMetrics - The cache 'dashboardTitles' is not recording statistics. No meters except 'cache.size' will be registered. Call 'Caffeine#recordStats()' prior to building the cache for metrics to be recorded.
2025-12-16 08:04:47,758 [main] WARN  i.m.c.i.b.cache.CaffeineCacheMetrics - The cache 'entityCount' is not recording statistics. No meters except 'cache.size' will be registered. Call 'Caffeine#recordStats()' prior to building the cache for metrics to be recorded.
2025-12-16 08:04:47,759 [main] WARN  i.m.c.i.b.cache.CaffeineCacheMetrics - The cache 'resourceInfo' is not recording statistics. No meters except 'cache.size' will be registered. Call 'Caffeine#recordStats()' prior to building the cache for metrics to be recorded.
2025-12-16 08:04:47,760 [main] WARN  i.m.c.i.b.cache.CaffeineCacheMetrics - The cache 'alarmTypes' is not recording statistics. No meters except 'cache.size' will be registered. Call 'Caffeine#recordStats()' prior to building the cache for metrics to be recorded.
2025-12-16 08:04:47,761 [main] WARN  i.m.c.i.b.cache.CaffeineCacheMetrics - The cache 'qrCodeSettings' is not recording statistics. No meters except 'cache.size' will be registered. Call 'Caffeine#recordStats()' prior to building the cache for metrics to be recorded.
2025-12-16 08:04:47,762 [main] WARN  i.m.c.i.b.cache.CaffeineCacheMetrics - The cache 'mobileSecretKey' is not recording statistics. No meters except 'cache.size' will be registered. Call 'Caffeine#recordStats()' prior to building the cache for metrics to be recorded.
2025-12-16 08:04:47,762 [main] WARN  i.m.c.i.b.cache.CaffeineCacheMetrics - The cache 'trendzSettings' is not recording statistics. No meters except 'cache.size' will be registered. Call 'Caffeine#recordStats()' prior to building the cache for metrics to be recorded.
2025-12-16 08:04:47,763 [main] WARN  i.m.c.i.b.cache.CaffeineCacheMetrics - The cache 'aiModel' is not recording statistics. No meters except 'cache.size' will be registered. Call 'Caffeine#recordStats()' prior to building the cache for metrics to be recorded.
2025-12-16 08:04:48,294 [main] INFO  o.s.i.endpoint.EventDrivenConsumer - Adding {logging-channel-adapter:_org.springframework.integration.errorLogger} as a subscriber to the 'errorChannel' channel
2025-12-16 08:04:48,294 [main] INFO  o.s.i.c.PublishSubscribeChannel - Channel 'application.errorChannel' has 1 subscriber(s).
2025-12-16 08:04:48,295 [main] INFO  o.s.i.endpoint.EventDrivenConsumer - started bean '_org.springframework.integration.errorLogger'
2025-12-16 08:04:48,320 [main] INFO  o.a.coyote.http11.Http11NioProtocol - Starting ProtocolHandler ["http-nio-0.0.0.0-9090"]
2025-12-16 08:04:48,350 [main] INFO  o.s.b.w.e.tomcat.TomcatWebServer - Tomcat started on port 9090 (http) with context path '/'
2025-12-16 08:04:48,408 [TB-Scheduling-2] INFO  o.t.s.c.t.s.DefaultTransportService - Transport Stats: openConnections [0]
2025-12-16 08:04:48,409 [main] INFO  o.t.s.ThingsboardServerApplication - Started ThingsboardServerApplication in 35.911 seconds (process running for 37.684)
2025-12-16 08:04:48,429 [main] INFO  o.t.s.q.c.c.QueueConsumerManager - [TB Version Control] Launching consumer
2025-12-16 08:04:48,431 [main] INFO  o.t.s.q.d.HashPartitionService - Recalculating partitions
2025-12-16 08:04:48,432 [main] INFO  o.t.s.q.d.HashPartitionService - [49fed5d904d6] Found common server: [TB_CORE, TB_RULE_ENGINE, TB_TRANSPORT, JS_EXECUTOR, TB_VC_EXECUTOR, EDQS, TASK_PROCESSOR]
2025-12-16 08:04:48,447 [main] INFO  o.t.s.q.d.HashPartitionService - Partitions changed: 
[QK(Main,TB_VC_EXECUTOR,system)] - [0, 1, 2, 3, 4, 5, 6, 7, 8, 9]
2025-12-16 08:04:48,450 [main] INFO  o.t.s.q.d.HashPartitionService - Partitions changed: 
[QK(Main,TB_CORE,system)] - [0, 1, 2, 3, 4, 5, 6, 7, 8, 9]
[QK(Edge,TB_CORE,system)] - [0, 1, 2, 3, 4, 5, 6, 7, 8, 9]
2025-12-16 08:04:48,457 [api-usage-scheduled-19-thread-1] INFO  o.t.s.s.p.AbstractPartitionBasedService - [API Usage] CURRENT PARTITIONS: []
2025-12-16 08:04:48,457 [api-usage-scheduled-19-thread-1] INFO  o.t.s.s.p.AbstractPartitionBasedService - [API Usage] NEW PARTITIONS: [tb_core.0, tb_core.2, tb_core.4, tb_core.6, tb_core.8, tb_core.1, tb_core.3, tb_core.5, tb_core.7, tb_core.9]
2025-12-16 08:04:48,457 [main] INFO  o.t.s.a.service.DefaultActorService - Received partition change event.
2025-12-16 08:04:48,457 [api-usage-scheduled-19-thread-1] INFO  o.t.s.s.p.AbstractPartitionBasedService - [API Usage] ADDED PARTITIONS: [tb_core.0, tb_core.2, tb_core.4, tb_core.6, tb_core.8, tb_core.1, tb_core.3, tb_core.5, tb_core.7, tb_core.9]
2025-12-16 08:04:48,457 [api-usage-scheduled-19-thread-1] INFO  o.t.s.s.p.AbstractPartitionBasedService - [API Usage] REMOVED PARTITIONS: []
2025-12-16 08:04:48,458 [device-state-scheduled-21-thread-1] INFO  o.t.s.s.p.AbstractPartitionBasedService - [Device State] CURRENT PARTITIONS: []
2025-12-16 08:04:48,458 [device-state-scheduled-21-thread-1] INFO  o.t.s.s.p.AbstractPartitionBasedService - [Device State] NEW PARTITIONS: [tb_core.0, tb_core.2, tb_core.4, tb_core.6, tb_core.8, tb_core.1, tb_core.3, tb_core.5, tb_core.7, tb_core.9]
2025-12-16 08:04:48,458 [device-state-scheduled-21-thread-1] INFO  o.t.s.s.p.AbstractPartitionBasedService - [Device State] ADDED PARTITIONS: [tb_core.0, tb_core.2, tb_core.4, tb_core.6, tb_core.8, tb_core.1, tb_core.3, tb_core.5, tb_core.7, tb_core.9]
2025-12-16 08:04:48,458 [device-state-scheduled-21-thread-1] INFO  o.t.s.s.p.AbstractPartitionBasedService - [Device State] REMOVED PARTITIONS: []
2025-12-16 08:04:48,459 [api-usage-scheduled-19-thread-1] INFO  o.t.s.s.a.DefaultTbApiUsageStateService - Initializing tenant states.
2025-12-16 08:04:48,462 [notifications-scheduler-49-thread-1] INFO  o.t.s.s.p.AbstractPartitionBasedService - [Notifications scheduler] CURRENT PARTITIONS: []
2025-12-16 08:04:48,462 [notifications-scheduler-49-thread-1] INFO  o.t.s.s.p.AbstractPartitionBasedService - [Notifications scheduler] NEW PARTITIONS: [tb_core.0, tb_core.2, tb_core.4, tb_core.6, tb_core.8, tb_core.1, tb_core.3, tb_core.5, tb_core.7, tb_core.9]
2025-12-16 08:04:48,462 [notifications-scheduler-49-thread-1] INFO  o.t.s.s.p.AbstractPartitionBasedService - [Notifications scheduler] ADDED PARTITIONS: [tb_core.0, tb_core.2, tb_core.4, tb_core.6, tb_core.8, tb_core.1, tb_core.3, tb_core.5, tb_core.7, tb_core.9]
2025-12-16 08:04:48,462 [notifications-scheduler-49-thread-1] INFO  o.t.s.s.p.AbstractPartitionBasedService - [Notifications scheduler] REMOVED PARTITIONS: []
2025-12-16 08:04:48,465 [tb-core-mgmt-0-1] INFO  o.t.s.q.c.c.MainQueueConsumerManager - [QK(Main,TB_CORE,system)] Added partitions: [tb_core.0, tb_core.2, tb_core.4, tb_core.6, tb_core.8, tb_core.1, tb_core.3, tb_core.5, tb_core.7, tb_core.9], removed partitions: []
2025-12-16 08:04:48,467 [main] INFO  o.t.s.q.d.HashPartitionService - Partitions changed: 
[QK(SequentialByOriginator,TB_RULE_ENGINE,system)] - [0, 1, 2, 3, 4, 5, 6, 7, 8, 9]
[QK(CalculatedFields,TB_RULE_ENGINE,system)] - [0, 1, 2, 3, 4, 5, 6, 7, 8, 9]
[QK(CalculatedFieldStates,TB_RULE_ENGINE,system)] - [0, 1, 2, 3, 4, 5, 6, 7, 8, 9]
[QK(HighPriority,TB_RULE_ENGINE,system)] - [0, 1, 2, 3, 4, 5, 6, 7, 8, 9]
[QK(Main,TB_RULE_ENGINE,system)] - [0, 1, 2, 3, 4, 5, 6, 7, 8, 9]
2025-12-16 08:04:48,467 [tb-edge-mgmt-0-1] INFO  o.t.s.q.c.c.MainQueueConsumerManager - [QK(Edge,TB_CORE,system)] New partitions: [tb_edge.0, tb_edge.2, tb_edge.4, tb_edge.6, tb_edge.8, tb_edge.1, tb_edge.3, tb_edge.5, tb_edge.7, tb_edge.9]
2025-12-16 08:04:48,467 [main] INFO  o.t.s.a.service.DefaultActorService - Received partition change event.
2025-12-16 08:04:48,468 [main] INFO  o.t.s.q.d.HashPartitionService - Partitions changed: 
[QK(Main,EDQS,system)] - [0, 1, 10, 11, 2, 3, 4, 5, 6, 7, 8, 9]
2025-12-16 08:04:48,469 [tb-edge-mgmt-0-1] INFO  o.t.s.q.c.c.MainQueueConsumerManager - [QK(Edge,TB_CORE,system)] Launching consumer
2025-12-16 08:04:48,469 [tb-core-mgmt-0-1] INFO  o.t.s.q.c.c.MainQueueConsumerManager - [QK(Main,TB_CORE,system)-0] Launching consumer
2025-12-16 08:04:48,469 [main] INFO  o.t.s.t.s.s.SnmpTransportBalancingService - Recalculating partitions for SNMP transports
2025-12-16 08:04:48,470 [tb-core-mgmt-0-1] INFO  o.t.s.q.c.c.MainQueueConsumerManager - [QK(Main,TB_CORE,system)-2] Launching consumer
2025-12-16 08:04:48,472 [tb-core-mgmt-0-1] INFO  o.t.s.q.c.c.MainQueueConsumerManager - [QK(Main,TB_CORE,system)-4] Launching consumer
2025-12-16 08:04:48,472 [main] INFO  o.t.s.t.s.s.SnmpTransportBalancingService - SNMP transports partitions have not changed
2025-12-16 08:04:48,473 [tb-core-mgmt-0-1] INFO  o.t.s.q.c.c.MainQueueConsumerManager - [QK(Main,TB_CORE,system)-6] Launching consumer
2025-12-16 08:04:48,475 [tb-core-mgmt-0-1] INFO  o.t.s.q.c.c.MainQueueConsumerManager - [QK(Main,TB_CORE,system)-8] Launching consumer
2025-12-16 08:04:48,476 [tb-core-mgmt-0-1] INFO  o.t.s.q.c.c.MainQueueConsumerManager - [QK(Main,TB_CORE,system)-1] Launching consumer
2025-12-16 08:04:48,479 [tb-core-mgmt-0-1] INFO  o.t.s.q.c.c.MainQueueConsumerManager - [QK(Main,TB_CORE,system)-3] Launching consumer
2025-12-16 08:04:48,481 [tb-core-mgmt-0-1] INFO  o.t.s.q.c.c.MainQueueConsumerManager - [QK(Main,TB_CORE,system)-5] Launching consumer
2025-12-16 08:04:48,482 [tb-core-mgmt-0-1] INFO  o.t.s.q.c.c.MainQueueConsumerManager - [QK(Main,TB_CORE,system)-7] Launching consumer
2025-12-16 08:04:48,483 [tb-core-mgmt-0-1] INFO  o.t.s.q.c.c.MainQueueConsumerManager - [QK(Main,TB_CORE,system)-9] Launching consumer
2025-12-16 08:04:48,733 [main] INFO  o.t.s.a.service.DefaultActorService - Received application ready event. Sending application init message to actor system
2025-12-16 08:04:48,734 [app-dispatcher-31-thread-1] INFO  o.t.server.actors.app.AppActor - Starting main system actor.
2025-12-16 08:04:48,760 [main] INFO  o.t.s.s.edge.rpc.EdgeGrpcService - Initializing Edge RPC service!
2025-12-16 08:04:48,795 [app-dispatcher-31-thread-1] INFO  o.t.server.actors.app.AppActor - Main system actor started.
2025-12-16 08:04:49,224 [main] INFO  o.t.s.s.edge.rpc.EdgeGrpcService - Going to start Edge RPC server using port: 7070
2025-12-16 08:04:49,267 [notifications-scheduler-49-thread-1] INFO  o.t.s.s.p.AbstractPartitionBasedService - [Notifications scheduler] Managing following partitions:
2025-12-16 08:04:49,268 [notifications-scheduler-49-thread-1] INFO  o.t.s.s.p.AbstractPartitionBasedService - [Notifications scheduler][tb_core.4]: 0 entities
2025-12-16 08:04:49,268 [notifications-scheduler-49-thread-1] INFO  o.t.s.s.p.AbstractPartitionBasedService - [Notifications scheduler][tb_core.8]: 0 entities
2025-12-16 08:04:49,268 [notifications-scheduler-49-thread-1] INFO  o.t.s.s.p.AbstractPartitionBasedService - [Notifications scheduler][tb_core.0]: 0 entities
2025-12-16 08:04:49,268 [notifications-scheduler-49-thread-1] INFO  o.t.s.s.p.AbstractPartitionBasedService - [Notifications scheduler][tb_core.3]: 0 entities
2025-12-16 08:04:49,268 [notifications-scheduler-49-thread-1] INFO  o.t.s.s.p.AbstractPartitionBasedService - [Notifications scheduler][tb_core.7]: 0 entities
2025-12-16 08:04:49,268 [notifications-scheduler-49-thread-1] INFO  o.t.s.s.p.AbstractPartitionBasedService - [Notifications scheduler][tb_core.2]: 0 entities
2025-12-16 08:04:49,268 [notifications-scheduler-49-thread-1] INFO  o.t.s.s.p.AbstractPartitionBasedService - [Notifications scheduler][tb_core.6]: 0 entities
2025-12-16 08:04:49,269 [notifications-scheduler-49-thread-1] INFO  o.t.s.s.p.AbstractPartitionBasedService - [Notifications scheduler][tb_core.5]: 0 entities
2025-12-16 08:04:49,269 [notifications-scheduler-49-thread-1] INFO  o.t.s.s.p.AbstractPartitionBasedService - [Notifications scheduler][tb_core.1]: 0 entities
2025-12-16 08:04:49,269 [notifications-scheduler-49-thread-1] INFO  o.t.s.s.p.AbstractPartitionBasedService - [Notifications scheduler][tb_core.9]: 0 entities
2025-12-16 08:04:49,395 [device-state-scheduled-21-thread-1] INFO  o.t.s.s.s.DefaultDeviceStateService - [tb_core.6] Submit task for device states: 1
2025-12-16 08:04:49,396 [device-state-scheduled-21-thread-1] INFO  o.t.s.s.s.DefaultDeviceStateService - [tb_core.4] Submit task for device states: 1
2025-12-16 08:04:49,397 [device-state-scheduled-21-thread-1] INFO  o.t.s.s.s.DefaultDeviceStateService - [tb_core.7] Submit task for device states: 1
2025-12-16 08:04:49,397 [device-state-scheduled-21-thread-1] INFO  o.t.s.s.s.DefaultDeviceStateService - [tb_core.9] Submit task for device states: 3
2025-12-16 08:04:49,397 [device-state-scheduled-21-thread-1] INFO  o.t.s.s.s.DefaultDeviceStateService - [tb_core.5] Submit task for device states: 2
2025-12-16 08:04:49,397 [device-state-scheduled-21-thread-1] INFO  o.t.s.s.s.DefaultDeviceStateService - [tb_core.2] Submit task for device states: 2
2025-12-16 08:04:49,397 [device-state-scheduled-21-thread-1] INFO  o.t.s.s.s.DefaultDeviceStateService - [tb_core.1] Submit task for device states: 3
2025-12-16 08:04:49,451 [main] INFO  o.t.s.s.edge.rpc.EdgeGrpcService - Edge RPC service initialized!
2025-12-16 08:04:49,454 [device-state-0-6] INFO  o.t.s.s.s.DefaultDeviceStateService - [2] Initialized 2 out of 2 device states
2025-12-16 08:04:49,454 [device-state-0-3] INFO  o.t.s.s.s.DefaultDeviceStateService - [7] Initialized 1 out of 1 device states
2025-12-16 08:04:49,454 [device-state-0-1] INFO  o.t.s.s.s.DefaultDeviceStateService - [6] Initialized 1 out of 1 device states
2025-12-16 08:04:49,455 [device-state-0-2] INFO  o.t.s.s.s.DefaultDeviceStateService - [4] Initialized 1 out of 1 device states
2025-12-16 08:04:49,454 [main] INFO  o.t.s.q.c.c.QueueConsumerManager - [Housekeeper reprocessing] Launching consumer
2025-12-16 08:04:49,454 [device-state-0-5] INFO  o.t.s.s.s.DefaultDeviceStateService - [5] Initialized 2 out of 2 device states
2025-12-16 08:04:49,455 [device-state-0-4] INFO  o.t.s.s.s.DefaultDeviceStateService - [9] Initialized 3 out of 3 device states
2025-12-16 08:04:49,454 [device-state-0-7] INFO  o.t.s.s.s.DefaultDeviceStateService - [1] Initialized 3 out of 3 device states
2025-12-16 08:04:49,455 [main] INFO  o.t.s.q.c.c.QueueConsumerManager - [Housekeeper] Launching consumer
2025-12-16 08:04:49,456 [device-state-0-3] INFO  o.t.s.s.p.AbstractPartitionBasedService - [Device State] Managing following partitions:
2025-12-16 08:04:49,456 [main] INFO  o.t.s.q.c.c.QueueConsumerManager - [job-stats] Launching consumer
2025-12-16 08:04:49,456 [device-state-0-3] INFO  o.t.s.s.p.AbstractPartitionBasedService - [Device State][tb_core.4]: 1 entities
2025-12-16 08:04:49,456 [device-state-0-3] INFO  o.t.s.s.p.AbstractPartitionBasedService - [Device State][tb_core.8]: 0 entities
2025-12-16 08:04:49,457 [main] INFO  o.t.s.q.c.c.QueueConsumerManager - [TB Rule Engine Notifications] Launching consumer
2025-12-16 08:04:49,457 [device-state-0-3] INFO  o.t.s.s.p.AbstractPartitionBasedService - [Device State][tb_core.0]: 0 entities
2025-12-16 08:04:49,457 [device-state-0-3] INFO  o.t.s.s.p.AbstractPartitionBasedService - [Device State][tb_core.3]: 0 entities
2025-12-16 08:04:49,457 [device-state-0-3] INFO  o.t.s.s.p.AbstractPartitionBasedService - [Device State][tb_core.7]: 1 entities
2025-12-16 08:04:49,457 [device-state-0-3] INFO  o.t.s.s.p.AbstractPartitionBasedService - [Device State][tb_core.2]: 2 entities
2025-12-16 08:04:49,457 [device-state-0-3] INFO  o.t.s.s.p.AbstractPartitionBasedService - [Device State][tb_core.6]: 1 entities
2025-12-16 08:04:49,457 [device-state-0-3] INFO  o.t.s.s.p.AbstractPartitionBasedService - [Device State][tb_core.5]: 2 entities
2025-12-16 08:04:49,457 [device-state-0-3] INFO  o.t.s.s.p.AbstractPartitionBasedService - [Device State][tb_core.1]: 3 entities
2025-12-16 08:04:49,457 [device-state-0-3] INFO  o.t.s.s.p.AbstractPartitionBasedService - [Device State][tb_core.9]: 3 entities
2025-12-16 08:04:49,461 [main] INFO  o.t.s.s.q.DefaultTbCalculatedFieldConsumerService - Handling partition change event: PartitionChangeEvent(super=TbApplicationEvent(sequenceNumber=3), serviceType=TB_RULE_ENGINE, newPartitions={QK(SequentialByOriginator,TB_RULE_ENGINE,system)=[tb_rule_engine.sq.0, tb_rule_engine.sq.2, tb_rule_engine.sq.4, tb_rule_engine.sq.6, tb_rule_engine.sq.8, tb_rule_engine.sq.1, tb_rule_engine.sq.3, tb_rule_engine.sq.5, tb_rule_engine.sq.7, tb_rule_engine.sq.9], QK(CalculatedFields,TB_RULE_ENGINE,system)=[tb_cf_event.1, tb_cf_event.3, tb_cf_event.5, tb_cf_event.7, tb_cf_event.9, tb_cf_event.0, tb_cf_event.2, tb_cf_event.4, tb_cf_event.6, tb_cf_event.8], QK(CalculatedFieldStates,TB_RULE_ENGINE,system)=[tb_cf_state.1, tb_cf_state.3, tb_cf_state.5, tb_cf_state.7, tb_cf_state.9, tb_cf_state.0, tb_cf_state.2, tb_cf_state.4, tb_cf_state.6, tb_cf_state.8], QK(HighPriority,TB_RULE_ENGINE,system)=[tb_rule_engine.hp.1, tb_rule_engine.hp.3, tb_rule_engine.hp.5, tb_rule_engine.hp.7, tb_rule_engine.hp.9, tb_rule_engine.hp.0, tb_rule_engine.hp.2, tb_rule_engine.hp.4, tb_rule_engine.hp.6, tb_rule_engine.hp.8], QK(Main,TB_RULE_ENGINE,system)=[tb_rule_engine.main.0, tb_rule_engine.main.2, tb_rule_engine.main.4, tb_rule_engine.main.6, tb_rule_engine.main.8, tb_rule_engine.main.1, tb_rule_engine.main.3, tb_rule_engine.main.5, tb_rule_engine.main.7, tb_rule_engine.main.9]}, oldPartitions={QK(Main,EDQS,system)=[], QK(Main,TB_VC_EXECUTOR,system)=[], QK(SequentialByOriginator,TB_RULE_ENGINE,system)=[], QK(CalculatedFields,TB_RULE_ENGINE,system)=[], QK(CalculatedFieldStates,TB_RULE_ENGINE,system)=[], QK(Main,TB_CORE,system)=[], QK(HighPriority,TB_RULE_ENGINE,system)=[], QK(Main,TB_RULE_ENGINE,system)=[], QK(Edge,TB_CORE,system)=[]})
2025-12-16 08:04:49,469 [main] INFO  o.t.s.q.c.c.QueueConsumerManager - [TB Core Notifications] Launching consumer
2025-12-16 08:04:49,470 [tb-cf-mgmt-0-1] INFO  o.t.s.q.c.c.PartitionedQueueConsumerManager - [QK(CalculatedFields,TB_RULE_ENGINE,system)] Added partitions: [tb_cf_event.1, tb_cf_event.3, tb_cf_event.5, tb_cf_event.7, tb_cf_event.9, tb_cf_event.0, tb_cf_event.2, tb_cf_event.4, tb_cf_event.6, tb_cf_event.8]
2025-12-16 08:04:49,470 [main] INFO  o.t.s.q.c.c.QueueConsumerManager - [TB Ota Package States] Launching consumer
2025-12-16 08:04:49,470 [tb-cf-mgmt-0-1] INFO  o.t.s.q.c.c.MainQueueConsumerManager - [QK(CalculatedFields,TB_RULE_ENGINE,system)-1] Launching consumer
2025-12-16 08:04:49,471 [main] INFO  o.t.s.q.c.c.QueueConsumerManager - [TB Usage Stats] Launching consumer
2025-12-16 08:04:49,472 [main] INFO  o.t.s.q.c.c.QueueConsumerManager - [TB Core Notifications] Launching consumer
2025-12-16 08:04:49,472 [tb-cf-mgmt-0-1] INFO  o.t.s.q.c.c.MainQueueConsumerManager - [QK(CalculatedFields,TB_RULE_ENGINE,system)-3] Launching consumer
2025-12-16 08:04:49,473 [main] INFO  o.t.s.q.c.c.QueueConsumerManager - [TB Rule Engine Notifications] Launching consumer
2025-12-16 08:04:49,473 [tb-cf-mgmt-0-1] INFO  o.t.s.q.c.c.MainQueueConsumerManager - [QK(CalculatedFields,TB_RULE_ENGINE,system)-5] Launching consumer
2025-12-16 08:04:49,473 [notifications-tb-core-consumer-52-thread-11] INFO  o.t.s.s.q.DefaultTbCoreConsumerService - [49fed5d904d6] Processing core startup with partitions: [0, 1, 2, 3, 4, 5, 6, 7, 8, 9]
2025-12-16 08:04:49,475 [tb-cf-mgmt-0-1] INFO  o.t.s.q.c.c.MainQueueConsumerManager - [QK(CalculatedFields,TB_RULE_ENGINE,system)-7] Launching consumer
2025-12-16 08:04:49,476 [DefaultTbLocalSubscriptionService-0-1] INFO  o.t.s.s.s.DefaultTbLocalSubscriptionService - [49fed5d904d6] Pushed 0 subscriptions to [49fed5d904d6]
2025-12-16 08:04:49,476 [tb-cf-mgmt-0-1] INFO  o.t.s.q.c.c.MainQueueConsumerManager - [QK(CalculatedFields,TB_RULE_ENGINE,system)-9] Launching consumer
2025-12-16 08:04:49,477 [tb-cf-mgmt-0-1] INFO  o.t.s.q.c.c.MainQueueConsumerManager - [QK(CalculatedFields,TB_RULE_ENGINE,system)-0] Launching consumer
2025-12-16 08:04:49,478 [tb-cf-mgmt-0-1] INFO  o.t.s.q.c.c.MainQueueConsumerManager - [QK(CalculatedFields,TB_RULE_ENGINE,system)-2] Launching consumer
2025-12-16 08:04:49,478 [tb-cf-mgmt-0-1] INFO  o.t.s.q.c.c.MainQueueConsumerManager - [QK(CalculatedFields,TB_RULE_ENGINE,system)-4] Launching consumer
2025-12-16 08:04:49,479 [tb-cf-mgmt-0-1] INFO  o.t.s.q.c.c.MainQueueConsumerManager - [QK(CalculatedFields,TB_RULE_ENGINE,system)-6] Launching consumer
2025-12-16 08:04:49,480 [tb-cf-mgmt-0-1] INFO  o.t.s.q.c.c.MainQueueConsumerManager - [QK(CalculatedFields,TB_RULE_ENGINE,system)-8] Launching consumer
2025-12-16 08:04:49,483 [main] INFO  o.t.s.s.q.DefaultTbRuleEngineConsumerService - Handling partition change event: PartitionChangeEvent(super=TbApplicationEvent(sequenceNumber=3), serviceType=TB_RULE_ENGINE, newPartitions={QK(SequentialByOriginator,TB_RULE_ENGINE,system)=[tb_rule_engine.sq.0, tb_rule_engine.sq.2, tb_rule_engine.sq.4, tb_rule_engine.sq.6, tb_rule_engine.sq.8, tb_rule_engine.sq.1, tb_rule_engine.sq.3, tb_rule_engine.sq.5, tb_rule_engine.sq.7, tb_rule_engine.sq.9], QK(CalculatedFields,TB_RULE_ENGINE,system)=[tb_cf_event.1, tb_cf_event.3, tb_cf_event.5, tb_cf_event.7, tb_cf_event.9, tb_cf_event.0, tb_cf_event.2, tb_cf_event.4, tb_cf_event.6, tb_cf_event.8], QK(CalculatedFieldStates,TB_RULE_ENGINE,system)=[tb_cf_state.1, tb_cf_state.3, tb_cf_state.5, tb_cf_state.7, tb_cf_state.9, tb_cf_state.0, tb_cf_state.2, tb_cf_state.4, tb_cf_state.6, tb_cf_state.8], QK(HighPriority,TB_RULE_ENGINE,system)=[tb_rule_engine.hp.1, tb_rule_engine.hp.3, tb_rule_engine.hp.5, tb_rule_engine.hp.7, tb_rule_engine.hp.9, tb_rule_engine.hp.0, tb_rule_engine.hp.2, tb_rule_engine.hp.4, tb_rule_engine.hp.6, tb_rule_engine.hp.8], QK(Main,TB_RULE_ENGINE,system)=[tb_rule_engine.main.0, tb_rule_engine.main.2, tb_rule_engine.main.4, tb_rule_engine.main.6, tb_rule_engine.main.8, tb_rule_engine.main.1, tb_rule_engine.main.3, tb_rule_engine.main.5, tb_rule_engine.main.7, tb_rule_engine.main.9]}, oldPartitions={QK(Main,EDQS,system)=[], QK(Main,TB_VC_EXECUTOR,system)=[], QK(SequentialByOriginator,TB_RULE_ENGINE,system)=[], QK(CalculatedFields,TB_RULE_ENGINE,system)=[], QK(CalculatedFieldStates,TB_RULE_ENGINE,system)=[], QK(Main,TB_CORE,system)=[], QK(HighPriority,TB_RULE_ENGINE,system)=[], QK(Main,TB_RULE_ENGINE,system)=[], QK(Edge,TB_CORE,system)=[]})
2025-12-16 08:04:49,485 [tb-rule-engine-mgmt-0-1] INFO  o.t.s.q.c.c.MainQueueConsumerManager - [QK(SequentialByOriginator,TB_RULE_ENGINE,system)] Added partitions: [tb_rule_engine.sq.0, tb_rule_engine.sq.2, tb_rule_engine.sq.4, tb_rule_engine.sq.6, tb_rule_engine.sq.8, tb_rule_engine.sq.1, tb_rule_engine.sq.3, tb_rule_engine.sq.5, tb_rule_engine.sq.7, tb_rule_engine.sq.9], removed partitions: []
2025-12-16 08:04:49,485 [main] INFO  o.t.s.s.t.TbCoreTransportApiService - Received application ready event. Starting polling for events.
2025-12-16 08:04:49,485 [tb-rule-engine-mgmt-0-1] INFO  o.t.s.q.c.c.MainQueueConsumerManager - [QK(SequentialByOriginator,TB_RULE_ENGINE,system)-0] Launching consumer
2025-12-16 08:04:49,485 [tb-rule-engine-mgmt-0-2] INFO  o.t.s.q.c.c.MainQueueConsumerManager - [QK(HighPriority,TB_RULE_ENGINE,system)] Added partitions: [tb_rule_engine.hp.1, tb_rule_engine.hp.3, tb_rule_engine.hp.5, tb_rule_engine.hp.7, tb_rule_engine.hp.9, tb_rule_engine.hp.0, tb_rule_engine.hp.2, tb_rule_engine.hp.4, tb_rule_engine.hp.6, tb_rule_engine.hp.8], removed partitions: []
2025-12-16 08:04:49,485 [tb-rule-engine-mgmt-0-2] INFO  o.t.s.q.c.c.MainQueueConsumerManager - [QK(HighPriority,TB_RULE_ENGINE,system)-1] Launching consumer
2025-12-16 08:04:49,485 [tb-rule-engine-mgmt-0-1] INFO  o.t.s.q.c.c.MainQueueConsumerManager - [QK(SequentialByOriginator,TB_RULE_ENGINE,system)-2] Launching consumer
2025-12-16 08:04:49,485 [tb-rule-engine-mgmt-0-3] INFO  o.t.s.q.c.c.MainQueueConsumerManager - [QK(Main,TB_RULE_ENGINE,system)] Added partitions: [tb_rule_engine.main.0, tb_rule_engine.main.2, tb_rule_engine.main.4, tb_rule_engine.main.6, tb_rule_engine.main.8, tb_rule_engine.main.1, tb_rule_engine.main.3, tb_rule_engine.main.5, tb_rule_engine.main.7, tb_rule_engine.main.9], removed partitions: []
2025-12-16 08:04:49,486 [tb-rule-engine-mgmt-0-3] INFO  o.t.s.q.c.c.MainQueueConsumerManager - [QK(Main,TB_RULE_ENGINE,system)-0] Launching consumer
2025-12-16 08:04:49,486 [tb-rule-engine-mgmt-0-2] INFO  o.t.s.q.c.c.MainQueueConsumerManager - [QK(HighPriority,TB_RULE_ENGINE,system)-3] Launching consumer
2025-12-16 08:04:49,487 [tb-rule-engine-mgmt-0-3] INFO  o.t.s.q.c.c.MainQueueConsumerManager - [QK(Main,TB_RULE_ENGINE,system)-2] Launching consumer
2025-12-16 08:04:49,487 [tb-rule-engine-mgmt-0-1] INFO  o.t.s.q.c.c.MainQueueConsumerManager - [QK(SequentialByOriginator,TB_RULE_ENGINE,system)-4] Launching consumer
2025-12-16 08:04:49,487 [tb-rule-engine-mgmt-0-2] INFO  o.t.s.q.c.c.MainQueueConsumerManager - [QK(HighPriority,TB_RULE_ENGINE,system)-5] Launching consumer
2025-12-16 08:04:49,488 [tb-rule-engine-mgmt-0-3] INFO  o.t.s.q.c.c.MainQueueConsumerManager - [QK(Main,TB_RULE_ENGINE,system)-4] Launching consumer
2025-12-16 08:04:49,488 [tb-rule-engine-mgmt-0-1] INFO  o.t.s.q.c.c.MainQueueConsumerManager - [QK(SequentialByOriginator,TB_RULE_ENGINE,system)-6] Launching consumer
2025-12-16 08:04:49,488 [tb-rule-engine-mgmt-0-2] INFO  o.t.s.q.c.c.MainQueueConsumerManager - [QK(HighPriority,TB_RULE_ENGINE,system)-7] Launching consumer
2025-12-16 08:04:49,489 [main] INFO  o.t.s.q.c.c.QueueConsumerManager - [TB Transport] Launching consumer
2025-12-16 08:04:49,489 [tb-rule-engine-mgmt-0-2] INFO  o.t.s.q.c.c.MainQueueConsumerManager - [QK(HighPriority,TB_RULE_ENGINE,system)-9] Launching consumer
2025-12-16 08:04:49,490 [tb-rule-engine-mgmt-0-1] INFO  o.t.s.q.c.c.MainQueueConsumerManager - [QK(SequentialByOriginator,TB_RULE_ENGINE,system)-8] Launching consumer
2025-12-16 08:04:49,490 [tb-rule-engine-mgmt-0-2] INFO  o.t.s.q.c.c.MainQueueConsumerManager - [QK(HighPriority,TB_RULE_ENGINE,system)-0] Launching consumer
2025-12-16 08:04:49,491 [tb-rule-engine-mgmt-0-3] INFO  o.t.s.q.c.c.MainQueueConsumerManager - [QK(Main,TB_RULE_ENGINE,system)-6] Launching consumer
2025-12-16 08:04:49,491 [tb-rule-engine-mgmt-0-1] INFO  o.t.s.q.c.c.MainQueueConsumerManager - [QK(SequentialByOriginator,TB_RULE_ENGINE,system)-1] Launching consumer
2025-12-16 08:04:49,492 [tb-rule-engine-mgmt-0-2] INFO  o.t.s.q.c.c.MainQueueConsumerManager - [QK(HighPriority,TB_RULE_ENGINE,system)-2] Launching consumer
2025-12-16 08:04:49,492 [tb-rule-engine-mgmt-0-3] INFO  o.t.s.q.c.c.MainQueueConsumerManager - [QK(Main,TB_RULE_ENGINE,system)-8] Launching consumer
2025-12-16 08:04:49,492 [tb-rule-engine-mgmt-0-2] INFO  o.t.s.q.c.c.MainQueueConsumerManager - [QK(HighPriority,TB_RULE_ENGINE,system)-4] Launching consumer
2025-12-16 08:04:49,493 [tb-rule-engine-mgmt-0-1] INFO  o.t.s.q.c.c.MainQueueConsumerManager - [QK(SequentialByOriginator,TB_RULE_ENGINE,system)-3] Launching consumer
2025-12-16 08:04:49,493 [tb-rule-engine-mgmt-0-3] INFO  o.t.s.q.c.c.MainQueueConsumerManager - [QK(Main,TB_RULE_ENGINE,system)-1] Launching consumer
2025-12-16 08:04:49,494 [tb-rule-engine-mgmt-0-2] INFO  o.t.s.q.c.c.MainQueueConsumerManager - [QK(HighPriority,TB_RULE_ENGINE,system)-6] Launching consumer
2025-12-16 08:04:49,495 [tb-rule-engine-mgmt-0-1] INFO  o.t.s.q.c.c.MainQueueConsumerManager - [QK(SequentialByOriginator,TB_RULE_ENGINE,system)-5] Launching consumer
2025-12-16 08:04:49,495 [tb-rule-engine-mgmt-0-3] INFO  o.t.s.q.c.c.MainQueueConsumerManager - [QK(Main,TB_RULE_ENGINE,system)-3] Launching consumer
2025-12-16 08:04:49,496 [tb-rule-engine-mgmt-0-2] INFO  o.t.s.q.c.c.MainQueueConsumerManager - [QK(HighPriority,TB_RULE_ENGINE,system)-8] Launching consumer
2025-12-16 08:04:49,496 [tb-rule-engine-mgmt-0-1] INFO  o.t.s.q.c.c.MainQueueConsumerManager - [QK(SequentialByOriginator,TB_RULE_ENGINE,system)-7] Launching consumer
2025-12-16 08:04:49,496 [tb-rule-engine-mgmt-0-3] INFO  o.t.s.q.c.c.MainQueueConsumerManager - [QK(Main,TB_RULE_ENGINE,system)-5] Launching consumer
2025-12-16 08:04:49,496 [tb-rule-engine-mgmt-0-3] INFO  o.t.s.q.c.c.MainQueueConsumerManager - [QK(Main,TB_RULE_ENGINE,system)-7] Launching consumer
2025-12-16 08:04:49,498 [tb-rule-engine-mgmt-0-3] INFO  o.t.s.q.c.c.MainQueueConsumerManager - [QK(Main,TB_RULE_ENGINE,system)-9] Launching consumer
2025-12-16 08:04:49,497 [tb-rule-engine-mgmt-0-1] INFO  o.t.s.q.c.c.MainQueueConsumerManager - [QK(SequentialByOriginator,TB_RULE_ENGINE,system)-9] Launching consumer
2025-12-16 08:04:49,528 [main] INFO  o.e.c.c.network.RandomTokenGenerator - using tokens of 8 bytes in length
2025-12-16 08:04:49,528 [main] INFO  o.e.c.core.network.CoapEndpoint - [LWM2M Server-coap://0.0.0.0:5685] CoapEndpoint uses udp context
2025-12-16 08:04:49,528 [main] INFO  o.e.c.c.network.stack.BlockwiseLayer - [LWM2M Server-coap://0.0.0.0:5685] BlockwiseLayer uses MAX_MESSAGE_SIZE=1024, PREFERRED_BLOCK_SIZE=1024, BLOCKWISE_STATUS_LIFETIME=300000, MAX_RESOURCE_BODY_SIZE=268435456, BLOCKWISE_STRICT_BLOCK2_OPTION=true
2025-12-16 08:04:49,533 [main] INFO  o.t.s.t.l.s.DefaultLwM2mTransportService - Unable to load X509 files for LWM2MServer
2025-12-16 08:04:49,534 [main] WARN  o.e.l.s.c.e.c.CoapsServerEndpointFactory - PskStore should be automatically set by Leshan. Using a custom implementation is not advised.
2025-12-16 08:04:49,534 [main] INFO  o.e.c.s.d.InMemoryReadWriteLockConnectionStore - Created new InMemoryConnectionStore [capacity: 150000, connection expiration threshold: 1800s]
2025-12-16 08:04:49,535 [main] INFO  o.e.c.c.network.RandomTokenGenerator - using tokens of 8 bytes in length
2025-12-16 08:04:49,535 [main] INFO  o.e.c.core.network.CoapEndpoint - [LWM2M Server-coaps://0.0.0.0:5686] CoapEndpoint uses lwm2m correlation
2025-12-16 08:04:49,535 [main] INFO  o.e.c.c.network.stack.BlockwiseLayer - [LWM2M Server-coaps://0.0.0.0:5686] BlockwiseLayer uses MAX_MESSAGE_SIZE=1024, PREFERRED_BLOCK_SIZE=1024, BLOCKWISE_STATUS_LIFETIME=300000, MAX_RESOURCE_BODY_SIZE=268435456, BLOCKWISE_STRICT_BLOCK2_OPTION=true
2025-12-16 08:04:49,544 [main] INFO  o.t.s.t.l.s.DefaultLwM2mTransportService - Starting LwM2M transport server...
2025-12-16 08:04:49,546 [main] INFO  o.e.californium.core.CoapServer - Starting server
2025-12-16 08:04:49,552 [main] INFO  o.e.c.elements.UDPConnector - UDPConnector starts up 2 sender threads and 2 receiver threads
2025-12-16 08:04:49,555 [main] INFO  o.e.c.elements.UDPConnector - UDPConnector listening on /[0:0:0:0:0:0:0:0]:5685, recv buf = 106496, send buf = 106496, recv packet size = 2048
2025-12-16 08:04:49,555 [main] INFO  o.e.c.core.network.CoapEndpoint - [LWM2M Server-coap://0.0.0.0:5685] Started endpoint at coap://[0:0:0:0:0:0:0:0]:5685
2025-12-16 08:04:49,563 [main] INFO  o.e.c.scandium.DTLSConnector - multiple network interfaces, using smallest MTU [IPv4 1500, IPv6 1280]
2025-12-16 08:04:49,566 [DTLS-Receiver-0-/[0:0:0:0:0:0:0:0]:5686] INFO  o.e.c.scandium.DTLSConnector - Starting worker thread [DTLS-Receiver-0-/[0:0:0:0:0:0:0:0]:5686]
2025-12-16 08:04:49,566 [DTLS-Receiver-1-/[0:0:0:0:0:0:0:0]:5686] INFO  o.e.c.scandium.DTLSConnector - Starting worker thread [DTLS-Receiver-1-/[0:0:0:0:0:0:0:0]:5686]
2025-12-16 08:04:49,566 [main] INFO  o.e.c.scandium.DTLSConnector - DTLSConnector listening on /[0:0:0:0:0:0:0:0]:5686, recv buf = 106496, send buf = 106496, recv packet size = 16490, MTU = IPv4 1500 / IPv6 1280
2025-12-16 08:04:49,567 [main] INFO  o.e.c.core.network.CoapEndpoint - [LWM2M Server-coaps://0.0.0.0:5686] Started endpoint at coaps://[0:0:0:0:0:0:0:0]:5686
2025-12-16 08:04:49,567 [main] INFO  o.eclipse.leshan.server.LeshanServer - LWM2M server started.
2025-12-16 08:04:49,567 [main] INFO  o.eclipse.leshan.server.LeshanServer - CoAP over UDP endpoint based on Californium library available at coap://[0:0:0:0:0:0:0:0]:5685.
2025-12-16 08:04:49,567 [main] INFO  o.eclipse.leshan.server.LeshanServer - CoAP over DTLS endpoint based on Californium/Scandium library available at coaps://[0:0:0:0:0:0:0:0]:5686.
2025-12-16 08:04:49,572 [main] INFO  o.t.s.t.l.s.DefaultLwM2mTransportService - Started LwM2M transport server.
2025-12-16 08:04:49,572 [main] INFO  o.t.s.t.snmp.SnmpTransportContext - Initializing SNMP devices sessions
2025-12-16 08:04:50,742 [DbCallbackExecutorService-0-1] INFO  o.t.s.s.p.AbstractPartitionBasedService - [API Usage] Managing following partitions:
2025-12-16 08:04:50,742 [DbCallbackExecutorService-0-1] INFO  o.t.s.s.p.AbstractPartitionBasedService - [API Usage][tb_core.4]: 0 entities
2025-12-16 08:04:50,742 [DbCallbackExecutorService-0-1] INFO  o.t.s.s.p.AbstractPartitionBasedService - [API Usage][tb_core.8]: 0 entities
2025-12-16 08:04:50,742 [DbCallbackExecutorService-0-1] INFO  o.t.s.s.p.AbstractPartitionBasedService - [API Usage][tb_core.0]: 0 entities
2025-12-16 08:04:50,742 [DbCallbackExecutorService-0-1] INFO  o.t.s.s.p.AbstractPartitionBasedService - [API Usage][tb_core.3]: 1 entities
2025-12-16 08:04:50,742 [DbCallbackExecutorService-0-1] INFO  o.t.s.s.p.AbstractPartitionBasedService - [API Usage][tb_core.7]: 1 entities
2025-12-16 08:04:50,743 [DbCallbackExecutorService-0-1] INFO  o.t.s.s.p.AbstractPartitionBasedService - [API Usage][tb_core.2]: 0 entities
2025-12-16 08:04:50,743 [DbCallbackExecutorService-0-1] INFO  o.t.s.s.p.AbstractPartitionBasedService - [API Usage][tb_core.6]: 0 entities
2025-12-16 08:04:50,743 [DbCallbackExecutorService-0-1] INFO  o.t.s.s.p.AbstractPartitionBasedService - [API Usage][tb_core.5]: 0 entities
2025-12-16 08:04:50,743 [DbCallbackExecutorService-0-1] INFO  o.t.s.s.p.AbstractPartitionBasedService - [API Usage][tb_core.1]: 0 entities
2025-12-16 08:04:50,743 [DbCallbackExecutorService-0-1] INFO  o.t.s.s.p.AbstractPartitionBasedService - [API Usage][tb_core.9]: 0 entities
2025-12-16 08:04:50,786 [main] INFO  o.t.s.ThingsboardServerApplication - Started ThingsBoard in 38 seconds
2025-12-16 08:04:51,316 [rule-dispatcher-0-8] INFO  o.t.s.d.s.i.s.SqlPartitioningRepository - Saving partition 1765411200000-1766016000000 for table lc_event
2025-12-16 08:04:51,992 [rule-dispatcher-0-6] INFO  c.d.oss.driver.api.core.uuid.Uuids - PID obtained through native call to getpid(): 22
2025-12-16 08:04:52,820 [sql-log-2-thread-1] INFO  o.t.s.dao.sql.TbSqlBlockingQueue - Queue-0 [Events] queueSize [0] totalAdded [4] totalSaved [4] totalFailed [0]
2025-12-16 08:04:52,821 [sql-log-2-thread-1] INFO  o.t.s.dao.sql.TbSqlBlockingQueue - Queue-1 [Events] queueSize [0] totalAdded [7] totalSaved [7] totalFailed [0]
2025-12-16 08:04:52,821 [sql-log-2-thread-1] INFO  o.t.s.dao.sql.TbSqlBlockingQueue - Queue-2 [Events] queueSize [0] totalAdded [7] totalSaved [7] totalFailed [0]
2025-12-16 08:04:55,427 [sql-log-2-thread-1] INFO  o.t.s.dao.sql.TbSqlBlockingQueue - Queue-1 [TS] queueSize [0] totalAdded [7] totalSaved [7] totalFailed [0]
2025-12-16 08:04:55,474 [sql-log-2-thread-1] INFO  o.t.s.dao.sql.TbSqlBlockingQueue - Queue-1 [TS Latest] queueSize [0] totalAdded [7] totalSaved [7] totalFailed [0]
2025-12-16 08:04:58,951 [git-sync-43-thread-1] INFO  o.t.s.s.sync.DefaultGitSyncService - [gateways-dashboard] Initialized repository
2025-12-16 08:04:59,690 [git-sync-43-thread-1] INFO  o.t.s.d.resource.BaseResourceService - Updating system resource gateway-management-extension.js
2025-12-16 08:04:59,709 [git-sync-43-thread-1] INFO  org.owasp.validator.html.Policy - Attempting to load AntiSamy policy from an input stream.
2025-12-16 08:04:59,889 [git-sync-43-thread-1] WARN  org.owasp.validator.html.Policy - The directive "noopenerAndNoreferrerAnchors" is enabled by default, but disabled in this policy. It is recommended to leave it enabled to prevent reverse tabnabbing attacks.
2025-12-16 08:05:00,041 [app-dispatcher-31-thread-1] WARN  o.t.server.actors.app.AppActor - Message has system tenant id: ComponentLifecycleMsg(tenantId=13814000-1dd2-11b2-8080-808080808080, entityId=54758d20-ccf1-11f0-81f3-0bf1425738f5, event=UPDATED, oldName=null, name=null, oldProfileId=null, profileId=null, info=null)
2025-12-16 08:05:00,394 [app-dispatcher-31-thread-1] WARN  o.t.server.actors.app.AppActor - Message has system tenant id: ComponentLifecycleMsg(tenantId=13814000-1dd2-11b2-8080-808080808080, entityId=5471bc90-ccf1-11f0-81f3-0bf1425738f5, event=UPDATED, oldName=null, name=null, oldProfileId=null, profileId=null, info=null)
2025-12-16 08:05:00,804 [git-sync-43-thread-1] INFO  o.t.s.d.resource.BaseResourceService - Updating system resource gateways_dashboard.json
2025-12-16 08:05:00,811 [git-sync-43-thread-1] INFO  o.t.s.s.e.d.DashboardSyncService - Gateways dashboard sync completed
2025-12-16 08:05:00,822 [app-dispatcher-31-thread-1] WARN  o.t.server.actors.app.AppActor - Message has system tenant id: ComponentLifecycleMsg(tenantId=13814000-1dd2-11b2-8080-808080808080, entityId=5485b9c0-ccf1-11f0-81f3-0bf1425738f5, event=UPDATED, oldName=null, name=null, oldProfileId=null, profileId=null, info=null)
2025-12-16 08:05:21,398 [rule-dispatcher-0-4] INFO  o.t.s.d.s.i.s.SqlPartitioningRepository - Saving partition 1765411200000-1766016000000 for table error_event
2025-12-16 08:05:21,409 [rule-dispatcher-0-4] INFO  o.t.server.actors.TbActorMailbox - [RULE_NODE|4ee21770-cf62-11f0-b928-f5b3ab8e93ac] Failed to init actor, attempt 1, going to retry in attempts in 5000ms
2025-12-16 08:05:22,818 [sql-log-2-thread-1] INFO  o.t.s.dao.sql.TbSqlBlockingQueue - Queue-0 [Events] queueSize [0] totalAdded [2] totalSaved [2] totalFailed [0]
2025-12-16 08:05:48,393 [TB-Scheduling-3] INFO  o.t.s.dao.aspect.SqlDaoCallsAspect - Total timing statistics below:
2025-12-16 08:05:48,396 [TB-Scheduling-3] INFO  o.t.s.dao.aspect.SqlDaoCallsAspect - [5489b160-ccf1-11f0-81f3-0bf1425738f5]: calls: 49, failures: 0, exec time: 2502 
2025-12-16 08:05:48,397 [TB-Scheduling-3] INFO  o.t.s.dao.aspect.SqlDaoCallsAspect - [5489b160-ccf1-11f0-81f3-0bf1425738f5] Top 3 methods by timing:
2025-12-16 08:05:48,398 [TB-Scheduling-3] INFO  o.t.s.dao.aspect.SqlDaoCallsAspect - [5489b160-ccf1-11f0-81f3-0bf1425738f5]: method: JpaAbstractDao.findById(..), calls: 38, failures: 0, exec time: 1399
2025-12-16 08:05:48,398 [TB-Scheduling-3] INFO  o.t.s.dao.aspect.SqlDaoCallsAspect - [5489b160-ccf1-11f0-81f3-0bf1425738f5]: method: JpaRuleChainDao.findRuleChainsByTenantIdAndType(..), calls: 1, failures: 0, exec time: 374
2025-12-16 08:05:48,398 [TB-Scheduling-3] INFO  o.t.s.dao.aspect.SqlDaoCallsAspect - [5489b160-ccf1-11f0-81f3-0bf1425738f5]: method: JpaRelationDao.findAllByFrom(..), calls: 3, failures: 0, exec time: 330
2025-12-16 08:05:48,405 [TB-Scheduling-5] INFO  o.t.s.c.t.s.DefaultTransportService - Transport Stats: openConnections [0]
2025-12-16 08:05:48,406 [TB-Scheduling-4] INFO  o.t.s.s.queue.TbCoreConsumerStats - Core Stats: totalMsgs = [4] sessionEvents = [0] getAttr = [0] subToAttr = [0] subToRpc = [0] toDevRpc = [0] subInfo = [0] claimDevice = [0] deviceState = [0] subMsgs = [0] deviceConnect = [0] deviceActivity = [0] deviceDisconnect = [0] deviceInactivity = [0] deviceInactivityTimeoutUpdate = [0] coreNfOther = [1] coreNfCompLfcl = [3] coreNfDevRpcRsp = [0] coreNfNfRlProc = [0] coreNfQueueUpd = [0] coreNfQueueDel = [0] coreNfSubSvc = [0] coreNfSubMgr = [0] coreNfVCRsp = [0] 
2025-12-16 08:05:48,406 [TB-Scheduling-1] INFO  o.t.s.s.queue.EdgeConsumerStats - Edge Stats: totalMsgs = [14] edgeNfs = [14] coreNfEdgeHPUpd = [0] coreNfEdgeUpd = [0] coreNfEdgeSyncReq = [0] coreNfEdgeSyncResp = [0] coreNfEdgeCompLfcl = [0] 
2025-12-16 08:05:55,423 [sql-log-2-thread-1] INFO  o.t.s.dao.sql.TbSqlBlockingQueue - Queue-1 [TS] queueSize [0] totalAdded [7] totalSaved [7] totalFailed [0]
2025-12-16 08:05:55,470 [sql-log-2-thread-1] INFO  o.t.s.dao.sql.TbSqlBlockingQueue - Queue-1 [TS Latest] queueSize [0] totalAdded [7] totalSaved [7] totalFailed [0]
2025-12-16 08:05:56,421 [rule-dispatcher-0-4] INFO  o.t.server.actors.TbActorMailbox - [RULE_NODE|4ee21770-cf62-11f0-b928-f5b3ab8e93ac] Failed to init actor, attempt 2, going to retry in attempts in 10000ms
2025-12-16 08:06:02,813 [sql-log-2-thread-1] INFO  o.t.s.dao.sql.TbSqlBlockingQueue - Queue-0 [Events] queueSize [0] totalAdded [2] totalSaved [2] totalFailed [0]
2025-12-16 08:06:25,421 [sql-log-2-thread-1] INFO  o.t.s.dao.sql.TbSqlBlockingQueue - Queue-1 [TS] queueSize [0] totalAdded [4] totalSaved [4] totalFailed [0]
2025-12-16 08:06:25,468 [sql-log-2-thread-1] INFO  o.t.s.dao.sql.TbSqlBlockingQueue - Queue-1 [TS Latest] queueSize [0] totalAdded [4] totalSaved [4] totalFailed [0]
2025-12-16 08:06:36,435 [rule-dispatcher-0-4] INFO  o.t.server.actors.TbActorMailbox - [RULE_NODE|4ee21770-cf62-11f0-b928-f5b3ab8e93ac] Failed to init actor, attempt 3, going to retry in attempts in 15000ms
2025-12-16 08:06:42,811 [sql-log-2-thread-1] INFO  o.t.s.dao.sql.TbSqlBlockingQueue - Queue-0 [Events] queueSize [0] totalAdded [2] totalSaved [2] totalFailed [0]
2025-12-16 08:06:48,395 [TB-Scheduling-9] INFO  o.t.s.dao.aspect.SqlDaoCallsAspect - Total timing statistics below:
2025-12-16 08:06:48,396 [TB-Scheduling-9] INFO  o.t.s.dao.aspect.SqlDaoCallsAspect - [5489b160-ccf1-11f0-81f3-0bf1425738f5]: calls: 1, failures: 0, exec time: 9 
2025-12-16 08:06:48,396 [TB-Scheduling-9] INFO  o.t.s.dao.aspect.SqlDaoCallsAspect - [5489b160-ccf1-11f0-81f3-0bf1425738f5] Top 3 methods by timing:
2025-12-16 08:06:48,396 [TB-Scheduling-9] INFO  o.t.s.dao.aspect.SqlDaoCallsAspect - [5489b160-ccf1-11f0-81f3-0bf1425738f5]: method: JpaAbstractDao.findById(..), calls: 1, failures: 0, exec time: 9
2025-12-16 08:06:48,402 [TB-Scheduling-13] INFO  o.t.s.c.t.s.DefaultTransportService - Transport Stats: openConnections [0]
2025-12-16 08:06:55,418 [sql-log-2-thread-1] INFO  o.t.s.dao.sql.TbSqlBlockingQueue - Queue-1 [TS] queueSize [0] totalAdded [7] totalSaved [7] totalFailed [0]
2025-12-16 08:06:55,465 [sql-log-2-thread-1] INFO  o.t.s.dao.sql.TbSqlBlockingQueue - Queue-1 [TS Latest] queueSize [0] totalAdded [7] totalSaved [7] totalFailed [0]
2025-12-16 08:07:21,444 [rule-dispatcher-0-8] INFO  o.t.server.actors.TbActorMailbox - [RULE_NODE|4ee21770-cf62-11f0-b928-f5b3ab8e93ac] Failed to init actor, attempt 4, going to retry in attempts in 20000ms
2025-12-16 08:07:22,809 [sql-log-2-thread-1] INFO  o.t.s.dao.sql.TbSqlBlockingQueue - Queue-0 [Events] queueSize [0] totalAdded [2] totalSaved [2] totalFailed [0]
2025-12-16 08:07:25,416 [sql-log-2-thread-1] INFO  o.t.s.dao.sql.TbSqlBlockingQueue - Queue-1 [TS] queueSize [0] totalAdded [4] totalSaved [4] totalFailed [0]
2025-12-16 08:07:25,464 [sql-log-2-thread-1] INFO  o.t.s.dao.sql.TbSqlBlockingQueue - Queue-1 [TS Latest] queueSize [0] totalAdded [4] totalSaved [4] totalFailed [0]
2025-12-16 08:07:48,393 [TB-Scheduling-6] INFO  o.t.s.dao.aspect.SqlDaoCallsAspect - Total timing statistics below:
2025-12-16 08:07:48,393 [TB-Scheduling-6] INFO  o.t.s.dao.aspect.SqlDaoCallsAspect - [5489b160-ccf1-11f0-81f3-0bf1425738f5]: calls: 2, failures: 0, exec time: 9 
2025-12-16 08:07:48,393 [TB-Scheduling-6] INFO  o.t.s.dao.aspect.SqlDaoCallsAspect - [5489b160-ccf1-11f0-81f3-0bf1425738f5] Top 3 methods by timing:
2025-12-16 08:07:48,393 [TB-Scheduling-6] INFO  o.t.s.dao.aspect.SqlDaoCallsAspect - [5489b160-ccf1-11f0-81f3-0bf1425738f5]: method: JpaAbstractDao.findById(..), calls: 2, failures: 0, exec time: 9
2025-12-16 08:07:48,399 [TB-Scheduling-7] INFO  o.t.s.c.t.s.DefaultTransportService - Transport Stats: openConnections [0]
2025-12-16 08:07:55,414 [sql-log-2-thread-1] INFO  o.t.s.dao.sql.TbSqlBlockingQueue - Queue-1 [TS] queueSize [0] totalAdded [7] totalSaved [7] totalFailed [0]
2025-12-16 08:07:55,461 [sql-log-2-thread-1] INFO  o.t.s.dao.sql.TbSqlBlockingQueue - Queue-1 [TS Latest] queueSize [0] totalAdded [7] totalSaved [7] totalFailed [0]
2025-12-16 08:08:11,448 [rule-dispatcher-0-8] INFO  o.t.server.actors.TbActorMailbox - [RULE_NODE|4ee21770-cf62-11f0-b928-f5b3ab8e93ac] Failed to init actor, attempt 5, going to retry in attempts in 25000ms
2025-12-16 08:08:12,804 [sql-log-2-thread-1] INFO  o.t.s.dao.sql.TbSqlBlockingQueue - Queue-0 [Events] queueSize [0] totalAdded [2] totalSaved [2] totalFailed [0]
2025-12-16 08:08:25,411 [sql-log-2-thread-1] INFO  o.t.s.dao.sql.TbSqlBlockingQueue - Queue-1 [TS] queueSize [0] totalAdded [4] totalSaved [4] totalFailed [0]
2025-12-16 08:08:25,459 [sql-log-2-thread-1] INFO  o.t.s.dao.sql.TbSqlBlockingQueue - Queue-1 [TS Latest] queueSize [0] totalAdded [4] totalSaved [4] totalFailed [0]
2025-12-16 08:08:48,390 [TB-Scheduling-13] INFO  o.t.s.dao.aspect.SqlDaoCallsAspect - Total timing statistics below:
2025-12-16 08:08:48,391 [TB-Scheduling-13] INFO  o.t.s.dao.aspect.SqlDaoCallsAspect - [5489b160-ccf1-11f0-81f3-0bf1425738f5]: calls: 1, failures: 0, exec time: 4 
2025-12-16 08:08:48,391 [TB-Scheduling-13] INFO  o.t.s.dao.aspect.SqlDaoCallsAspect - [5489b160-ccf1-11f0-81f3-0bf1425738f5] Top 3 methods by timing:
2025-12-16 08:08:48,391 [TB-Scheduling-13] INFO  o.t.s.dao.aspect.SqlDaoCallsAspect - [5489b160-ccf1-11f0-81f3-0bf1425738f5]: method: JpaAbstractDao.findById(..), calls: 1, failures: 0, exec time: 4
2025-12-16 08:08:48,395 [TB-Scheduling-5] INFO  o.t.s.c.t.s.DefaultTransportService - Transport Stats: openConnections [0]
2025-12-16 08:08:55,410 [sql-log-2-thread-1] INFO  o.t.s.dao.sql.TbSqlBlockingQueue - Queue-1 [TS] queueSize [0] totalAdded [7] totalSaved [7] totalFailed [0]
2025-12-16 08:08:55,457 [sql-log-2-thread-1] INFO  o.t.s.dao.sql.TbSqlBlockingQueue - Queue-1 [TS Latest] queueSize [0] totalAdded [7] totalSaved [7] totalFailed [0]
2025-12-16 08:09:06,453 [rule-dispatcher-0-8] INFO  o.t.server.actors.TbActorMailbox - [RULE_NODE|4ee21770-cf62-11f0-b928-f5b3ab8e93ac] Failed to init actor, attempt 6, going to retry in attempts in 30000ms
2025-12-16 08:09:12,800 [sql-log-2-thread-1] INFO  o.t.s.dao.sql.TbSqlBlockingQueue - Queue-0 [Events] queueSize [0] totalAdded [2] totalSaved [2] totalFailed [0]
2025-12-16 08:09:25,408 [sql-log-2-thread-1] INFO  o.t.s.dao.sql.TbSqlBlockingQueue - Queue-1 [TS] queueSize [0] totalAdded [4] totalSaved [4] totalFailed [0]
2025-12-16 08:09:25,455 [sql-log-2-thread-1] INFO  o.t.s.dao.sql.TbSqlBlockingQueue - Queue-1 [TS Latest] queueSize [0] totalAdded [4] totalSaved [4] totalFailed [0]
2025-12-16 08:09:48,387 [TB-Scheduling-10] INFO  o.t.s.dao.aspect.SqlDaoCallsAspect - Total timing statistics below:
2025-12-16 08:09:48,388 [TB-Scheduling-10] INFO  o.t.s.dao.aspect.SqlDaoCallsAspect - [5489b160-ccf1-11f0-81f3-0bf1425738f5]: calls: 1, failures: 0, exec time: 5 
2025-12-16 08:09:48,388 [TB-Scheduling-10] INFO  o.t.s.dao.aspect.SqlDaoCallsAspect - [5489b160-ccf1-11f0-81f3-0bf1425738f5] Top 3 methods by timing:
2025-12-16 08:09:48,388 [TB-Scheduling-10] INFO  o.t.s.dao.aspect.SqlDaoCallsAspect - [5489b160-ccf1-11f0-81f3-0bf1425738f5]: method: JpaAbstractDao.findById(..), calls: 1, failures: 0, exec time: 5
2025-12-16 08:09:48,391 [TB-Scheduling-4] INFO  o.t.s.c.t.s.DefaultTransportService - Transport Stats: openConnections [0]
2025-12-16 08:10:05,403 [sql-log-2-thread-1] INFO  o.t.s.dao.sql.TbSqlBlockingQueue - Queue-1 [TS] queueSize [0] totalAdded [7] totalSaved [7] totalFailed [0]
2025-12-16 08:10:05,451 [sql-log-2-thread-1] INFO  o.t.s.dao.sql.TbSqlBlockingQueue - Queue-1 [TS Latest] queueSize [0] totalAdded [7] totalSaved [7] totalFailed [0]
2025-12-16 08:10:06,459 [rule-dispatcher-0-8] INFO  o.t.server.actors.TbActorMailbox - [RULE_NODE|4ee21770-cf62-11f0-b928-f5b3ab8e93ac] Failed to init actor, attempt 7, going to retry in attempts in 35000ms
2025-12-16 08:10:12,796 [sql-log-2-thread-1] INFO  o.t.s.dao.sql.TbSqlBlockingQueue - Queue-0 [Events] queueSize [0] totalAdded [2] totalSaved [2] totalFailed [0]
2025-12-16 08:10:25,403 [sql-log-2-thread-1] INFO  o.t.s.dao.sql.TbSqlBlockingQueue - Queue-1 [TS] queueSize [0] totalAdded [5] totalSaved [5] totalFailed [0]
2025-12-16 08:10:25,451 [sql-log-2-thread-1] INFO  o.t.s.dao.sql.TbSqlBlockingQueue - Queue-1 [TS Latest] queueSize [0] totalAdded [5] totalSaved [5] totalFailed [0]
2025-12-16 08:10:48,384 [TB-Scheduling-14] INFO  o.t.s.dao.aspect.SqlDaoCallsAspect - Total timing statistics below:
2025-12-16 08:10:48,385 [TB-Scheduling-14] INFO  o.t.s.dao.aspect.SqlDaoCallsAspect - [5489b160-ccf1-11f0-81f3-0bf1425738f5]: calls: 1, failures: 0, exec time: 4 
2025-12-16 08:10:48,385 [TB-Scheduling-14] INFO  o.t.s.dao.aspect.SqlDaoCallsAspect - [5489b160-ccf1-11f0-81f3-0bf1425738f5] Top 3 methods by timing:
2025-12-16 08:10:48,385 [TB-Scheduling-14] INFO  o.t.s.dao.aspect.SqlDaoCallsAspect - [5489b160-ccf1-11f0-81f3-0bf1425738f5]: method: JpaAbstractDao.findById(..), calls: 1, failures: 0, exec time: 4
2025-12-16 08:10:48,387 [TB-Scheduling-16] INFO  o.t.s.c.t.s.DefaultTransportService - Transport Stats: openConnections [0]
2025-12-16 08:11:05,399 [sql-log-2-thread-1] INFO  o.t.s.dao.sql.TbSqlBlockingQueue - Queue-1 [TS] queueSize [0] totalAdded [7] totalSaved [7] totalFailed [0]
2025-12-16 08:11:05,446 [sql-log-2-thread-1] INFO  o.t.s.dao.sql.TbSqlBlockingQueue - Queue-1 [TS Latest] queueSize [0] totalAdded [7] totalSaved [7] totalFailed [0]
2025-12-16 08:11:11,467 [rule-dispatcher-0-8] INFO  o.t.server.actors.TbActorMailbox - [RULE_NODE|4ee21770-cf62-11f0-b928-f5b3ab8e93ac] Failed to init actor, attempt 8, going to retry in attempts in 40000ms
2025-12-16 08:11:12,792 [sql-log-2-thread-1] INFO  o.t.s.dao.sql.TbSqlBlockingQueue - Queue-0 [Events] queueSize [0] totalAdded [2] totalSaved [2] totalFailed [0]
2025-12-16 08:11:25,399 [sql-log-2-thread-1] INFO  o.t.s.dao.sql.TbSqlBlockingQueue - Queue-1 [TS] queueSize [0] totalAdded [4] totalSaved [4] totalFailed [0]
2025-12-16 08:11:25,446 [sql-log-2-thread-1] INFO  o.t.s.dao.sql.TbSqlBlockingQueue - Queue-1 [TS Latest] queueSize [0] totalAdded [4] totalSaved [4] totalFailed [0]
2025-12-16 08:11:48,384 [TB-Scheduling-16] INFO  o.t.s.c.t.s.DefaultTransportService - Transport Stats: openConnections [0]
2025-12-16 08:12:05,395 [sql-log-2-thread-1] INFO  o.t.s.dao.sql.TbSqlBlockingQueue - Queue-1 [TS] queueSize [0] totalAdded [7] totalSaved [7] totalFailed [0]
2025-12-16 08:12:05,442 [sql-log-2-thread-1] INFO  o.t.s.dao.sql.TbSqlBlockingQueue - Queue-1 [TS Latest] queueSize [0] totalAdded [7] totalSaved [7] totalFailed [0]
2025-12-16 08:12:10,262 [TB-Scheduling-5] INFO  o.t.s.dao.sql.event.JpaBaseEventDao - Going to cleanup debug events with exp time: 1765267930243
2025-12-16 08:12:21,472 [rule-dispatcher-0-4] INFO  o.t.server.actors.TbActorMailbox - [RULE_NODE|4ee21770-cf62-11f0-b928-f5b3ab8e93ac] Failed to init actor, attempt 9, going to retry in attempts in 45000ms
2025-12-16 08:12:22,788 [sql-log-2-thread-1] INFO  o.t.s.dao.sql.TbSqlBlockingQueue - Queue-0 [Events] queueSize [0] totalAdded [2] totalSaved [2] totalFailed [0]
2025-12-16 08:12:25,395 [sql-log-2-thread-1] INFO  o.t.s.dao.sql.TbSqlBlockingQueue - Queue-1 [TS] queueSize [0] totalAdded [4] totalSaved [4] totalFailed [0]
2025-12-16 08:12:25,442 [sql-log-2-thread-1] INFO  o.t.s.dao.sql.TbSqlBlockingQueue - Queue-1 [TS Latest] queueSize [0] totalAdded [4] totalSaved [4] totalFailed [0]
2025-12-16 08:12:48,378 [TB-Scheduling-8] INFO  o.t.s.dao.aspect.SqlDaoCallsAspect - Total timing statistics below:
2025-12-16 08:12:48,378 [TB-Scheduling-8] INFO  o.t.s.dao.aspect.SqlDaoCallsAspect - [5489b160-ccf1-11f0-81f3-0bf1425738f5]: calls: 1, failures: 0, exec time: 3 
2025-12-16 08:12:48,379 [TB-Scheduling-8] INFO  o.t.s.dao.aspect.SqlDaoCallsAspect - [5489b160-ccf1-11f0-81f3-0bf1425738f5] Top 3 methods by timing:
2025-12-16 08:12:48,380 [TB-Scheduling-12] INFO  o.t.s.c.t.s.DefaultTransportService - Transport Stats: openConnections [0]
2025-12-16 08:12:48,381 [TB-Scheduling-8] INFO  o.t.s.dao.aspect.SqlDaoCallsAspect - [5489b160-ccf1-11f0-81f3-0bf1425738f5]: method: JpaAbstractDao.findById(..), calls: 1, failures: 0, exec time: 3
2025-12-16 08:13:05,391 [sql-log-2-thread-1] INFO  o.t.s.dao.sql.TbSqlBlockingQueue - Queue-1 [TS] queueSize [0] totalAdded [7] totalSaved [7] totalFailed [0]
2025-12-16 08:13:05,438 [sql-log-2-thread-1] INFO  o.t.s.dao.sql.TbSqlBlockingQueue - Queue-1 [TS Latest] queueSize [0] totalAdded [7] totalSaved [7] totalFailed [0]
2025-12-16 08:13:25,391 [sql-log-2-thread-1] INFO  o.t.s.dao.sql.TbSqlBlockingQueue - Queue-1 [TS] queueSize [0] totalAdded [4] totalSaved [4] totalFailed [0]
2025-12-16 08:13:25,438 [sql-log-2-thread-1] INFO  o.t.s.dao.sql.TbSqlBlockingQueue - Queue-1 [TS Latest] queueSize [0] totalAdded [4] totalSaved [4] totalFailed [0]
2025-12-16 08:13:36,477 [rule-dispatcher-0-8] INFO  o.t.server.actors.TbActorMailbox - [RULE_NODE|4ee21770-cf62-11f0-b928-f5b3ab8e93ac] Failed to init actor, attempt 10, going to stop attempts.
org.thingsboard.server.actors.TbActorException: Failed to init actor
	at org.thingsboard.server.actors.service.ComponentActor.initProcessor(ComponentActor.java:76)
	at org.thingsboard.server.actors.service.ComponentActor.init(ComponentActor.java:61)
	at org.thingsboard.server.actors.TbActorMailbox.tryInit(TbActorMailbox.java:69)
	at org.thingsboard.server.actors.TbActorMailbox.lambda$tryInit$1(TbActorMailbox.java:91)
	at java.base/java.util.concurrent.ForkJoinTask$RunnableExecuteAction.exec(ForkJoinTask.java:1395)
	at java.base/java.util.concurrent.ForkJoinTask.doExec(ForkJoinTask.java:373)
	at java.base/java.util.concurrent.ForkJoinPool$WorkQueue.topLevelExec(ForkJoinPool.java:1182)
	at java.base/java.util.concurrent.ForkJoinPool.scan(ForkJoinPool.java:1655)
	at java.base/java.util.concurrent.ForkJoinPool.runWorker(ForkJoinPool.java:1622)
	at java.base/java.util.concurrent.ForkJoinWorkerThread.run(ForkJoinWorkerThread.java:165)
Caused by: org.thingsboard.rule.engine.api.TbNodeException: java.lang.RuntimeException: Failed to connect to MQTT broker at 192.168.126.86:8888.
	at org.thingsboard.rule.engine.mqtt.TbMqttNode.init(TbMqttNode.java:80)
	at org.thingsboard.server.actors.ruleChain.RuleNodeActorMessageProcessor.initComponent(RuleNodeActorMessageProcessor.java:182)
	at org.thingsboard.server.actors.ruleChain.RuleNodeActorMessageProcessor.start(RuleNodeActorMessageProcessor.java:68)
	at org.thingsboard.server.actors.service.ComponentActor.initProcessor(ComponentActor.java:67)
	... 9 common frames omitted
Caused by: java.lang.RuntimeException: Failed to connect to MQTT broker at 192.168.126.86:8888.
	at org.thingsboard.rule.engine.mqtt.TbMqttNode.initClient(TbMqttNode.java:146)
	at org.thingsboard.rule.engine.mqtt.TbMqttNode.init(TbMqttNode.java:76)
	... 12 common frames omitted
2025-12-16 08:13:37,850 [NotificationExecutorService-0-10] INFO  o.t.s.d.s.i.s.SqlPartitioningRepository - Saving partition 1765411200000-1766016000000 for table notification
2025-12-16 08:13:42,781 [sql-log-2-thread-1] INFO  o.t.s.dao.sql.TbSqlBlockingQueue - Queue-0 [Events] queueSize [0] totalAdded [3] totalSaved [3] totalFailed [0]
2025-12-16 08:13:48,377 [TB-Scheduling-6] INFO  o.t.s.c.t.s.DefaultTransportService - Transport Stats: openConnections [0]
2025-12-16 08:13:48,377 [TB-Scheduling-1] INFO  o.t.s.dao.aspect.SqlDaoCallsAspect - Total timing statistics below:
2025-12-16 08:13:48,378 [TB-Scheduling-1] INFO  o.t.s.dao.aspect.SqlDaoCallsAspect - [5489b160-ccf1-11f0-81f3-0bf1425738f5]: calls: 9, failures: 0, exec time: 1070 
2025-12-16 08:13:48,378 [TB-Scheduling-1] INFO  o.t.s.dao.aspect.SqlDaoCallsAspect - [5489b160-ccf1-11f0-81f3-0bf1425738f5] Top 3 methods by timing:
2025-12-16 08:13:48,378 [TB-Scheduling-1] INFO  o.t.s.dao.aspect.SqlDaoCallsAspect - [5489b160-ccf1-11f0-81f3-0bf1425738f5]: method: JpaAbstractDao.findById(..), calls: 3, failures: 0, exec time: 568
2025-12-16 08:13:48,379 [TB-Scheduling-1] INFO  o.t.s.dao.aspect.SqlDaoCallsAspect - [5489b160-ccf1-11f0-81f3-0bf1425738f5]: method: JpaAbstractDao.save(..), calls: 2, failures: 0, exec time: 214
2025-12-16 08:13:48,379 [TB-Scheduling-1] INFO  o.t.s.dao.aspect.SqlDaoCallsAspect - [5489b160-ccf1-11f0-81f3-0bf1425738f5]: method: JpaUserDao.findTenantAdmins(..), calls: 1, failures: 0, exec time: 125
2025-12-16 08:14:05,386 [sql-log-2-thread-1] INFO  o.t.s.dao.sql.TbSqlBlockingQueue - Queue-1 [TS] queueSize [0] totalAdded [7] totalSaved [7] totalFailed [0]
2025-12-16 08:14:05,433 [sql-log-2-thread-1] INFO  o.t.s.dao.sql.TbSqlBlockingQueue - Queue-1 [TS Latest] queueSize [0] totalAdded [7] totalSaved [7] totalFailed [0]
2025-12-16 08:14:25,386 [sql-log-2-thread-1] INFO  o.t.s.dao.sql.TbSqlBlockingQueue - Queue-1 [TS] queueSize [0] totalAdded [4] totalSaved [4] totalFailed [0]
2025-12-16 08:14:25,433 [sql-log-2-thread-1] INFO  o.t.s.dao.sql.TbSqlBlockingQueue - Queue-1 [TS Latest] queueSize [0] totalAdded [4] totalSaved [4] totalFailed [0]
2025-12-16 08:14:48,374 [TB-Scheduling-16] INFO  o.t.s.c.t.s.DefaultTransportService - Transport Stats: openConnections [0]
2025-12-16 08:15:05,383 [sql-log-2-thread-1] INFO  o.t.s.dao.sql.TbSqlBlockingQueue - Queue-1 [TS] queueSize [0] totalAdded [7] totalSaved [7] totalFailed [0]
2025-12-16 08:15:05,430 [sql-log-2-thread-1] INFO  o.t.s.dao.sql.TbSqlBlockingQueue - Queue-1 [TS Latest] queueSize [0] totalAdded [7] totalSaved [7] totalFailed [0]
2025-12-16 08:15:25,383 [sql-log-2-thread-1] INFO  o.t.s.dao.sql.TbSqlBlockingQueue - Queue-1 [TS] queueSize [0] totalAdded [4] totalSaved [4] totalFailed [0]
2025-12-16 08:15:25,430 [sql-log-2-thread-1] INFO  o.t.s.dao.sql.TbSqlBlockingQueue - Queue-1 [TS Latest] queueSize [0] totalAdded [4] totalSaved [4] totalFailed [0]
2025-12-16 08:15:48,370 [TB-Scheduling-8] INFO  o.t.s.c.t.s.DefaultTransportService - Transport Stats: openConnections [0]
2025-12-16 08:16:05,378 [sql-log-2-thread-1] INFO  o.t.s.dao.sql.TbSqlBlockingQueue - Queue-1 [TS] queueSize [0] totalAdded [7] totalSaved [7] totalFailed [0]
2025-12-16 08:16:05,426 [sql-log-2-thread-1] INFO  o.t.s.dao.sql.TbSqlBlockingQueue - Queue-1 [TS Latest] queueSize [0] totalAdded [7] totalSaved [7] totalFailed [0]
2025-12-16 08:16:25,379 [sql-log-2-thread-1] INFO  o.t.s.dao.sql.TbSqlBlockingQueue - Queue-1 [TS] queueSize [0] totalAdded [4] totalSaved [4] totalFailed [0]
2025-12-16 08:16:25,426 [sql-log-2-thread-1] INFO  o.t.s.dao.sql.TbSqlBlockingQueue - Queue-1 [TS Latest] queueSize [0] totalAdded [4] totalSaved [4] totalFailed [0]
2025-12-16 08:16:48,366 [TB-Scheduling-3] INFO  o.t.s.c.t.s.DefaultTransportService - Transport Stats: openConnections [0]
2025-12-16 08:17:05,375 [sql-log-2-thread-1] INFO  o.t.s.dao.sql.TbSqlBlockingQueue - Queue-1 [TS] queueSize [0] totalAdded [7] totalSaved [7] totalFailed [0]
2025-12-16 08:17:05,422 [sql-log-2-thread-1] INFO  o.t.s.dao.sql.TbSqlBlockingQueue - Queue-1 [TS Latest] queueSize [0] totalAdded [7] totalSaved [7] totalFailed [0]
2025-12-16 08:17:25,375 [sql-log-2-thread-1] INFO  o.t.s.dao.sql.TbSqlBlockingQueue - Queue-1 [TS] queueSize [0] totalAdded [4] totalSaved [4] totalFailed [0]
2025-12-16 08:17:25,422 [sql-log-2-thread-1] INFO  o.t.s.dao.sql.TbSqlBlockingQueue - Queue-1 [TS Latest] queueSize [0] totalAdded [4] totalSaved [4] totalFailed [0]
2025-12-16 08:17:48,363 [TB-Scheduling-4] INFO  o.t.s.c.t.s.DefaultTransportService - Transport Stats: openConnections [0]
2025-12-16 08:18:05,371 [sql-log-2-thread-1] INFO  o.t.s.dao.sql.TbSqlBlockingQueue - Queue-1 [TS] queueSize [0] totalAdded [7] totalSaved [7] totalFailed [0]
2025-12-16 08:18:05,418 [sql-log-2-thread-1] INFO  o.t.s.dao.sql.TbSqlBlockingQueue - Queue-1 [TS Latest] queueSize [0] totalAdded [7] totalSaved [7] totalFailed [0]
2025-12-16 08:18:25,371 [sql-log-2-thread-1] INFO  o.t.s.dao.sql.TbSqlBlockingQueue - Queue-1 [TS] queueSize [0] totalAdded [4] totalSaved [4] totalFailed [0]
2025-12-16 08:18:25,418 [sql-log-2-thread-1] INFO  o.t.s.dao.sql.TbSqlBlockingQueue - Queue-1 [TS Latest] queueSize [0] totalAdded [4] totalSaved [4] totalFailed [0]
2025-12-16 08:18:48,360 [TB-Scheduling-13] INFO  o.t.s.c.t.s.DefaultTransportService - Transport Stats: openConnections [0]
2025-12-16 08:19:05,367 [sql-log-2-thread-1] INFO  o.t.s.dao.sql.TbSqlBlockingQueue - Queue-1 [TS] queueSize [0] totalAdded [7] totalSaved [7] totalFailed [0]
2025-12-16 08:19:05,414 [sql-log-2-thread-1] INFO  o.t.s.dao.sql.TbSqlBlockingQueue - Queue-1 [TS Latest] queueSize [0] totalAdded [7] totalSaved [7] totalFailed [0]
2025-12-16 08:19:25,366 [sql-log-2-thread-1] INFO  o.t.s.dao.sql.TbSqlBlockingQueue - Queue-1 [TS] queueSize [0] totalAdded [4] totalSaved [4] totalFailed [0]
2025-12-16 08:19:25,414 [sql-log-2-thread-1] INFO  o.t.s.dao.sql.TbSqlBlockingQueue - Queue-1 [TS Latest] queueSize [0] totalAdded [4] totalSaved [4] totalFailed [0]
2025-12-16 08:19:48,358 [TB-Scheduling-13] INFO  o.t.s.c.t.s.DefaultTransportService - Transport Stats: openConnections [0]
2025-12-16 08:20:15,363 [sql-log-2-thread-1] INFO  o.t.s.dao.sql.TbSqlBlockingQueue - Queue-1 [TS] queueSize [0] totalAdded [7] totalSaved [7] totalFailed [0]
2025-12-16 08:20:15,410 [sql-log-2-thread-1] INFO  o.t.s.dao.sql.TbSqlBlockingQueue - Queue-1 [TS Latest] queueSize [0] totalAdded [7] totalSaved [7] totalFailed [0]
2025-12-16 08:20:25,363 [sql-log-2-thread-1] INFO  o.t.s.dao.sql.TbSqlBlockingQueue - Queue-1 [TS] queueSize [0] totalAdded [4] totalSaved [4] totalFailed [0]
2025-12-16 08:20:25,410 [sql-log-2-thread-1] INFO  o.t.s.dao.sql.TbSqlBlockingQueue - Queue-1 [TS Latest] queueSize [0] totalAdded [4] totalSaved [4] totalFailed [0]
2025-12-16 08:20:48,355 [TB-Scheduling-8] INFO  o.t.s.c.t.s.DefaultTransportService - Transport Stats: openConnections [0]
2025-12-16 08:21:15,358 [sql-log-2-thread-1] INFO  o.t.s.dao.sql.TbSqlBlockingQueue - Queue-1 [TS] queueSize [0] totalAdded [7] totalSaved [7] totalFailed [0]
2025-12-16 08:21:15,406 [sql-log-2-thread-1] INFO  o.t.s.dao.sql.TbSqlBlockingQueue - Queue-1 [TS Latest] queueSize [0] totalAdded [7] totalSaved [7] totalFailed [0]
2025-12-16 08:21:25,358 [sql-log-2-thread-1] INFO  o.t.s.dao.sql.TbSqlBlockingQueue - Queue-1 [TS] queueSize [0] totalAdded [4] totalSaved [4] totalFailed [0]
2025-12-16 08:21:25,406 [sql-log-2-thread-1] INFO  o.t.s.dao.sql.TbSqlBlockingQueue - Queue-1 [TS Latest] queueSize [0] totalAdded [4] totalSaved [4] totalFailed [0]
2025-12-16 08:21:48,351 [TB-Scheduling-4] INFO  o.t.s.c.t.s.DefaultTransportService - Transport Stats: openConnections [0]
2025-12-16 08:22:15,355 [sql-log-2-thread-1] INFO  o.t.s.dao.sql.TbSqlBlockingQueue - Queue-1 [TS] queueSize [0] totalAdded [7] totalSaved [7] totalFailed [0]
2025-12-16 08:22:15,402 [sql-log-2-thread-1] INFO  o.t.s.dao.sql.TbSqlBlockingQueue - Queue-1 [TS Latest] queueSize [0] totalAdded [7] totalSaved [7] totalFailed [0]
2025-12-16 08:22:25,355 [sql-log-2-thread-1] INFO  o.t.s.dao.sql.TbSqlBlockingQueue - Queue-1 [TS] queueSize [0] totalAdded [4] totalSaved [4] totalFailed [0]
2025-12-16 08:22:25,402 [sql-log-2-thread-1] INFO  o.t.s.dao.sql.TbSqlBlockingQueue - Queue-1 [TS Latest] queueSize [0] totalAdded [4] totalSaved [4] totalFailed [0]
2025-12-16 08:22:48,348 [TB-Scheduling-15] INFO  o.t.s.c.t.s.DefaultTransportService - Transport Stats: openConnections [0]
2025-12-16 08:23:15,351 [sql-log-2-thread-1] INFO  o.t.s.dao.sql.TbSqlBlockingQueue - Queue-1 [TS] queueSize [0] totalAdded [7] totalSaved [7] totalFailed [0]
2025-12-16 08:23:15,398 [sql-log-2-thread-1] INFO  o.t.s.dao.sql.TbSqlBlockingQueue - Queue-1 [TS Latest] queueSize [0] totalAdded [7] totalSaved [7] totalFailed [0]
2025-12-16 08:23:25,351 [sql-log-2-thread-1] INFO  o.t.s.dao.sql.TbSqlBlockingQueue - Queue-1 [TS] queueSize [0] totalAdded [4] totalSaved [4] totalFailed [0]
2025-12-16 08:23:25,398 [sql-log-2-thread-1] INFO  o.t.s.dao.sql.TbSqlBlockingQueue - Queue-1 [TS Latest] queueSize [0] totalAdded [4] totalSaved [4] totalFailed [0]
2025-12-16 08:23:48,345 [TB-Scheduling-8] INFO  o.t.s.c.t.s.DefaultTransportService - Transport Stats: openConnections [0]
2025-12-16 08:24:15,347 [sql-log-2-thread-1] INFO  o.t.s.dao.sql.TbSqlBlockingQueue - Queue-1 [TS] queueSize [0] totalAdded [7] totalSaved [7] totalFailed [0]
2025-12-16 08:24:15,394 [sql-log-2-thread-1] INFO  o.t.s.dao.sql.TbSqlBlockingQueue - Queue-1 [TS Latest] queueSize [0] totalAdded [7] totalSaved [7] totalFailed [0]
2025-12-16 08:24:25,347 [sql-log-2-thread-1] INFO  o.t.s.dao.sql.TbSqlBlockingQueue - Queue-1 [TS] queueSize [0] totalAdded [4] totalSaved [4] totalFailed [0]
2025-12-16 08:24:25,394 [sql-log-2-thread-1] INFO  o.t.s.dao.sql.TbSqlBlockingQueue - Queue-1 [TS Latest] queueSize [0] totalAdded [4] totalSaved [4] totalFailed [0]
2025-12-16 08:24:48,342 [TB-Scheduling-9] INFO  o.t.s.c.t.s.DefaultTransportService - Transport Stats: openConnections [0]
2025-12-16 08:25:15,343 [sql-log-2-thread-1] INFO  o.t.s.dao.sql.TbSqlBlockingQueue - Queue-1 [TS] queueSize [0] totalAdded [7] totalSaved [7] totalFailed [0]
2025-12-16 08:25:15,390 [sql-log-2-thread-1] INFO  o.t.s.dao.sql.TbSqlBlockingQueue - Queue-1 [TS Latest] queueSize [0] totalAdded [7] totalSaved [7] totalFailed [0]
2025-12-16 08:25:25,343 [sql-log-2-thread-1] INFO  o.t.s.dao.sql.TbSqlBlockingQueue - Queue-1 [TS] queueSize [0] totalAdded [4] totalSaved [4] totalFailed [0]
2025-12-16 08:25:25,390 [sql-log-2-thread-1] INFO  o.t.s.dao.sql.TbSqlBlockingQueue - Queue-1 [TS Latest] queueSize [0] totalAdded [4] totalSaved [4] totalFailed [0]
2025-12-16 08:25:48,339 [TB-Scheduling-16] INFO  o.t.s.c.t.s.DefaultTransportService - Transport Stats: openConnections [0]
2025-12-16 08:26:15,338 [sql-log-2-thread-1] INFO  o.t.s.dao.sql.TbSqlBlockingQueue - Queue-1 [TS] queueSize [0] totalAdded [7] totalSaved [7] totalFailed [0]
2025-12-16 08:26:15,385 [sql-log-2-thread-1] INFO  o.t.s.dao.sql.TbSqlBlockingQueue - Queue-1 [TS Latest] queueSize [0] totalAdded [7] totalSaved [7] totalFailed [0]
2025-12-16 08:26:25,338 [sql-log-2-thread-1] INFO  o.t.s.dao.sql.TbSqlBlockingQueue - Queue-1 [TS] queueSize [0] totalAdded [4] totalSaved [4] totalFailed [0]
2025-12-16 08:26:25,385 [sql-log-2-thread-1] INFO  o.t.s.dao.sql.TbSqlBlockingQueue - Queue-1 [TS Latest] queueSize [0] totalAdded [4] totalSaved [4] totalFailed [0]
2025-12-16 08:26:48,337 [TB-Scheduling-14] INFO  o.t.s.c.t.s.DefaultTransportService - Transport Stats: openConnections [0]
2025-12-16 08:27:15,335 [sql-log-2-thread-1] INFO  o.t.s.dao.sql.TbSqlBlockingQueue - Queue-1 [TS] queueSize [0] totalAdded [7] totalSaved [7] totalFailed [0]
2025-12-16 08:27:15,382 [sql-log-2-thread-1] INFO  o.t.s.dao.sql.TbSqlBlockingQueue - Queue-1 [TS Latest] queueSize [0] totalAdded [7] totalSaved [7] totalFailed [0]
2025-12-16 08:27:25,335 [sql-log-2-thread-1] INFO  o.t.s.dao.sql.TbSqlBlockingQueue - Queue-1 [TS] queueSize [0] totalAdded [4] totalSaved [4] totalFailed [0]
2025-12-16 08:27:25,382 [sql-log-2-thread-1] INFO  o.t.s.dao.sql.TbSqlBlockingQueue - Queue-1 [TS Latest] queueSize [0] totalAdded [4] totalSaved [4] totalFailed [0]
2025-12-16 08:27:48,333 [TB-Scheduling-6] INFO  o.t.s.c.t.s.DefaultTransportService - Transport Stats: openConnections [0]
2025-12-16 08:28:15,331 [sql-log-2-thread-1] INFO  o.t.s.dao.sql.TbSqlBlockingQueue - Queue-1 [TS] queueSize [0] totalAdded [7] totalSaved [7] totalFailed [0]
2025-12-16 08:28:15,378 [sql-log-2-thread-1] INFO  o.t.s.dao.sql.TbSqlBlockingQueue - Queue-1 [TS Latest] queueSize [0] totalAdded [7] totalSaved [7] totalFailed [0]
2025-12-16 08:28:25,331 [sql-log-2-thread-1] INFO  o.t.s.dao.sql.TbSqlBlockingQueue - Queue-1 [TS] queueSize [0] totalAdded [4] totalSaved [4] totalFailed [0]
2025-12-16 08:28:25,378 [sql-log-2-thread-1] INFO  o.t.s.dao.sql.TbSqlBlockingQueue - Queue-1 [TS Latest] queueSize [0] totalAdded [4] totalSaved [4] totalFailed [0]
2025-12-16 08:28:48,331 [TB-Scheduling-10] INFO  o.t.s.c.t.s.DefaultTransportService - Transport Stats: openConnections [0]
2025-12-16 08:29:15,327 [sql-log-2-thread-1] INFO  o.t.s.dao.sql.TbSqlBlockingQueue - Queue-1 [TS] queueSize [0] totalAdded [7] totalSaved [7] totalFailed [0]
2025-12-16 08:29:15,375 [sql-log-2-thread-1] INFO  o.t.s.dao.sql.TbSqlBlockingQueue - Queue-1 [TS Latest] queueSize [0] totalAdded [7] totalSaved [7] totalFailed [0]
2025-12-16 08:29:25,327 [sql-log-2-thread-1] INFO  o.t.s.dao.sql.TbSqlBlockingQueue - Queue-1 [TS] queueSize [0] totalAdded [4] totalSaved [4] totalFailed [0]
2025-12-16 08:29:25,375 [sql-log-2-thread-1] INFO  o.t.s.dao.sql.TbSqlBlockingQueue - Queue-1 [TS Latest] queueSize [0] totalAdded [4] totalSaved [4] totalFailed [0]
2025-12-16 08:29:48,329 [TB-Scheduling-4] INFO  o.t.s.c.t.s.DefaultTransportService - Transport Stats: openConnections [0]
2025-12-16 08:30:25,323 [sql-log-2-thread-1] INFO  o.t.s.dao.sql.TbSqlBlockingQueue - Queue-1 [TS] queueSize [0] totalAdded [11] totalSaved [11] totalFailed [0]
2025-12-16 08:30:25,371 [sql-log-2-thread-1] INFO  o.t.s.dao.sql.TbSqlBlockingQueue - Queue-1 [TS Latest] queueSize [0] totalAdded [11] totalSaved [11] totalFailed [0]
2025-12-16 08:30:48,326 [TB-Scheduling-7] INFO  o.t.s.c.t.s.DefaultTransportService - Transport Stats: openConnections [0]
2025-12-16 08:31:25,320 [sql-log-2-thread-1] INFO  o.t.s.dao.sql.TbSqlBlockingQueue - Queue-1 [TS] queueSize [0] totalAdded [11] totalSaved [11] totalFailed [0]
2025-12-16 08:31:25,367 [sql-log-2-thread-1] INFO  o.t.s.dao.sql.TbSqlBlockingQueue - Queue-1 [TS Latest] queueSize [0] totalAdded [11] totalSaved [11] totalFailed [0]
2025-12-16 08:31:48,323 [TB-Scheduling-12] INFO  o.t.s.c.t.s.DefaultTransportService - Transport Stats: openConnections [0]
2025-12-16 08:32:25,316 [sql-log-2-thread-1] INFO  o.t.s.dao.sql.TbSqlBlockingQueue - Queue-1 [TS] queueSize [0] totalAdded [11] totalSaved [11] totalFailed [0]
2025-12-16 08:32:25,363 [sql-log-2-thread-1] INFO  o.t.s.dao.sql.TbSqlBlockingQueue - Queue-1 [TS Latest] queueSize [0] totalAdded [11] totalSaved [11] totalFailed [0]
2025-12-16 08:32:48,320 [TB-Scheduling-12] INFO  o.t.s.c.t.s.DefaultTransportService - Transport Stats: openConnections [0]
2025-12-16 08:33:25,313 [sql-log-2-thread-1] INFO  o.t.s.dao.sql.TbSqlBlockingQueue - Queue-1 [TS] queueSize [0] totalAdded [11] totalSaved [11] totalFailed [0]
2025-12-16 08:33:25,360 [sql-log-2-thread-1] INFO  o.t.s.dao.sql.TbSqlBlockingQueue - Queue-1 [TS Latest] queueSize [0] totalAdded [11] totalSaved [11] totalFailed [0]
2025-12-16 08:33:48,317 [TB-Scheduling-3] INFO  o.t.s.c.t.s.DefaultTransportService - Transport Stats: openConnections [0]
2025-12-16 08:34:25,309 [sql-log-2-thread-1] INFO  o.t.s.dao.sql.TbSqlBlockingQueue - Queue-1 [TS] queueSize [0] totalAdded [11] totalSaved [11] totalFailed [0]
2025-12-16 08:34:25,356 [sql-log-2-thread-1] INFO  o.t.s.dao.sql.TbSqlBlockingQueue - Queue-1 [TS Latest] queueSize [0] totalAdded [11] totalSaved [11] totalFailed [0]
2025-12-16 08:34:48,314 [TB-Scheduling-10] INFO  o.t.s.c.t.s.DefaultTransportService - Transport Stats: openConnections [0]
2025-12-16 08:35:25,305 [sql-log-2-thread-1] INFO  o.t.s.dao.sql.TbSqlBlockingQueue - Queue-1 [TS] queueSize [0] totalAdded [11] totalSaved [11] totalFailed [0]
2025-12-16 08:35:25,352 [sql-log-2-thread-1] INFO  o.t.s.dao.sql.TbSqlBlockingQueue - Queue-1 [TS Latest] queueSize [0] totalAdded [11] totalSaved [11] totalFailed [0]
2025-12-16 08:35:48,311 [TB-Scheduling-11] INFO  o.t.s.c.t.s.DefaultTransportService - Transport Stats: openConnections [0]
2025-12-16 08:36:25,302 [sql-log-2-thread-1] INFO  o.t.s.dao.sql.TbSqlBlockingQueue - Queue-1 [TS] queueSize [0] totalAdded [11] totalSaved [11] totalFailed [0]
2025-12-16 08:36:25,349 [sql-log-2-thread-1] INFO  o.t.s.dao.sql.TbSqlBlockingQueue - Queue-1 [TS Latest] queueSize [0] totalAdded [11] totalSaved [11] totalFailed [0]
2025-12-16 08:36:48,308 [TB-Scheduling-9] INFO  o.t.s.c.t.s.DefaultTransportService - Transport Stats: openConnections [0]
2025-12-16 08:37:25,297 [sql-log-2-thread-1] INFO  o.t.s.dao.sql.TbSqlBlockingQueue - Queue-1 [TS] queueSize [0] totalAdded [11] totalSaved [11] totalFailed [0]
2025-12-16 08:37:25,344 [sql-log-2-thread-1] INFO  o.t.s.dao.sql.TbSqlBlockingQueue - Queue-1 [TS Latest] queueSize [0] totalAdded [11] totalSaved [11] totalFailed [0]
2025-12-16 08:37:48,306 [TB-Scheduling-7] INFO  o.t.s.c.t.s.DefaultTransportService - Transport Stats: openConnections [0]
2025-12-16 08:38:25,295 [sql-log-2-thread-1] INFO  o.t.s.dao.sql.TbSqlBlockingQueue - Queue-1 [TS] queueSize [0] totalAdded [11] totalSaved [11] totalFailed [0]
2025-12-16 08:38:25,342 [sql-log-2-thread-1] INFO  o.t.s.dao.sql.TbSqlBlockingQueue - Queue-1 [TS Latest] queueSize [0] totalAdded [11] totalSaved [11] totalFailed [0]
2025-12-16 08:38:48,303 [TB-Scheduling-16] INFO  o.t.s.c.t.s.DefaultTransportService - Transport Stats: openConnections [0]
2025-12-16 08:39:25,291 [sql-log-2-thread-1] INFO  o.t.s.dao.sql.TbSqlBlockingQueue - Queue-1 [TS] queueSize [0] totalAdded [11] totalSaved [11] totalFailed [0]
2025-12-16 08:39:25,338 [sql-log-2-thread-1] INFO  o.t.s.dao.sql.TbSqlBlockingQueue - Queue-1 [TS Latest] queueSize [0] totalAdded [11] totalSaved [11] totalFailed [0]
2025-12-16 08:39:48,301 [TB-Scheduling-6] INFO  o.t.s.c.t.s.DefaultTransportService - Transport Stats: openConnections [0]
2025-12-16 08:40:25,287 [sql-log-2-thread-1] INFO  o.t.s.dao.sql.TbSqlBlockingQueue - Queue-1 [TS] queueSize [0] totalAdded [4] totalSaved [4] totalFailed [0]
2025-12-16 08:40:25,335 [sql-log-2-thread-1] INFO  o.t.s.dao.sql.TbSqlBlockingQueue - Queue-1 [TS Latest] queueSize [0] totalAdded [4] totalSaved [4] totalFailed [0]
2025-12-16 08:40:35,285 [sql-log-2-thread-1] INFO  o.t.s.dao.sql.TbSqlBlockingQueue - Queue-1 [TS] queueSize [0] totalAdded [7] totalSaved [7] totalFailed [0]
2025-12-16 08:40:35,332 [sql-log-2-thread-1] INFO  o.t.s.dao.sql.TbSqlBlockingQueue - Queue-1 [TS Latest] queueSize [0] totalAdded [7] totalSaved [7] totalFailed [0]
2025-12-16 08:40:48,299 [TB-Scheduling-15] INFO  o.t.s.c.t.s.DefaultTransportService - Transport Stats: openConnections [0]
2025-12-16 08:41:25,283 [sql-log-2-thread-1] INFO  o.t.s.dao.sql.TbSqlBlockingQueue - Queue-1 [TS] queueSize [0] totalAdded [4] totalSaved [4] totalFailed [0]
2025-12-16 08:41:25,331 [sql-log-2-thread-1] INFO  o.t.s.dao.sql.TbSqlBlockingQueue - Queue-1 [TS Latest] queueSize [0] totalAdded [4] totalSaved [4] totalFailed [0]
2025-12-16 08:41:35,282 [sql-log-2-thread-1] INFO  o.t.s.dao.sql.TbSqlBlockingQueue - Queue-1 [TS] queueSize [0] totalAdded [7] totalSaved [7] totalFailed [0]
2025-12-16 08:41:35,330 [sql-log-2-thread-1] INFO  o.t.s.dao.sql.TbSqlBlockingQueue - Queue-1 [TS Latest] queueSize [0] totalAdded [7] totalSaved [7] totalFailed [0]
2025-12-16 08:41:48,296 [TB-Scheduling-9] INFO  o.t.s.c.t.s.DefaultTransportService - Transport Stats: openConnections [0]
2025-12-16 08:42:25,280 [sql-log-2-thread-1] INFO  o.t.s.dao.sql.TbSqlBlockingQueue - Queue-1 [TS] queueSize [0] totalAdded [4] totalSaved [4] totalFailed [0]
2025-12-16 08:42:25,327 [sql-log-2-thread-1] INFO  o.t.s.dao.sql.TbSqlBlockingQueue - Queue-1 [TS Latest] queueSize [0] totalAdded [4] totalSaved [4] totalFailed [0]
2025-12-16 08:42:35,278 [sql-log-2-thread-1] INFO  o.t.s.dao.sql.TbSqlBlockingQueue - Queue-1 [TS] queueSize [0] totalAdded [7] totalSaved [7] totalFailed [0]
2025-12-16 08:42:35,326 [sql-log-2-thread-1] INFO  o.t.s.dao.sql.TbSqlBlockingQueue - Queue-1 [TS Latest] queueSize [0] totalAdded [7] totalSaved [7] totalFailed [0]
2025-12-16 08:42:48,295 [TB-Scheduling-15] INFO  o.t.s.c.t.s.DefaultTransportService - Transport Stats: openConnections [0]
2025-12-16 08:43:25,277 [sql-log-2-thread-1] INFO  o.t.s.dao.sql.TbSqlBlockingQueue - Queue-1 [TS] queueSize [0] totalAdded [4] totalSaved [4] totalFailed [0]
2025-12-16 08:43:25,323 [sql-log-2-thread-1] INFO  o.t.s.dao.sql.TbSqlBlockingQueue - Queue-1 [TS Latest] queueSize [0] totalAdded [4] totalSaved [4] totalFailed [0]
2025-12-16 08:43:35,275 [sql-log-2-thread-1] INFO  o.t.s.dao.sql.TbSqlBlockingQueue - Queue-1 [TS] queueSize [0] totalAdded [7] totalSaved [7] totalFailed [0]
2025-12-16 08:43:35,322 [sql-log-2-thread-1] INFO  o.t.s.dao.sql.TbSqlBlockingQueue - Queue-1 [TS Latest] queueSize [0] totalAdded [7] totalSaved [7] totalFailed [0]
2025-12-16 08:43:48,390 [TB-Scheduling-15] INFO  o.t.s.c.t.s.DefaultTransportService - Transport Stats: openConnections [0]
2025-12-16 08:44:25,273 [sql-log-2-thread-1] INFO  o.t.s.dao.sql.TbSqlBlockingQueue - Queue-1 [TS] queueSize [0] totalAdded [4] totalSaved [4] totalFailed [0]
2025-12-16 08:44:25,320 [sql-log-2-thread-1] INFO  o.t.s.dao.sql.TbSqlBlockingQueue - Queue-1 [TS Latest] queueSize [0] totalAdded [4] totalSaved [4] totalFailed [0]
2025-12-16 08:44:35,271 [sql-log-2-thread-1] INFO  o.t.s.dao.sql.TbSqlBlockingQueue - Queue-1 [TS] queueSize [0] totalAdded [7] totalSaved [7] totalFailed [0]
2025-12-16 08:44:35,318 [sql-log-2-thread-1] INFO  o.t.s.dao.sql.TbSqlBlockingQueue - Queue-1 [TS Latest] queueSize [0] totalAdded [7] totalSaved [7] totalFailed [0]
2025-12-16 08:44:48,388 [TB-Scheduling-6] INFO  o.t.s.c.t.s.DefaultTransportService - Transport Stats: openConnections [0]
2025-12-16 08:45:25,269 [sql-log-2-thread-1] INFO  o.t.s.dao.sql.TbSqlBlockingQueue - Queue-1 [TS] queueSize [0] totalAdded [4] totalSaved [4] totalFailed [0]
2025-12-16 08:45:25,317 [sql-log-2-thread-1] INFO  o.t.s.dao.sql.TbSqlBlockingQueue - Queue-1 [TS Latest] queueSize [0] totalAdded [4] totalSaved [4] totalFailed [0]
2025-12-16 08:45:35,268 [sql-log-2-thread-1] INFO  o.t.s.dao.sql.TbSqlBlockingQueue - Queue-1 [TS] queueSize [0] totalAdded [7] totalSaved [7] totalFailed [0]
2025-12-16 08:45:35,315 [sql-log-2-thread-1] INFO  o.t.s.dao.sql.TbSqlBlockingQueue - Queue-1 [TS Latest] queueSize [0] totalAdded [7] totalSaved [7] totalFailed [0]
2025-12-16 08:45:48,387 [TB-Scheduling-8] INFO  o.t.s.c.t.s.DefaultTransportService - Transport Stats: openConnections [0]
2025-12-16 08:46:25,266 [sql-log-2-thread-1] INFO  o.t.s.dao.sql.TbSqlBlockingQueue - Queue-1 [TS] queueSize [0] totalAdded [4] totalSaved [4] totalFailed [0]
2025-12-16 08:46:25,313 [sql-log-2-thread-1] INFO  o.t.s.dao.sql.TbSqlBlockingQueue - Queue-1 [TS Latest] queueSize [0] totalAdded [4] totalSaved [4] totalFailed [0]
2025-12-16 08:46:35,264 [sql-log-2-thread-1] INFO  o.t.s.dao.sql.TbSqlBlockingQueue - Queue-1 [TS] queueSize [0] totalAdded [7] totalSaved [7] totalFailed [0]
2025-12-16 08:46:35,311 [sql-log-2-thread-1] INFO  o.t.s.dao.sql.TbSqlBlockingQueue - Queue-1 [TS Latest] queueSize [0] totalAdded [7] totalSaved [7] totalFailed [0]
2025-12-16 08:46:48,385 [TB-Scheduling-8] INFO  o.t.s.c.t.s.DefaultTransportService - Transport Stats: openConnections [0]
2025-12-16 08:47:25,263 [sql-log-2-thread-1] INFO  o.t.s.dao.sql.TbSqlBlockingQueue - Queue-1 [TS] queueSize [0] totalAdded [4] totalSaved [4] totalFailed [0]
2025-12-16 08:47:25,310 [sql-log-2-thread-1] INFO  o.t.s.dao.sql.TbSqlBlockingQueue - Queue-1 [TS Latest] queueSize [0] totalAdded [4] totalSaved [4] totalFailed [0]
2025-12-16 08:47:35,260 [sql-log-2-thread-1] INFO  o.t.s.dao.sql.TbSqlBlockingQueue - Queue-1 [TS] queueSize [0] totalAdded [7] totalSaved [7] totalFailed [0]
2025-12-16 08:47:35,307 [sql-log-2-thread-1] INFO  o.t.s.dao.sql.TbSqlBlockingQueue - Queue-1 [TS Latest] queueSize [0] totalAdded [7] totalSaved [7] totalFailed [0]
2025-12-16 08:47:48,383 [TB-Scheduling-2] INFO  o.t.s.c.t.s.DefaultTransportService - Transport Stats: openConnections [0]
2025-12-16 08:48:25,259 [sql-log-2-thread-1] INFO  o.t.s.dao.sql.TbSqlBlockingQueue - Queue-1 [TS] queueSize [0] totalAdded [4] totalSaved [4] totalFailed [0]
2025-12-16 08:48:25,306 [sql-log-2-thread-1] INFO  o.t.s.dao.sql.TbSqlBlockingQueue - Queue-1 [TS Latest] queueSize [0] totalAdded [4] totalSaved [4] totalFailed [0]
2025-12-16 08:48:35,257 [sql-log-2-thread-1] INFO  o.t.s.dao.sql.TbSqlBlockingQueue - Queue-1 [TS] queueSize [0] totalAdded [7] totalSaved [7] totalFailed [0]
2025-12-16 08:48:35,304 [sql-log-2-thread-1] INFO  o.t.s.dao.sql.TbSqlBlockingQueue - Queue-1 [TS Latest] queueSize [0] totalAdded [7] totalSaved [7] totalFailed [0]
2025-12-16 08:48:48,382 [TB-Scheduling-2] INFO  o.t.s.c.t.s.DefaultTransportService - Transport Stats: openConnections [0]
2025-12-16 08:49:25,255 [sql-log-2-thread-1] INFO  o.t.s.dao.sql.TbSqlBlockingQueue - Queue-1 [TS] queueSize [0] totalAdded [4] totalSaved [4] totalFailed [0]
2025-12-16 08:49:25,302 [sql-log-2-thread-1] INFO  o.t.s.dao.sql.TbSqlBlockingQueue - Queue-1 [TS Latest] queueSize [0] totalAdded [4] totalSaved [4] totalFailed [0]
2025-12-16 08:49:45,254 [sql-log-2-thread-1] INFO  o.t.s.dao.sql.TbSqlBlockingQueue - Queue-1 [TS] queueSize [0] totalAdded [7] totalSaved [7] totalFailed [0]
2025-12-16 08:49:45,301 [sql-log-2-thread-1] INFO  o.t.s.dao.sql.TbSqlBlockingQueue - Queue-1 [TS Latest] queueSize [0] totalAdded [7] totalSaved [7] totalFailed [0]
2025-12-16 08:49:48,379 [TB-Scheduling-11] INFO  o.t.s.c.t.s.DefaultTransportService - Transport Stats: openConnections [0]
2025-12-16 08:50:25,252 [sql-log-2-thread-1] INFO  o.t.s.dao.sql.TbSqlBlockingQueue - Queue-1 [TS] queueSize [0] totalAdded [4] totalSaved [4] totalFailed [0]
2025-12-16 08:50:25,299 [sql-log-2-thread-1] INFO  o.t.s.dao.sql.TbSqlBlockingQueue - Queue-1 [TS Latest] queueSize [0] totalAdded [4] totalSaved [4] totalFailed [0]
2025-12-16 08:50:45,250 [sql-log-2-thread-1] INFO  o.t.s.dao.sql.TbSqlBlockingQueue - Queue-1 [TS] queueSize [0] totalAdded [7] totalSaved [7] totalFailed [0]
2025-12-16 08:50:45,297 [sql-log-2-thread-1] INFO  o.t.s.dao.sql.TbSqlBlockingQueue - Queue-1 [TS Latest] queueSize [0] totalAdded [7] totalSaved [7] totalFailed [0]
2025-12-16 08:50:48,376 [TB-Scheduling-7] INFO  o.t.s.c.t.s.DefaultTransportService - Transport Stats: openConnections [0]
2025-12-16 08:51:25,248 [sql-log-2-thread-1] INFO  o.t.s.dao.sql.TbSqlBlockingQueue - Queue-1 [TS] queueSize [0] totalAdded [4] totalSaved [4] totalFailed [0]
2025-12-16 08:51:25,296 [sql-log-2-thread-1] INFO  o.t.s.dao.sql.TbSqlBlockingQueue - Queue-1 [TS Latest] queueSize [0] totalAdded [4] totalSaved [4] totalFailed [0]
2025-12-16 08:51:45,246 [sql-log-2-thread-1] INFO  o.t.s.dao.sql.TbSqlBlockingQueue - Queue-1 [TS] queueSize [0] totalAdded [7] totalSaved [7] totalFailed [0]
2025-12-16 08:51:45,294 [sql-log-2-thread-1] INFO  o.t.s.dao.sql.TbSqlBlockingQueue - Queue-1 [TS Latest] queueSize [0] totalAdded [7] totalSaved [7] totalFailed [0]
2025-12-16 08:51:48,374 [TB-Scheduling-4] INFO  o.t.s.c.t.s.DefaultTransportService - Transport Stats: openConnections [0]
2025-12-16 08:52:25,245 [sql-log-2-thread-1] INFO  o.t.s.dao.sql.TbSqlBlockingQueue - Queue-1 [TS] queueSize [0] totalAdded [4] totalSaved [4] totalFailed [0]
2025-12-16 08:52:25,292 [sql-log-2-thread-1] INFO  o.t.s.dao.sql.TbSqlBlockingQueue - Queue-1 [TS Latest] queueSize [0] totalAdded [4] totalSaved [4] totalFailed [0]
2025-12-16 08:52:45,243 [sql-log-2-thread-1] INFO  o.t.s.dao.sql.TbSqlBlockingQueue - Queue-1 [TS] queueSize [0] totalAdded [7] totalSaved [7] totalFailed [0]
2025-12-16 08:52:45,291 [sql-log-2-thread-1] INFO  o.t.s.dao.sql.TbSqlBlockingQueue - Queue-1 [TS Latest] queueSize [0] totalAdded [7] totalSaved [7] totalFailed [0]
2025-12-16 08:52:48,372 [TB-Scheduling-9] INFO  o.t.s.c.t.s.DefaultTransportService - Transport Stats: openConnections [0]
2025-12-16 08:53:25,242 [sql-log-2-thread-1] INFO  o.t.s.dao.sql.TbSqlBlockingQueue - Queue-1 [TS] queueSize [0] totalAdded [4] totalSaved [4] totalFailed [0]
2025-12-16 08:53:25,289 [sql-log-2-thread-1] INFO  o.t.s.dao.sql.TbSqlBlockingQueue - Queue-1 [TS Latest] queueSize [0] totalAdded [4] totalSaved [4] totalFailed [0]
2025-12-16 08:53:45,240 [sql-log-2-thread-1] INFO  o.t.s.dao.sql.TbSqlBlockingQueue - Queue-1 [TS] queueSize [0] totalAdded [7] totalSaved [7] totalFailed [0]
2025-12-16 08:53:45,287 [sql-log-2-thread-1] INFO  o.t.s.dao.sql.TbSqlBlockingQueue - Queue-1 [TS Latest] queueSize [0] totalAdded [7] totalSaved [7] totalFailed [0]
2025-12-16 08:53:48,370 [TB-Scheduling-13] INFO  o.t.s.c.t.s.DefaultTransportService - Transport Stats: openConnections [0]
2025-12-16 08:54:25,238 [sql-log-2-thread-1] INFO  o.t.s.dao.sql.TbSqlBlockingQueue - Queue-1 [TS] queueSize [0] totalAdded [4] totalSaved [4] totalFailed [0]
2025-12-16 08:54:25,285 [sql-log-2-thread-1] INFO  o.t.s.dao.sql.TbSqlBlockingQueue - Queue-1 [TS Latest] queueSize [0] totalAdded [4] totalSaved [4] totalFailed [0]
2025-12-16 08:54:45,237 [sql-log-2-thread-1] INFO  o.t.s.dao.sql.TbSqlBlockingQueue - Queue-1 [TS] queueSize [0] totalAdded [7] totalSaved [7] totalFailed [0]
2025-12-16 08:54:45,283 [sql-log-2-thread-1] INFO  o.t.s.dao.sql.TbSqlBlockingQueue - Queue-1 [TS Latest] queueSize [0] totalAdded [7] totalSaved [7] totalFailed [0]
2025-12-16 08:54:48,370 [TB-Scheduling-8] INFO  o.t.s.c.t.s.DefaultTransportService - Transport Stats: openConnections [0]
2025-12-16 08:55:25,235 [sql-log-2-thread-1] INFO  o.t.s.dao.sql.TbSqlBlockingQueue - Queue-1 [TS] queueSize [0] totalAdded [4] totalSaved [4] totalFailed [0]
2025-12-16 08:55:25,282 [sql-log-2-thread-1] INFO  o.t.s.dao.sql.TbSqlBlockingQueue - Queue-1 [TS Latest] queueSize [0] totalAdded [4] totalSaved [4] totalFailed [0]
2025-12-16 08:55:45,233 [sql-log-2-thread-1] INFO  o.t.s.dao.sql.TbSqlBlockingQueue - Queue-1 [TS] queueSize [0] totalAdded [7] totalSaved [7] totalFailed [0]
2025-12-16 08:55:45,280 [sql-log-2-thread-1] INFO  o.t.s.dao.sql.TbSqlBlockingQueue - Queue-1 [TS Latest] queueSize [0] totalAdded [7] totalSaved [7] totalFailed [0]
2025-12-16 08:55:48,368 [TB-Scheduling-1] INFO  o.t.s.c.t.s.DefaultTransportService - Transport Stats: openConnections [0]
2025-12-16 08:56:25,231 [sql-log-2-thread-1] INFO  o.t.s.dao.sql.TbSqlBlockingQueue - Queue-1 [TS] queueSize [0] totalAdded [4] totalSaved [4] totalFailed [0]
2025-12-16 08:56:25,278 [sql-log-2-thread-1] INFO  o.t.s.dao.sql.TbSqlBlockingQueue - Queue-1 [TS Latest] queueSize [0] totalAdded [4] totalSaved [4] totalFailed [0]
2025-12-16 08:56:45,229 [sql-log-2-thread-1] INFO  o.t.s.dao.sql.TbSqlBlockingQueue - Queue-1 [TS] queueSize [0] totalAdded [7] totalSaved [7] totalFailed [0]
2025-12-16 08:56:45,276 [sql-log-2-thread-1] INFO  o.t.s.dao.sql.TbSqlBlockingQueue - Queue-1 [TS Latest] queueSize [0] totalAdded [7] totalSaved [7] totalFailed [0]
2025-12-16 08:56:48,365 [TB-Scheduling-4] INFO  o.t.s.c.t.s.DefaultTransportService - Transport Stats: openConnections [0]
2025-12-16 08:57:25,227 [sql-log-2-thread-1] INFO  o.t.s.dao.sql.TbSqlBlockingQueue - Queue-1 [TS] queueSize [0] totalAdded [4] totalSaved [4] totalFailed [0]
2025-12-16 08:57:25,274 [sql-log-2-thread-1] INFO  o.t.s.dao.sql.TbSqlBlockingQueue - Queue-1 [TS Latest] queueSize [0] totalAdded [4] totalSaved [4] totalFailed [0]
2025-12-16 08:57:45,226 [sql-log-2-thread-1] INFO  o.t.s.dao.sql.TbSqlBlockingQueue - Queue-1 [TS] queueSize [0] totalAdded [7] totalSaved [7] totalFailed [0]
2025-12-16 08:57:45,273 [sql-log-2-thread-1] INFO  o.t.s.dao.sql.TbSqlBlockingQueue - Queue-1 [TS Latest] queueSize [0] totalAdded [7] totalSaved [7] totalFailed [0]
2025-12-16 08:57:48,363 [TB-Scheduling-15] INFO  o.t.s.c.t.s.DefaultTransportService - Transport Stats: openConnections [0]
2025-12-16 08:58:25,224 [sql-log-2-thread-1] INFO  o.t.s.dao.sql.TbSqlBlockingQueue - Queue-1 [TS] queueSize [0] totalAdded [4] totalSaved [4] totalFailed [0]
2025-12-16 08:58:25,271 [sql-log-2-thread-1] INFO  o.t.s.dao.sql.TbSqlBlockingQueue - Queue-1 [TS Latest] queueSize [0] totalAdded [4] totalSaved [4] totalFailed [0]
2025-12-16 08:58:45,222 [sql-log-2-thread-1] INFO  o.t.s.dao.sql.TbSqlBlockingQueue - Queue-1 [TS] queueSize [0] totalAdded [7] totalSaved [7] totalFailed [0]
2025-12-16 08:58:45,269 [sql-log-2-thread-1] INFO  o.t.s.dao.sql.TbSqlBlockingQueue - Queue-1 [TS Latest] queueSize [0] totalAdded [7] totalSaved [7] totalFailed [0]
2025-12-16 08:58:48,362 [TB-Scheduling-7] INFO  o.t.s.c.t.s.DefaultTransportService - Transport Stats: openConnections [0]
2025-12-16 08:59:25,220 [sql-log-2-thread-1] INFO  o.t.s.dao.sql.TbSqlBlockingQueue - Queue-1 [TS] queueSize [0] totalAdded [4] totalSaved [4] totalFailed [0]
2025-12-16 08:59:25,268 [sql-log-2-thread-1] INFO  o.t.s.dao.sql.TbSqlBlockingQueue - Queue-1 [TS Latest] queueSize [0] totalAdded [4] totalSaved [4] totalFailed [0]
2025-12-16 08:59:48,360 [TB-Scheduling-16] INFO  o.t.s.c.t.s.DefaultTransportService - Transport Stats: openConnections [0]
2025-12-16 08:59:55,219 [sql-log-2-thread-1] INFO  o.t.s.dao.sql.TbSqlBlockingQueue - Queue-1 [TS] queueSize [0] totalAdded [7] totalSaved [7] totalFailed [0]
2025-12-16 08:59:55,266 [sql-log-2-thread-1] INFO  o.t.s.dao.sql.TbSqlBlockingQueue - Queue-1 [TS Latest] queueSize [0] totalAdded [7] totalSaved [7] totalFailed [0]
2025-12-16 09:00:25,217 [sql-log-2-thread-1] INFO  o.t.s.dao.sql.TbSqlBlockingQueue - Queue-1 [TS] queueSize [0] totalAdded [6] totalSaved [6] totalFailed [0]
2025-12-16 09:00:25,264 [sql-log-2-thread-1] INFO  o.t.s.dao.sql.TbSqlBlockingQueue - Queue-1 [TS Latest] queueSize [0] totalAdded [6] totalSaved [6] totalFailed [0]
2025-12-16 09:00:48,357 [TB-Scheduling-1] INFO  o.t.s.c.t.s.DefaultTransportService - Transport Stats: openConnections [0]
2025-12-16 09:00:55,215 [sql-log-2-thread-1] INFO  o.t.s.dao.sql.TbSqlBlockingQueue - Queue-1 [TS] queueSize [0] totalAdded [7] totalSaved [7] totalFailed [0]
2025-12-16 09:00:55,262 [sql-log-2-thread-1] INFO  o.t.s.dao.sql.TbSqlBlockingQueue - Queue-1 [TS Latest] queueSize [0] totalAdded [7] totalSaved [7] totalFailed [0]
2025-12-16 09:01:25,213 [sql-log-2-thread-1] INFO  o.t.s.dao.sql.TbSqlBlockingQueue - Queue-1 [TS] queueSize [0] totalAdded [4] totalSaved [4] totalFailed [0]
2025-12-16 09:01:25,260 [sql-log-2-thread-1] INFO  o.t.s.dao.sql.TbSqlBlockingQueue - Queue-1 [TS Latest] queueSize [0] totalAdded [4] totalSaved [4] totalFailed [0]
2025-12-16 09:01:48,354 [TB-Scheduling-9] INFO  o.t.s.c.t.s.DefaultTransportService - Transport Stats: openConnections [0]
2025-12-16 09:01:55,212 [sql-log-2-thread-1] INFO  o.t.s.dao.sql.TbSqlBlockingQueue - Queue-1 [TS] queueSize [0] totalAdded [7] totalSaved [7] totalFailed [0]
2025-12-16 09:01:55,259 [sql-log-2-thread-1] INFO  o.t.s.dao.sql.TbSqlBlockingQueue - Queue-1 [TS Latest] queueSize [0] totalAdded [7] totalSaved [7] totalFailed [0]
2025-12-16 09:02:25,210 [sql-log-2-thread-1] INFO  o.t.s.dao.sql.TbSqlBlockingQueue - Queue-1 [TS] queueSize [0] totalAdded [4] totalSaved [4] totalFailed [0]
2025-12-16 09:02:25,257 [sql-log-2-thread-1] INFO  o.t.s.dao.sql.TbSqlBlockingQueue - Queue-1 [TS Latest] queueSize [0] totalAdded [4] totalSaved [4] totalFailed [0]
2025-12-16 09:02:48,352 [TB-Scheduling-16] INFO  o.t.s.c.t.s.DefaultTransportService - Transport Stats: openConnections [0]
2025-12-16 09:02:55,208 [sql-log-2-thread-1] INFO  o.t.s.dao.sql.TbSqlBlockingQueue - Queue-1 [TS] queueSize [0] totalAdded [7] totalSaved [7] totalFailed [0]
2025-12-16 09:02:55,255 [sql-log-2-thread-1] INFO  o.t.s.dao.sql.TbSqlBlockingQueue - Queue-1 [TS Latest] queueSize [0] totalAdded [7] totalSaved [7] totalFailed [0]
2025-12-16 09:03:25,209 [sql-log-2-thread-1] INFO  o.t.s.dao.sql.TbSqlBlockingQueue - Queue-1 [TS] queueSize [0] totalAdded [4] totalSaved [4] totalFailed [0]
2025-12-16 09:03:25,254 [sql-log-2-thread-1] INFO  o.t.s.dao.sql.TbSqlBlockingQueue - Queue-1 [TS Latest] queueSize [0] totalAdded [4] totalSaved [4] totalFailed [0]
2025-12-16 09:03:48,349 [TB-Scheduling-14] INFO  o.t.s.c.t.s.DefaultTransportService - Transport Stats: openConnections [0]
2025-12-16 09:03:55,205 [sql-log-2-thread-1] INFO  o.t.s.dao.sql.TbSqlBlockingQueue - Queue-1 [TS] queueSize [0] totalAdded [7] totalSaved [7] totalFailed [0]
2025-12-16 09:03:55,252 [sql-log-2-thread-1] INFO  o.t.s.dao.sql.TbSqlBlockingQueue - Queue-1 [TS Latest] queueSize [0] totalAdded [7] totalSaved [7] totalFailed [0]
2025-12-16 09:04:25,203 [sql-log-2-thread-1] INFO  o.t.s.dao.sql.TbSqlBlockingQueue - Queue-1 [TS] queueSize [0] totalAdded [5] totalSaved [5] totalFailed [0]
2025-12-16 09:04:25,250 [sql-log-2-thread-1] INFO  o.t.s.dao.sql.TbSqlBlockingQueue - Queue-1 [TS Latest] queueSize [0] totalAdded [5] totalSaved [5] totalFailed [0]
2025-12-16 09:04:36,257 [subscription-scheduler-24-thread-1] INFO  o.t.s.s.s.DefaultSubscriptionManagerService - Removed 0 old entity update records.
2025-12-16 09:04:48,348 [TB-Scheduling-6] INFO  o.t.s.c.t.s.DefaultTransportService - Transport Stats: openConnections [0]
2025-12-16 09:04:51,322 [tenant-dispatcher-0-2] INFO  o.t.s.d.s.i.s.SqlPartitioningRepository - Saving partition 1765411200000-1766016000000 for table stats_event
2025-12-16 09:04:52,597 [sql-log-2-thread-1] INFO  o.t.s.dao.sql.TbSqlBlockingQueue - Queue-2 [Events] queueSize [0] totalAdded [2] totalSaved [2] totalFailed [0]
2025-12-16 09:04:55,201 [sql-log-2-thread-1] INFO  o.t.s.dao.sql.TbSqlBlockingQueue - Queue-1 [TS] queueSize [0] totalAdded [7] totalSaved [7] totalFailed [0]
2025-12-16 09:04:55,249 [sql-log-2-thread-1] INFO  o.t.s.dao.sql.TbSqlBlockingQueue - Queue-1 [TS Latest] queueSize [0] totalAdded [7] totalSaved [7] totalFailed [0]
2025-12-16 09:05:25,200 [sql-log-2-thread-1] INFO  o.t.s.dao.sql.TbSqlBlockingQueue - Queue-1 [TS] queueSize [0] totalAdded [4] totalSaved [4] totalFailed [0]
2025-12-16 09:05:25,247 [sql-log-2-thread-1] INFO  o.t.s.dao.sql.TbSqlBlockingQueue - Queue-1 [TS Latest] queueSize [0] totalAdded [4] totalSaved [4] totalFailed [0]
2025-12-16 09:05:48,345 [TB-Scheduling-12] INFO  o.t.s.c.t.s.DefaultTransportService - Transport Stats: openConnections [0]
2025-12-16 09:05:55,198 [sql-log-2-thread-1] INFO  o.t.s.dao.sql.TbSqlBlockingQueue - Queue-1 [TS] queueSize [0] totalAdded [7] totalSaved [7] totalFailed [0]
2025-12-16 09:05:55,245 [sql-log-2-thread-1] INFO  o.t.s.dao.sql.TbSqlBlockingQueue - Queue-1 [TS Latest] queueSize [0] totalAdded [7] totalSaved [7] totalFailed [0]
2025-12-16 09:06:25,196 [sql-log-2-thread-1] INFO  o.t.s.dao.sql.TbSqlBlockingQueue - Queue-1 [TS] queueSize [0] totalAdded [4] totalSaved [4] totalFailed [0]
2025-12-16 09:06:25,243 [sql-log-2-thread-1] INFO  o.t.s.dao.sql.TbSqlBlockingQueue - Queue-1 [TS Latest] queueSize [0] totalAdded [4] totalSaved [4] totalFailed [0]
2025-12-16 09:06:48,342 [TB-Scheduling-2] INFO  o.t.s.c.t.s.DefaultTransportService - Transport Stats: openConnections [0]
2025-12-16 09:06:55,194 [sql-log-2-thread-1] INFO  o.t.s.dao.sql.TbSqlBlockingQueue - Queue-1 [TS] queueSize [0] totalAdded [7] totalSaved [7] totalFailed [0]
2025-12-16 09:06:55,241 [sql-log-2-thread-1] INFO  o.t.s.dao.sql.TbSqlBlockingQueue - Queue-1 [TS Latest] queueSize [0] totalAdded [7] totalSaved [7] totalFailed [0]
2025-12-16 09:07:25,193 [sql-log-2-thread-1] INFO  o.t.s.dao.sql.TbSqlBlockingQueue - Queue-1 [TS] queueSize [0] totalAdded [4] totalSaved [4] totalFailed [0]
2025-12-16 09:07:25,240 [sql-log-2-thread-1] INFO  o.t.s.dao.sql.TbSqlBlockingQueue - Queue-1 [TS Latest] queueSize [0] totalAdded [4] totalSaved [4] totalFailed [0]
2025-12-16 09:07:48,340 [TB-Scheduling-14] INFO  o.t.s.c.t.s.DefaultTransportService - Transport Stats: openConnections [0]
2025-12-16 09:07:55,191 [sql-log-2-thread-1] INFO  o.t.s.dao.sql.TbSqlBlockingQueue - Queue-1 [TS] queueSize [0] totalAdded [7] totalSaved [7] totalFailed [0]
2025-12-16 09:07:55,238 [sql-log-2-thread-1] INFO  o.t.s.dao.sql.TbSqlBlockingQueue - Queue-1 [TS Latest] queueSize [0] totalAdded [7] totalSaved [7] totalFailed [0]
2025-12-16 09:08:25,189 [sql-log-2-thread-1] INFO  o.t.s.dao.sql.TbSqlBlockingQueue - Queue-1 [TS] queueSize [0] totalAdded [4] totalSaved [4] totalFailed [0]
2025-12-16 09:08:25,237 [sql-log-2-thread-1] INFO  o.t.s.dao.sql.TbSqlBlockingQueue - Queue-1 [TS Latest] queueSize [0] totalAdded [4] totalSaved [4] totalFailed [0]
2025-12-16 09:08:48,338 [TB-Scheduling-12] INFO  o.t.s.c.t.s.DefaultTransportService - Transport Stats: openConnections [0]
2025-12-16 09:08:55,188 [sql-log-2-thread-1] INFO  o.t.s.dao.sql.TbSqlBlockingQueue - Queue-1 [TS] queueSize [0] totalAdded [7] totalSaved [7] totalFailed [0]
2025-12-16 09:08:55,235 [sql-log-2-thread-1] INFO  o.t.s.dao.sql.TbSqlBlockingQueue - Queue-1 [TS Latest] queueSize [0] totalAdded [7] totalSaved [7] totalFailed [0]
2025-12-16 09:09:25,186 [sql-log-2-thread-1] INFO  o.t.s.dao.sql.TbSqlBlockingQueue - Queue-1 [TS] queueSize [0] totalAdded [4] totalSaved [4] totalFailed [0]
2025-12-16 09:09:25,233 [sql-log-2-thread-1] INFO  o.t.s.dao.sql.TbSqlBlockingQueue - Queue-1 [TS Latest] queueSize [0] totalAdded [4] totalSaved [4] totalFailed [0]
2025-12-16 09:09:48,335 [TB-Scheduling-6] INFO  o.t.s.c.t.s.DefaultTransportService - Transport Stats: openConnections [0]
2025-12-16 09:10:05,182 [sql-log-2-thread-1] INFO  o.t.s.dao.sql.TbSqlBlockingQueue - Queue-1 [TS] queueSize [0] totalAdded [7] totalSaved [7] totalFailed [0]
2025-12-16 09:10:05,229 [sql-log-2-thread-1] INFO  o.t.s.dao.sql.TbSqlBlockingQueue - Queue-1 [TS Latest] queueSize [0] totalAdded [7] totalSaved [7] totalFailed [0]
2025-12-16 09:10:25,182 [sql-log-2-thread-1] INFO  o.t.s.dao.sql.TbSqlBlockingQueue - Queue-1 [TS] queueSize [0] totalAdded [4] totalSaved [4] totalFailed [0]
2025-12-16 09:10:25,229 [sql-log-2-thread-1] INFO  o.t.s.dao.sql.TbSqlBlockingQueue - Queue-1 [TS Latest] queueSize [0] totalAdded [4] totalSaved [4] totalFailed [0]
2025-12-16 09:10:48,333 [TB-Scheduling-8] INFO  o.t.s.c.t.s.DefaultTransportService - Transport Stats: openConnections [0]
2025-12-16 09:11:05,178 [sql-log-2-thread-1] INFO  o.t.s.dao.sql.TbSqlBlockingQueue - Queue-1 [TS] queueSize [0] totalAdded [7] totalSaved [7] totalFailed [0]
2025-12-16 09:11:05,225 [sql-log-2-thread-1] INFO  o.t.s.dao.sql.TbSqlBlockingQueue - Queue-1 [TS Latest] queueSize [0] totalAdded [7] totalSaved [7] totalFailed [0]
2025-12-16 09:11:25,178 [sql-log-2-thread-1] INFO  o.t.s.dao.sql.TbSqlBlockingQueue - Queue-1 [TS] queueSize [0] totalAdded [4] totalSaved [4] totalFailed [0]
2025-12-16 09:11:25,225 [sql-log-2-thread-1] INFO  o.t.s.dao.sql.TbSqlBlockingQueue - Queue-1 [TS Latest] queueSize [0] totalAdded [4] totalSaved [4] totalFailed [0]
2025-12-16 09:11:48,329 [TB-Scheduling-8] INFO  o.t.s.c.t.s.DefaultTransportService - Transport Stats: openConnections [0]
2025-12-16 09:12:05,174 [sql-log-2-thread-1] INFO  o.t.s.dao.sql.TbSqlBlockingQueue - Queue-1 [TS] queueSize [0] totalAdded [7] totalSaved [7] totalFailed [0]
2025-12-16 09:12:05,221 [sql-log-2-thread-1] INFO  o.t.s.dao.sql.TbSqlBlockingQueue - Queue-1 [TS Latest] queueSize [0] totalAdded [7] totalSaved [7] totalFailed [0]
2025-12-16 09:12:10,100 [TB-Scheduling-6] INFO  o.t.s.dao.sql.event.JpaBaseEventDao - Going to cleanup debug events with exp time: 1765271530095
2025-12-16 09:12:25,174 [sql-log-2-thread-1] INFO  o.t.s.dao.sql.TbSqlBlockingQueue - Queue-1 [TS] queueSize [0] totalAdded [4] totalSaved [4] totalFailed [0]
2025-12-16 09:12:25,221 [sql-log-2-thread-1] INFO  o.t.s.dao.sql.TbSqlBlockingQueue - Queue-1 [TS Latest] queueSize [0] totalAdded [4] totalSaved [4] totalFailed [0]
2025-12-16 09:12:48,327 [TB-Scheduling-8] INFO  o.t.s.c.t.s.DefaultTransportService - Transport Stats: openConnections [0]
2025-12-16 09:13:05,170 [sql-log-2-thread-1] INFO  o.t.s.dao.sql.TbSqlBlockingQueue - Queue-1 [TS] queueSize [0] totalAdded [7] totalSaved [7] totalFailed [0]
2025-12-16 09:13:05,218 [sql-log-2-thread-1] INFO  o.t.s.dao.sql.TbSqlBlockingQueue - Queue-1 [TS Latest] queueSize [0] totalAdded [7] totalSaved [7] totalFailed [0]
2025-12-16 09:13:25,170 [sql-log-2-thread-1] INFO  o.t.s.dao.sql.TbSqlBlockingQueue - Queue-1 [TS] queueSize [0] totalAdded [4] totalSaved [4] totalFailed [0]
2025-12-16 09:13:25,218 [sql-log-2-thread-1] INFO  o.t.s.dao.sql.TbSqlBlockingQueue - Queue-1 [TS Latest] queueSize [0] totalAdded [4] totalSaved [4] totalFailed [0]
2025-12-16 09:13:48,324 [TB-Scheduling-5] INFO  o.t.s.c.t.s.DefaultTransportService - Transport Stats: openConnections [0]
2025-12-16 09:14:05,167 [sql-log-2-thread-1] INFO  o.t.s.dao.sql.TbSqlBlockingQueue - Queue-1 [TS] queueSize [0] totalAdded [7] totalSaved [7] totalFailed [0]
2025-12-16 09:14:05,214 [sql-log-2-thread-1] INFO  o.t.s.dao.sql.TbSqlBlockingQueue - Queue-1 [TS Latest] queueSize [0] totalAdded [7] totalSaved [7] totalFailed [0]
2025-12-16 09:14:25,167 [sql-log-2-thread-1] INFO  o.t.s.dao.sql.TbSqlBlockingQueue - Queue-1 [TS] queueSize [0] totalAdded [4] totalSaved [4] totalFailed [0]
2025-12-16 09:14:25,214 [sql-log-2-thread-1] INFO  o.t.s.dao.sql.TbSqlBlockingQueue - Queue-1 [TS Latest] queueSize [0] totalAdded [4] totalSaved [4] totalFailed [0]
2025-12-16 09:14:48,322 [TB-Scheduling-1] INFO  o.t.s.c.t.s.DefaultTransportService - Transport Stats: openConnections [0]
2025-12-16 09:15:05,163 [sql-log-2-thread-1] INFO  o.t.s.dao.sql.TbSqlBlockingQueue - Queue-1 [TS] queueSize [0] totalAdded [7] totalSaved [7] totalFailed [0]
2025-12-16 09:15:05,211 [sql-log-2-thread-1] INFO  o.t.s.dao.sql.TbSqlBlockingQueue - Queue-1 [TS Latest] queueSize [0] totalAdded [7] totalSaved [7] totalFailed [0]
2025-12-16 09:15:25,163 [sql-log-2-thread-1] INFO  o.t.s.dao.sql.TbSqlBlockingQueue - Queue-1 [TS] queueSize [0] totalAdded [4] totalSaved [4] totalFailed [0]
2025-12-16 09:15:25,210 [sql-log-2-thread-1] INFO  o.t.s.dao.sql.TbSqlBlockingQueue - Queue-1 [TS Latest] queueSize [0] totalAdded [4] totalSaved [4] totalFailed [0]
2025-12-16 09:15:48,320 [TB-Scheduling-5] INFO  o.t.s.c.t.s.DefaultTransportService - Transport Stats: openConnections [0]
2025-12-16 09:16:05,159 [sql-log-2-thread-1] INFO  o.t.s.dao.sql.TbSqlBlockingQueue - Queue-1 [TS] queueSize [0] totalAdded [7] totalSaved [7] totalFailed [0]
2025-12-16 09:16:05,206 [sql-log-2-thread-1] INFO  o.t.s.dao.sql.TbSqlBlockingQueue - Queue-1 [TS Latest] queueSize [0] totalAdded [7] totalSaved [7] totalFailed [0]
2025-12-16 09:16:25,159 [sql-log-2-thread-1] INFO  o.t.s.dao.sql.TbSqlBlockingQueue - Queue-1 [TS] queueSize [0] totalAdded [4] totalSaved [4] totalFailed [0]
2025-12-16 09:16:25,206 [sql-log-2-thread-1] INFO  o.t.s.dao.sql.TbSqlBlockingQueue - Queue-1 [TS Latest] queueSize [0] totalAdded [4] totalSaved [4] totalFailed [0]
2025-12-16 09:16:48,317 [TB-Scheduling-7] INFO  o.t.s.c.t.s.DefaultTransportService - Transport Stats: openConnections [0]
2025-12-16 09:17:05,155 [sql-log-2-thread-1] INFO  o.t.s.dao.sql.TbSqlBlockingQueue - Queue-1 [TS] queueSize [0] totalAdded [7] totalSaved [7] totalFailed [0]
2025-12-16 09:17:05,202 [sql-log-2-thread-1] INFO  o.t.s.dao.sql.TbSqlBlockingQueue - Queue-1 [TS Latest] queueSize [0] totalAdded [7] totalSaved [7] totalFailed [0]
2025-12-16 09:17:25,155 [sql-log-2-thread-1] INFO  o.t.s.dao.sql.TbSqlBlockingQueue - Queue-1 [TS] queueSize [0] totalAdded [4] totalSaved [4] totalFailed [0]
2025-12-16 09:17:25,202 [sql-log-2-thread-1] INFO  o.t.s.dao.sql.TbSqlBlockingQueue - Queue-1 [TS Latest] queueSize [0] totalAdded [4] totalSaved [4] totalFailed [0]
2025-12-16 09:17:48,315 [TB-Scheduling-4] INFO  o.t.s.c.t.s.DefaultTransportService - Transport Stats: openConnections [0]
2025-12-16 09:18:05,152 [sql-log-2-thread-1] INFO  o.t.s.dao.sql.TbSqlBlockingQueue - Queue-1 [TS] queueSize [0] totalAdded [7] totalSaved [7] totalFailed [0]
2025-12-16 09:18:05,199 [sql-log-2-thread-1] INFO  o.t.s.dao.sql.TbSqlBlockingQueue - Queue-1 [TS Latest] queueSize [0] totalAdded [7] totalSaved [7] totalFailed [0]
2025-12-16 09:18:25,152 [sql-log-2-thread-1] INFO  o.t.s.dao.sql.TbSqlBlockingQueue - Queue-1 [TS] queueSize [0] totalAdded [4] totalSaved [4] totalFailed [0]
2025-12-16 09:18:25,199 [sql-log-2-thread-1] INFO  o.t.s.dao.sql.TbSqlBlockingQueue - Queue-1 [TS Latest] queueSize [0] totalAdded [4] totalSaved [4] totalFailed [0]
2025-12-16 09:18:48,314 [TB-Scheduling-10] INFO  o.t.s.c.t.s.DefaultTransportService - Transport Stats: openConnections [0]
2025-12-16 09:19:05,148 [sql-log-2-thread-1] INFO  o.t.s.dao.sql.TbSqlBlockingQueue - Queue-1 [TS] queueSize [0] totalAdded [7] totalSaved [7] totalFailed [0]
2025-12-16 09:19:05,195 [sql-log-2-thread-1] INFO  o.t.s.dao.sql.TbSqlBlockingQueue - Queue-1 [TS Latest] queueSize [0] totalAdded [7] totalSaved [7] totalFailed [0]
2025-12-16 09:19:25,148 [sql-log-2-thread-1] INFO  o.t.s.dao.sql.TbSqlBlockingQueue - Queue-1 [TS] queueSize [0] totalAdded [4] totalSaved [4] totalFailed [0]
2025-12-16 09:19:25,195 [sql-log-2-thread-1] INFO  o.t.s.dao.sql.TbSqlBlockingQueue - Queue-1 [TS Latest] queueSize [0] totalAdded [4] totalSaved [4] totalFailed [0]
2025-12-16 09:19:48,311 [TB-Scheduling-9] INFO  o.t.s.c.t.s.DefaultTransportService - Transport Stats: openConnections [0]
2025-12-16 09:20:15,145 [sql-log-2-thread-1] INFO  o.t.s.dao.sql.TbSqlBlockingQueue - Queue-1 [TS] queueSize [0] totalAdded [7] totalSaved [7] totalFailed [0]
2025-12-16 09:20:15,192 [sql-log-2-thread-1] INFO  o.t.s.dao.sql.TbSqlBlockingQueue - Queue-1 [TS Latest] queueSize [0] totalAdded [7] totalSaved [7] totalFailed [0]
2025-12-16 09:20:25,145 [sql-log-2-thread-1] INFO  o.t.s.dao.sql.TbSqlBlockingQueue - Queue-1 [TS] queueSize [0] totalAdded [4] totalSaved [4] totalFailed [0]
2025-12-16 09:20:25,192 [sql-log-2-thread-1] INFO  o.t.s.dao.sql.TbSqlBlockingQueue - Queue-1 [TS Latest] queueSize [0] totalAdded [4] totalSaved [4] totalFailed [0]
2025-12-16 09:20:44,096 [http-nio-0.0.0.0-9090-exec-5] INFO  o.a.c.c.C.[Tomcat].[localhost].[/] - Initializing Spring DispatcherServlet 'dispatcherServlet'
2025-12-16 09:20:44,099 [http-nio-0.0.0.0-9090-exec-5] INFO  o.s.web.servlet.DispatcherServlet - Initializing Servlet 'dispatcherServlet'
2025-12-16 09:20:44,761 [http-nio-0.0.0.0-9090-exec-5] INFO  o.s.web.servlet.DispatcherServlet - Completed initialization in 659 ms
2025-12-16 09:20:48,164 [TB-Scheduling-8] INFO  o.t.s.dao.aspect.SqlDaoCallsAspect - Total timing statistics below:
2025-12-16 09:20:48,165 [TB-Scheduling-8] INFO  o.t.s.dao.aspect.SqlDaoCallsAspect - [5489b160-ccf1-11f0-81f3-0bf1425738f5]: calls: 1, failures: 0, exec time: 23 
2025-12-16 09:20:48,165 [TB-Scheduling-8] INFO  o.t.s.dao.aspect.SqlDaoCallsAspect - [5489b160-ccf1-11f0-81f3-0bf1425738f5] Top 3 methods by timing:
2025-12-16 09:20:48,166 [TB-Scheduling-8] INFO  o.t.s.dao.aspect.SqlDaoCallsAspect - [5489b160-ccf1-11f0-81f3-0bf1425738f5]: method: JpaAbstractDao.findById(..), calls: 1, failures: 0, exec time: 23
2025-12-16 09:20:48,308 [TB-Scheduling-1] INFO  o.t.s.c.t.s.DefaultTransportService - Transport Stats: openConnections [0]
2025-12-16 09:20:50,347 [http-nio-0.0.0.0-9090-exec-8] INFO  o.t.s.c.plugin.TbWebSocketHandler - [5489b160-ccf1-11f0-81f3-0bf1425738f5][550b6480-ccf1-11f0-81f3-0bf1425738f5][fcf82241-9101-4a1d-87bf-fa523c0e907f][17c6199c-c569-d8a9-ea50-94b524f96177] Session established from address: /172.19.0.1:59630
2025-12-16 09:20:58,390 [TB-Scheduling-5] INFO  o.t.s.s.s.DefaultTbEntityDataSubscriptionService - Stats: regularQueryInvocationCnt = [11], regularQueryInvocationTime = [68], dynamicQueryCnt = [0] dynamicQueryInvocationCnt = [0], dynamicQueryInvocationTime = [0], alarmQueryInvocationCnt = [2], alarmQueryInvocationTime = [644]
2025-12-16 09:21:15,141 [sql-log-2-thread-1] INFO  o.t.s.dao.sql.TbSqlBlockingQueue - Queue-1 [TS] queueSize [0] totalAdded [7] totalSaved [7] totalFailed [0]
2025-12-16 09:21:15,188 [sql-log-2-thread-1] INFO  o.t.s.dao.sql.TbSqlBlockingQueue - Queue-1 [TS Latest] queueSize [0] totalAdded [7] totalSaved [7] totalFailed [0]
2025-12-16 09:21:25,141 [sql-log-2-thread-1] INFO  o.t.s.dao.sql.TbSqlBlockingQueue - Queue-1 [TS] queueSize [0] totalAdded [4] totalSaved [4] totalFailed [0]
2025-12-16 09:21:25,188 [sql-log-2-thread-1] INFO  o.t.s.dao.sql.TbSqlBlockingQueue - Queue-1 [TS Latest] queueSize [0] totalAdded [4] totalSaved [4] totalFailed [0]
2025-12-16 09:21:48,163 [TB-Scheduling-1] INFO  o.t.s.dao.aspect.SqlDaoCallsAspect - Total timing statistics below:
2025-12-16 09:21:48,164 [TB-Scheduling-1] INFO  o.t.s.dao.aspect.SqlDaoCallsAspect - [5489b160-ccf1-11f0-81f3-0bf1425738f5]: calls: 37, failures: 0, exec time: 2976 
2025-12-16 09:21:48,164 [TB-Scheduling-1] INFO  o.t.s.dao.aspect.SqlDaoCallsAspect - [5489b160-ccf1-11f0-81f3-0bf1425738f5] Top 3 methods by timing:
2025-12-16 09:21:48,164 [TB-Scheduling-1] INFO  o.t.s.dao.aspect.SqlDaoCallsAspect - [5489b160-ccf1-11f0-81f3-0bf1425738f5]: method: JpaAttributeDao.find(..), calls: 2, failures: 0, exec time: 671
2025-12-16 09:21:48,164 [TB-Scheduling-1] INFO  o.t.s.dao.aspect.SqlDaoCallsAspect - [5489b160-ccf1-11f0-81f3-0bf1425738f5]: method: JpaAlarmDao.findActiveOriginatorAlarms(..), calls: 2, failures: 0, exec time: 640
2025-12-16 09:21:48,164 [TB-Scheduling-1] INFO  o.t.s.dao.aspect.SqlDaoCallsAspect - [5489b160-ccf1-11f0-81f3-0bf1425738f5]: method: JpaAssetDao.countByTenantId(..), calls: 1, failures: 0, exec time: 439
2025-12-16 09:21:48,306 [TB-Scheduling-9] INFO  o.t.s.c.t.s.DefaultTransportService - Transport Stats: openConnections [0]
2025-12-16 09:22:15,137 [sql-log-2-thread-1] INFO  o.t.s.dao.sql.TbSqlBlockingQueue - Queue-1 [TS] queueSize [0] totalAdded [7] totalSaved [7] totalFailed [0]
2025-12-16 09:22:15,184 [sql-log-2-thread-1] INFO  o.t.s.dao.sql.TbSqlBlockingQueue - Queue-1 [TS Latest] queueSize [0] totalAdded [7] totalSaved [7] totalFailed [0]
2025-12-16 09:22:25,137 [sql-log-2-thread-1] INFO  o.t.s.dao.sql.TbSqlBlockingQueue - Queue-1 [TS] queueSize [0] totalAdded [4] totalSaved [4] totalFailed [0]
2025-12-16 09:22:25,184 [sql-log-2-thread-1] INFO  o.t.s.dao.sql.TbSqlBlockingQueue - Queue-1 [TS Latest] queueSize [0] totalAdded [4] totalSaved [4] totalFailed [0]
2025-12-16 09:22:48,301 [TB-Scheduling-6] INFO  o.t.s.c.t.s.DefaultTransportService - Transport Stats: openConnections [0]
2025-12-16 09:23:15,130 [sql-log-2-thread-1] INFO  o.t.s.dao.sql.TbSqlBlockingQueue - Queue-1 [TS] queueSize [0] totalAdded [7] totalSaved [7] totalFailed [0]
2025-12-16 09:23:15,177 [sql-log-2-thread-1] INFO  o.t.s.dao.sql.TbSqlBlockingQueue - Queue-1 [TS Latest] queueSize [0] totalAdded [7] totalSaved [7] totalFailed [0]
2025-12-16 09:23:17,671 [JpaExecutorService-0-8] INFO  o.t.s.d.s.i.s.SqlPartitioningRepository - Saving partition 1765411200000-1766016000000 for table audit_log
2025-12-16 09:23:25,131 [sql-log-2-thread-1] INFO  o.t.s.dao.sql.TbSqlBlockingQueue - Queue-0 [TS] queueSize [0] totalAdded [10] totalSaved [10] totalFailed [0]
2025-12-16 09:23:25,131 [sql-log-2-thread-1] INFO  o.t.s.dao.sql.TbSqlBlockingQueue - Queue-1 [TS] queueSize [0] totalAdded [8] totalSaved [8] totalFailed [0]
2025-12-16 09:23:25,177 [sql-log-2-thread-1] INFO  o.t.s.dao.sql.TbSqlBlockingQueue - Queue-0 [TS Latest] queueSize [0] totalAdded [10] totalSaved [10] totalFailed [0]
2025-12-16 09:23:25,177 [sql-log-2-thread-1] INFO  o.t.s.dao.sql.TbSqlBlockingQueue - Queue-1 [TS Latest] queueSize [0] totalAdded [8] totalSaved [8] totalFailed [0]
2025-12-16 09:23:28,384 [TB-Scheduling-2] INFO  o.t.s.s.s.DefaultTbEntityDataSubscriptionService - Stats: regularQueryInvocationCnt = [8], regularQueryInvocationTime = [17], dynamicQueryCnt = [0] dynamicQueryInvocationCnt = [0], dynamicQueryInvocationTime = [0], alarmQueryInvocationCnt = [6], alarmQueryInvocationTime = [27]
2025-12-16 09:23:48,155 [TB-Scheduling-8] INFO  o.t.s.s.q.TbRuleEngineConsumerStats - [Main] Stats: totalMsgs = [10] successfulMsgs = [10] timeoutMsgs = [0] failedMsgs = [0] tmpTimeout = [0] tmpFailed = [0] successfulIterations = [10] failedIterations = [0] 
2025-12-16 09:23:48,157 [TB-Scheduling-6] INFO  o.t.s.dao.aspect.SqlDaoCallsAspect - Total timing statistics below:
2025-12-16 09:23:48,158 [TB-Scheduling-6] INFO  o.t.s.dao.aspect.SqlDaoCallsAspect - [5489b160-ccf1-11f0-81f3-0bf1425738f5]: calls: 20, failures: 0, exec time: 378 
2025-12-16 09:23:48,158 [TB-Scheduling-6] INFO  o.t.s.dao.aspect.SqlDaoCallsAspect - [5489b160-ccf1-11f0-81f3-0bf1425738f5] Top 3 methods by timing:
2025-12-16 09:23:48,158 [TB-Scheduling-6] INFO  o.t.s.dao.aspect.SqlDaoCallsAspect - [5489b160-ccf1-11f0-81f3-0bf1425738f5]: method: JpaAbstractDao.findById(..), calls: 1, failures: 0, exec time: 153
2025-12-16 09:23:48,158 [TB-Scheduling-6] INFO  o.t.s.dao.aspect.SqlDaoCallsAspect - [5489b160-ccf1-11f0-81f3-0bf1425738f5]: method: JpaEntityViewDao.findEntityViewsByTenantIdAndEntityId(..), calls: 1, failures: 0, exec time: 145
2025-12-16 09:23:48,158 [TB-Scheduling-6] INFO  o.t.s.dao.aspect.SqlDaoCallsAspect - [5489b160-ccf1-11f0-81f3-0bf1425738f5]: method: JpaAbstractDao.save(..), calls: 10, failures: 0, exec time: 41
2025-12-16 09:23:48,300 [TB-Scheduling-10] INFO  o.t.s.c.t.s.DefaultTransportService - Transport Stats: openConnections [0]
2025-12-16 09:23:55,131 [sql-log-2-thread-1] INFO  o.t.s.dao.sql.TbSqlBlockingQueue - Queue-0 [TS] queueSize [0] totalAdded [6] totalSaved [6] totalFailed [0]
2025-12-16 09:23:55,179 [sql-log-2-thread-1] INFO  o.t.s.dao.sql.TbSqlBlockingQueue - Queue-0 [TS Latest] queueSize [0] totalAdded [6] totalSaved [6] totalFailed [0]
2025-12-16 09:24:15,130 [sql-log-2-thread-1] INFO  o.t.s.dao.sql.TbSqlBlockingQueue - Queue-1 [TS] queueSize [0] totalAdded [7] totalSaved [7] totalFailed [0]
2025-12-16 09:24:15,177 [sql-log-2-thread-1] INFO  o.t.s.dao.sql.TbSqlBlockingQueue - Queue-1 [TS Latest] queueSize [0] totalAdded [7] totalSaved [7] totalFailed [0]
2025-12-16 09:24:25,130 [sql-log-2-thread-1] INFO  o.t.s.dao.sql.TbSqlBlockingQueue - Queue-1 [TS] queueSize [0] totalAdded [8] totalSaved [8] totalFailed [0]
2025-12-16 09:24:25,177 [sql-log-2-thread-1] INFO  o.t.s.dao.sql.TbSqlBlockingQueue - Queue-1 [TS Latest] queueSize [0] totalAdded [8] totalSaved [8] totalFailed [0]
2025-12-16 09:24:48,154 [TB-Scheduling-8] INFO  o.t.s.dao.aspect.SqlDaoCallsAspect - Total timing statistics below:
2025-12-16 09:24:48,155 [TB-Scheduling-8] INFO  o.t.s.dao.aspect.SqlDaoCallsAspect - [5489b160-ccf1-11f0-81f3-0bf1425738f5]: calls: 2, failures: 0, exec time: 62 
2025-12-16 09:24:48,155 [TB-Scheduling-8] INFO  o.t.s.dao.aspect.SqlDaoCallsAspect - [5489b160-ccf1-11f0-81f3-0bf1425738f5] Top 3 methods by timing:
2025-12-16 09:24:48,155 [TB-Scheduling-8] INFO  o.t.s.dao.aspect.SqlDaoCallsAspect - [5489b160-ccf1-11f0-81f3-0bf1425738f5]: method: JpaQueueStatsDao.findByTenantIdQueueNameAndServiceId(..), calls: 1, failures: 0, exec time: 61
2025-12-16 09:24:48,155 [TB-Scheduling-8] INFO  o.t.s.dao.aspect.SqlDaoCallsAspect - [5489b160-ccf1-11f0-81f3-0bf1425738f5]: method: JpaAbstractDao.save(..), calls: 1, failures: 0, exec time: 1
2025-12-16 09:24:48,296 [TB-Scheduling-10] INFO  o.t.s.c.t.s.DefaultTransportService - Transport Stats: openConnections [0]
2025-12-16 09:25:15,126 [sql-log-2-thread-1] INFO  o.t.s.dao.sql.TbSqlBlockingQueue - Queue-1 [TS] queueSize [0] totalAdded [7] totalSaved [7] totalFailed [0]
2025-12-16 09:25:15,174 [sql-log-2-thread-1] INFO  o.t.s.dao.sql.TbSqlBlockingQueue - Queue-1 [TS Latest] queueSize [0] totalAdded [7] totalSaved [7] totalFailed [0]
2025-12-16 09:25:25,126 [sql-log-2-thread-1] INFO  o.t.s.dao.sql.TbSqlBlockingQueue - Queue-1 [TS] queueSize [0] totalAdded [4] totalSaved [4] totalFailed [0]
2025-12-16 09:25:25,174 [sql-log-2-thread-1] INFO  o.t.s.dao.sql.TbSqlBlockingQueue - Queue-1 [TS Latest] queueSize [0] totalAdded [4] totalSaved [4] totalFailed [0]
2025-12-16 09:25:48,295 [TB-Scheduling-14] INFO  o.t.s.c.t.s.DefaultTransportService - Transport Stats: openConnections [0]
2025-12-16 09:26:15,123 [sql-log-2-thread-1] INFO  o.t.s.dao.sql.TbSqlBlockingQueue - Queue-1 [TS] queueSize [0] totalAdded [7] totalSaved [7] totalFailed [0]
2025-12-16 09:26:15,170 [sql-log-2-thread-1] INFO  o.t.s.dao.sql.TbSqlBlockingQueue - Queue-1 [TS Latest] queueSize [0] totalAdded [7] totalSaved [7] totalFailed [0]
2025-12-16 09:26:25,123 [sql-log-2-thread-1] INFO  o.t.s.dao.sql.TbSqlBlockingQueue - Queue-1 [TS] queueSize [0] totalAdded [4] totalSaved [4] totalFailed [0]
2025-12-16 09:26:25,170 [sql-log-2-thread-1] INFO  o.t.s.dao.sql.TbSqlBlockingQueue - Queue-1 [TS Latest] queueSize [0] totalAdded [4] totalSaved [4] totalFailed [0]
2025-12-16 09:26:48,292 [TB-Scheduling-16] INFO  o.t.s.c.t.s.DefaultTransportService - Transport Stats: openConnections [0]
2025-12-16 09:27:15,120 [sql-log-2-thread-1] INFO  o.t.s.dao.sql.TbSqlBlockingQueue - Queue-1 [TS] queueSize [0] totalAdded [7] totalSaved [7] totalFailed [0]
2025-12-16 09:27:15,167 [sql-log-2-thread-1] INFO  o.t.s.dao.sql.TbSqlBlockingQueue - Queue-1 [TS Latest] queueSize [0] totalAdded [7] totalSaved [7] totalFailed [0]
2025-12-16 09:27:25,120 [sql-log-2-thread-1] INFO  o.t.s.dao.sql.TbSqlBlockingQueue - Queue-1 [TS] queueSize [0] totalAdded [4] totalSaved [4] totalFailed [0]
2025-12-16 09:27:25,167 [sql-log-2-thread-1] INFO  o.t.s.dao.sql.TbSqlBlockingQueue - Queue-1 [TS Latest] queueSize [0] totalAdded [4] totalSaved [4] totalFailed [0]
2025-12-16 09:27:48,289 [TB-Scheduling-13] INFO  o.t.s.c.t.s.DefaultTransportService - Transport Stats: openConnections [0]
2025-12-16 09:28:15,116 [sql-log-2-thread-1] INFO  o.t.s.dao.sql.TbSqlBlockingQueue - Queue-1 [TS] queueSize [0] totalAdded [7] totalSaved [7] totalFailed [0]
2025-12-16 09:28:15,163 [sql-log-2-thread-1] INFO  o.t.s.dao.sql.TbSqlBlockingQueue - Queue-1 [TS Latest] queueSize [0] totalAdded [7] totalSaved [7] totalFailed [0]
2025-12-16 09:28:25,116 [sql-log-2-thread-1] INFO  o.t.s.dao.sql.TbSqlBlockingQueue - Queue-1 [TS] queueSize [0] totalAdded [4] totalSaved [4] totalFailed [0]
2025-12-16 09:28:25,164 [sql-log-2-thread-1] INFO  o.t.s.dao.sql.TbSqlBlockingQueue - Queue-1 [TS Latest] queueSize [0] totalAdded [4] totalSaved [4] totalFailed [0]
2025-12-16 09:28:48,287 [TB-Scheduling-13] INFO  o.t.s.c.t.s.DefaultTransportService - Transport Stats: openConnections [0]
2025-12-16 09:29:15,112 [sql-log-2-thread-1] INFO  o.t.s.dao.sql.TbSqlBlockingQueue - Queue-1 [TS] queueSize [0] totalAdded [7] totalSaved [7] totalFailed [0]
2025-12-16 09:29:15,159 [sql-log-2-thread-1] INFO  o.t.s.dao.sql.TbSqlBlockingQueue - Queue-1 [TS Latest] queueSize [0] totalAdded [7] totalSaved [7] totalFailed [0]
2025-12-16 09:29:25,112 [sql-log-2-thread-1] INFO  o.t.s.dao.sql.TbSqlBlockingQueue - Queue-1 [TS] queueSize [0] totalAdded [4] totalSaved [4] totalFailed [0]
2025-12-16 09:29:25,159 [sql-log-2-thread-1] INFO  o.t.s.dao.sql.TbSqlBlockingQueue - Queue-1 [TS Latest] queueSize [0] totalAdded [4] totalSaved [4] totalFailed [0]
2025-12-16 09:29:48,284 [TB-Scheduling-7] INFO  o.t.s.c.t.s.DefaultTransportService - Transport Stats: openConnections [0]
2025-12-16 09:30:25,109 [sql-log-2-thread-1] INFO  o.t.s.dao.sql.TbSqlBlockingQueue - Queue-1 [TS] queueSize [0] totalAdded [11] totalSaved [11] totalFailed [0]
2025-12-16 09:30:25,156 [sql-log-2-thread-1] INFO  o.t.s.dao.sql.TbSqlBlockingQueue - Queue-1 [TS Latest] queueSize [0] totalAdded [11] totalSaved [11] totalFailed [0]
2025-12-16 09:30:48,282 [TB-Scheduling-7] INFO  o.t.s.c.t.s.DefaultTransportService - Transport Stats: openConnections [0]
2025-12-16 09:31:25,105 [sql-log-2-thread-1] INFO  o.t.s.dao.sql.TbSqlBlockingQueue - Queue-1 [TS] queueSize [0] totalAdded [11] totalSaved [11] totalFailed [0]
2025-12-16 09:31:25,152 [sql-log-2-thread-1] INFO  o.t.s.dao.sql.TbSqlBlockingQueue - Queue-1 [TS Latest] queueSize [0] totalAdded [11] totalSaved [11] totalFailed [0]
2025-12-16 09:31:48,279 [TB-Scheduling-15] INFO  o.t.s.c.t.s.DefaultTransportService - Transport Stats: openConnections [0]
2025-12-16 09:32:25,102 [sql-log-2-thread-1] INFO  o.t.s.dao.sql.TbSqlBlockingQueue - Queue-1 [TS] queueSize [0] totalAdded [11] totalSaved [11] totalFailed [0]
2025-12-16 09:32:25,149 [sql-log-2-thread-1] INFO  o.t.s.dao.sql.TbSqlBlockingQueue - Queue-1 [TS Latest] queueSize [0] totalAdded [11] totalSaved [11] totalFailed [0]
2025-12-16 09:32:48,277 [TB-Scheduling-5] INFO  o.t.s.c.t.s.DefaultTransportService - Transport Stats: openConnections [0]
2025-12-16 09:33:25,098 [sql-log-2-thread-1] INFO  o.t.s.dao.sql.TbSqlBlockingQueue - Queue-1 [TS] queueSize [0] totalAdded [11] totalSaved [11] totalFailed [0]
2025-12-16 09:33:25,145 [sql-log-2-thread-1] INFO  o.t.s.dao.sql.TbSqlBlockingQueue - Queue-1 [TS Latest] queueSize [0] totalAdded [11] totalSaved [11] totalFailed [0]
2025-12-16 09:33:48,275 [TB-Scheduling-13] INFO  o.t.s.c.t.s.DefaultTransportService - Transport Stats: openConnections [0]
2025-12-16 09:34:25,095 [sql-log-2-thread-1] INFO  o.t.s.dao.sql.TbSqlBlockingQueue - Queue-1 [TS] queueSize [0] totalAdded [11] totalSaved [11] totalFailed [0]
2025-12-16 09:34:25,142 [sql-log-2-thread-1] INFO  o.t.s.dao.sql.TbSqlBlockingQueue - Queue-1 [TS Latest] queueSize [0] totalAdded [11] totalSaved [11] totalFailed [0]
2025-12-16 09:34:48,272 [TB-Scheduling-12] INFO  o.t.s.c.t.s.DefaultTransportService - Transport Stats: openConnections [0]
2025-12-16 09:35:25,090 [sql-log-2-thread-1] INFO  o.t.s.dao.sql.TbSqlBlockingQueue - Queue-1 [TS] queueSize [0] totalAdded [11] totalSaved [11] totalFailed [0]
2025-12-16 09:35:25,138 [sql-log-2-thread-1] INFO  o.t.s.dao.sql.TbSqlBlockingQueue - Queue-1 [TS Latest] queueSize [0] totalAdded [11] totalSaved [11] totalFailed [0]
2025-12-16 09:35:48,270 [TB-Scheduling-10] INFO  o.t.s.c.t.s.DefaultTransportService - Transport Stats: openConnections [0]
2025-12-16 09:36:25,087 [sql-log-2-thread-1] INFO  o.t.s.dao.sql.TbSqlBlockingQueue - Queue-1 [TS] queueSize [0] totalAdded [11] totalSaved [11] totalFailed [0]
2025-12-16 09:36:25,135 [sql-log-2-thread-1] INFO  o.t.s.dao.sql.TbSqlBlockingQueue - Queue-1 [TS Latest] queueSize [0] totalAdded [11] totalSaved [11] totalFailed [0]
2025-12-16 09:36:48,267 [TB-Scheduling-12] INFO  o.t.s.c.t.s.DefaultTransportService - Transport Stats: openConnections [0]
2025-12-16 09:37:25,084 [sql-log-2-thread-1] INFO  o.t.s.dao.sql.TbSqlBlockingQueue - Queue-1 [TS] queueSize [0] totalAdded [11] totalSaved [11] totalFailed [0]
2025-12-16 09:37:25,131 [sql-log-2-thread-1] INFO  o.t.s.dao.sql.TbSqlBlockingQueue - Queue-1 [TS Latest] queueSize [0] totalAdded [11] totalSaved [11] totalFailed [0]
2025-12-16 09:37:48,263 [TB-Scheduling-13] INFO  o.t.s.c.t.s.DefaultTransportService - Transport Stats: openConnections [0]
2025-12-16 09:38:25,078 [sql-log-2-thread-1] INFO  o.t.s.dao.sql.TbSqlBlockingQueue - Queue-1 [TS] queueSize [0] totalAdded [11] totalSaved [11] totalFailed [0]
2025-12-16 09:38:25,125 [sql-log-2-thread-1] INFO  o.t.s.dao.sql.TbSqlBlockingQueue - Queue-1 [TS Latest] queueSize [0] totalAdded [11] totalSaved [11] totalFailed [0]
2025-12-16 09:38:48,260 [TB-Scheduling-4] INFO  o.t.s.c.t.s.DefaultTransportService - Transport Stats: openConnections [0]
2025-12-16 09:39:25,073 [sql-log-2-thread-1] INFO  o.t.s.dao.sql.TbSqlBlockingQueue - Queue-1 [TS] queueSize [0] totalAdded [11] totalSaved [11] totalFailed [0]
2025-12-16 09:39:25,121 [sql-log-2-thread-1] INFO  o.t.s.dao.sql.TbSqlBlockingQueue - Queue-1 [TS Latest] queueSize [0] totalAdded [11] totalSaved [11] totalFailed [0]
2025-12-16 09:39:48,256 [TB-Scheduling-16] INFO  o.t.s.c.t.s.DefaultTransportService - Transport Stats: openConnections [0]
2025-12-16 09:40:25,068 [sql-log-2-thread-1] INFO  o.t.s.dao.sql.TbSqlBlockingQueue - Queue-1 [TS] queueSize [0] totalAdded [4] totalSaved [4] totalFailed [0]
2025-12-16 09:40:25,115 [sql-log-2-thread-1] INFO  o.t.s.dao.sql.TbSqlBlockingQueue - Queue-1 [TS Latest] queueSize [0] totalAdded [4] totalSaved [4] totalFailed [0]
2025-12-16 09:40:35,066 [sql-log-2-thread-1] INFO  o.t.s.dao.sql.TbSqlBlockingQueue - Queue-1 [TS] queueSize [0] totalAdded [7] totalSaved [7] totalFailed [0]
2025-12-16 09:40:35,113 [sql-log-2-thread-1] INFO  o.t.s.dao.sql.TbSqlBlockingQueue - Queue-1 [TS Latest] queueSize [0] totalAdded [7] totalSaved [7] totalFailed [0]
2025-12-16 09:40:48,253 [TB-Scheduling-7] INFO  o.t.s.c.t.s.DefaultTransportService - Transport Stats: openConnections [0]
2025-12-16 09:41:25,063 [sql-log-2-thread-1] INFO  o.t.s.dao.sql.TbSqlBlockingQueue - Queue-1 [TS] queueSize [0] totalAdded [4] totalSaved [4] totalFailed [0]
2025-12-16 09:41:25,110 [sql-log-2-thread-1] INFO  o.t.s.dao.sql.TbSqlBlockingQueue - Queue-1 [TS Latest] queueSize [0] totalAdded [4] totalSaved [4] totalFailed [0]
2025-12-16 09:41:35,061 [sql-log-2-thread-1] INFO  o.t.s.dao.sql.TbSqlBlockingQueue - Queue-1 [TS] queueSize [0] totalAdded [7] totalSaved [7] totalFailed [0]
2025-12-16 09:41:35,109 [sql-log-2-thread-1] INFO  o.t.s.dao.sql.TbSqlBlockingQueue - Queue-1 [TS Latest] queueSize [0] totalAdded [7] totalSaved [7] totalFailed [0]
2025-12-16 09:41:48,249 [TB-Scheduling-11] INFO  o.t.s.c.t.s.DefaultTransportService - Transport Stats: openConnections [0]
2025-12-16 09:42:25,059 [sql-log-2-thread-1] INFO  o.t.s.dao.sql.TbSqlBlockingQueue - Queue-1 [TS] queueSize [0] totalAdded [4] totalSaved [4] totalFailed [0]
2025-12-16 09:42:25,106 [sql-log-2-thread-1] INFO  o.t.s.dao.sql.TbSqlBlockingQueue - Queue-1 [TS Latest] queueSize [0] totalAdded [4] totalSaved [4] totalFailed [0]
2025-12-16 09:42:35,057 [sql-log-2-thread-1] INFO  o.t.s.dao.sql.TbSqlBlockingQueue - Queue-1 [TS] queueSize [0] totalAdded [7] totalSaved [7] totalFailed [0]
2025-12-16 09:42:35,104 [sql-log-2-thread-1] INFO  o.t.s.dao.sql.TbSqlBlockingQueue - Queue-1 [TS Latest] queueSize [0] totalAdded [7] totalSaved [7] totalFailed [0]
2025-12-16 09:42:48,245 [TB-Scheduling-14] INFO  o.t.s.c.t.s.DefaultTransportService - Transport Stats: openConnections [0]
2025-12-16 09:43:25,054 [sql-log-2-thread-1] INFO  o.t.s.dao.sql.TbSqlBlockingQueue - Queue-1 [TS] queueSize [0] totalAdded [4] totalSaved [4] totalFailed [0]
2025-12-16 09:43:25,102 [sql-log-2-thread-1] INFO  o.t.s.dao.sql.TbSqlBlockingQueue - Queue-1 [TS Latest] queueSize [0] totalAdded [4] totalSaved [4] totalFailed [0]
2025-12-16 09:43:35,052 [sql-log-2-thread-1] INFO  o.t.s.dao.sql.TbSqlBlockingQueue - Queue-1 [TS] queueSize [0] totalAdded [7] totalSaved [7] totalFailed [0]
2025-12-16 09:43:35,099 [sql-log-2-thread-1] INFO  o.t.s.dao.sql.TbSqlBlockingQueue - Queue-1 [TS Latest] queueSize [0] totalAdded [7] totalSaved [7] totalFailed [0]
2025-12-16 09:43:44,357 [sql-log-2-thread-1] INFO  o.t.s.dao.sql.TbSqlBlockingQueue - Queue-0 [Attributes] queueSize [0] totalAdded [4] totalSaved [4] totalFailed [0]
2025-12-16 09:43:48,088 [TB-Scheduling-15] INFO  o.t.s.dao.aspect.SqlDaoCallsAspect - Total timing statistics below:
2025-12-16 09:43:48,090 [TB-Scheduling-15] INFO  o.t.s.dao.aspect.SqlDaoCallsAspect - [5489b160-ccf1-11f0-81f3-0bf1425738f5]: calls: 10, failures: 0, exec time: 136 
2025-12-16 09:43:48,090 [TB-Scheduling-15] INFO  o.t.s.dao.aspect.SqlDaoCallsAspect - [5489b160-ccf1-11f0-81f3-0bf1425738f5] Top 3 methods by timing:
2025-12-16 09:43:48,090 [TB-Scheduling-15] INFO  o.t.s.dao.aspect.SqlDaoCallsAspect - [5489b160-ccf1-11f0-81f3-0bf1425738f5]: method: JpaRpcDao.findAllByDeviceIdAndStatus(..), calls: 1, failures: 0, exec time: 41
2025-12-16 09:43:48,090 [TB-Scheduling-15] INFO  o.t.s.dao.aspect.SqlDaoCallsAspect - [5489b160-ccf1-11f0-81f3-0bf1425738f5]: method: JpaAttributeDao.save(..), calls: 4, failures: 0, exec time: 40
2025-12-16 09:43:48,090 [TB-Scheduling-15] INFO  o.t.s.dao.aspect.SqlDaoCallsAspect - [5489b160-ccf1-11f0-81f3-0bf1425738f5]: method: JpaAbstractDao.save(..), calls: 4, failures: 0, exec time: 28
2025-12-16 09:43:48,186 [TB-Scheduling-2] INFO  o.t.s.s.q.TbRuleEngineConsumerStats - [Main] Stats: totalMsgs = [4] successfulMsgs = [4] timeoutMsgs = [0] failedMsgs = [0] tmpTimeout = [0] tmpFailed = [0] successfulIterations = [4] failedIterations = [0] 
2025-12-16 09:43:48,241 [TB-Scheduling-14] INFO  o.t.s.c.t.s.DefaultTransportService - Transport Stats: openConnections [0]
2025-12-16 09:43:55,051 [sql-log-2-thread-1] INFO  o.t.s.dao.sql.TbSqlBlockingQueue - Queue-0 [TS] queueSize [0] totalAdded [6] totalSaved [6] totalFailed [0]
2025-12-16 09:43:55,099 [sql-log-2-thread-1] INFO  o.t.s.dao.sql.TbSqlBlockingQueue - Queue-0 [TS Latest] queueSize [0] totalAdded [6] totalSaved [6] totalFailed [0]
2025-12-16 09:44:25,049 [sql-log-2-thread-1] INFO  o.t.s.dao.sql.TbSqlBlockingQueue - Queue-1 [TS] queueSize [0] totalAdded [4] totalSaved [4] totalFailed [0]
2025-12-16 09:44:25,097 [sql-log-2-thread-1] INFO  o.t.s.dao.sql.TbSqlBlockingQueue - Queue-1 [TS Latest] queueSize [0] totalAdded [4] totalSaved [4] totalFailed [0]
2025-12-16 09:44:35,047 [sql-log-2-thread-1] INFO  o.t.s.dao.sql.TbSqlBlockingQueue - Queue-1 [TS] queueSize [0] totalAdded [7] totalSaved [7] totalFailed [0]
2025-12-16 09:44:35,095 [sql-log-2-thread-1] INFO  o.t.s.dao.sql.TbSqlBlockingQueue - Queue-1 [TS Latest] queueSize [0] totalAdded [7] totalSaved [7] totalFailed [0]
2025-12-16 09:44:48,238 [TB-Scheduling-9] INFO  o.t.s.c.t.s.DefaultTransportService - Transport Stats: openConnections [0]
2025-12-16 09:45:25,045 [sql-log-2-thread-1] INFO  o.t.s.dao.sql.TbSqlBlockingQueue - Queue-1 [TS] queueSize [0] totalAdded [4] totalSaved [4] totalFailed [0]
2025-12-16 09:45:25,092 [sql-log-2-thread-1] INFO  o.t.s.dao.sql.TbSqlBlockingQueue - Queue-1 [TS Latest] queueSize [0] totalAdded [4] totalSaved [4] totalFailed [0]
2025-12-16 09:45:35,043 [sql-log-2-thread-1] INFO  o.t.s.dao.sql.TbSqlBlockingQueue - Queue-1 [TS] queueSize [0] totalAdded [7] totalSaved [7] totalFailed [0]
2025-12-16 09:45:35,090 [sql-log-2-thread-1] INFO  o.t.s.dao.sql.TbSqlBlockingQueue - Queue-1 [TS Latest] queueSize [0] totalAdded [7] totalSaved [7] totalFailed [0]
2025-12-16 09:45:48,235 [TB-Scheduling-11] INFO  o.t.s.c.t.s.DefaultTransportService - Transport Stats: openConnections [0]
2025-12-16 09:46:25,040 [sql-log-2-thread-1] INFO  o.t.s.dao.sql.TbSqlBlockingQueue - Queue-1 [TS] queueSize [0] totalAdded [4] totalSaved [4] totalFailed [0]
2025-12-16 09:46:25,087 [sql-log-2-thread-1] INFO  o.t.s.dao.sql.TbSqlBlockingQueue - Queue-1 [TS Latest] queueSize [0] totalAdded [4] totalSaved [4] totalFailed [0]
2025-12-16 09:46:35,039 [sql-log-2-thread-1] INFO  o.t.s.dao.sql.TbSqlBlockingQueue - Queue-1 [TS] queueSize [0] totalAdded [7] totalSaved [7] totalFailed [0]
2025-12-16 09:46:35,086 [sql-log-2-thread-1] INFO  o.t.s.dao.sql.TbSqlBlockingQueue - Queue-1 [TS Latest] queueSize [0] totalAdded [7] totalSaved [7] totalFailed [0]
2025-12-16 09:46:48,078 [TB-Scheduling-10] INFO  o.t.s.dao.aspect.SqlDaoCallsAspect - Total timing statistics below:
2025-12-16 09:46:48,078 [TB-Scheduling-10] INFO  o.t.s.dao.aspect.SqlDaoCallsAspect - [5489b160-ccf1-11f0-81f3-0bf1425738f5]: calls: 5, failures: 0, exec time: 46 
2025-12-16 09:46:48,078 [TB-Scheduling-10] INFO  o.t.s.dao.aspect.SqlDaoCallsAspect - [5489b160-ccf1-11f0-81f3-0bf1425738f5] Top 3 methods by timing:
2025-12-16 09:46:48,078 [TB-Scheduling-10] INFO  o.t.s.dao.aspect.SqlDaoCallsAspect - [5489b160-ccf1-11f0-81f3-0bf1425738f5]: method: JpaAbstractDao.findById(..), calls: 3, failures: 0, exec time: 24
2025-12-16 09:46:48,078 [TB-Scheduling-10] INFO  o.t.s.dao.aspect.SqlDaoCallsAspect - [5489b160-ccf1-11f0-81f3-0bf1425738f5]: method: JpaWidgetTypeDao.findWidgetTypesInfosByWidgetsBundleId(..), calls: 1, failures: 0, exec time: 16
2025-12-16 09:46:48,078 [TB-Scheduling-10] INFO  o.t.s.dao.aspect.SqlDaoCallsAspect - [5489b160-ccf1-11f0-81f3-0bf1425738f5]: method: JpaUserCredentialsDao.findByUserId(..), calls: 1, failures: 0, exec time: 6
2025-12-16 09:46:48,232 [TB-Scheduling-14] INFO  o.t.s.c.t.s.DefaultTransportService - Transport Stats: openConnections [0]
2025-12-16 09:47:08,353 [TB-Scheduling-16] INFO  o.t.s.s.s.DefaultTbEntityDataSubscriptionService - Stats: regularQueryInvocationCnt = [7], regularQueryInvocationTime = [18], dynamicQueryCnt = [0] dynamicQueryInvocationCnt = [0], dynamicQueryInvocationTime = [0], alarmQueryInvocationCnt = [0], alarmQueryInvocationTime = [0]
2025-12-16 09:47:18,354 [TB-Scheduling-3] INFO  o.t.s.s.s.DefaultTbEntityDataSubscriptionService - Stats: regularQueryInvocationCnt = [4], regularQueryInvocationTime = [12], dynamicQueryCnt = [0] dynamicQueryInvocationCnt = [0], dynamicQueryInvocationTime = [0], alarmQueryInvocationCnt = [2], alarmQueryInvocationTime = [12]
2025-12-16 09:47:25,036 [sql-log-2-thread-1] INFO  o.t.s.dao.sql.TbSqlBlockingQueue - Queue-1 [TS] queueSize [0] totalAdded [4] totalSaved [4] totalFailed [0]
2025-12-16 09:47:25,083 [sql-log-2-thread-1] INFO  o.t.s.dao.sql.TbSqlBlockingQueue - Queue-1 [TS Latest] queueSize [0] totalAdded [4] totalSaved [4] totalFailed [0]
2025-12-16 09:47:35,034 [sql-log-2-thread-1] INFO  o.t.s.dao.sql.TbSqlBlockingQueue - Queue-1 [TS] queueSize [0] totalAdded [7] totalSaved [7] totalFailed [0]
2025-12-16 09:47:35,081 [sql-log-2-thread-1] INFO  o.t.s.dao.sql.TbSqlBlockingQueue - Queue-1 [TS Latest] queueSize [0] totalAdded [7] totalSaved [7] totalFailed [0]
2025-12-16 09:47:48,072 [TB-Scheduling-2] INFO  o.t.s.s.queue.EdgeConsumerStats - Edge Stats: totalMsgs = [1] edgeNfs = [1] coreNfEdgeHPUpd = [0] coreNfEdgeUpd = [0] coreNfEdgeSyncReq = [0] coreNfEdgeSyncResp = [0] coreNfEdgeCompLfcl = [0] 
2025-12-16 09:47:48,074 [TB-Scheduling-14] INFO  o.t.s.dao.aspect.SqlDaoCallsAspect - Total timing statistics below:
2025-12-16 09:47:48,075 [TB-Scheduling-14] INFO  o.t.s.dao.aspect.SqlDaoCallsAspect - [5489b160-ccf1-11f0-81f3-0bf1425738f5]: calls: 23, failures: 0, exec time: 179 
2025-12-16 09:47:48,075 [TB-Scheduling-14] INFO  o.t.s.dao.aspect.SqlDaoCallsAspect - [5489b160-ccf1-11f0-81f3-0bf1425738f5] Top 3 methods by timing:
2025-12-16 09:47:48,075 [TB-Scheduling-14] INFO  o.t.s.dao.aspect.SqlDaoCallsAspect - [5489b160-ccf1-11f0-81f3-0bf1425738f5]: method: JpaAbstractDao.findById(..), calls: 6, failures: 0, exec time: 27
2025-12-16 09:47:48,075 [TB-Scheduling-14] INFO  o.t.s.dao.aspect.SqlDaoCallsAspect - [5489b160-ccf1-11f0-81f3-0bf1425738f5]: method: JpaNotificationRuleDao.findByTenantIdAndTriggerTypeAndEnabled(..), calls: 1, failures: 0, exec time: 23
2025-12-16 09:47:48,075 [TB-Scheduling-14] INFO  o.t.s.dao.aspect.SqlDaoCallsAspect - [5489b160-ccf1-11f0-81f3-0bf1425738f5]: method: JpaAbstractDao.save(..), calls: 2, failures: 0, exec time: 23
2025-12-16 09:47:48,174 [TB-Scheduling-9] INFO  o.t.s.s.q.TbRuleEngineConsumerStats - [Main] Stats: totalMsgs = [1] successfulMsgs = [1] timeoutMsgs = [0] failedMsgs = [0] tmpTimeout = [0] tmpFailed = [0] successfulIterations = [1] failedIterations = [0] 
2025-12-16 09:47:48,228 [TB-Scheduling-7] INFO  o.t.s.c.t.s.DefaultTransportService - Transport Stats: openConnections [0]
2025-12-16 09:47:55,033 [sql-log-2-thread-1] INFO  o.t.s.dao.sql.TbSqlBlockingQueue - Queue-0 [TS] queueSize [0] totalAdded [6] totalSaved [6] totalFailed [0]
2025-12-16 09:47:55,081 [sql-log-2-thread-1] INFO  o.t.s.dao.sql.TbSqlBlockingQueue - Queue-0 [TS Latest] queueSize [0] totalAdded [6] totalSaved [6] totalFailed [0]
2025-12-16 09:48:25,031 [sql-log-2-thread-1] INFO  o.t.s.dao.sql.TbSqlBlockingQueue - Queue-1 [TS] queueSize [0] totalAdded [4] totalSaved [4] totalFailed [0]
2025-12-16 09:48:25,078 [sql-log-2-thread-1] INFO  o.t.s.dao.sql.TbSqlBlockingQueue - Queue-1 [TS Latest] queueSize [0] totalAdded [4] totalSaved [4] totalFailed [0]
2025-12-16 09:48:35,030 [sql-log-2-thread-1] INFO  o.t.s.dao.sql.TbSqlBlockingQueue - Queue-1 [TS] queueSize [0] totalAdded [7] totalSaved [7] totalFailed [0]
2025-12-16 09:48:35,077 [sql-log-2-thread-1] INFO  o.t.s.dao.sql.TbSqlBlockingQueue - Queue-1 [TS Latest] queueSize [0] totalAdded [7] totalSaved [7] totalFailed [0]
2025-12-16 09:48:48,224 [TB-Scheduling-6] INFO  o.t.s.c.t.s.DefaultTransportService - Transport Stats: openConnections [0]
2025-12-16 09:49:25,027 [sql-log-2-thread-1] INFO  o.t.s.dao.sql.TbSqlBlockingQueue - Queue-1 [TS] queueSize [0] totalAdded [4] totalSaved [4] totalFailed [0]
2025-12-16 09:49:25,074 [sql-log-2-thread-1] INFO  o.t.s.dao.sql.TbSqlBlockingQueue - Queue-1 [TS Latest] queueSize [0] totalAdded [4] totalSaved [4] totalFailed [0]
2025-12-16 09:49:35,025 [sql-log-2-thread-1] INFO  o.t.s.dao.sql.TbSqlBlockingQueue - Queue-1 [TS] queueSize [0] totalAdded [7] totalSaved [7] totalFailed [0]
2025-12-16 09:49:35,072 [sql-log-2-thread-1] INFO  o.t.s.dao.sql.TbSqlBlockingQueue - Queue-1 [TS Latest] queueSize [0] totalAdded [7] totalSaved [7] totalFailed [0]
2025-12-16 09:49:48,220 [TB-Scheduling-7] INFO  o.t.s.c.t.s.DefaultTransportService - Transport Stats: openConnections [0]
2025-12-16 09:50:25,022 [sql-log-2-thread-1] INFO  o.t.s.dao.sql.TbSqlBlockingQueue - Queue-1 [TS] queueSize [0] totalAdded [4] totalSaved [4] totalFailed [0]
2025-12-16 09:50:25,069 [sql-log-2-thread-1] INFO  o.t.s.dao.sql.TbSqlBlockingQueue - Queue-1 [TS Latest] queueSize [0] totalAdded [4] totalSaved [4] totalFailed [0]
2025-12-16 09:50:45,021 [sql-log-2-thread-1] INFO  o.t.s.dao.sql.TbSqlBlockingQueue - Queue-1 [TS] queueSize [0] totalAdded [7] totalSaved [7] totalFailed [0]
2025-12-16 09:50:45,068 [sql-log-2-thread-1] INFO  o.t.s.dao.sql.TbSqlBlockingQueue - Queue-1 [TS Latest] queueSize [0] totalAdded [7] totalSaved [7] totalFailed [0]
2025-12-16 09:50:48,217 [TB-Scheduling-7] INFO  o.t.s.c.t.s.DefaultTransportService - Transport Stats: openConnections [0]
2025-12-16 09:51:25,018 [sql-log-2-thread-1] INFO  o.t.s.dao.sql.TbSqlBlockingQueue - Queue-1 [TS] queueSize [0] totalAdded [4] totalSaved [4] totalFailed [0]
2025-12-16 09:51:25,065 [sql-log-2-thread-1] INFO  o.t.s.dao.sql.TbSqlBlockingQueue - Queue-1 [TS Latest] queueSize [0] totalAdded [4] totalSaved [4] totalFailed [0]
2025-12-16 09:51:45,016 [sql-log-2-thread-1] INFO  o.t.s.dao.sql.TbSqlBlockingQueue - Queue-1 [TS] queueSize [0] totalAdded [7] totalSaved [7] totalFailed [0]
2025-12-16 09:51:45,063 [sql-log-2-thread-1] INFO  o.t.s.dao.sql.TbSqlBlockingQueue - Queue-1 [TS Latest] queueSize [0] totalAdded [7] totalSaved [7] totalFailed [0]
2025-12-16 09:51:48,213 [TB-Scheduling-7] INFO  o.t.s.c.t.s.DefaultTransportService - Transport Stats: openConnections [0]
2025-12-16 09:52:25,014 [sql-log-2-thread-1] INFO  o.t.s.dao.sql.TbSqlBlockingQueue - Queue-1 [TS] queueSize [0] totalAdded [4] totalSaved [4] totalFailed [0]
2025-12-16 09:52:25,061 [sql-log-2-thread-1] INFO  o.t.s.dao.sql.TbSqlBlockingQueue - Queue-1 [TS Latest] queueSize [0] totalAdded [4] totalSaved [4] totalFailed [0]
2025-12-16 09:52:45,012 [sql-log-2-thread-1] INFO  o.t.s.dao.sql.TbSqlBlockingQueue - Queue-1 [TS] queueSize [0] totalAdded [7] totalSaved [7] totalFailed [0]
2025-12-16 09:52:45,059 [sql-log-2-thread-1] INFO  o.t.s.dao.sql.TbSqlBlockingQueue - Queue-1 [TS Latest] queueSize [0] totalAdded [7] totalSaved [7] totalFailed [0]
2025-12-16 09:52:48,209 [TB-Scheduling-16] INFO  o.t.s.c.t.s.DefaultTransportService - Transport Stats: openConnections [0]
2025-12-16 09:53:25,008 [sql-log-2-thread-1] INFO  o.t.s.dao.sql.TbSqlBlockingQueue - Queue-1 [TS] queueSize [0] totalAdded [4] totalSaved [4] totalFailed [0]
2025-12-16 09:53:25,056 [sql-log-2-thread-1] INFO  o.t.s.dao.sql.TbSqlBlockingQueue - Queue-1 [TS Latest] queueSize [0] totalAdded [4] totalSaved [4] totalFailed [0]
2025-12-16 09:53:45,007 [sql-log-2-thread-1] INFO  o.t.s.dao.sql.TbSqlBlockingQueue - Queue-1 [TS] queueSize [0] totalAdded [7] totalSaved [7] totalFailed [0]
2025-12-16 09:53:45,054 [sql-log-2-thread-1] INFO  o.t.s.dao.sql.TbSqlBlockingQueue - Queue-1 [TS Latest] queueSize [0] totalAdded [7] totalSaved [7] totalFailed [0]
2025-12-16 09:53:48,205 [TB-Scheduling-16] INFO  o.t.s.c.t.s.DefaultTransportService - Transport Stats: openConnections [0]
2025-12-16 09:54:25,005 [sql-log-2-thread-1] INFO  o.t.s.dao.sql.TbSqlBlockingQueue - Queue-1 [TS] queueSize [0] totalAdded [4] totalSaved [4] totalFailed [0]
2025-12-16 09:54:25,052 [sql-log-2-thread-1] INFO  o.t.s.dao.sql.TbSqlBlockingQueue - Queue-1 [TS Latest] queueSize [0] totalAdded [4] totalSaved [4] totalFailed [0]
2025-12-16 09:54:45,003 [sql-log-2-thread-1] INFO  o.t.s.dao.sql.TbSqlBlockingQueue - Queue-1 [TS] queueSize [0] totalAdded [7] totalSaved [7] totalFailed [0]
2025-12-16 09:54:45,050 [sql-log-2-thread-1] INFO  o.t.s.dao.sql.TbSqlBlockingQueue - Queue-1 [TS Latest] queueSize [0] totalAdded [7] totalSaved [7] totalFailed [0]
2025-12-16 09:54:48,202 [TB-Scheduling-8] INFO  o.t.s.c.t.s.DefaultTransportService - Transport Stats: openConnections [0]
2025-12-16 09:55:25,001 [sql-log-2-thread-1] INFO  o.t.s.dao.sql.TbSqlBlockingQueue - Queue-1 [TS] queueSize [0] totalAdded [4] totalSaved [4] totalFailed [0]
2025-12-16 09:55:25,048 [sql-log-2-thread-1] INFO  o.t.s.dao.sql.TbSqlBlockingQueue - Queue-1 [TS Latest] queueSize [0] totalAdded [4] totalSaved [4] totalFailed [0]
2025-12-16 09:55:44,998 [sql-log-2-thread-1] INFO  o.t.s.dao.sql.TbSqlBlockingQueue - Queue-1 [TS] queueSize [0] totalAdded [7] totalSaved [7] totalFailed [0]
2025-12-16 09:55:45,046 [sql-log-2-thread-1] INFO  o.t.s.dao.sql.TbSqlBlockingQueue - Queue-1 [TS Latest] queueSize [0] totalAdded [7] totalSaved [7] totalFailed [0]
2025-12-16 09:55:48,198 [TB-Scheduling-5] INFO  o.t.s.c.t.s.DefaultTransportService - Transport Stats: openConnections [0]
2025-12-16 09:56:24,996 [sql-log-2-thread-1] INFO  o.t.s.dao.sql.TbSqlBlockingQueue - Queue-1 [TS] queueSize [0] totalAdded [4] totalSaved [4] totalFailed [0]
2025-12-16 09:56:25,044 [sql-log-2-thread-1] INFO  o.t.s.dao.sql.TbSqlBlockingQueue - Queue-1 [TS Latest] queueSize [0] totalAdded [4] totalSaved [4] totalFailed [0]
2025-12-16 09:56:44,994 [sql-log-2-thread-1] INFO  o.t.s.dao.sql.TbSqlBlockingQueue - Queue-1 [TS] queueSize [0] totalAdded [7] totalSaved [7] totalFailed [0]
2025-12-16 09:56:45,042 [sql-log-2-thread-1] INFO  o.t.s.dao.sql.TbSqlBlockingQueue - Queue-1 [TS Latest] queueSize [0] totalAdded [7] totalSaved [7] totalFailed [0]
2025-12-16 09:56:48,195 [TB-Scheduling-15] INFO  o.t.s.c.t.s.DefaultTransportService - Transport Stats: openConnections [0]
2025-12-16 09:57:24,992 [sql-log-2-thread-1] INFO  o.t.s.dao.sql.TbSqlBlockingQueue - Queue-1 [TS] queueSize [0] totalAdded [4] totalSaved [4] totalFailed [0]
2025-12-16 09:57:25,040 [sql-log-2-thread-1] INFO  o.t.s.dao.sql.TbSqlBlockingQueue - Queue-1 [TS Latest] queueSize [0] totalAdded [4] totalSaved [4] totalFailed [0]
