2025-12-07 07:43:05,118 [background-preinit] INFO  o.h.validator.internal.util.Version - HV000001: Hibernate Validator 8.0.3.Final
2025-12-07 07:43:05,366 [main] INFO  o.t.s.ThingsboardServerApplication - Starting ThingsboardServerApplication v4.2.1 using Java 17.0.16 with PID 22 (/usr/share/thingsboard/bin/thingsboard.jar started by thingsboard in /)
2025-12-07 07:43:05,369 [main] INFO  o.t.s.ThingsboardServerApplication - No active profile set, falling back to 1 default profile: "default"
2025-12-07 07:43:06,275 [main] WARN  o.s.c.a.AnnotationTypeMapping - Support for convention-based annotation attribute overrides is deprecated and will be removed in Spring Framework 7.0. Please annotate the following attributes in @org.thingsboard.server.config.annotations.ApiOperation with appropriate @AliasFor declarations: [hidden, requestBody, responses]
2025-12-07 07:43:12,873 [main] INFO  o.s.d.r.c.RepositoryConfigurationDelegate - Multiple Spring Data modules found, entering strict repository configuration mode
2025-12-07 07:43:12,873 [main] INFO  o.s.d.r.c.RepositoryConfigurationDelegate - Bootstrapping Spring Data JPA repositories in LAZY mode.
2025-12-07 07:43:13,401 [main] INFO  o.s.d.r.c.RepositoryConfigurationDelegate - Finished Spring Data repository scanning in 505 ms. Found 7 JPA repository interfaces.
2025-12-07 07:43:13,407 [main] INFO  o.s.d.r.c.RepositoryConfigurationDelegate - Multiple Spring Data modules found, entering strict repository configuration mode
2025-12-07 07:43:13,407 [main] INFO  o.s.d.r.c.RepositoryConfigurationDelegate - Bootstrapping Spring Data JPA repositories in LAZY mode.
2025-12-07 07:43:13,890 [main] INFO  o.s.d.r.c.RepositoryConfigurationDelegate - Finished Spring Data repository scanning in 477 ms. Found 57 JPA repository interfaces.
2025-12-07 07:43:13,893 [main] INFO  o.s.d.r.c.RepositoryConfigurationDelegate - Multiple Spring Data modules found, entering strict repository configuration mode
2025-12-07 07:43:13,894 [main] INFO  o.s.d.r.c.RepositoryConfigurationDelegate - Bootstrapping Spring Data JPA repositories in LAZY mode.
2025-12-07 07:43:13,912 [main] INFO  o.s.d.r.c.RepositoryConfigurationDelegate - Finished Spring Data repository scanning in 15 ms. Found 1 JPA repository interface.
2025-12-07 07:43:13,913 [main] INFO  o.s.d.r.c.RepositoryConfigurationDelegate - Multiple Spring Data modules found, entering strict repository configuration mode
2025-12-07 07:43:13,914 [main] INFO  o.s.d.r.c.RepositoryConfigurationDelegate - Bootstrapping Spring Data JPA repositories in LAZY mode.
2025-12-07 07:43:13,938 [main] INFO  o.s.d.r.c.RepositoryConfigurationDelegate - Finished Spring Data repository scanning in 18 ms. Found 1 JPA repository interface.
2025-12-07 07:43:16,091 [main] INFO  o.s.i.c.DefaultConfiguringBeanFactoryPostProcessor - No bean named 'errorChannel' has been explicitly defined. Therefore, a default PublishSubscribeChannel will be created.
2025-12-07 07:43:16,140 [main] INFO  o.s.i.c.DefaultConfiguringBeanFactoryPostProcessor - No bean named 'integrationHeaderChannelRegistry' has been explicitly defined. Therefore, a default DefaultHeaderChannelRegistry will be created.
2025-12-07 07:43:18,445 [main] INFO  o.t.s.q.d.DefaultTbServiceInfoProvider - Current Service ID: ea1e8e82bf10
2025-12-07 07:43:20,563 [main] INFO  o.h.jpa.internal.util.LogHelper - HHH000204: Processing PersistenceUnitInfo [name: default]
2025-12-07 07:43:20,880 [main] INFO  org.hibernate.Version - HHH000412: Hibernate ORM core version 6.6.29.Final
2025-12-07 07:43:20,999 [main] INFO  o.h.c.i.RegionFactoryInitiator - HHH000026: Second-level cache disabled
2025-12-07 07:43:21,368 [main] INFO  com.zaxxer.hikari.HikariDataSource - HikariPool-1 - Starting...
2025-12-07 07:43:21,714 [main] INFO  com.zaxxer.hikari.pool.HikariPool - HikariPool-1 - Added connection org.postgresql.jdbc.PgConnection@50bae745
2025-12-07 07:43:21,721 [main] INFO  com.zaxxer.hikari.HikariDataSource - HikariPool-1 - Start completed.
2025-12-07 07:43:21,915 [main] INFO  o.hibernate.orm.connections.pooling - HHH10001005: Database info:
	Database JDBC URL [Connecting through datasource 'HikariDataSource (HikariPool-1)']
	Database driver: undefined/unknown
	Database version: 12.0
	Autocommit mode: undefined/unknown
	Isolation level: undefined/unknown
	Minimum pool size: undefined/unknown
	Maximum pool size: undefined/unknown
2025-12-07 07:43:22,827 [main] INFO  o.s.o.j.p.SpringPersistenceUnitInfo - No LoadTimeWeaver setup: ignoring JPA class transformer
2025-12-07 07:43:28,876 [main] INFO  o.h.e.t.j.p.i.JtaPlatformInitiator - HHH000489: No JTA platform available (set 'hibernate.transaction.jta.platform' to enable JTA platform integration)
2025-12-07 07:43:28,904 [main] INFO  o.s.o.j.LocalContainerEntityManagerFactoryBean - Initialized JPA EntityManagerFactory for persistence unit 'default'
2025-12-07 07:43:29,847 [main] INFO  o.s.d.j.r.query.QueryEnhancerFactory - Hibernate is in classpath; If applicable, HQL parser will be used.
2025-12-07 07:43:36,722 [main] INFO  o.s.b.w.e.tomcat.TomcatWebServer - Tomcat initialized with port 9090 (http)
2025-12-07 07:43:36,766 [main] INFO  o.a.coyote.http11.Http11NioProtocol - The ["http-nio-0.0.0.0-9090"] connector has been configured to support HTTP upgrade to [h2c]
2025-12-07 07:43:36,767 [main] INFO  o.a.coyote.http11.Http11NioProtocol - Initializing ProtocolHandler ["http-nio-0.0.0.0-9090"]
2025-12-07 07:43:36,773 [main] INFO  o.a.catalina.core.StandardService - Starting service [Tomcat]
2025-12-07 07:43:36,775 [main] INFO  o.a.catalina.core.StandardEngine - Starting Servlet engine: [Apache Tomcat/10.1.46]
2025-12-07 07:43:36,868 [main] INFO  o.a.c.c.C.[Tomcat].[localhost].[/] - Initializing Spring embedded WebApplicationContext
2025-12-07 07:43:36,868 [main] INFO  o.s.b.w.s.c.ServletWebServerApplicationContext - Root WebApplicationContext: initialization completed in 31396 ms
2025-12-07 07:43:37,353 [main] INFO  o.t.s.d.a.CachedAttributesService - Going to use directExecutor for the local cache type caffeine
2025-12-07 07:43:38,847 [main] INFO  o.t.s.s.a.DefaultTbApiUsageStateService - Starting api usage service.
2025-12-07 07:43:38,859 [main] INFO  o.t.s.s.a.DefaultTbApiUsageStateService - Started api usage service.
2025-12-07 07:43:42,917 [main] INFO  o.t.s.t.h.config.PayloadSizeFilter - Initialized payload size filter with configuration: /api/image*/**=52428800;/api/resource/**=52428800;/api/**=16777216
2025-12-07 07:43:43,032 [main] INFO  o.t.s.t.h.config.PayloadSizeFilter - Initialized payload size filter with configuration: /api/v1/*/rpc/**=65536;/api/v1/**=52428800
2025-12-07 07:43:43,229 [main] INFO  o.t.s.q.e.EnvironmentLogService - ThingsBoard server environment: zookeeper.version=3.9.3-c26634f34490bb0ea7a09cc51e05ede3b4e320ee, built on 2024-10-17 23:21 UTC
2025-12-07 07:43:43,229 [main] INFO  o.t.s.q.e.EnvironmentLogService - ThingsBoard server environment: host.name=ea1e8e82bf10
2025-12-07 07:43:43,229 [main] INFO  o.t.s.q.e.EnvironmentLogService - ThingsBoard server environment: java.version=17.0.16
2025-12-07 07:43:43,229 [main] INFO  o.t.s.q.e.EnvironmentLogService - ThingsBoard server environment: java.vendor=Debian
2025-12-07 07:43:43,229 [main] INFO  o.t.s.q.e.EnvironmentLogService - ThingsBoard server environment: java.home=/usr/lib/jvm/java-17-openjdk-amd64
2025-12-07 07:43:43,229 [main] INFO  o.t.s.q.e.EnvironmentLogService - ThingsBoard server environment: java.class.path=/usr/share/thingsboard/bin/thingsboard.jar
2025-12-07 07:43:43,230 [main] INFO  o.t.s.q.e.EnvironmentLogService - ThingsBoard server environment: java.library.path=/usr/java/packages/lib:/usr/lib/x86_64-linux-gnu/jni:/lib/x86_64-linux-gnu:/usr/lib/x86_64-linux-gnu:/usr/lib/jni:/lib:/usr/lib
2025-12-07 07:43:43,230 [main] INFO  o.t.s.q.e.EnvironmentLogService - ThingsBoard server environment: java.io.tmpdir=/tmp
2025-12-07 07:43:43,230 [main] INFO  o.t.s.q.e.EnvironmentLogService - ThingsBoard server environment: java.compiler=<NA>
2025-12-07 07:43:43,230 [main] INFO  o.t.s.q.e.EnvironmentLogService - ThingsBoard server environment: os.name=Linux
2025-12-07 07:43:43,230 [main] INFO  o.t.s.q.e.EnvironmentLogService - ThingsBoard server environment: os.arch=amd64
2025-12-07 07:43:43,230 [main] INFO  o.t.s.q.e.EnvironmentLogService - ThingsBoard server environment: os.version=6.6.87.2-microsoft-standard-WSL2
2025-12-07 07:43:43,230 [main] INFO  o.t.s.q.e.EnvironmentLogService - ThingsBoard server environment: user.name=thingsboard
2025-12-07 07:43:43,230 [main] INFO  o.t.s.q.e.EnvironmentLogService - ThingsBoard server environment: user.home=/home/thingsboard
2025-12-07 07:43:43,230 [main] INFO  o.t.s.q.e.EnvironmentLogService - ThingsBoard server environment: user.dir=/
2025-12-07 07:43:43,230 [main] INFO  o.t.s.q.e.EnvironmentLogService - ThingsBoard server environment: os.memory.free=243MB
2025-12-07 07:43:43,230 [main] INFO  o.t.s.q.e.EnvironmentLogService - ThingsBoard server environment: os.memory.max=1898MB
2025-12-07 07:43:43,230 [main] INFO  o.t.s.q.e.EnvironmentLogService - ThingsBoard server environment: os.memory.total=474MB
2025-12-07 07:43:43,479 [main] INFO  d.n.internal.NashornDetection - Delight-nashorn-sandbox detected that JDK Nashorn is absent and standalone Nashorn is present, and will use Standalone Nashorn
2025-12-07 07:43:45,407 [main] INFO  o.t.s.a.service.DefaultActorService - Initializing actor system.
2025-12-07 07:43:45,428 [main] INFO  o.t.s.a.service.DefaultActorService - Actor system initialized.
2025-12-07 07:43:46,911 [main] INFO  o.t.s.c.t.c.ssl.SslCredentialsConfig - LWM2M Server DTLS Credentials: Skipping initialization of disabled SSL credentials.
2025-12-07 07:43:46,923 [main] INFO  o.t.s.c.t.c.ssl.SslCredentialsConfig - LWM2M Trust Credentials: Skipping initialization of disabled SSL credentials.
2025-12-07 07:43:46,938 [main] INFO  o.t.s.c.t.c.ssl.SslCredentialsConfig - LWM2M Bootstrap DTLS Credentials: Skipping initialization of disabled SSL credentials.
2025-12-07 07:43:47,544 [main] INFO  o.t.s.c.SystemInfoController - System build info: {"version":"4.2.1","artifact":"application","name":"ThingsBoard Server Application","type":"CE"}
2025-12-07 07:43:48,742 [main] INFO  o.t.s.c.adaptor.JsonConverterConfig - JSON max string value length = 0
2025-12-07 07:43:48,743 [main] INFO  o.t.s.c.adaptor.JsonConverterConfig - JSON type cast enabled = true
2025-12-07 07:43:49,032 [main] INFO  o.t.s.t.mqtt.MqttTransportService - Setting resource leak detector level to DISABLED
2025-12-07 07:43:49,033 [main] INFO  o.t.s.t.mqtt.MqttTransportService - Starting MQTT transport...
2025-12-07 07:43:49,238 [main] INFO  o.t.s.t.mqtt.MqttTransportService - Mqtt transport started!
2025-12-07 07:43:49,379 [main] INFO  o.e.c.elements.config.Configuration - defaults added COAP.
2025-12-07 07:43:49,412 [main] INFO  o.e.c.elements.config.Configuration - defaults added UDP.
2025-12-07 07:43:49,416 [main] INFO  o.e.c.c.network.RandomTokenGenerator - using tokens of 8 bytes in length
2025-12-07 07:43:49,471 [main] INFO  org.eclipse.californium.ban - Started.
2025-12-07 07:43:49,476 [main] INFO  o.e.c.core.network.CoapEndpoint - coap CoapEndpoint uses udp context
2025-12-07 07:43:49,506 [main] INFO  o.e.c.elements.config.Configuration - defaults added SYS.
2025-12-07 07:43:49,507 [main] INFO  o.e.c.c.network.stack.BlockwiseLayer - coap BlockwiseLayer uses MAX_MESSAGE_SIZE=1024, PREFERRED_BLOCK_SIZE=1024, BLOCKWISE_STATUS_LIFETIME=300000, MAX_RESOURCE_BODY_SIZE=268435456, BLOCKWISE_STRICT_BLOCK2_OPTION=true
2025-12-07 07:43:49,526 [main] INFO  o.e.californium.core.CoapServer - Starting server
2025-12-07 07:43:49,554 [main] INFO  o.e.c.elements.UDPConnector - UDPConnector starts up 1 sender threads and 1 receiver threads
2025-12-07 07:43:49,563 [main] INFO  o.e.c.elements.UDPConnector - UDPConnector listening on /[0:0:0:0:0:0:0:0]:5683, recv buf = 106496, send buf = 106496, recv packet size = 2048
2025-12-07 07:43:49,565 [main] INFO  o.e.c.core.network.CoapEndpoint - coap Started endpoint at coap://[0:0:0:0:0:0:0:0]:5683
2025-12-07 07:43:49,574 [main] INFO  o.t.s.t.coap.CoapTransportService - Starting CoAP transport...
2025-12-07 07:43:49,589 [main] INFO  o.t.s.t.coap.CoapTransportService - CoAP transport started!
2025-12-07 07:43:49,694 [main] INFO  o.t.s.t.l.b.LwM2MTransportBootstrapService - Starting LwM2M transport bootstrap server...
2025-12-07 07:43:49,749 [main] INFO  o.e.c.elements.util.JceProviderUtil - JCE default setup
2025-12-07 07:43:49,779 [main] INFO  o.e.c.elements.util.JceProviderUtil - RSA: true, EC: true, AES: not restricted
2025-12-07 07:43:49,792 [main] INFO  o.e.c.elements.util.JceProviderUtil - EdDSA supported by SunEC, Ed25519: true, Ed448: true
2025-12-07 07:43:49,792 [main] INFO  o.e.c.elements.util.JceProviderUtil - JCE setup: SunEC version 17, ready.
2025-12-07 07:43:49,873 [main] INFO  o.e.c.elements.config.Configuration - defaults added DTLS.
2025-12-07 07:43:50,257 [main] WARN  o.e.l.s.b.LeshanBootstrapServerBuilder - configStore is set but you also provide a custom SessionManager so this store will not be used
2025-12-07 07:43:50,269 [main] INFO  o.e.c.c.network.RandomTokenGenerator - using tokens of 8 bytes in length
2025-12-07 07:43:50,270 [main] INFO  o.e.c.core.network.CoapEndpoint - [Bootstrap Server-coap://0.0.0.0:5687] CoapEndpoint uses udp context
2025-12-07 07:43:50,270 [main] INFO  o.e.c.c.network.stack.BlockwiseLayer - [Bootstrap Server-coap://0.0.0.0:5687] BlockwiseLayer uses MAX_MESSAGE_SIZE=1024, PREFERRED_BLOCK_SIZE=1024, BLOCKWISE_STATUS_LIFETIME=300000, MAX_RESOURCE_BODY_SIZE=268435456, BLOCKWISE_STRICT_BLOCK2_OPTION=true
2025-12-07 07:43:50,284 [main] INFO  o.t.s.t.l.b.LwM2MTransportBootstrapService - Unable to load X509 files for LWM2MServer
2025-12-07 07:43:50,289 [main] WARN  o.e.l.s.c.b.e.c.CoapsBootstrapServerEndpointFactory - PskStore should be automatically set by Leshan. Using a custom implementation is not advised.
2025-12-07 07:43:50,343 [main] INFO  o.e.c.s.d.InMemoryReadWriteLockConnectionStore - Created new InMemoryConnectionStore [capacity: 150000, connection expiration threshold: 1800s]
2025-12-07 07:43:50,349 [main] INFO  o.e.c.c.network.RandomTokenGenerator - using tokens of 8 bytes in length
2025-12-07 07:43:50,350 [main] INFO  o.e.c.core.network.CoapEndpoint - [Bootstrap Server-coaps://0.0.0.0:5688] CoapEndpoint uses lwm2m correlation
2025-12-07 07:43:50,351 [main] INFO  o.e.c.c.network.stack.BlockwiseLayer - [Bootstrap Server-coaps://0.0.0.0:5688] BlockwiseLayer uses MAX_MESSAGE_SIZE=1024, PREFERRED_BLOCK_SIZE=1024, BLOCKWISE_STATUS_LIFETIME=300000, MAX_RESOURCE_BODY_SIZE=268435456, BLOCKWISE_STRICT_BLOCK2_OPTION=true
2025-12-07 07:43:50,358 [main] INFO  o.e.californium.core.CoapServer - Starting server
2025-12-07 07:43:50,371 [main] INFO  o.e.c.elements.UDPConnector - UDPConnector starts up 2 sender threads and 2 receiver threads
2025-12-07 07:43:50,374 [main] INFO  o.e.c.elements.UDPConnector - UDPConnector listening on /[0:0:0:0:0:0:0:0]:5687, recv buf = 106496, send buf = 106496, recv packet size = 2048
2025-12-07 07:43:50,375 [main] INFO  o.e.c.core.network.CoapEndpoint - [Bootstrap Server-coap://0.0.0.0:5687] Started endpoint at coap://[0:0:0:0:0:0:0:0]:5687
2025-12-07 07:43:50,386 [main] INFO  o.e.c.scandium.DTLSConnector - multiple network interfaces, using smallest MTU [IPv4 1500, IPv6 1280]
2025-12-07 07:43:50,391 [DTLS-Receiver-0-/[0:0:0:0:0:0:0:0]:5688] INFO  o.e.c.scandium.DTLSConnector - Starting worker thread [DTLS-Receiver-0-/[0:0:0:0:0:0:0:0]:5688]
2025-12-07 07:43:50,392 [main] INFO  o.e.c.scandium.DTLSConnector - DTLSConnector listening on /[0:0:0:0:0:0:0:0]:5688, recv buf = 106496, send buf = 106496, recv packet size = 16490, MTU = IPv4 1500 / IPv6 1280
2025-12-07 07:43:50,392 [DTLS-Receiver-1-/[0:0:0:0:0:0:0:0]:5688] INFO  o.e.c.scandium.DTLSConnector - Starting worker thread [DTLS-Receiver-1-/[0:0:0:0:0:0:0:0]:5688]
2025-12-07 07:43:50,393 [main] INFO  o.e.c.core.network.CoapEndpoint - [Bootstrap Server-coaps://0.0.0.0:5688] Started endpoint at coaps://[0:0:0:0:0:0:0:0]:5688
2025-12-07 07:43:50,393 [main] INFO  o.e.l.s.b.LeshanBootstrapServer - Bootstrap server started.
2025-12-07 07:43:50,394 [main] INFO  o.e.l.s.b.LeshanBootstrapServer - CoAP over UDP endpoint based on Californium library available at coap://[0:0:0:0:0:0:0:0]:5687.
2025-12-07 07:43:50,394 [main] INFO  o.e.l.s.b.LeshanBootstrapServer - CoAP over DTLS endpoint based on Californium/Scandium library available at coaps://[0:0:0:0:0:0:0:0]:5688.
2025-12-07 07:43:50,394 [main] INFO  o.t.s.t.l.b.LwM2MTransportBootstrapService - Started LwM2M transport bootstrap server.
2025-12-07 07:43:50,792 [main] INFO  o.t.s.t.s.s.SnmpTransportService - SNMP transport service initialized
2025-12-07 07:43:50,839 [main] INFO  o.t.s.d.s.NamedParameterJdbcTemplateConfiguration - Set jdbcTemplate query timeout [30] second(s)
2025-12-07 07:43:51,601 [main] INFO  o.s.s.c.a.a.c.InitializeAuthenticationProviderBeanManagerConfigurer$InitializeAuthenticationProviderManagerConfigurer - Found 3 AuthenticationProvider beans, with names [jwtAuthenticationProvider, refreshTokenAuthenticationProvider, restAuthenticationProvider]. Global Authentication Manager will not be configured with AuthenticationProviders. Consider publishing a single AuthenticationProvider bean, or wiring your Providers directly using the DSL.
2025-12-07 07:43:52,136 [main] INFO  o.s.b.a.w.s.WelcomePageHandlerMapping - Adding welcome page: class path resource [public/index.html]
2025-12-07 07:43:53,320 [main] INFO  o.s.b.a.e.web.EndpointLinksResolver - Exposing 1 endpoint beneath base path '/actuator'
2025-12-07 07:43:55,579 [main] WARN  i.m.c.i.b.cache.CaffeineCacheMetrics - The cache 'relations' is not recording statistics. No meters except 'cache.size' will be registered. Call 'Caffeine#recordStats()' prior to building the cache for metrics to be recorded.
2025-12-07 07:43:55,581 [main] WARN  i.m.c.i.b.cache.CaffeineCacheMetrics - The cache 'deviceCredentials' is not recording statistics. No meters except 'cache.size' will be registered. Call 'Caffeine#recordStats()' prior to building the cache for metrics to be recorded.
2025-12-07 07:43:55,582 [main] WARN  i.m.c.i.b.cache.CaffeineCacheMetrics - The cache 'devices' is not recording statistics. No meters except 'cache.size' will be registered. Call 'Caffeine#recordStats()' prior to building the cache for metrics to be recorded.
2025-12-07 07:43:55,582 [main] WARN  i.m.c.i.b.cache.CaffeineCacheMetrics - The cache 'sessions' is not recording statistics. No meters except 'cache.size' will be registered. Call 'Caffeine#recordStats()' prior to building the cache for metrics to be recorded.
2025-12-07 07:43:55,582 [main] WARN  i.m.c.i.b.cache.CaffeineCacheMetrics - The cache 'assets' is not recording statistics. No meters except 'cache.size' will be registered. Call 'Caffeine#recordStats()' prior to building the cache for metrics to be recorded.
2025-12-07 07:43:55,583 [main] WARN  i.m.c.i.b.cache.CaffeineCacheMetrics - The cache 'customers' is not recording statistics. No meters except 'cache.size' will be registered. Call 'Caffeine#recordStats()' prior to building the cache for metrics to be recorded.
2025-12-07 07:43:55,583 [main] WARN  i.m.c.i.b.cache.CaffeineCacheMetrics - The cache 'users' is not recording statistics. No meters except 'cache.size' will be registered. Call 'Caffeine#recordStats()' prior to building the cache for metrics to be recorded.
2025-12-07 07:43:55,583 [main] WARN  i.m.c.i.b.cache.CaffeineCacheMetrics - The cache 'entityViews' is not recording statistics. No meters except 'cache.size' will be registered. Call 'Caffeine#recordStats()' prior to building the cache for metrics to be recorded.
2025-12-07 07:43:55,584 [main] WARN  i.m.c.i.b.cache.CaffeineCacheMetrics - The cache 'claimDevices' is not recording statistics. No meters except 'cache.size' will be registered. Call 'Caffeine#recordStats()' prior to building the cache for metrics to be recorded.
2025-12-07 07:43:55,585 [main] WARN  i.m.c.i.b.cache.CaffeineCacheMetrics - The cache 'securitySettings' is not recording statistics. No meters except 'cache.size' will be registered. Call 'Caffeine#recordStats()' prior to building the cache for metrics to be recorded.
2025-12-07 07:43:55,585 [main] WARN  i.m.c.i.b.cache.CaffeineCacheMetrics - The cache 'tenantProfiles' is not recording statistics. No meters except 'cache.size' will be registered. Call 'Caffeine#recordStats()' prior to building the cache for metrics to be recorded.
2025-12-07 07:43:55,586 [main] WARN  i.m.c.i.b.cache.CaffeineCacheMetrics - The cache 'tenants' is not recording statistics. No meters except 'cache.size' will be registered. Call 'Caffeine#recordStats()' prior to building the cache for metrics to be recorded.
2025-12-07 07:43:55,586 [main] WARN  i.m.c.i.b.cache.CaffeineCacheMetrics - The cache 'tenantsExist' is not recording statistics. No meters except 'cache.size' will be registered. Call 'Caffeine#recordStats()' prior to building the cache for metrics to be recorded.
2025-12-07 07:43:55,587 [main] WARN  i.m.c.i.b.cache.CaffeineCacheMetrics - The cache 'deviceProfiles' is not recording statistics. No meters except 'cache.size' will be registered. Call 'Caffeine#recordStats()' prior to building the cache for metrics to be recorded.
2025-12-07 07:43:55,588 [main] WARN  i.m.c.i.b.cache.CaffeineCacheMetrics - The cache 'assetProfiles' is not recording statistics. No meters except 'cache.size' will be registered. Call 'Caffeine#recordStats()' prior to building the cache for metrics to be recorded.
2025-12-07 07:43:55,588 [main] WARN  i.m.c.i.b.cache.CaffeineCacheMetrics - The cache 'notificationSettings' is not recording statistics. No meters except 'cache.size' will be registered. Call 'Caffeine#recordStats()' prior to building the cache for metrics to be recorded.
2025-12-07 07:43:55,589 [main] WARN  i.m.c.i.b.cache.CaffeineCacheMetrics - The cache 'sentNotifications' is not recording statistics. No meters except 'cache.size' will be registered. Call 'Caffeine#recordStats()' prior to building the cache for metrics to be recorded.
2025-12-07 07:43:55,590 [main] WARN  i.m.c.i.b.cache.CaffeineCacheMetrics - The cache 'attributes' is not recording statistics. No meters except 'cache.size' will be registered. Call 'Caffeine#recordStats()' prior to building the cache for metrics to be recorded.
2025-12-07 07:43:55,591 [main] WARN  i.m.c.i.b.cache.CaffeineCacheMetrics - The cache 'tsLatest' is not recording statistics. No meters except 'cache.size' will be registered. Call 'Caffeine#recordStats()' prior to building the cache for metrics to be recorded.
2025-12-07 07:43:55,592 [main] WARN  i.m.c.i.b.cache.CaffeineCacheMetrics - The cache 'userSessionsInvalidation' is not recording statistics. No meters except 'cache.size' will be registered. Call 'Caffeine#recordStats()' prior to building the cache for metrics to be recorded.
2025-12-07 07:43:55,593 [main] WARN  i.m.c.i.b.cache.CaffeineCacheMetrics - The cache 'otaPackages' is not recording statistics. No meters except 'cache.size' will be registered. Call 'Caffeine#recordStats()' prior to building the cache for metrics to be recorded.
2025-12-07 07:43:55,594 [main] WARN  i.m.c.i.b.cache.CaffeineCacheMetrics - The cache 'otaPackagesData' is not recording statistics. No meters except 'cache.size' will be registered. Call 'Caffeine#recordStats()' prior to building the cache for metrics to be recorded.
2025-12-07 07:43:55,594 [main] WARN  i.m.c.i.b.cache.CaffeineCacheMetrics - The cache 'edges' is not recording statistics. No meters except 'cache.size' will be registered. Call 'Caffeine#recordStats()' prior to building the cache for metrics to be recorded.
2025-12-07 07:43:55,594 [main] WARN  i.m.c.i.b.cache.CaffeineCacheMetrics - The cache 'edgeSessions' is not recording statistics. No meters except 'cache.size' will be registered. Call 'Caffeine#recordStats()' prior to building the cache for metrics to be recorded.
2025-12-07 07:43:55,595 [main] WARN  i.m.c.i.b.cache.CaffeineCacheMetrics - The cache 'relatedEdges' is not recording statistics. No meters except 'cache.size' will be registered. Call 'Caffeine#recordStats()' prior to building the cache for metrics to be recorded.
2025-12-07 07:43:55,595 [main] WARN  i.m.c.i.b.cache.CaffeineCacheMetrics - The cache 'repositorySettings' is not recording statistics. No meters except 'cache.size' will be registered. Call 'Caffeine#recordStats()' prior to building the cache for metrics to be recorded.
2025-12-07 07:43:55,595 [main] WARN  i.m.c.i.b.cache.CaffeineCacheMetrics - The cache 'autoCommitSettings' is not recording statistics. No meters except 'cache.size' will be registered. Call 'Caffeine#recordStats()' prior to building the cache for metrics to be recorded.
2025-12-07 07:43:55,596 [main] WARN  i.m.c.i.b.cache.CaffeineCacheMetrics - The cache 'twoFaVerificationCodes' is not recording statistics. No meters except 'cache.size' will be registered. Call 'Caffeine#recordStats()' prior to building the cache for metrics to be recorded.
2025-12-07 07:43:55,596 [main] WARN  i.m.c.i.b.cache.CaffeineCacheMetrics - The cache 'versionControlTask' is not recording statistics. No meters except 'cache.size' will be registered. Call 'Caffeine#recordStats()' prior to building the cache for metrics to be recorded.
2025-12-07 07:43:55,596 [main] WARN  i.m.c.i.b.cache.CaffeineCacheMetrics - The cache 'userSettings' is not recording statistics. No meters except 'cache.size' will be registered. Call 'Caffeine#recordStats()' prior to building the cache for metrics to be recorded.
2025-12-07 07:43:55,597 [main] WARN  i.m.c.i.b.cache.CaffeineCacheMetrics - The cache 'dashboardTitles' is not recording statistics. No meters except 'cache.size' will be registered. Call 'Caffeine#recordStats()' prior to building the cache for metrics to be recorded.
2025-12-07 07:43:55,597 [main] WARN  i.m.c.i.b.cache.CaffeineCacheMetrics - The cache 'entityCount' is not recording statistics. No meters except 'cache.size' will be registered. Call 'Caffeine#recordStats()' prior to building the cache for metrics to be recorded.
2025-12-07 07:43:55,597 [main] WARN  i.m.c.i.b.cache.CaffeineCacheMetrics - The cache 'resourceInfo' is not recording statistics. No meters except 'cache.size' will be registered. Call 'Caffeine#recordStats()' prior to building the cache for metrics to be recorded.
2025-12-07 07:43:55,597 [main] WARN  i.m.c.i.b.cache.CaffeineCacheMetrics - The cache 'alarmTypes' is not recording statistics. No meters except 'cache.size' will be registered. Call 'Caffeine#recordStats()' prior to building the cache for metrics to be recorded.
2025-12-07 07:43:55,598 [main] WARN  i.m.c.i.b.cache.CaffeineCacheMetrics - The cache 'qrCodeSettings' is not recording statistics. No meters except 'cache.size' will be registered. Call 'Caffeine#recordStats()' prior to building the cache for metrics to be recorded.
2025-12-07 07:43:55,598 [main] WARN  i.m.c.i.b.cache.CaffeineCacheMetrics - The cache 'mobileSecretKey' is not recording statistics. No meters except 'cache.size' will be registered. Call 'Caffeine#recordStats()' prior to building the cache for metrics to be recorded.
2025-12-07 07:43:55,598 [main] WARN  i.m.c.i.b.cache.CaffeineCacheMetrics - The cache 'trendzSettings' is not recording statistics. No meters except 'cache.size' will be registered. Call 'Caffeine#recordStats()' prior to building the cache for metrics to be recorded.
2025-12-07 07:43:55,599 [main] WARN  i.m.c.i.b.cache.CaffeineCacheMetrics - The cache 'aiModel' is not recording statistics. No meters except 'cache.size' will be registered. Call 'Caffeine#recordStats()' prior to building the cache for metrics to be recorded.
2025-12-07 07:43:56,219 [main] INFO  o.s.i.endpoint.EventDrivenConsumer - Adding {logging-channel-adapter:_org.springframework.integration.errorLogger} as a subscriber to the 'errorChannel' channel
2025-12-07 07:43:56,220 [main] INFO  o.s.i.c.PublishSubscribeChannel - Channel 'application.errorChannel' has 1 subscriber(s).
2025-12-07 07:43:56,220 [main] INFO  o.s.i.endpoint.EventDrivenConsumer - started bean '_org.springframework.integration.errorLogger'
2025-12-07 07:43:56,257 [main] INFO  o.a.coyote.http11.Http11NioProtocol - Starting ProtocolHandler ["http-nio-0.0.0.0-9090"]
2025-12-07 07:43:56,286 [main] INFO  o.s.b.w.e.tomcat.TomcatWebServer - Tomcat started on port 9090 (http) with context path '/'
2025-12-07 07:43:56,344 [main] INFO  o.t.s.ThingsboardServerApplication - Started ThingsboardServerApplication in 52.745 seconds (process running for 56.34)
2025-12-07 07:43:56,348 [TB-Scheduling-2] INFO  o.t.s.c.t.s.DefaultTransportService - Transport Stats: openConnections [0]
2025-12-07 07:43:56,367 [main] INFO  o.t.s.q.c.c.QueueConsumerManager - [TB Version Control] Launching consumer
2025-12-07 07:43:56,369 [main] INFO  o.t.s.q.d.HashPartitionService - Recalculating partitions
2025-12-07 07:43:56,370 [main] INFO  o.t.s.q.d.HashPartitionService - [ea1e8e82bf10] Found common server: [TB_CORE, TB_RULE_ENGINE, TB_TRANSPORT, JS_EXECUTOR, TB_VC_EXECUTOR, EDQS, TASK_PROCESSOR]
2025-12-07 07:43:56,398 [main] INFO  o.t.s.q.d.HashPartitionService - Partitions changed: 
[QK(Main,TB_VC_EXECUTOR,system)] - [0, 1, 2, 3, 4, 5, 6, 7, 8, 9]
2025-12-07 07:43:56,401 [main] INFO  o.t.s.q.d.HashPartitionService - Partitions changed: 
[QK(Main,TB_CORE,system)] - [0, 1, 2, 3, 4, 5, 6, 7, 8, 9]
[QK(Edge,TB_CORE,system)] - [0, 1, 2, 3, 4, 5, 6, 7, 8, 9]
2025-12-07 07:43:56,412 [device-state-scheduled-21-thread-1] INFO  o.t.s.s.p.AbstractPartitionBasedService - [Device State] CURRENT PARTITIONS: []
2025-12-07 07:43:56,413 [device-state-scheduled-21-thread-1] INFO  o.t.s.s.p.AbstractPartitionBasedService - [Device State] NEW PARTITIONS: [tb_core.0, tb_core.2, tb_core.4, tb_core.6, tb_core.8, tb_core.1, tb_core.3, tb_core.5, tb_core.7, tb_core.9]
2025-12-07 07:43:56,413 [device-state-scheduled-21-thread-1] INFO  o.t.s.s.p.AbstractPartitionBasedService - [Device State] ADDED PARTITIONS: [tb_core.0, tb_core.2, tb_core.4, tb_core.6, tb_core.8, tb_core.1, tb_core.3, tb_core.5, tb_core.7, tb_core.9]
2025-12-07 07:43:56,413 [device-state-scheduled-21-thread-1] INFO  o.t.s.s.p.AbstractPartitionBasedService - [Device State] REMOVED PARTITIONS: []
2025-12-07 07:43:56,413 [main] INFO  o.t.s.a.service.DefaultActorService - Received partition change event.
2025-12-07 07:43:56,414 [api-usage-scheduled-19-thread-1] INFO  o.t.s.s.p.AbstractPartitionBasedService - [API Usage] CURRENT PARTITIONS: []
2025-12-07 07:43:56,414 [api-usage-scheduled-19-thread-1] INFO  o.t.s.s.p.AbstractPartitionBasedService - [API Usage] NEW PARTITIONS: [tb_core.0, tb_core.2, tb_core.4, tb_core.6, tb_core.8, tb_core.1, tb_core.3, tb_core.5, tb_core.7, tb_core.9]
2025-12-07 07:43:56,415 [api-usage-scheduled-19-thread-1] INFO  o.t.s.s.p.AbstractPartitionBasedService - [API Usage] ADDED PARTITIONS: [tb_core.0, tb_core.2, tb_core.4, tb_core.6, tb_core.8, tb_core.1, tb_core.3, tb_core.5, tb_core.7, tb_core.9]
2025-12-07 07:43:56,415 [api-usage-scheduled-19-thread-1] INFO  o.t.s.s.p.AbstractPartitionBasedService - [API Usage] REMOVED PARTITIONS: []
2025-12-07 07:43:56,416 [api-usage-scheduled-19-thread-1] INFO  o.t.s.s.a.DefaultTbApiUsageStateService - Initializing tenant states.
2025-12-07 07:43:56,420 [notifications-scheduler-49-thread-1] INFO  o.t.s.s.p.AbstractPartitionBasedService - [Notifications scheduler] CURRENT PARTITIONS: []
2025-12-07 07:43:56,420 [notifications-scheduler-49-thread-1] INFO  o.t.s.s.p.AbstractPartitionBasedService - [Notifications scheduler] NEW PARTITIONS: [tb_core.0, tb_core.2, tb_core.4, tb_core.6, tb_core.8, tb_core.1, tb_core.3, tb_core.5, tb_core.7, tb_core.9]
2025-12-07 07:43:56,420 [notifications-scheduler-49-thread-1] INFO  o.t.s.s.p.AbstractPartitionBasedService - [Notifications scheduler] ADDED PARTITIONS: [tb_core.0, tb_core.2, tb_core.4, tb_core.6, tb_core.8, tb_core.1, tb_core.3, tb_core.5, tb_core.7, tb_core.9]
2025-12-07 07:43:56,420 [notifications-scheduler-49-thread-1] INFO  o.t.s.s.p.AbstractPartitionBasedService - [Notifications scheduler] REMOVED PARTITIONS: []
2025-12-07 07:43:56,427 [main] INFO  o.t.s.q.d.HashPartitionService - Partitions changed: 
[QK(SequentialByOriginator,TB_RULE_ENGINE,system)] - [0, 1, 2, 3, 4, 5, 6, 7, 8, 9]
[QK(CalculatedFields,TB_RULE_ENGINE,system)] - [0, 1, 2, 3, 4, 5, 6, 7, 8, 9]
[QK(CalculatedFieldStates,TB_RULE_ENGINE,system)] - [0, 1, 2, 3, 4, 5, 6, 7, 8, 9]
[QK(HighPriority,TB_RULE_ENGINE,system)] - [0, 1, 2, 3, 4, 5, 6, 7, 8, 9]
[QK(Main,TB_RULE_ENGINE,system)] - [0, 1, 2, 3, 4, 5, 6, 7, 8, 9]
2025-12-07 07:43:56,427 [tb-edge-mgmt-0-1] INFO  o.t.s.q.c.c.MainQueueConsumerManager - [QK(Edge,TB_CORE,system)] New partitions: [tb_edge.0, tb_edge.2, tb_edge.4, tb_edge.6, tb_edge.8, tb_edge.1, tb_edge.3, tb_edge.5, tb_edge.7, tb_edge.9]
2025-12-07 07:43:56,427 [main] INFO  o.t.s.a.service.DefaultActorService - Received partition change event.
2025-12-07 07:43:56,428 [main] INFO  o.t.s.q.d.HashPartitionService - Partitions changed: 
[QK(Main,EDQS,system)] - [0, 1, 10, 11, 2, 3, 4, 5, 6, 7, 8, 9]
2025-12-07 07:43:56,430 [tb-edge-mgmt-0-1] INFO  o.t.s.q.c.c.MainQueueConsumerManager - [QK(Edge,TB_CORE,system)] Launching consumer
2025-12-07 07:43:56,430 [tb-core-mgmt-0-1] INFO  o.t.s.q.c.c.MainQueueConsumerManager - [QK(Main,TB_CORE,system)] Added partitions: [tb_core.0, tb_core.2, tb_core.4, tb_core.6, tb_core.8, tb_core.1, tb_core.3, tb_core.5, tb_core.7, tb_core.9], removed partitions: []
2025-12-07 07:43:56,432 [tb-core-mgmt-0-1] INFO  o.t.s.q.c.c.MainQueueConsumerManager - [QK(Main,TB_CORE,system)-0] Launching consumer
2025-12-07 07:43:56,432 [main] INFO  o.t.s.t.s.s.SnmpTransportBalancingService - Recalculating partitions for SNMP transports
2025-12-07 07:43:56,434 [main] INFO  o.t.s.t.s.s.SnmpTransportBalancingService - SNMP transports partitions have not changed
2025-12-07 07:43:56,436 [tb-core-mgmt-0-1] INFO  o.t.s.q.c.c.MainQueueConsumerManager - [QK(Main,TB_CORE,system)-2] Launching consumer
2025-12-07 07:43:56,440 [tb-core-mgmt-0-1] INFO  o.t.s.q.c.c.MainQueueConsumerManager - [QK(Main,TB_CORE,system)-4] Launching consumer
2025-12-07 07:43:56,441 [tb-core-mgmt-0-1] INFO  o.t.s.q.c.c.MainQueueConsumerManager - [QK(Main,TB_CORE,system)-6] Launching consumer
2025-12-07 07:43:56,442 [tb-core-mgmt-0-1] INFO  o.t.s.q.c.c.MainQueueConsumerManager - [QK(Main,TB_CORE,system)-8] Launching consumer
2025-12-07 07:43:56,443 [tb-core-mgmt-0-1] INFO  o.t.s.q.c.c.MainQueueConsumerManager - [QK(Main,TB_CORE,system)-1] Launching consumer
2025-12-07 07:43:56,444 [tb-core-mgmt-0-1] INFO  o.t.s.q.c.c.MainQueueConsumerManager - [QK(Main,TB_CORE,system)-3] Launching consumer
2025-12-07 07:43:56,445 [tb-core-mgmt-0-1] INFO  o.t.s.q.c.c.MainQueueConsumerManager - [QK(Main,TB_CORE,system)-5] Launching consumer
2025-12-07 07:43:56,445 [tb-core-mgmt-0-1] INFO  o.t.s.q.c.c.MainQueueConsumerManager - [QK(Main,TB_CORE,system)-7] Launching consumer
2025-12-07 07:43:56,446 [tb-core-mgmt-0-1] INFO  o.t.s.q.c.c.MainQueueConsumerManager - [QK(Main,TB_CORE,system)-9] Launching consumer
2025-12-07 07:43:56,775 [main] INFO  o.t.s.a.service.DefaultActorService - Received application ready event. Sending application init message to actor system
2025-12-07 07:43:56,776 [app-dispatcher-31-thread-1] INFO  o.t.server.actors.app.AppActor - Starting main system actor.
2025-12-07 07:43:56,797 [app-dispatcher-31-thread-1] INFO  o.t.server.actors.app.AppActor - Main system actor started.
2025-12-07 07:43:56,799 [main] INFO  o.t.s.s.edge.rpc.EdgeGrpcService - Initializing Edge RPC service!
2025-12-07 07:43:57,423 [notifications-scheduler-49-thread-1] INFO  o.t.s.s.p.AbstractPartitionBasedService - [Notifications scheduler] Managing following partitions:
2025-12-07 07:43:57,424 [notifications-scheduler-49-thread-1] INFO  o.t.s.s.p.AbstractPartitionBasedService - [Notifications scheduler][tb_core.4]: 0 entities
2025-12-07 07:43:57,424 [notifications-scheduler-49-thread-1] INFO  o.t.s.s.p.AbstractPartitionBasedService - [Notifications scheduler][tb_core.8]: 0 entities
2025-12-07 07:43:57,425 [notifications-scheduler-49-thread-1] INFO  o.t.s.s.p.AbstractPartitionBasedService - [Notifications scheduler][tb_core.0]: 0 entities
2025-12-07 07:43:57,425 [notifications-scheduler-49-thread-1] INFO  o.t.s.s.p.AbstractPartitionBasedService - [Notifications scheduler][tb_core.3]: 0 entities
2025-12-07 07:43:57,425 [notifications-scheduler-49-thread-1] INFO  o.t.s.s.p.AbstractPartitionBasedService - [Notifications scheduler][tb_core.7]: 0 entities
2025-12-07 07:43:57,425 [notifications-scheduler-49-thread-1] INFO  o.t.s.s.p.AbstractPartitionBasedService - [Notifications scheduler][tb_core.2]: 0 entities
2025-12-07 07:43:57,425 [notifications-scheduler-49-thread-1] INFO  o.t.s.s.p.AbstractPartitionBasedService - [Notifications scheduler][tb_core.6]: 0 entities
2025-12-07 07:43:57,425 [notifications-scheduler-49-thread-1] INFO  o.t.s.s.p.AbstractPartitionBasedService - [Notifications scheduler][tb_core.5]: 0 entities
2025-12-07 07:43:57,425 [notifications-scheduler-49-thread-1] INFO  o.t.s.s.p.AbstractPartitionBasedService - [Notifications scheduler][tb_core.1]: 0 entities
2025-12-07 07:43:57,425 [notifications-scheduler-49-thread-1] INFO  o.t.s.s.p.AbstractPartitionBasedService - [Notifications scheduler][tb_core.9]: 0 entities
2025-12-07 07:43:57,545 [device-state-scheduled-21-thread-1] INFO  o.t.s.s.s.DefaultDeviceStateService - [tb_core.6] Submit task for device states: 1
2025-12-07 07:43:57,547 [device-state-scheduled-21-thread-1] INFO  o.t.s.s.s.DefaultDeviceStateService - [tb_core.4] Submit task for device states: 1
2025-12-07 07:43:57,549 [device-state-scheduled-21-thread-1] INFO  o.t.s.s.s.DefaultDeviceStateService - [tb_core.7] Submit task for device states: 1
2025-12-07 07:43:57,551 [device-state-scheduled-21-thread-1] INFO  o.t.s.s.s.DefaultDeviceStateService - [tb_core.9] Submit task for device states: 3
2025-12-07 07:43:57,551 [device-state-scheduled-21-thread-1] INFO  o.t.s.s.s.DefaultDeviceStateService - [tb_core.5] Submit task for device states: 2
2025-12-07 07:43:57,552 [device-state-scheduled-21-thread-1] INFO  o.t.s.s.s.DefaultDeviceStateService - [tb_core.2] Submit task for device states: 2
2025-12-07 07:43:57,552 [device-state-scheduled-21-thread-1] INFO  o.t.s.s.s.DefaultDeviceStateService - [tb_core.1] Submit task for device states: 3
2025-12-07 07:43:57,632 [device-state-0-3] INFO  o.t.s.s.s.DefaultDeviceStateService - [7] Initialized 1 out of 1 device states
2025-12-07 07:43:57,632 [device-state-0-1] INFO  o.t.s.s.s.DefaultDeviceStateService - [6] Initialized 1 out of 1 device states
2025-12-07 07:43:57,634 [device-state-0-6] INFO  o.t.s.s.s.DefaultDeviceStateService - [2] Initialized 2 out of 2 device states
2025-12-07 07:43:57,635 [device-state-0-4] INFO  o.t.s.s.s.DefaultDeviceStateService - [9] Initialized 3 out of 3 device states
2025-12-07 07:43:57,636 [device-state-0-7] INFO  o.t.s.s.s.DefaultDeviceStateService - [1] Initialized 3 out of 3 device states
2025-12-07 07:43:57,636 [device-state-0-2] INFO  o.t.s.s.s.DefaultDeviceStateService - [4] Initialized 1 out of 1 device states
2025-12-07 07:43:57,637 [device-state-0-5] INFO  o.t.s.s.s.DefaultDeviceStateService - [5] Initialized 2 out of 2 device states
2025-12-07 07:43:57,638 [device-state-0-5] INFO  o.t.s.s.p.AbstractPartitionBasedService - [Device State] Managing following partitions:
2025-12-07 07:43:57,638 [device-state-0-5] INFO  o.t.s.s.p.AbstractPartitionBasedService - [Device State][tb_core.4]: 1 entities
2025-12-07 07:43:57,638 [device-state-0-5] INFO  o.t.s.s.p.AbstractPartitionBasedService - [Device State][tb_core.8]: 0 entities
2025-12-07 07:43:57,638 [device-state-0-5] INFO  o.t.s.s.p.AbstractPartitionBasedService - [Device State][tb_core.0]: 0 entities
2025-12-07 07:43:57,638 [device-state-0-5] INFO  o.t.s.s.p.AbstractPartitionBasedService - [Device State][tb_core.3]: 0 entities
2025-12-07 07:43:57,638 [device-state-0-5] INFO  o.t.s.s.p.AbstractPartitionBasedService - [Device State][tb_core.7]: 1 entities
2025-12-07 07:43:57,638 [device-state-0-5] INFO  o.t.s.s.p.AbstractPartitionBasedService - [Device State][tb_core.2]: 2 entities
2025-12-07 07:43:57,639 [device-state-0-5] INFO  o.t.s.s.p.AbstractPartitionBasedService - [Device State][tb_core.6]: 1 entities
2025-12-07 07:43:57,639 [device-state-0-5] INFO  o.t.s.s.p.AbstractPartitionBasedService - [Device State][tb_core.5]: 2 entities
2025-12-07 07:43:57,639 [device-state-0-5] INFO  o.t.s.s.p.AbstractPartitionBasedService - [Device State][tb_core.1]: 3 entities
2025-12-07 07:43:57,639 [device-state-0-5] INFO  o.t.s.s.p.AbstractPartitionBasedService - [Device State][tb_core.9]: 3 entities
2025-12-07 07:43:57,701 [main] INFO  o.t.s.s.edge.rpc.EdgeGrpcService - Going to start Edge RPC server using port: 7070
2025-12-07 07:43:57,858 [DbCallbackExecutorService-0-1] INFO  o.t.s.s.p.AbstractPartitionBasedService - [API Usage] Managing following partitions:
2025-12-07 07:43:57,859 [DbCallbackExecutorService-0-1] INFO  o.t.s.s.p.AbstractPartitionBasedService - [API Usage][tb_core.4]: 0 entities
2025-12-07 07:43:57,859 [DbCallbackExecutorService-0-1] INFO  o.t.s.s.p.AbstractPartitionBasedService - [API Usage][tb_core.8]: 0 entities
2025-12-07 07:43:57,859 [DbCallbackExecutorService-0-1] INFO  o.t.s.s.p.AbstractPartitionBasedService - [API Usage][tb_core.0]: 0 entities
2025-12-07 07:43:57,860 [DbCallbackExecutorService-0-1] INFO  o.t.s.s.p.AbstractPartitionBasedService - [API Usage][tb_core.3]: 1 entities
2025-12-07 07:43:57,860 [DbCallbackExecutorService-0-1] INFO  o.t.s.s.p.AbstractPartitionBasedService - [API Usage][tb_core.7]: 1 entities
2025-12-07 07:43:57,860 [DbCallbackExecutorService-0-1] INFO  o.t.s.s.p.AbstractPartitionBasedService - [API Usage][tb_core.2]: 0 entities
2025-12-07 07:43:57,860 [DbCallbackExecutorService-0-1] INFO  o.t.s.s.p.AbstractPartitionBasedService - [API Usage][tb_core.6]: 0 entities
2025-12-07 07:43:57,860 [DbCallbackExecutorService-0-1] INFO  o.t.s.s.p.AbstractPartitionBasedService - [API Usage][tb_core.5]: 0 entities
2025-12-07 07:43:57,860 [DbCallbackExecutorService-0-1] INFO  o.t.s.s.p.AbstractPartitionBasedService - [API Usage][tb_core.1]: 0 entities
2025-12-07 07:43:57,861 [DbCallbackExecutorService-0-1] INFO  o.t.s.s.p.AbstractPartitionBasedService - [API Usage][tb_core.9]: 0 entities
2025-12-07 07:43:58,133 [main] INFO  o.t.s.s.edge.rpc.EdgeGrpcService - Edge RPC service initialized!
2025-12-07 07:43:58,136 [main] INFO  o.t.s.q.c.c.QueueConsumerManager - [Housekeeper reprocessing] Launching consumer
2025-12-07 07:43:58,138 [main] INFO  o.t.s.q.c.c.QueueConsumerManager - [Housekeeper] Launching consumer
2025-12-07 07:43:58,142 [main] INFO  o.t.s.q.c.c.QueueConsumerManager - [job-stats] Launching consumer
2025-12-07 07:43:58,144 [main] INFO  o.t.s.q.c.c.QueueConsumerManager - [TB Rule Engine Notifications] Launching consumer
2025-12-07 07:43:58,148 [main] INFO  o.t.s.s.q.DefaultTbCalculatedFieldConsumerService - Handling partition change event: PartitionChangeEvent(super=TbApplicationEvent(sequenceNumber=3), serviceType=TB_RULE_ENGINE, newPartitions={QK(SequentialByOriginator,TB_RULE_ENGINE,system)=[tb_rule_engine.sq.0, tb_rule_engine.sq.2, tb_rule_engine.sq.4, tb_rule_engine.sq.6, tb_rule_engine.sq.8, tb_rule_engine.sq.1, tb_rule_engine.sq.3, tb_rule_engine.sq.5, tb_rule_engine.sq.7, tb_rule_engine.sq.9], QK(CalculatedFields,TB_RULE_ENGINE,system)=[tb_cf_event.1, tb_cf_event.3, tb_cf_event.5, tb_cf_event.7, tb_cf_event.9, tb_cf_event.0, tb_cf_event.2, tb_cf_event.4, tb_cf_event.6, tb_cf_event.8], QK(CalculatedFieldStates,TB_RULE_ENGINE,system)=[tb_cf_state.1, tb_cf_state.3, tb_cf_state.5, tb_cf_state.7, tb_cf_state.9, tb_cf_state.0, tb_cf_state.2, tb_cf_state.4, tb_cf_state.6, tb_cf_state.8], QK(HighPriority,TB_RULE_ENGINE,system)=[tb_rule_engine.hp.1, tb_rule_engine.hp.3, tb_rule_engine.hp.5, tb_rule_engine.hp.7, tb_rule_engine.hp.9, tb_rule_engine.hp.0, tb_rule_engine.hp.2, tb_rule_engine.hp.4, tb_rule_engine.hp.6, tb_rule_engine.hp.8], QK(Main,TB_RULE_ENGINE,system)=[tb_rule_engine.main.0, tb_rule_engine.main.2, tb_rule_engine.main.4, tb_rule_engine.main.6, tb_rule_engine.main.8, tb_rule_engine.main.1, tb_rule_engine.main.3, tb_rule_engine.main.5, tb_rule_engine.main.7, tb_rule_engine.main.9]}, oldPartitions={QK(Main,EDQS,system)=[], QK(Main,TB_VC_EXECUTOR,system)=[], QK(SequentialByOriginator,TB_RULE_ENGINE,system)=[], QK(CalculatedFields,TB_RULE_ENGINE,system)=[], QK(CalculatedFieldStates,TB_RULE_ENGINE,system)=[], QK(Main,TB_CORE,system)=[], QK(HighPriority,TB_RULE_ENGINE,system)=[], QK(Main,TB_RULE_ENGINE,system)=[], QK(Edge,TB_CORE,system)=[]})
2025-12-07 07:43:58,158 [main] INFO  o.t.s.q.c.c.QueueConsumerManager - [TB Core Notifications] Launching consumer
2025-12-07 07:43:58,159 [tb-cf-mgmt-0-1] INFO  o.t.s.q.c.c.PartitionedQueueConsumerManager - [QK(CalculatedFields,TB_RULE_ENGINE,system)] Added partitions: [tb_cf_event.1, tb_cf_event.3, tb_cf_event.5, tb_cf_event.7, tb_cf_event.9, tb_cf_event.0, tb_cf_event.2, tb_cf_event.4, tb_cf_event.6, tb_cf_event.8]
2025-12-07 07:43:58,159 [main] INFO  o.t.s.q.c.c.QueueConsumerManager - [TB Ota Package States] Launching consumer
2025-12-07 07:43:58,159 [tb-cf-mgmt-0-1] INFO  o.t.s.q.c.c.MainQueueConsumerManager - [QK(CalculatedFields,TB_RULE_ENGINE,system)-1] Launching consumer
2025-12-07 07:43:58,160 [tb-cf-mgmt-0-1] INFO  o.t.s.q.c.c.MainQueueConsumerManager - [QK(CalculatedFields,TB_RULE_ENGINE,system)-3] Launching consumer
2025-12-07 07:43:58,160 [main] INFO  o.t.s.q.c.c.QueueConsumerManager - [TB Usage Stats] Launching consumer
2025-12-07 07:43:58,161 [tb-cf-mgmt-0-1] INFO  o.t.s.q.c.c.MainQueueConsumerManager - [QK(CalculatedFields,TB_RULE_ENGINE,system)-5] Launching consumer
2025-12-07 07:43:58,162 [main] INFO  o.t.s.q.c.c.QueueConsumerManager - [TB Core Notifications] Launching consumer
2025-12-07 07:43:58,162 [tb-cf-mgmt-0-1] INFO  o.t.s.q.c.c.MainQueueConsumerManager - [QK(CalculatedFields,TB_RULE_ENGINE,system)-7] Launching consumer
2025-12-07 07:43:58,163 [main] INFO  o.t.s.q.c.c.QueueConsumerManager - [TB Rule Engine Notifications] Launching consumer
2025-12-07 07:43:58,163 [notifications-tb-core-consumer-52-thread-11] INFO  o.t.s.s.q.DefaultTbCoreConsumerService - [ea1e8e82bf10] Processing core startup with partitions: [0, 1, 2, 3, 4, 5, 6, 7, 8, 9]
2025-12-07 07:43:58,163 [tb-cf-mgmt-0-1] INFO  o.t.s.q.c.c.MainQueueConsumerManager - [QK(CalculatedFields,TB_RULE_ENGINE,system)-9] Launching consumer
2025-12-07 07:43:58,164 [tb-cf-mgmt-0-1] INFO  o.t.s.q.c.c.MainQueueConsumerManager - [QK(CalculatedFields,TB_RULE_ENGINE,system)-0] Launching consumer
2025-12-07 07:43:58,165 [tb-cf-mgmt-0-1] INFO  o.t.s.q.c.c.MainQueueConsumerManager - [QK(CalculatedFields,TB_RULE_ENGINE,system)-2] Launching consumer
2025-12-07 07:43:58,166 [DefaultTbLocalSubscriptionService-0-1] INFO  o.t.s.s.s.DefaultTbLocalSubscriptionService - [ea1e8e82bf10] Pushed 0 subscriptions to [ea1e8e82bf10]
2025-12-07 07:43:58,166 [tb-cf-mgmt-0-1] INFO  o.t.s.q.c.c.MainQueueConsumerManager - [QK(CalculatedFields,TB_RULE_ENGINE,system)-4] Launching consumer
2025-12-07 07:43:58,167 [tb-cf-mgmt-0-1] INFO  o.t.s.q.c.c.MainQueueConsumerManager - [QK(CalculatedFields,TB_RULE_ENGINE,system)-6] Launching consumer
2025-12-07 07:43:58,168 [tb-cf-mgmt-0-1] INFO  o.t.s.q.c.c.MainQueueConsumerManager - [QK(CalculatedFields,TB_RULE_ENGINE,system)-8] Launching consumer
2025-12-07 07:43:58,176 [main] INFO  o.t.s.s.q.DefaultTbRuleEngineConsumerService - Handling partition change event: PartitionChangeEvent(super=TbApplicationEvent(sequenceNumber=3), serviceType=TB_RULE_ENGINE, newPartitions={QK(SequentialByOriginator,TB_RULE_ENGINE,system)=[tb_rule_engine.sq.0, tb_rule_engine.sq.2, tb_rule_engine.sq.4, tb_rule_engine.sq.6, tb_rule_engine.sq.8, tb_rule_engine.sq.1, tb_rule_engine.sq.3, tb_rule_engine.sq.5, tb_rule_engine.sq.7, tb_rule_engine.sq.9], QK(CalculatedFields,TB_RULE_ENGINE,system)=[tb_cf_event.1, tb_cf_event.3, tb_cf_event.5, tb_cf_event.7, tb_cf_event.9, tb_cf_event.0, tb_cf_event.2, tb_cf_event.4, tb_cf_event.6, tb_cf_event.8], QK(CalculatedFieldStates,TB_RULE_ENGINE,system)=[tb_cf_state.1, tb_cf_state.3, tb_cf_state.5, tb_cf_state.7, tb_cf_state.9, tb_cf_state.0, tb_cf_state.2, tb_cf_state.4, tb_cf_state.6, tb_cf_state.8], QK(HighPriority,TB_RULE_ENGINE,system)=[tb_rule_engine.hp.1, tb_rule_engine.hp.3, tb_rule_engine.hp.5, tb_rule_engine.hp.7, tb_rule_engine.hp.9, tb_rule_engine.hp.0, tb_rule_engine.hp.2, tb_rule_engine.hp.4, tb_rule_engine.hp.6, tb_rule_engine.hp.8], QK(Main,TB_RULE_ENGINE,system)=[tb_rule_engine.main.0, tb_rule_engine.main.2, tb_rule_engine.main.4, tb_rule_engine.main.6, tb_rule_engine.main.8, tb_rule_engine.main.1, tb_rule_engine.main.3, tb_rule_engine.main.5, tb_rule_engine.main.7, tb_rule_engine.main.9]}, oldPartitions={QK(Main,EDQS,system)=[], QK(Main,TB_VC_EXECUTOR,system)=[], QK(SequentialByOriginator,TB_RULE_ENGINE,system)=[], QK(CalculatedFields,TB_RULE_ENGINE,system)=[], QK(CalculatedFieldStates,TB_RULE_ENGINE,system)=[], QK(Main,TB_CORE,system)=[], QK(HighPriority,TB_RULE_ENGINE,system)=[], QK(Main,TB_RULE_ENGINE,system)=[], QK(Edge,TB_CORE,system)=[]})
2025-12-07 07:43:58,179 [tb-rule-engine-mgmt-0-1] INFO  o.t.s.q.c.c.MainQueueConsumerManager - [QK(SequentialByOriginator,TB_RULE_ENGINE,system)] Added partitions: [tb_rule_engine.sq.0, tb_rule_engine.sq.2, tb_rule_engine.sq.4, tb_rule_engine.sq.6, tb_rule_engine.sq.8, tb_rule_engine.sq.1, tb_rule_engine.sq.3, tb_rule_engine.sq.5, tb_rule_engine.sq.7, tb_rule_engine.sq.9], removed partitions: []
2025-12-07 07:43:58,179 [main] INFO  o.t.s.s.t.TbCoreTransportApiService - Received application ready event. Starting polling for events.
2025-12-07 07:43:58,179 [tb-rule-engine-mgmt-0-1] INFO  o.t.s.q.c.c.MainQueueConsumerManager - [QK(SequentialByOriginator,TB_RULE_ENGINE,system)-0] Launching consumer
2025-12-07 07:43:58,180 [tb-rule-engine-mgmt-0-2] INFO  o.t.s.q.c.c.MainQueueConsumerManager - [QK(HighPriority,TB_RULE_ENGINE,system)] Added partitions: [tb_rule_engine.hp.1, tb_rule_engine.hp.3, tb_rule_engine.hp.5, tb_rule_engine.hp.7, tb_rule_engine.hp.9, tb_rule_engine.hp.0, tb_rule_engine.hp.2, tb_rule_engine.hp.4, tb_rule_engine.hp.6, tb_rule_engine.hp.8], removed partitions: []
2025-12-07 07:43:58,180 [tb-rule-engine-mgmt-0-2] INFO  o.t.s.q.c.c.MainQueueConsumerManager - [QK(HighPriority,TB_RULE_ENGINE,system)-1] Launching consumer
2025-12-07 07:43:58,180 [tb-rule-engine-mgmt-0-3] INFO  o.t.s.q.c.c.MainQueueConsumerManager - [QK(Main,TB_RULE_ENGINE,system)] Added partitions: [tb_rule_engine.main.0, tb_rule_engine.main.2, tb_rule_engine.main.4, tb_rule_engine.main.6, tb_rule_engine.main.8, tb_rule_engine.main.1, tb_rule_engine.main.3, tb_rule_engine.main.5, tb_rule_engine.main.7, tb_rule_engine.main.9], removed partitions: []
2025-12-07 07:43:58,180 [tb-rule-engine-mgmt-0-1] INFO  o.t.s.q.c.c.MainQueueConsumerManager - [QK(SequentialByOriginator,TB_RULE_ENGINE,system)-2] Launching consumer
2025-12-07 07:43:58,180 [tb-rule-engine-mgmt-0-3] INFO  o.t.s.q.c.c.MainQueueConsumerManager - [QK(Main,TB_RULE_ENGINE,system)-0] Launching consumer
2025-12-07 07:43:58,181 [tb-rule-engine-mgmt-0-2] INFO  o.t.s.q.c.c.MainQueueConsumerManager - [QK(HighPriority,TB_RULE_ENGINE,system)-3] Launching consumer
2025-12-07 07:43:58,181 [tb-rule-engine-mgmt-0-1] INFO  o.t.s.q.c.c.MainQueueConsumerManager - [QK(SequentialByOriginator,TB_RULE_ENGINE,system)-4] Launching consumer
2025-12-07 07:43:58,181 [tb-rule-engine-mgmt-0-3] INFO  o.t.s.q.c.c.MainQueueConsumerManager - [QK(Main,TB_RULE_ENGINE,system)-2] Launching consumer
2025-12-07 07:43:58,182 [tb-rule-engine-mgmt-0-1] INFO  o.t.s.q.c.c.MainQueueConsumerManager - [QK(SequentialByOriginator,TB_RULE_ENGINE,system)-6] Launching consumer
2025-12-07 07:43:58,182 [tb-rule-engine-mgmt-0-2] INFO  o.t.s.q.c.c.MainQueueConsumerManager - [QK(HighPriority,TB_RULE_ENGINE,system)-5] Launching consumer
2025-12-07 07:43:58,183 [tb-rule-engine-mgmt-0-3] INFO  o.t.s.q.c.c.MainQueueConsumerManager - [QK(Main,TB_RULE_ENGINE,system)-4] Launching consumer
2025-12-07 07:43:58,183 [tb-rule-engine-mgmt-0-1] INFO  o.t.s.q.c.c.MainQueueConsumerManager - [QK(SequentialByOriginator,TB_RULE_ENGINE,system)-8] Launching consumer
2025-12-07 07:43:58,185 [tb-rule-engine-mgmt-0-3] INFO  o.t.s.q.c.c.MainQueueConsumerManager - [QK(Main,TB_RULE_ENGINE,system)-6] Launching consumer
2025-12-07 07:43:58,185 [tb-rule-engine-mgmt-0-2] INFO  o.t.s.q.c.c.MainQueueConsumerManager - [QK(HighPriority,TB_RULE_ENGINE,system)-7] Launching consumer
2025-12-07 07:43:58,185 [tb-rule-engine-mgmt-0-1] INFO  o.t.s.q.c.c.MainQueueConsumerManager - [QK(SequentialByOriginator,TB_RULE_ENGINE,system)-1] Launching consumer
2025-12-07 07:43:58,186 [tb-rule-engine-mgmt-0-3] INFO  o.t.s.q.c.c.MainQueueConsumerManager - [QK(Main,TB_RULE_ENGINE,system)-8] Launching consumer
2025-12-07 07:43:58,187 [tb-rule-engine-mgmt-0-2] INFO  o.t.s.q.c.c.MainQueueConsumerManager - [QK(HighPriority,TB_RULE_ENGINE,system)-9] Launching consumer
2025-12-07 07:43:58,187 [tb-rule-engine-mgmt-0-1] INFO  o.t.s.q.c.c.MainQueueConsumerManager - [QK(SequentialByOriginator,TB_RULE_ENGINE,system)-3] Launching consumer
2025-12-07 07:43:58,191 [tb-rule-engine-mgmt-0-3] INFO  o.t.s.q.c.c.MainQueueConsumerManager - [QK(Main,TB_RULE_ENGINE,system)-1] Launching consumer
2025-12-07 07:43:58,194 [tb-rule-engine-mgmt-0-2] INFO  o.t.s.q.c.c.MainQueueConsumerManager - [QK(HighPriority,TB_RULE_ENGINE,system)-0] Launching consumer
2025-12-07 07:43:58,196 [tb-rule-engine-mgmt-0-1] INFO  o.t.s.q.c.c.MainQueueConsumerManager - [QK(SequentialByOriginator,TB_RULE_ENGINE,system)-5] Launching consumer
2025-12-07 07:43:58,197 [main] INFO  o.t.s.q.c.c.QueueConsumerManager - [TB Transport] Launching consumer
2025-12-07 07:43:58,197 [tb-rule-engine-mgmt-0-3] INFO  o.t.s.q.c.c.MainQueueConsumerManager - [QK(Main,TB_RULE_ENGINE,system)-3] Launching consumer
2025-12-07 07:43:58,198 [tb-rule-engine-mgmt-0-2] INFO  o.t.s.q.c.c.MainQueueConsumerManager - [QK(HighPriority,TB_RULE_ENGINE,system)-2] Launching consumer
2025-12-07 07:43:58,198 [tb-rule-engine-mgmt-0-1] INFO  o.t.s.q.c.c.MainQueueConsumerManager - [QK(SequentialByOriginator,TB_RULE_ENGINE,system)-7] Launching consumer
2025-12-07 07:43:58,199 [tb-rule-engine-mgmt-0-3] INFO  o.t.s.q.c.c.MainQueueConsumerManager - [QK(Main,TB_RULE_ENGINE,system)-5] Launching consumer
2025-12-07 07:43:58,201 [tb-rule-engine-mgmt-0-1] INFO  o.t.s.q.c.c.MainQueueConsumerManager - [QK(SequentialByOriginator,TB_RULE_ENGINE,system)-9] Launching consumer
2025-12-07 07:43:58,202 [tb-rule-engine-mgmt-0-2] INFO  o.t.s.q.c.c.MainQueueConsumerManager - [QK(HighPriority,TB_RULE_ENGINE,system)-4] Launching consumer
2025-12-07 07:43:58,206 [tb-rule-engine-mgmt-0-3] INFO  o.t.s.q.c.c.MainQueueConsumerManager - [QK(Main,TB_RULE_ENGINE,system)-7] Launching consumer
2025-12-07 07:43:58,207 [tb-rule-engine-mgmt-0-2] INFO  o.t.s.q.c.c.MainQueueConsumerManager - [QK(HighPriority,TB_RULE_ENGINE,system)-6] Launching consumer
2025-12-07 07:43:58,208 [tb-rule-engine-mgmt-0-3] INFO  o.t.s.q.c.c.MainQueueConsumerManager - [QK(Main,TB_RULE_ENGINE,system)-9] Launching consumer
2025-12-07 07:43:58,208 [tb-rule-engine-mgmt-0-2] INFO  o.t.s.q.c.c.MainQueueConsumerManager - [QK(HighPriority,TB_RULE_ENGINE,system)-8] Launching consumer
2025-12-07 07:43:58,253 [main] INFO  o.e.c.c.network.RandomTokenGenerator - using tokens of 8 bytes in length
2025-12-07 07:43:58,254 [main] INFO  o.e.c.core.network.CoapEndpoint - [LWM2M Server-coap://0.0.0.0:5685] CoapEndpoint uses udp context
2025-12-07 07:43:58,254 [main] INFO  o.e.c.c.network.stack.BlockwiseLayer - [LWM2M Server-coap://0.0.0.0:5685] BlockwiseLayer uses MAX_MESSAGE_SIZE=1024, PREFERRED_BLOCK_SIZE=1024, BLOCKWISE_STATUS_LIFETIME=300000, MAX_RESOURCE_BODY_SIZE=268435456, BLOCKWISE_STRICT_BLOCK2_OPTION=true
2025-12-07 07:43:58,260 [main] INFO  o.t.s.t.l.s.DefaultLwM2mTransportService - Unable to load X509 files for LWM2MServer
2025-12-07 07:43:58,262 [main] WARN  o.e.l.s.c.e.c.CoapsServerEndpointFactory - PskStore should be automatically set by Leshan. Using a custom implementation is not advised.
2025-12-07 07:43:58,263 [main] INFO  o.e.c.s.d.InMemoryReadWriteLockConnectionStore - Created new InMemoryConnectionStore [capacity: 150000, connection expiration threshold: 1800s]
2025-12-07 07:43:58,264 [main] INFO  o.e.c.c.network.RandomTokenGenerator - using tokens of 8 bytes in length
2025-12-07 07:43:58,264 [main] INFO  o.e.c.core.network.CoapEndpoint - [LWM2M Server-coaps://0.0.0.0:5686] CoapEndpoint uses lwm2m correlation
2025-12-07 07:43:58,264 [main] INFO  o.e.c.c.network.stack.BlockwiseLayer - [LWM2M Server-coaps://0.0.0.0:5686] BlockwiseLayer uses MAX_MESSAGE_SIZE=1024, PREFERRED_BLOCK_SIZE=1024, BLOCKWISE_STATUS_LIFETIME=300000, MAX_RESOURCE_BODY_SIZE=268435456, BLOCKWISE_STRICT_BLOCK2_OPTION=true
2025-12-07 07:43:58,275 [main] INFO  o.t.s.t.l.s.DefaultLwM2mTransportService - Starting LwM2M transport server...
2025-12-07 07:43:58,277 [main] INFO  o.e.californium.core.CoapServer - Starting server
2025-12-07 07:43:58,283 [main] INFO  o.e.c.elements.UDPConnector - UDPConnector starts up 2 sender threads and 2 receiver threads
2025-12-07 07:43:58,285 [main] INFO  o.e.c.elements.UDPConnector - UDPConnector listening on /[0:0:0:0:0:0:0:0]:5685, recv buf = 106496, send buf = 106496, recv packet size = 2048
2025-12-07 07:43:58,286 [main] INFO  o.e.c.core.network.CoapEndpoint - [LWM2M Server-coap://0.0.0.0:5685] Started endpoint at coap://[0:0:0:0:0:0:0:0]:5685
2025-12-07 07:43:58,294 [main] INFO  o.e.c.scandium.DTLSConnector - multiple network interfaces, using smallest MTU [IPv4 1500, IPv6 1280]
2025-12-07 07:43:58,296 [DTLS-Receiver-0-/[0:0:0:0:0:0:0:0]:5686] INFO  o.e.c.scandium.DTLSConnector - Starting worker thread [DTLS-Receiver-0-/[0:0:0:0:0:0:0:0]:5686]
2025-12-07 07:43:58,297 [main] INFO  o.e.c.scandium.DTLSConnector - DTLSConnector listening on /[0:0:0:0:0:0:0:0]:5686, recv buf = 106496, send buf = 106496, recv packet size = 16490, MTU = IPv4 1500 / IPv6 1280
2025-12-07 07:43:58,298 [main] INFO  o.e.c.core.network.CoapEndpoint - [LWM2M Server-coaps://0.0.0.0:5686] Started endpoint at coaps://[0:0:0:0:0:0:0:0]:5686
2025-12-07 07:43:58,298 [DTLS-Receiver-1-/[0:0:0:0:0:0:0:0]:5686] INFO  o.e.c.scandium.DTLSConnector - Starting worker thread [DTLS-Receiver-1-/[0:0:0:0:0:0:0:0]:5686]
2025-12-07 07:43:58,298 [main] INFO  o.eclipse.leshan.server.LeshanServer - LWM2M server started.
2025-12-07 07:43:58,298 [main] INFO  o.eclipse.leshan.server.LeshanServer - CoAP over UDP endpoint based on Californium library available at coap://[0:0:0:0:0:0:0:0]:5685.
2025-12-07 07:43:58,298 [main] INFO  o.eclipse.leshan.server.LeshanServer - CoAP over DTLS endpoint based on Californium/Scandium library available at coaps://[0:0:0:0:0:0:0:0]:5686.
2025-12-07 07:43:58,303 [main] INFO  o.t.s.t.l.s.DefaultLwM2mTransportService - Started LwM2M transport server.
2025-12-07 07:43:58,303 [main] INFO  o.t.s.t.snmp.SnmpTransportContext - Initializing SNMP devices sessions
2025-12-07 07:43:59,452 [main] INFO  o.t.s.ThingsboardServerApplication - Started ThingsBoard in 56 seconds
2025-12-07 07:43:59,614 [rule-dispatcher-0-7] INFO  o.t.s.d.s.i.s.SqlPartitioningRepository - Saving partition 1764806400000-1765411200000 for table lc_event
2025-12-07 07:44:00,766 [rule-dispatcher-0-5] INFO  c.d.oss.driver.api.core.uuid.Uuids - PID obtained through native call to getpid(): 22
2025-12-07 07:44:01,760 [git-sync-43-thread-1] ERROR o.t.s.s.sync.DefaultGitSyncService - [gateways-dashboard] Failed to initialize repository with settings RepositorySettings(repositoryUri=https://github.com/thingsboard/gateway-management-extensions-dist.git, authMethod=null, username=null, password=null, privateKeyFileName=null, privateKey=null, privateKeyPassword=null, defaultBranch=release/4.0.0, readOnly=false, showMergeCommits=false, localOnly=false)
org.eclipse.jgit.api.errors.TransportException: https://github.com/thingsboard/gateway-management-extensions-dist.git: cannot open git-upload-pack
	at org.eclipse.jgit.api.FetchCommand.call(FetchCommand.java:249)
	at org.eclipse.jgit.api.CloneCommand.fetch(CloneCommand.java:319)
	at org.eclipse.jgit.api.CloneCommand.call(CloneCommand.java:189)
	at org.thingsboard.server.service.sync.vc.GitRepository.clone(GitRepository.java:139)
	at org.thingsboard.server.service.sync.vc.GitRepository.openOrClone(GitRepository.java:174)
	at org.thingsboard.server.service.sync.DefaultGitSyncService.initRepository(DefaultGitSyncService.java:129)
	at org.thingsboard.server.service.sync.DefaultGitSyncService.lambda$registerSync$0(DefaultGitSyncService.java:60)
	at java.base/java.util.concurrent.Executors$RunnableAdapter.call(Executors.java:539)
	at java.base/java.util.concurrent.FutureTask.run(FutureTask.java:264)
	at java.base/java.util.concurrent.ScheduledThreadPoolExecutor$ScheduledFutureTask.run(ScheduledThreadPoolExecutor.java:304)
	at java.base/java.util.concurrent.ThreadPoolExecutor.runWorker(ThreadPoolExecutor.java:1136)
	at java.base/java.util.concurrent.ThreadPoolExecutor$Worker.run(ThreadPoolExecutor.java:635)
	at java.base/java.lang.Thread.run(Thread.java:840)
Caused by: org.eclipse.jgit.errors.TransportException: https://github.com/thingsboard/gateway-management-extensions-dist.git: cannot open git-upload-pack
	at org.eclipse.jgit.transport.TransportHttp.connect(TransportHttp.java:758)
	at org.eclipse.jgit.transport.TransportHttp.openFetch(TransportHttp.java:465)
	at org.eclipse.jgit.transport.FetchProcess.executeImp(FetchProcess.java:153)
	at org.eclipse.jgit.transport.FetchProcess.execute(FetchProcess.java:105)
	at org.eclipse.jgit.transport.Transport.fetch(Transport.java:1480)
	at org.eclipse.jgit.api.FetchCommand.call(FetchCommand.java:238)
	... 12 common frames omitted
Caused by: java.net.UnknownHostException: github.com
	at java.base/sun.nio.ch.NioSocketImpl.connect(NioSocketImpl.java:572)
	at java.base/java.net.SocksSocketImpl.connect(SocksSocketImpl.java:327)
	at java.base/java.net.Socket.connect(Socket.java:633)
	at java.base/sun.security.ssl.SSLSocketImpl.connect(SSLSocketImpl.java:304)
	at java.base/sun.net.NetworkClient.doConnect(NetworkClient.java:178)
	at java.base/sun.net.www.http.HttpClient.openServer(HttpClient.java:533)
	at java.base/sun.net.www.http.HttpClient.openServer(HttpClient.java:638)
	at java.base/sun.net.www.protocol.https.HttpsClient.<init>(HttpsClient.java:266)
	at java.base/sun.net.www.protocol.https.HttpsClient.New(HttpsClient.java:380)
	at java.base/sun.net.www.protocol.https.AbstractDelegateHttpsURLConnection.getNewHttpClient(AbstractDelegateHttpsURLConnection.java:193)
	at java.base/sun.net.www.protocol.http.HttpURLConnection.plainConnect0(HttpURLConnection.java:1303)
	at java.base/sun.net.www.protocol.http.HttpURLConnection.plainConnect(HttpURLConnection.java:1144)
	at java.base/sun.net.www.protocol.https.AbstractDelegateHttpsURLConnection.connect(AbstractDelegateHttpsURLConnection.java:179)
	at java.base/sun.net.www.protocol.http.HttpURLConnection.getInputStream0(HttpURLConnection.java:1703)
	at java.base/sun.net.www.protocol.http.HttpURLConnection.getInputStream(HttpURLConnection.java:1627)
	at java.base/java.net.HttpURLConnection.getResponseCode(HttpURLConnection.java:529)
	at java.base/sun.net.www.protocol.https.HttpsURLConnectionImpl.getResponseCode(HttpsURLConnectionImpl.java:308)
	at org.eclipse.jgit.transport.http.JDKHttpConnection.getResponseCode(JDKHttpConnection.java:88)
	at org.eclipse.jgit.util.HttpSupport.response(HttpSupport.java:232)
	at org.eclipse.jgit.transport.TransportHttp.connect(TransportHttp.java:663)
	... 17 common frames omitted
2025-12-07 07:44:05,076 [sql-log-2-thread-1] INFO  o.t.s.dao.sql.TbSqlBlockingQueue - Queue-0 [Events] queueSize [0] totalAdded [4] totalSaved [4] totalFailed [0]
2025-12-07 07:44:05,077 [sql-log-2-thread-1] INFO  o.t.s.dao.sql.TbSqlBlockingQueue - Queue-1 [Events] queueSize [0] totalAdded [7] totalSaved [7] totalFailed [0]
2025-12-07 07:44:05,078 [sql-log-2-thread-1] INFO  o.t.s.dao.sql.TbSqlBlockingQueue - Queue-2 [Events] queueSize [0] totalAdded [7] totalSaved [7] totalFailed [0]
2025-12-07 07:44:08,000 [sql-log-2-thread-1] INFO  o.t.s.dao.sql.TbSqlBlockingQueue - Queue-1 [TS] queueSize [0] totalAdded [7] totalSaved [7] totalFailed [0]
2025-12-07 07:44:08,045 [sql-log-2-thread-1] INFO  o.t.s.dao.sql.TbSqlBlockingQueue - Queue-1 [TS Latest] queueSize [0] totalAdded [7] totalSaved [7] totalFailed [0]
2025-12-07 07:44:29,706 [rule-dispatcher-0-4] INFO  o.t.s.d.s.i.s.SqlPartitioningRepository - Saving partition 1764806400000-1765411200000 for table error_event
2025-12-07 07:44:29,709 [rule-dispatcher-0-4] INFO  o.t.server.actors.TbActorMailbox - [RULE_NODE|4ee21770-cf62-11f0-b928-f5b3ab8e93ac] Failed to init actor, attempt 1, going to retry in attempts in 5000ms
2025-12-07 07:44:35,072 [sql-log-2-thread-1] INFO  o.t.s.dao.sql.TbSqlBlockingQueue - Queue-0 [Events] queueSize [0] totalAdded [2] totalSaved [2] totalFailed [0]
2025-12-07 07:44:45,779 [http-nio-0.0.0.0-9090-exec-1] INFO  o.a.c.c.C.[Tomcat].[localhost].[/] - Initializing Spring DispatcherServlet 'dispatcherServlet'
2025-12-07 07:44:45,780 [http-nio-0.0.0.0-9090-exec-1] INFO  o.s.web.servlet.DispatcherServlet - Initializing Servlet 'dispatcherServlet'
2025-12-07 07:44:45,788 [http-nio-0.0.0.0-9090-exec-1] INFO  o.s.web.servlet.DispatcherServlet - Completed initialization in 8 ms
2025-12-07 07:44:53,481 [http-nio-0.0.0.0-9090-exec-2] INFO  o.t.s.c.plugin.TbWebSocketHandler - [5489b160-ccf1-11f0-81f3-0bf1425738f5][550b6480-ccf1-11f0-81f3-0bf1425738f5][d5529e78-f15a-4baa-8916-d0058dd6b5a1][d26313e3-72e9-6aeb-46ee-17589012ee6d] Session established from address: /172.18.0.1:48524
2025-12-07 07:44:56,322 [TB-Scheduling-14] INFO  o.t.s.dao.aspect.SqlDaoCallsAspect - Total timing statistics below:
2025-12-07 07:44:56,324 [TB-Scheduling-14] INFO  o.t.s.dao.aspect.SqlDaoCallsAspect - [5489b160-ccf1-11f0-81f3-0bf1425738f5]: calls: 73, failures: 0, exec time: 9379 
2025-12-07 07:44:56,325 [TB-Scheduling-14] INFO  o.t.s.dao.aspect.SqlDaoCallsAspect - [5489b160-ccf1-11f0-81f3-0bf1425738f5] Top 3 methods by timing:
2025-12-07 07:44:56,326 [TB-Scheduling-14] INFO  o.t.s.dao.aspect.SqlDaoCallsAspect - [5489b160-ccf1-11f0-81f3-0bf1425738f5]: method: JpaRelationDao.findAllByFrom(..), calls: 3, failures: 0, exec time: 3597
2025-12-07 07:44:56,326 [TB-Scheduling-14] INFO  o.t.s.dao.aspect.SqlDaoCallsAspect - [5489b160-ccf1-11f0-81f3-0bf1425738f5]: method: JpaAbstractDao.findById(..), calls: 40, failures: 0, exec time: 1885
2025-12-07 07:44:56,326 [TB-Scheduling-14] INFO  o.t.s.dao.aspect.SqlDaoCallsAspect - [5489b160-ccf1-11f0-81f3-0bf1425738f5]: method: JpaCalculatedFieldLinkDao.findAllByTenantId(..), calls: 1, failures: 0, exec time: 1166
2025-12-07 07:44:56,344 [TB-Scheduling-16] INFO  o.t.s.c.t.s.DefaultTransportService - Transport Stats: openConnections [0]
2025-12-07 07:44:56,345 [TB-Scheduling-11] INFO  o.t.s.s.queue.TbCoreConsumerStats - Core Stats: totalMsgs = [1] sessionEvents = [0] getAttr = [0] subToAttr = [0] subToRpc = [0] toDevRpc = [0] subInfo = [0] claimDevice = [0] deviceState = [0] subMsgs = [0] deviceConnect = [0] deviceActivity = [0] deviceDisconnect = [0] deviceInactivity = [0] deviceInactivityTimeoutUpdate = [0] coreNfOther = [1] coreNfCompLfcl = [0] coreNfDevRpcRsp = [0] coreNfNfRlProc = [0] coreNfQueueUpd = [0] coreNfQueueDel = [0] coreNfSubSvc = [0] coreNfSubMgr = [0] coreNfVCRsp = [0] 
2025-12-07 07:44:56,345 [TB-Scheduling-3] INFO  o.t.s.s.s.DefaultTbEntityDataSubscriptionService - Stats: regularQueryInvocationCnt = [7], regularQueryInvocationTime = [41], dynamicQueryCnt = [6] dynamicQueryInvocationCnt = [0], dynamicQueryInvocationTime = [0], alarmQueryInvocationCnt = [0], alarmQueryInvocationTime = [0]
2025-12-07 07:45:04,717 [rule-dispatcher-0-4] INFO  o.t.server.actors.TbActorMailbox - [RULE_NODE|4ee21770-cf62-11f0-b928-f5b3ab8e93ac] Failed to init actor, attempt 2, going to retry in attempts in 10000ms
2025-12-07 07:45:05,069 [sql-log-2-thread-1] INFO  o.t.s.dao.sql.TbSqlBlockingQueue - Queue-0 [Events] queueSize [0] totalAdded [2] totalSaved [2] totalFailed [0]
2025-12-07 07:45:06,345 [TB-Scheduling-1] INFO  o.t.s.s.s.DefaultTbEntityDataSubscriptionService - Stats: regularQueryInvocationCnt = [0], regularQueryInvocationTime = [0], dynamicQueryCnt = [6] dynamicQueryInvocationCnt = [0], dynamicQueryInvocationTime = [0], alarmQueryInvocationCnt = [0], alarmQueryInvocationTime = [0]
2025-12-07 07:45:07,991 [sql-log-2-thread-1] INFO  o.t.s.dao.sql.TbSqlBlockingQueue - Queue-1 [TS] queueSize [0] totalAdded [7] totalSaved [7] totalFailed [0]
2025-12-07 07:45:08,036 [sql-log-2-thread-1] INFO  o.t.s.dao.sql.TbSqlBlockingQueue - Queue-1 [TS Latest] queueSize [0] totalAdded [7] totalSaved [7] totalFailed [0]
2025-12-07 07:45:16,346 [TB-Scheduling-12] INFO  o.t.s.s.s.DefaultTbEntityDataSubscriptionService - Stats: regularQueryInvocationCnt = [0], regularQueryInvocationTime = [0], dynamicQueryCnt = [6] dynamicQueryInvocationCnt = [0], dynamicQueryInvocationTime = [0], alarmQueryInvocationCnt = [0], alarmQueryInvocationTime = [0]
2025-12-07 07:45:17,991 [sql-log-2-thread-1] INFO  o.t.s.dao.sql.TbSqlBlockingQueue - Queue-1 [TS] queueSize [0] totalAdded [4] totalSaved [4] totalFailed [0]
2025-12-07 07:45:18,036 [sql-log-2-thread-1] INFO  o.t.s.dao.sql.TbSqlBlockingQueue - Queue-1 [TS Latest] queueSize [0] totalAdded [4] totalSaved [4] totalFailed [0]
2025-12-07 07:45:23,917 [http-nio-0.0.0.0-9090-exec-9] INFO  org.owasp.validator.html.Policy - Attempting to load AntiSamy policy from an input stream.
2025-12-07 07:45:24,208 [http-nio-0.0.0.0-9090-exec-9] WARN  org.owasp.validator.html.Policy - The directive "noopenerAndNoreferrerAnchors" is enabled by default, but disabled in this policy. It is recommended to leave it enabled to prevent reverse tabnabbing attacks.
2025-12-07 07:45:27,579 [JpaExecutorService-0-6] WARN  o.t.s.s.s.TbEntityRemoteSubsInfo - [5489b160-ccf1-11f0-81f3-0bf1425738f5][2e112f10-ccf4-11f0-9325-87376abd1036] Duplicate subscription event received. Current: TbSubscriptionsInfo(notifications=false, alarms=true, tsAllKeys=false, tsKeys=[percentage-2, percentage-1, flowRate-1, percentage, flowRate, open-1], attrAllKeys=false, attrKeys=[tankCapacity, tankCapacity-1], seqNumber=9), Event: TbSubscriptionsInfo(notifications=false, alarms=true, tsAllKeys=false, tsKeys=[percentage-1, flowRate-1, percentage, flowRate, open-1], attrAllKeys=false, attrKeys=[tankCapacity, tankCapacity-1], seqNumber=8)
2025-12-07 07:45:36,344 [TB-Scheduling-16] INFO  o.t.s.s.s.DefaultTbEntityDataSubscriptionService - Stats: regularQueryInvocationCnt = [0], regularQueryInvocationTime = [0], dynamicQueryCnt = [0] dynamicQueryInvocationCnt = [0], dynamicQueryInvocationTime = [0], alarmQueryInvocationCnt = [2], alarmQueryInvocationTime = [1086]
2025-12-07 07:45:44,724 [rule-dispatcher-0-4] INFO  o.t.server.actors.TbActorMailbox - [RULE_NODE|4ee21770-cf62-11f0-b928-f5b3ab8e93ac] Failed to init actor, attempt 3, going to retry in attempts in 15000ms
2025-12-07 07:45:45,063 [sql-log-2-thread-1] INFO  o.t.s.dao.sql.TbSqlBlockingQueue - Queue-0 [Events] queueSize [0] totalAdded [2] totalSaved [2] totalFailed [0]
2025-12-07 07:45:56,319 [TB-Scheduling-12] INFO  o.t.s.dao.aspect.SqlDaoCallsAspect - Total timing statistics below:
2025-12-07 07:45:56,319 [TB-Scheduling-12] INFO  o.t.s.dao.aspect.SqlDaoCallsAspect - [5489b160-ccf1-11f0-81f3-0bf1425738f5]: calls: 20, failures: 0, exec time: 1683 
2025-12-07 07:45:56,320 [TB-Scheduling-12] INFO  o.t.s.dao.aspect.SqlDaoCallsAspect - [5489b160-ccf1-11f0-81f3-0bf1425738f5] Top 3 methods by timing:
2025-12-07 07:45:56,320 [TB-Scheduling-12] INFO  o.t.s.dao.aspect.SqlDaoCallsAspect - [5489b160-ccf1-11f0-81f3-0bf1425738f5]: method: JpaAlarmDao.findActiveOriginatorAlarms(..), calls: 2, failures: 0, exec time: 1085
2025-12-07 07:45:56,320 [TB-Scheduling-12] INFO  o.t.s.dao.aspect.SqlDaoCallsAspect - [5489b160-ccf1-11f0-81f3-0bf1425738f5]: method: JpaAbstractDao.findById(..), calls: 4, failures: 0, exec time: 138
2025-12-07 07:45:56,320 [TB-Scheduling-12] INFO  o.t.s.dao.aspect.SqlDaoCallsAspect - [5489b160-ccf1-11f0-81f3-0bf1425738f5]: method: JpaEntityViewDao.findEntityViewsByTenantIdAndEntityId(..), calls: 1, failures: 0, exec time: 109
2025-12-07 07:45:56,336 [TB-Scheduling-4] INFO  o.t.s.c.t.s.DefaultTransportService - Transport Stats: openConnections [0]
2025-12-07 07:45:56,337 [TB-Scheduling-14] INFO  o.t.s.s.queue.TbCoreConsumerStats - Core Stats: totalMsgs = [3] sessionEvents = [2] getAttr = [0] subToAttr = [0] subToRpc = [0] toDevRpc = [0] subInfo = [1] claimDevice = [0] deviceState = [0] subMsgs = [0] deviceConnect = [0] deviceActivity = [0] deviceDisconnect = [0] deviceInactivity = [0] deviceInactivityTimeoutUpdate = [0] coreNfOther = [0] coreNfCompLfcl = [0] coreNfDevRpcRsp = [0] coreNfNfRlProc = [0] coreNfQueueUpd = [0] coreNfQueueDel = [0] coreNfSubSvc = [0] coreNfSubMgr = [0] coreNfVCRsp = [0] 
2025-12-07 07:45:56,340 [TB-Scheduling-4] INFO  o.t.s.s.q.TbRuleEngineConsumerStats - [Main] Stats: totalMsgs = [4] successfulMsgs = [4] timeoutMsgs = [0] failedMsgs = [0] tmpTimeout = [0] tmpFailed = [0] successfulIterations = [2] failedIterations = [0] 
2025-12-07 07:45:57,310 [sql-log-2-thread-1] INFO  o.t.s.dao.sql.TbSqlBlockingQueue - Queue-0 [Attributes] queueSize [0] totalAdded [4] totalSaved [4] totalFailed [0]
2025-12-07 07:45:57,982 [sql-log-2-thread-1] INFO  o.t.s.dao.sql.TbSqlBlockingQueue - Queue-0 [TS] queueSize [0] totalAdded [7] totalSaved [7] totalFailed [0]
2025-12-07 07:45:57,983 [sql-log-2-thread-1] INFO  o.t.s.dao.sql.TbSqlBlockingQueue - Queue-1 [TS] queueSize [0] totalAdded [6] totalSaved [6] totalFailed [0]
2025-12-07 07:45:58,027 [sql-log-2-thread-1] INFO  o.t.s.dao.sql.TbSqlBlockingQueue - Queue-0 [TS Latest] queueSize [0] totalAdded [7] totalSaved [7] totalFailed [0]
2025-12-07 07:45:58,027 [sql-log-2-thread-1] INFO  o.t.s.dao.sql.TbSqlBlockingQueue - Queue-1 [TS Latest] queueSize [0] totalAdded [6] totalSaved [6] totalFailed [0]
2025-12-07 07:46:07,983 [sql-log-2-thread-1] INFO  o.t.s.dao.sql.TbSqlBlockingQueue - Queue-1 [TS] queueSize [0] totalAdded [7] totalSaved [7] totalFailed [0]
2025-12-07 07:46:08,028 [sql-log-2-thread-1] INFO  o.t.s.dao.sql.TbSqlBlockingQueue - Queue-1 [TS Latest] queueSize [0] totalAdded [7] totalSaved [7] totalFailed [0]
2025-12-07 07:46:12,947 [http-nio-0.0.0.0-9090-exec-5] INFO  o.t.s.c.plugin.TbWebSocketHandler - [5489b160-ccf1-11f0-81f3-0bf1425738f5][13814000-1dd2-11b2-8080-808080808080][af68bd2f-6ad7-443c-b347-6ce79ebb8f97][7e12f113-8fc3-84bc-cf7e-52ad3e0d6192] Session established from address: /172.18.0.1:40780
2025-12-07 07:46:16,342 [TB-Scheduling-7] INFO  o.t.s.s.s.DefaultTbEntityDataSubscriptionService - Stats: regularQueryInvocationCnt = [0], regularQueryInvocationTime = [0], dynamicQueryCnt = [0] dynamicQueryInvocationCnt = [0], dynamicQueryInvocationTime = [0], alarmQueryInvocationCnt = [2], alarmQueryInvocationTime = [11]
2025-12-07 07:46:17,983 [sql-log-2-thread-1] INFO  o.t.s.dao.sql.TbSqlBlockingQueue - Queue-1 [TS] queueSize [0] totalAdded [16] totalSaved [16] totalFailed [0]
2025-12-07 07:46:18,028 [sql-log-2-thread-1] INFO  o.t.s.dao.sql.TbSqlBlockingQueue - Queue-1 [TS Latest] queueSize [0] totalAdded [16] totalSaved [16] totalFailed [0]
2025-12-07 07:46:20,779 [http-nio-0.0.0.0-9090-exec-9] INFO  o.t.s.c.plugin.TbWebSocketHandler - [5489b160-ccf1-11f0-81f3-0bf1425738f5][13814000-1dd2-11b2-8080-808080808080][652f49d3-4a61-40ba-8db5-a3d2bb7c1293][6367e86d-f090-65ef-9fc2-25fef0eb9456] Session established from address: /172.18.0.1:40788
2025-12-07 07:46:23,765 [http-nio-0.0.0.0-9090-exec-9] WARN  o.h.e.jdbc.spi.SqlExceptionHelper - SQL Error: 0, SQLState: 23503
2025-12-07 07:46:23,765 [http-nio-0.0.0.0-9090-exec-9] ERROR o.h.e.jdbc.spi.SqlExceptionHelper - ERROR: insert or update on table "user_settings" violates foreign key constraint "fk_user_id"
  Detail: Key (user_id)=(13814000-1dd2-11b2-8080-808080808080) is not present in table "tb_user".
2025-12-07 07:46:23,822 [http-nio-0.0.0.0-9090-exec-9] WARN  o.t.s.e.ThingsboardErrorResponseHandler - Database error: DataIntegrityViolationException - PSQLException: ERROR: insert or update on table "user_settings" violates foreign key constraint "fk_user_id"
  Detail: Key (user_id)=(13814000-1dd2-11b2-8080-808080808080) is not present in table "tb_user".
2025-12-07 07:46:26,339 [TB-Scheduling-8] INFO  o.t.s.s.s.DefaultTbEntityDataSubscriptionService - Stats: regularQueryInvocationCnt = [0], regularQueryInvocationTime = [0], dynamicQueryCnt = [0] dynamicQueryInvocationCnt = [0], dynamicQueryInvocationTime = [0], alarmQueryInvocationCnt = [4], alarmQueryInvocationTime = [15]
2025-12-07 07:46:26,564 [JpaExecutorService-0-4] INFO  o.t.s.d.s.i.s.SqlPartitioningRepository - Saving partition 1764806400000-1765411200000 for table audit_log
2025-12-07 07:46:26,578 [http-nio-0.0.0.0-9090-exec-10] INFO  o.t.s.c.plugin.TbWebSocketHandler - [5489b160-ccf1-11f0-81f3-0bf1425738f5][550b6480-ccf1-11f0-81f3-0bf1425738f5][d5529e78-f15a-4baa-8916-d0058dd6b5a1] Session is closed
2025-12-07 07:46:28,307 [http-nio-0.0.0.0-9090-exec-10] INFO  o.t.s.c.plugin.TbWebSocketHandler - [5489b160-ccf1-11f0-81f3-0bf1425738f5][550b6480-ccf1-11f0-81f3-0bf1425738f5][c2fb72a0-b9f6-434f-a04e-b4704f3e2a9b][7e1133ba-8f3e-434d-c1f7-0d999a28d9bd] Session established from address: /172.18.0.1:45450
2025-12-07 07:46:29,724 [rule-dispatcher-0-4] INFO  o.t.server.actors.TbActorMailbox - [RULE_NODE|4ee21770-cf62-11f0-b928-f5b3ab8e93ac] Failed to init actor, attempt 4, going to retry in attempts in 20000ms
2025-12-07 07:46:35,054 [sql-log-2-thread-1] INFO  o.t.s.dao.sql.TbSqlBlockingQueue - Queue-0 [Events] queueSize [0] totalAdded [2] totalSaved [2] totalFailed [0]
2025-12-07 07:46:36,340 [TB-Scheduling-11] INFO  o.t.s.s.s.DefaultTbEntityDataSubscriptionService - Stats: regularQueryInvocationCnt = [7], regularQueryInvocationTime = [20], dynamicQueryCnt = [0] dynamicQueryInvocationCnt = [0], dynamicQueryInvocationTime = [0], alarmQueryInvocationCnt = [2], alarmQueryInvocationTime = [3]
2025-12-07 07:46:46,340 [TB-Scheduling-16] INFO  o.t.s.s.s.DefaultTbEntityDataSubscriptionService - Stats: regularQueryInvocationCnt = [4], regularQueryInvocationTime = [15], dynamicQueryCnt = [0] dynamicQueryInvocationCnt = [0], dynamicQueryInvocationTime = [0], alarmQueryInvocationCnt = [12], alarmQueryInvocationTime = [32]
2025-12-07 07:46:56,312 [TB-Scheduling-9] INFO  o.t.s.dao.aspect.SqlDaoCallsAspect - Total timing statistics below:
2025-12-07 07:46:56,313 [TB-Scheduling-9] INFO  o.t.s.dao.aspect.SqlDaoCallsAspect - [5489b160-ccf1-11f0-81f3-0bf1425738f5]: calls: 78, failures: 1, exec time: 506 
2025-12-07 07:46:56,313 [TB-Scheduling-9] INFO  o.t.s.dao.aspect.SqlDaoCallsAspect - [5489b160-ccf1-11f0-81f3-0bf1425738f5] Top 3 methods by timing:
2025-12-07 07:46:56,313 [TB-Scheduling-9] INFO  o.t.s.dao.aspect.SqlDaoCallsAspect - [5489b160-ccf1-11f0-81f3-0bf1425738f5]: method: JpaUserSettingsDao.save(..), calls: 2, failures: 1, exec time: 95
2025-12-07 07:46:56,314 [TB-Scheduling-9] INFO  o.t.s.dao.aspect.SqlDaoCallsAspect - [5489b160-ccf1-11f0-81f3-0bf1425738f5]: method: JpaAbstractDao.findById(..), calls: 15, failures: 0, exec time: 86
2025-12-07 07:46:56,314 [TB-Scheduling-9] INFO  o.t.s.dao.aspect.SqlDaoCallsAspect - [5489b160-ccf1-11f0-81f3-0bf1425738f5]: method: JpaAlarmDao.findActiveOriginatorAlarms(..), calls: 30, failures: 0, exec time: 77
2025-12-07 07:46:56,328 [TB-Scheduling-10] INFO  o.t.s.c.t.s.DefaultTransportService - Transport Stats: openConnections [0]
2025-12-07 07:46:56,328 [TB-Scheduling-7] INFO  o.t.s.s.queue.EdgeConsumerStats - Edge Stats: totalMsgs = [1] edgeNfs = [1] coreNfEdgeHPUpd = [0] coreNfEdgeUpd = [0] coreNfEdgeSyncReq = [0] coreNfEdgeSyncResp = [0] coreNfEdgeCompLfcl = [0] 
2025-12-07 07:46:56,336 [TB-Scheduling-14] INFO  o.t.s.s.s.DefaultTbEntityDataSubscriptionService - Stats: regularQueryInvocationCnt = [4], regularQueryInvocationTime = [13], dynamicQueryCnt = [0] dynamicQueryInvocationCnt = [0], dynamicQueryInvocationTime = [0], alarmQueryInvocationCnt = [10], alarmQueryInvocationTime = [17]
2025-12-07 07:46:56,437 [TB-Scheduling-15] INFO  o.t.s.s.q.TbRuleEngineConsumerStats - [Main] Stats: totalMsgs = [1] successfulMsgs = [1] timeoutMsgs = [0] failedMsgs = [0] tmpTimeout = [0] tmpFailed = [0] successfulIterations = [1] failedIterations = [0] 
2025-12-07 07:46:57,974 [sql-log-2-thread-1] INFO  o.t.s.dao.sql.TbSqlBlockingQueue - Queue-1 [TS] queueSize [0] totalAdded [6] totalSaved [6] totalFailed [0]
2025-12-07 07:46:58,019 [sql-log-2-thread-1] INFO  o.t.s.dao.sql.TbSqlBlockingQueue - Queue-1 [TS Latest] queueSize [0] totalAdded [6] totalSaved [6] totalFailed [0]
2025-12-07 07:47:06,337 [TB-Scheduling-5] INFO  o.t.s.s.s.DefaultTbEntityDataSubscriptionService - Stats: regularQueryInvocationCnt = [2], regularQueryInvocationTime = [7], dynamicQueryCnt = [0] dynamicQueryInvocationCnt = [0], dynamicQueryInvocationTime = [0], alarmQueryInvocationCnt = [6], alarmQueryInvocationTime = [9]
2025-12-07 07:47:07,974 [sql-log-2-thread-1] INFO  o.t.s.dao.sql.TbSqlBlockingQueue - Queue-1 [TS] queueSize [0] totalAdded [7] totalSaved [7] totalFailed [0]
2025-12-07 07:47:08,019 [sql-log-2-thread-1] INFO  o.t.s.dao.sql.TbSqlBlockingQueue - Queue-1 [TS Latest] queueSize [0] totalAdded [7] totalSaved [7] totalFailed [0]
2025-12-07 07:47:16,338 [TB-Scheduling-1] INFO  o.t.s.s.s.DefaultTbEntityDataSubscriptionService - Stats: regularQueryInvocationCnt = [0], regularQueryInvocationTime = [0], dynamicQueryCnt = [0] dynamicQueryInvocationCnt = [0], dynamicQueryInvocationTime = [0], alarmQueryInvocationCnt = [2], alarmQueryInvocationTime = [5]
2025-12-07 07:47:17,974 [sql-log-2-thread-1] INFO  o.t.s.dao.sql.TbSqlBlockingQueue - Queue-1 [TS] queueSize [0] totalAdded [4] totalSaved [4] totalFailed [0]
2025-12-07 07:47:18,019 [sql-log-2-thread-1] INFO  o.t.s.dao.sql.TbSqlBlockingQueue - Queue-1 [TS Latest] queueSize [0] totalAdded [4] totalSaved [4] totalFailed [0]
2025-12-07 07:47:19,726 [rule-dispatcher-0-4] INFO  o.t.server.actors.TbActorMailbox - [RULE_NODE|4ee21770-cf62-11f0-b928-f5b3ab8e93ac] Failed to init actor, attempt 5, going to retry in attempts in 25000ms
2025-12-07 07:47:25,045 [sql-log-2-thread-1] INFO  o.t.s.dao.sql.TbSqlBlockingQueue - Queue-0 [Events] queueSize [0] totalAdded [2] totalSaved [2] totalFailed [0]
2025-12-07 07:47:26,334 [TB-Scheduling-12] INFO  o.t.s.s.s.DefaultTbEntityDataSubscriptionService - Stats: regularQueryInvocationCnt = [2], regularQueryInvocationTime = [9], dynamicQueryCnt = [0] dynamicQueryInvocationCnt = [0], dynamicQueryInvocationTime = [0], alarmQueryInvocationCnt = [4], alarmQueryInvocationTime = [4]
2025-12-07 07:47:46,335 [TB-Scheduling-5] INFO  o.t.s.s.s.DefaultTbEntityDataSubscriptionService - Stats: regularQueryInvocationCnt = [0], regularQueryInvocationTime = [0], dynamicQueryCnt = [0] dynamicQueryInvocationCnt = [0], dynamicQueryInvocationTime = [0], alarmQueryInvocationCnt = [2], alarmQueryInvocationTime = [3]
2025-12-07 07:47:56,308 [TB-Scheduling-4] INFO  o.t.s.dao.aspect.SqlDaoCallsAspect - Total timing statistics below:
2025-12-07 07:47:56,309 [TB-Scheduling-4] INFO  o.t.s.dao.aspect.SqlDaoCallsAspect - [5489b160-ccf1-11f0-81f3-0bf1425738f5]: calls: 25, failures: 0, exec time: 41 
2025-12-07 07:47:56,309 [TB-Scheduling-4] INFO  o.t.s.dao.aspect.SqlDaoCallsAspect - [5489b160-ccf1-11f0-81f3-0bf1425738f5] Top 3 methods by timing:
2025-12-07 07:47:56,309 [TB-Scheduling-4] INFO  o.t.s.dao.aspect.SqlDaoCallsAspect - [5489b160-ccf1-11f0-81f3-0bf1425738f5]: method: JpaAlarmDao.findActiveOriginatorAlarms(..), calls: 24, failures: 0, exec time: 38
2025-12-07 07:47:56,309 [TB-Scheduling-4] INFO  o.t.s.dao.aspect.SqlDaoCallsAspect - [5489b160-ccf1-11f0-81f3-0bf1425738f5]: method: JpaAbstractDao.findById(..), calls: 1, failures: 0, exec time: 3
2025-12-07 07:47:56,322 [TB-Scheduling-1] INFO  o.t.s.c.t.s.DefaultTransportService - Transport Stats: openConnections [0]
2025-12-07 07:47:56,333 [TB-Scheduling-8] INFO  o.t.s.s.s.DefaultTbEntityDataSubscriptionService - Stats: regularQueryInvocationCnt = [4], regularQueryInvocationTime = [16], dynamicQueryCnt = [0] dynamicQueryInvocationCnt = [0], dynamicQueryInvocationTime = [0], alarmQueryInvocationCnt = [10], alarmQueryInvocationTime = [18]
2025-12-07 07:48:06,334 [TB-Scheduling-3] INFO  o.t.s.s.s.DefaultTbEntityDataSubscriptionService - Stats: regularQueryInvocationCnt = [2], regularQueryInvocationTime = [5], dynamicQueryCnt = [0] dynamicQueryInvocationCnt = [0], dynamicQueryInvocationTime = [0], alarmQueryInvocationCnt = [6], alarmQueryInvocationTime = [11]
2025-12-07 07:48:07,967 [sql-log-2-thread-1] INFO  o.t.s.dao.sql.TbSqlBlockingQueue - Queue-1 [TS] queueSize [0] totalAdded [7] totalSaved [7] totalFailed [0]
2025-12-07 07:48:08,012 [sql-log-2-thread-1] INFO  o.t.s.dao.sql.TbSqlBlockingQueue - Queue-1 [TS Latest] queueSize [0] totalAdded [7] totalSaved [7] totalFailed [0]
2025-12-07 07:48:14,726 [rule-dispatcher-0-4] INFO  o.t.server.actors.TbActorMailbox - [RULE_NODE|4ee21770-cf62-11f0-b928-f5b3ab8e93ac] Failed to init actor, attempt 6, going to retry in attempts in 30000ms
2025-12-07 07:48:15,043 [sql-log-2-thread-1] INFO  o.t.s.dao.sql.TbSqlBlockingQueue - Queue-0 [Events] queueSize [0] totalAdded [2] totalSaved [2] totalFailed [0]
2025-12-07 07:48:16,335 [TB-Scheduling-2] INFO  o.t.s.s.s.DefaultTbEntityDataSubscriptionService - Stats: regularQueryInvocationCnt = [2], regularQueryInvocationTime = [4], dynamicQueryCnt = [0] dynamicQueryInvocationCnt = [0], dynamicQueryInvocationTime = [0], alarmQueryInvocationCnt = [6], alarmQueryInvocationTime = [10]
2025-12-07 07:48:17,967 [sql-log-2-thread-1] INFO  o.t.s.dao.sql.TbSqlBlockingQueue - Queue-1 [TS] queueSize [0] totalAdded [4] totalSaved [4] totalFailed [0]
2025-12-07 07:48:18,012 [sql-log-2-thread-1] INFO  o.t.s.dao.sql.TbSqlBlockingQueue - Queue-1 [TS Latest] queueSize [0] totalAdded [4] totalSaved [4] totalFailed [0]
2025-12-07 07:48:26,331 [TB-Scheduling-13] INFO  o.t.s.s.s.DefaultTbEntityDataSubscriptionService - Stats: regularQueryInvocationCnt = [0], regularQueryInvocationTime = [0], dynamicQueryCnt = [0] dynamicQueryInvocationCnt = [0], dynamicQueryInvocationTime = [0], alarmQueryInvocationCnt = [2], alarmQueryInvocationTime = [4]
2025-12-07 07:48:36,332 [TB-Scheduling-12] INFO  o.t.s.s.s.DefaultTbEntityDataSubscriptionService - Stats: regularQueryInvocationCnt = [2], regularQueryInvocationTime = [6], dynamicQueryCnt = [0] dynamicQueryInvocationCnt = [0], dynamicQueryInvocationTime = [0], alarmQueryInvocationCnt = [6], alarmQueryInvocationTime = [10]
2025-12-07 07:48:46,332 [TB-Scheduling-3] INFO  o.t.s.s.s.DefaultTbEntityDataSubscriptionService - Stats: regularQueryInvocationCnt = [2], regularQueryInvocationTime = [7], dynamicQueryCnt = [0] dynamicQueryInvocationCnt = [0], dynamicQueryInvocationTime = [0], alarmQueryInvocationCnt = [4], alarmQueryInvocationTime = [5]
2025-12-07 07:48:56,300 [TB-Scheduling-5] INFO  o.t.s.dao.aspect.SqlDaoCallsAspect - Total timing statistics below:
2025-12-07 07:48:56,301 [TB-Scheduling-5] INFO  o.t.s.dao.aspect.SqlDaoCallsAspect - [5489b160-ccf1-11f0-81f3-0bf1425738f5]: calls: 25, failures: 0, exec time: 41 
2025-12-07 07:48:56,301 [TB-Scheduling-5] INFO  o.t.s.dao.aspect.SqlDaoCallsAspect - [5489b160-ccf1-11f0-81f3-0bf1425738f5] Top 3 methods by timing:
2025-12-07 07:48:56,301 [TB-Scheduling-5] INFO  o.t.s.dao.aspect.SqlDaoCallsAspect - [5489b160-ccf1-11f0-81f3-0bf1425738f5]: method: JpaAlarmDao.findActiveOriginatorAlarms(..), calls: 24, failures: 0, exec time: 38
2025-12-07 07:48:56,301 [TB-Scheduling-5] INFO  o.t.s.dao.aspect.SqlDaoCallsAspect - [5489b160-ccf1-11f0-81f3-0bf1425738f5]: method: JpaAbstractDao.findById(..), calls: 1, failures: 0, exec time: 3
2025-12-07 07:48:56,313 [TB-Scheduling-1] INFO  o.t.s.c.t.s.DefaultTransportService - Transport Stats: openConnections [0]
2025-12-07 07:49:07,957 [sql-log-2-thread-1] INFO  o.t.s.dao.sql.TbSqlBlockingQueue - Queue-1 [TS] queueSize [0] totalAdded [7] totalSaved [7] totalFailed [0]
2025-12-07 07:49:08,002 [sql-log-2-thread-1] INFO  o.t.s.dao.sql.TbSqlBlockingQueue - Queue-1 [TS Latest] queueSize [0] totalAdded [7] totalSaved [7] totalFailed [0]
2025-12-07 07:49:14,723 [rule-dispatcher-0-4] INFO  o.t.server.actors.TbActorMailbox - [RULE_NODE|4ee21770-cf62-11f0-b928-f5b3ab8e93ac] Failed to init actor, attempt 7, going to retry in attempts in 35000ms
2025-12-07 07:49:15,033 [sql-log-2-thread-1] INFO  o.t.s.dao.sql.TbSqlBlockingQueue - Queue-0 [Events] queueSize [0] totalAdded [2] totalSaved [2] totalFailed [0]
2025-12-07 07:49:17,957 [sql-log-2-thread-1] INFO  o.t.s.dao.sql.TbSqlBlockingQueue - Queue-1 [TS] queueSize [0] totalAdded [8] totalSaved [8] totalFailed [0]
2025-12-07 07:49:18,002 [sql-log-2-thread-1] INFO  o.t.s.dao.sql.TbSqlBlockingQueue - Queue-1 [TS Latest] queueSize [0] totalAdded [8] totalSaved [8] totalFailed [0]
2025-12-07 07:49:26,327 [TB-Scheduling-10] INFO  o.t.s.s.s.DefaultTbEntityDataSubscriptionService - Stats: regularQueryInvocationCnt = [2], regularQueryInvocationTime = [5], dynamicQueryCnt = [0] dynamicQueryInvocationCnt = [0], dynamicQueryInvocationTime = [0], alarmQueryInvocationCnt = [8], alarmQueryInvocationTime = [13]
2025-12-07 07:49:36,328 [TB-Scheduling-9] INFO  o.t.s.s.s.DefaultTbEntityDataSubscriptionService - Stats: regularQueryInvocationCnt = [4], regularQueryInvocationTime = [14], dynamicQueryCnt = [0] dynamicQueryInvocationCnt = [0], dynamicQueryInvocationTime = [0], alarmQueryInvocationCnt = [12], alarmQueryInvocationTime = [17]
2025-12-07 07:49:46,329 [TB-Scheduling-6] INFO  o.t.s.s.s.DefaultTbEntityDataSubscriptionService - Stats: regularQueryInvocationCnt = [2], regularQueryInvocationTime = [7], dynamicQueryCnt = [0] dynamicQueryInvocationCnt = [0], dynamicQueryInvocationTime = [0], alarmQueryInvocationCnt = [6], alarmQueryInvocationTime = [8]
2025-12-07 07:49:56,293 [TB-Scheduling-4] INFO  o.t.s.dao.aspect.SqlDaoCallsAspect - Total timing statistics below:
2025-12-07 07:49:56,294 [TB-Scheduling-4] INFO  o.t.s.dao.aspect.SqlDaoCallsAspect - [5489b160-ccf1-11f0-81f3-0bf1425738f5]: calls: 39, failures: 0, exec time: 55 
2025-12-07 07:49:56,294 [TB-Scheduling-4] INFO  o.t.s.dao.aspect.SqlDaoCallsAspect - [5489b160-ccf1-11f0-81f3-0bf1425738f5] Top 3 methods by timing:
2025-12-07 07:49:56,294 [TB-Scheduling-4] INFO  o.t.s.dao.aspect.SqlDaoCallsAspect - [5489b160-ccf1-11f0-81f3-0bf1425738f5]: method: JpaAlarmDao.findActiveOriginatorAlarms(..), calls: 38, failures: 0, exec time: 53
2025-12-07 07:49:56,294 [TB-Scheduling-4] INFO  o.t.s.dao.aspect.SqlDaoCallsAspect - [5489b160-ccf1-11f0-81f3-0bf1425738f5]: method: JpaAbstractDao.findById(..), calls: 1, failures: 0, exec time: 2
2025-12-07 07:49:56,305 [TB-Scheduling-1] INFO  o.t.s.c.t.s.DefaultTransportService - Transport Stats: openConnections [0]
2025-12-07 07:49:56,327 [TB-Scheduling-13] INFO  o.t.s.s.s.DefaultTbEntityDataSubscriptionService - Stats: regularQueryInvocationCnt = [4], regularQueryInvocationTime = [15], dynamicQueryCnt = [0] dynamicQueryInvocationCnt = [0], dynamicQueryInvocationTime = [0], alarmQueryInvocationCnt = [12], alarmQueryInvocationTime = [18]
2025-12-07 07:50:06,328 [TB-Scheduling-11] INFO  o.t.s.s.s.DefaultTbEntityDataSubscriptionService - Stats: regularQueryInvocationCnt = [4], regularQueryInvocationTime = [11], dynamicQueryCnt = [0] dynamicQueryInvocationCnt = [0], dynamicQueryInvocationTime = [0], alarmQueryInvocationCnt = [10], alarmQueryInvocationTime = [15]
2025-12-07 07:50:07,949 [sql-log-2-thread-1] INFO  o.t.s.dao.sql.TbSqlBlockingQueue - Queue-1 [TS] queueSize [0] totalAdded [7] totalSaved [7] totalFailed [0]
2025-12-07 07:50:07,994 [sql-log-2-thread-1] INFO  o.t.s.dao.sql.TbSqlBlockingQueue - Queue-1 [TS Latest] queueSize [0] totalAdded [7] totalSaved [7] totalFailed [0]
2025-12-07 07:50:16,328 [TB-Scheduling-4] INFO  o.t.s.s.s.DefaultTbEntityDataSubscriptionService - Stats: regularQueryInvocationCnt = [4], regularQueryInvocationTime = [11], dynamicQueryCnt = [0] dynamicQueryInvocationCnt = [0], dynamicQueryInvocationTime = [0], alarmQueryInvocationCnt = [12], alarmQueryInvocationTime = [15]
2025-12-07 07:50:17,949 [sql-log-2-thread-1] INFO  o.t.s.dao.sql.TbSqlBlockingQueue - Queue-1 [TS] queueSize [0] totalAdded [4] totalSaved [4] totalFailed [0]
2025-12-07 07:50:17,994 [sql-log-2-thread-1] INFO  o.t.s.dao.sql.TbSqlBlockingQueue - Queue-1 [TS Latest] queueSize [0] totalAdded [4] totalSaved [4] totalFailed [0]
2025-12-07 07:50:19,721 [rule-dispatcher-0-4] INFO  o.t.server.actors.TbActorMailbox - [RULE_NODE|4ee21770-cf62-11f0-b928-f5b3ab8e93ac] Failed to init actor, attempt 8, going to retry in attempts in 40000ms
2025-12-07 07:50:25,020 [sql-log-2-thread-1] INFO  o.t.s.dao.sql.TbSqlBlockingQueue - Queue-0 [Events] queueSize [0] totalAdded [2] totalSaved [2] totalFailed [0]
2025-12-07 07:50:26,325 [TB-Scheduling-10] INFO  o.t.s.s.s.DefaultTbEntityDataSubscriptionService - Stats: regularQueryInvocationCnt = [4], regularQueryInvocationTime = [15], dynamicQueryCnt = [0] dynamicQueryInvocationCnt = [0], dynamicQueryInvocationTime = [0], alarmQueryInvocationCnt = [12], alarmQueryInvocationTime = [15]
2025-12-07 07:50:36,325 [TB-Scheduling-7] INFO  o.t.s.s.s.DefaultTbEntityDataSubscriptionService - Stats: regularQueryInvocationCnt = [2], regularQueryInvocationTime = [5], dynamicQueryCnt = [0] dynamicQueryInvocationCnt = [0], dynamicQueryInvocationTime = [0], alarmQueryInvocationCnt = [6], alarmQueryInvocationTime = [6]
2025-12-07 07:50:46,326 [TB-Scheduling-11] INFO  o.t.s.s.s.DefaultTbEntityDataSubscriptionService - Stats: regularQueryInvocationCnt = [4], regularQueryInvocationTime = [11], dynamicQueryCnt = [0] dynamicQueryInvocationCnt = [0], dynamicQueryInvocationTime = [0], alarmQueryInvocationCnt = [12], alarmQueryInvocationTime = [13]
2025-12-07 07:50:56,286 [TB-Scheduling-6] INFO  o.t.s.dao.aspect.SqlDaoCallsAspect - Total timing statistics below:
2025-12-07 07:50:56,286 [TB-Scheduling-6] INFO  o.t.s.dao.aspect.SqlDaoCallsAspect - [5489b160-ccf1-11f0-81f3-0bf1425738f5]: calls: 68, failures: 0, exec time: 121 
2025-12-07 07:50:56,287 [TB-Scheduling-6] INFO  o.t.s.dao.aspect.SqlDaoCallsAspect - [5489b160-ccf1-11f0-81f3-0bf1425738f5] Top 3 methods by timing:
2025-12-07 07:50:56,287 [TB-Scheduling-6] INFO  o.t.s.dao.aspect.SqlDaoCallsAspect - [5489b160-ccf1-11f0-81f3-0bf1425738f5]: method: JpaAlarmDao.findActiveOriginatorAlarms(..), calls: 64, failures: 0, exec time: 75
2025-12-07 07:50:56,287 [TB-Scheduling-6] INFO  o.t.s.dao.aspect.SqlDaoCallsAspect - [5489b160-ccf1-11f0-81f3-0bf1425738f5]: method: JpaAbstractDao.save(..), calls: 2, failures: 0, exec time: 31
2025-12-07 07:50:56,287 [TB-Scheduling-6] INFO  o.t.s.dao.aspect.SqlDaoCallsAspect - [5489b160-ccf1-11f0-81f3-0bf1425738f5]: method: JpaAbstractDao.findById(..), calls: 1, failures: 0, exec time: 10
2025-12-07 07:50:56,298 [TB-Scheduling-1] INFO  o.t.s.c.t.s.DefaultTransportService - Transport Stats: openConnections [0]
2025-12-07 07:50:56,298 [TB-Scheduling-5] INFO  o.t.s.s.queue.EdgeConsumerStats - Edge Stats: totalMsgs = [1] edgeNfs = [1] coreNfEdgeHPUpd = [0] coreNfEdgeUpd = [0] coreNfEdgeSyncReq = [0] coreNfEdgeSyncResp = [0] coreNfEdgeCompLfcl = [0] 
2025-12-07 07:50:56,324 [TB-Scheduling-13] INFO  o.t.s.s.s.DefaultTbEntityDataSubscriptionService - Stats: regularQueryInvocationCnt = [4], regularQueryInvocationTime = [10], dynamicQueryCnt = [0] dynamicQueryInvocationCnt = [0], dynamicQueryInvocationTime = [0], alarmQueryInvocationCnt = [12], alarmQueryInvocationTime = [15]
2025-12-07 07:50:56,408 [TB-Scheduling-8] INFO  o.t.s.s.q.TbRuleEngineConsumerStats - [Main] Stats: totalMsgs = [1] successfulMsgs = [1] timeoutMsgs = [0] failedMsgs = [0] tmpTimeout = [0] tmpFailed = [0] successfulIterations = [1] failedIterations = [0] 
2025-12-07 07:50:57,941 [sql-log-2-thread-1] INFO  o.t.s.dao.sql.TbSqlBlockingQueue - Queue-1 [TS] queueSize [0] totalAdded [6] totalSaved [6] totalFailed [0]
2025-12-07 07:50:57,986 [sql-log-2-thread-1] INFO  o.t.s.dao.sql.TbSqlBlockingQueue - Queue-1 [TS Latest] queueSize [0] totalAdded [6] totalSaved [6] totalFailed [0]
2025-12-07 07:51:07,941 [sql-log-2-thread-1] INFO  o.t.s.dao.sql.TbSqlBlockingQueue - Queue-1 [TS] queueSize [0] totalAdded [7] totalSaved [7] totalFailed [0]
2025-12-07 07:51:07,986 [sql-log-2-thread-1] INFO  o.t.s.dao.sql.TbSqlBlockingQueue - Queue-1 [TS Latest] queueSize [0] totalAdded [7] totalSaved [7] totalFailed [0]
2025-12-07 07:51:16,167 [http-nio-0.0.0.0-9090-exec-3] INFO  o.t.s.c.plugin.TbWebSocketHandler - [5489b160-ccf1-11f0-81f3-0bf1425738f5][13814000-1dd2-11b2-8080-808080808080][652f49d3-4a61-40ba-8db5-a3d2bb7c1293] Session is closed
2025-12-07 07:51:16,325 [TB-Scheduling-11] INFO  o.t.s.s.s.DefaultTbEntityDataSubscriptionService - Stats: regularQueryInvocationCnt = [6], regularQueryInvocationTime = [13], dynamicQueryCnt = [0] dynamicQueryInvocationCnt = [0], dynamicQueryInvocationTime = [0], alarmQueryInvocationCnt = [20], alarmQueryInvocationTime = [24]
2025-12-07 07:51:17,941 [sql-log-2-thread-1] INFO  o.t.s.dao.sql.TbSqlBlockingQueue - Queue-1 [TS] queueSize [0] totalAdded [4] totalSaved [4] totalFailed [0]
2025-12-07 07:51:17,986 [sql-log-2-thread-1] INFO  o.t.s.dao.sql.TbSqlBlockingQueue - Queue-1 [TS Latest] queueSize [0] totalAdded [4] totalSaved [4] totalFailed [0]
2025-12-07 07:51:22,004 [http-nio-0.0.0.0-9090-exec-8] INFO  o.t.s.c.plugin.TbWebSocketHandler - [5489b160-ccf1-11f0-81f3-0bf1425738f5][13814000-1dd2-11b2-8080-808080808080][0bcd72b8-2c8b-42be-9351-0127d26fabbf][1e8e2c77-38de-b569-dd08-cccb8383a692] Session established from address: /172.18.0.1:37490
2025-12-07 07:51:26,322 [TB-Scheduling-1] INFO  o.t.s.s.s.DefaultTbEntityDataSubscriptionService - Stats: regularQueryInvocationCnt = [0], regularQueryInvocationTime = [0], dynamicQueryCnt = [0] dynamicQueryInvocationCnt = [0], dynamicQueryInvocationTime = [0], alarmQueryInvocationCnt = [2], alarmQueryInvocationTime = [17]
2025-12-07 07:51:29,716 [rule-dispatcher-0-1] INFO  o.t.server.actors.TbActorMailbox - [RULE_NODE|4ee21770-cf62-11f0-b928-f5b3ab8e93ac] Failed to init actor, attempt 9, going to retry in attempts in 45000ms
2025-12-07 07:51:35,013 [sql-log-2-thread-1] INFO  o.t.s.dao.sql.TbSqlBlockingQueue - Queue-0 [Events] queueSize [0] totalAdded [2] totalSaved [2] totalFailed [0]
2025-12-07 07:51:56,281 [TB-Scheduling-6] INFO  o.t.s.dao.aspect.SqlDaoCallsAspect - Total timing statistics below:
2025-12-07 07:51:56,281 [TB-Scheduling-6] INFO  o.t.s.dao.aspect.SqlDaoCallsAspect - [5489b160-ccf1-11f0-81f3-0bf1425738f5]: calls: 31, failures: 0, exec time: 76 
2025-12-07 07:51:56,282 [TB-Scheduling-6] INFO  o.t.s.dao.aspect.SqlDaoCallsAspect - [5489b160-ccf1-11f0-81f3-0bf1425738f5] Top 3 methods by timing:
2025-12-07 07:51:56,282 [TB-Scheduling-6] INFO  o.t.s.dao.aspect.SqlDaoCallsAspect - [5489b160-ccf1-11f0-81f3-0bf1425738f5]: method: JpaAlarmDao.findActiveOriginatorAlarms(..), calls: 22, failures: 0, exec time: 39
2025-12-07 07:51:56,282 [TB-Scheduling-6] INFO  o.t.s.dao.aspect.SqlDaoCallsAspect - [5489b160-ccf1-11f0-81f3-0bf1425738f5]: method: JpaAbstractDao.findById(..), calls: 4, failures: 0, exec time: 15
2025-12-07 07:51:56,282 [TB-Scheduling-6] INFO  o.t.s.dao.aspect.SqlDaoCallsAspect - [5489b160-ccf1-11f0-81f3-0bf1425738f5]: method: JpaAbstractDao.save(..), calls: 2, failures: 0, exec time: 14
2025-12-07 07:51:56,291 [TB-Scheduling-4] INFO  o.t.s.c.t.s.DefaultTransportService - Transport Stats: openConnections [0]
2025-12-07 07:51:56,291 [TB-Scheduling-5] INFO  o.t.s.s.queue.EdgeConsumerStats - Edge Stats: totalMsgs = [1] edgeNfs = [1] coreNfEdgeHPUpd = [0] coreNfEdgeUpd = [0] coreNfEdgeSyncReq = [0] coreNfEdgeSyncResp = [0] coreNfEdgeCompLfcl = [0] 
2025-12-07 07:51:56,403 [TB-Scheduling-14] INFO  o.t.s.s.q.TbRuleEngineConsumerStats - [Main] Stats: totalMsgs = [1] successfulMsgs = [1] timeoutMsgs = [0] failedMsgs = [0] tmpTimeout = [0] tmpFailed = [0] successfulIterations = [1] failedIterations = [0] 
2025-12-07 07:51:57,933 [sql-log-2-thread-1] INFO  o.t.s.dao.sql.TbSqlBlockingQueue - Queue-1 [TS] queueSize [0] totalAdded [6] totalSaved [6] totalFailed [0]
2025-12-07 07:51:57,978 [sql-log-2-thread-1] INFO  o.t.s.dao.sql.TbSqlBlockingQueue - Queue-1 [TS Latest] queueSize [0] totalAdded [6] totalSaved [6] totalFailed [0]
2025-12-07 07:52:07,933 [sql-log-2-thread-1] INFO  o.t.s.dao.sql.TbSqlBlockingQueue - Queue-1 [TS] queueSize [0] totalAdded [7] totalSaved [7] totalFailed [0]
2025-12-07 07:52:07,978 [sql-log-2-thread-1] INFO  o.t.s.dao.sql.TbSqlBlockingQueue - Queue-1 [TS Latest] queueSize [0] totalAdded [7] totalSaved [7] totalFailed [0]
2025-12-07 07:52:16,322 [TB-Scheduling-9] INFO  o.t.s.s.s.DefaultTbEntityDataSubscriptionService - Stats: regularQueryInvocationCnt = [2], regularQueryInvocationTime = [10], dynamicQueryCnt = [0] dynamicQueryInvocationCnt = [0], dynamicQueryInvocationTime = [0], alarmQueryInvocationCnt = [2], alarmQueryInvocationTime = [3]
2025-12-07 07:52:17,933 [sql-log-2-thread-1] INFO  o.t.s.dao.sql.TbSqlBlockingQueue - Queue-1 [TS] queueSize [0] totalAdded [4] totalSaved [4] totalFailed [0]
2025-12-07 07:52:17,978 [sql-log-2-thread-1] INFO  o.t.s.dao.sql.TbSqlBlockingQueue - Queue-1 [TS Latest] queueSize [0] totalAdded [4] totalSaved [4] totalFailed [0]
2025-12-07 07:52:36,319 [TB-Scheduling-2] INFO  o.t.s.s.s.DefaultTbEntityDataSubscriptionService - Stats: regularQueryInvocationCnt = [2], regularQueryInvocationTime = [5], dynamicQueryCnt = [0] dynamicQueryInvocationCnt = [0], dynamicQueryInvocationTime = [0], alarmQueryInvocationCnt = [4], alarmQueryInvocationTime = [6]
2025-12-07 07:52:44,715 [rule-dispatcher-0-2] INFO  o.t.server.actors.TbActorMailbox - [RULE_NODE|4ee21770-cf62-11f0-b928-f5b3ab8e93ac] Failed to init actor, attempt 10, going to stop attempts.
org.thingsboard.server.actors.TbActorException: Failed to init actor
	at org.thingsboard.server.actors.service.ComponentActor.initProcessor(ComponentActor.java:76)
	at org.thingsboard.server.actors.service.ComponentActor.init(ComponentActor.java:61)
	at org.thingsboard.server.actors.TbActorMailbox.tryInit(TbActorMailbox.java:69)
	at org.thingsboard.server.actors.TbActorMailbox.lambda$tryInit$1(TbActorMailbox.java:91)
	at java.base/java.util.concurrent.ForkJoinTask$RunnableExecuteAction.exec(ForkJoinTask.java:1395)
	at java.base/java.util.concurrent.ForkJoinTask.doExec(ForkJoinTask.java:373)
	at java.base/java.util.concurrent.ForkJoinPool$WorkQueue.topLevelExec(ForkJoinPool.java:1182)
	at java.base/java.util.concurrent.ForkJoinPool.scan(ForkJoinPool.java:1655)
	at java.base/java.util.concurrent.ForkJoinPool.runWorker(ForkJoinPool.java:1622)
	at java.base/java.util.concurrent.ForkJoinWorkerThread.run(ForkJoinWorkerThread.java:165)
Caused by: org.thingsboard.rule.engine.api.TbNodeException: java.lang.RuntimeException: Failed to connect to MQTT broker at 192.168.126.86:8888.
	at org.thingsboard.rule.engine.mqtt.TbMqttNode.init(TbMqttNode.java:80)
	at org.thingsboard.server.actors.ruleChain.RuleNodeActorMessageProcessor.initComponent(RuleNodeActorMessageProcessor.java:182)
	at org.thingsboard.server.actors.ruleChain.RuleNodeActorMessageProcessor.start(RuleNodeActorMessageProcessor.java:68)
	at org.thingsboard.server.actors.service.ComponentActor.initProcessor(ComponentActor.java:67)
	... 9 common frames omitted
Caused by: java.lang.RuntimeException: Failed to connect to MQTT broker at 192.168.126.86:8888.
	at org.thingsboard.rule.engine.mqtt.TbMqttNode.initClient(TbMqttNode.java:146)
	at org.thingsboard.rule.engine.mqtt.TbMqttNode.init(TbMqttNode.java:76)
	... 12 common frames omitted
2025-12-07 07:52:45,005 [sql-log-2-thread-1] INFO  o.t.s.dao.sql.TbSqlBlockingQueue - Queue-0 [Events] queueSize [0] totalAdded [3] totalSaved [3] totalFailed [0]
2025-12-07 07:52:45,292 [NotificationExecutorService-0-5] INFO  o.t.s.d.s.i.s.SqlPartitioningRepository - Saving partition 1764806400000-1765411200000 for table notification
2025-12-07 07:52:48,699 [http-nio-0.0.0.0-9090-exec-5] INFO  o.t.s.c.plugin.TbWebSocketHandler - [5489b160-ccf1-11f0-81f3-0bf1425738f5][550b6480-ccf1-11f0-81f3-0bf1425738f5][c2fb72a0-b9f6-434f-a04e-b4704f3e2a9b] Session is closed
2025-12-07 07:52:50,596 [http-nio-0.0.0.0-9090-exec-2] INFO  o.t.s.c.plugin.TbWebSocketHandler - [5489b160-ccf1-11f0-81f3-0bf1425738f5][550b6480-ccf1-11f0-81f3-0bf1425738f5][6aa1100e-acc6-4339-8ac3-6decd6d540ba][8217314b-5b9a-3a0d-74d6-a7833b4d5bb3] Session established from address: /172.18.0.1:34204
2025-12-07 07:52:56,275 [TB-Scheduling-16] INFO  o.t.s.dao.aspect.SqlDaoCallsAspect - Total timing statistics below:
2025-12-07 07:52:56,275 [TB-Scheduling-16] INFO  o.t.s.dao.aspect.SqlDaoCallsAspect - [5489b160-ccf1-11f0-81f3-0bf1425738f5]: calls: 44, failures: 0, exec time: 544 
2025-12-07 07:52:56,275 [TB-Scheduling-16] INFO  o.t.s.dao.aspect.SqlDaoCallsAspect - [5489b160-ccf1-11f0-81f3-0bf1425738f5] Top 3 methods by timing:
2025-12-07 07:52:56,275 [TB-Scheduling-16] INFO  o.t.s.dao.aspect.SqlDaoCallsAspect - [5489b160-ccf1-11f0-81f3-0bf1425738f5]: method: JpaAbstractDao.findById(..), calls: 9, failures: 0, exec time: 337
2025-12-07 07:52:56,275 [TB-Scheduling-16] INFO  o.t.s.dao.aspect.SqlDaoCallsAspect - [5489b160-ccf1-11f0-81f3-0bf1425738f5]: method: JpaAbstractDao.save(..), calls: 4, failures: 0, exec time: 70
2025-12-07 07:52:56,276 [TB-Scheduling-16] INFO  o.t.s.dao.aspect.SqlDaoCallsAspect - [5489b160-ccf1-11f0-81f3-0bf1425738f5]: method: JpaAdminSettingsDao.findByTenantIdAndKey(..), calls: 1, failures: 0, exec time: 21
2025-12-07 07:52:56,284 [TB-Scheduling-10] INFO  o.t.s.c.t.s.DefaultTransportService - Transport Stats: openConnections [0]
2025-12-07 07:52:56,317 [TB-Scheduling-11] INFO  o.t.s.s.s.DefaultTbEntityDataSubscriptionService - Stats: regularQueryInvocationCnt = [9], regularQueryInvocationTime = [23], dynamicQueryCnt = [0] dynamicQueryInvocationCnt = [0], dynamicQueryInvocationTime = [0], alarmQueryInvocationCnt = [6], alarmQueryInvocationTime = [8]
2025-12-07 07:53:07,925 [sql-log-2-thread-1] INFO  o.t.s.dao.sql.TbSqlBlockingQueue - Queue-1 [TS] queueSize [0] totalAdded [7] totalSaved [7] totalFailed [0]
2025-12-07 07:53:07,970 [sql-log-2-thread-1] INFO  o.t.s.dao.sql.TbSqlBlockingQueue - Queue-1 [TS Latest] queueSize [0] totalAdded [7] totalSaved [7] totalFailed [0]
2025-12-07 07:53:09,323 [http-nio-0.0.0.0-9090-exec-5] INFO  o.t.s.c.plugin.TbWebSocketHandler - [5489b160-ccf1-11f0-81f3-0bf1425738f5][13814000-1dd2-11b2-8080-808080808080][0bcd72b8-2c8b-42be-9351-0127d26fabbf] Session is closed
2025-12-07 07:53:14,948 [http-nio-0.0.0.0-9090-exec-7] INFO  o.t.s.c.plugin.TbWebSocketHandler - [5489b160-ccf1-11f0-81f3-0bf1425738f5][13814000-1dd2-11b2-8080-808080808080][5168cd2d-95a1-4fb6-aca8-7d54408c7e0f][bf592aa0-2393-d154-6950-b7beccdb1d2c] Session established from address: /172.18.0.1:59030
2025-12-07 07:53:16,319 [TB-Scheduling-16] INFO  o.t.s.s.s.DefaultTbEntityDataSubscriptionService - Stats: regularQueryInvocationCnt = [2], regularQueryInvocationTime = [9], dynamicQueryCnt = [0] dynamicQueryInvocationCnt = [0], dynamicQueryInvocationTime = [0], alarmQueryInvocationCnt = [2], alarmQueryInvocationTime = [4]
2025-12-07 07:53:17,925 [sql-log-2-thread-1] INFO  o.t.s.dao.sql.TbSqlBlockingQueue - Queue-1 [TS] queueSize [0] totalAdded [4] totalSaved [4] totalFailed [0]
2025-12-07 07:53:17,970 [sql-log-2-thread-1] INFO  o.t.s.dao.sql.TbSqlBlockingQueue - Queue-1 [TS Latest] queueSize [0] totalAdded [4] totalSaved [4] totalFailed [0]
2025-12-07 07:53:36,315 [TB-Scheduling-14] INFO  o.t.s.s.s.DefaultTbEntityDataSubscriptionService - Stats: regularQueryInvocationCnt = [0], regularQueryInvocationTime = [0], dynamicQueryCnt = [0] dynamicQueryInvocationCnt = [0], dynamicQueryInvocationTime = [0], alarmQueryInvocationCnt = [4], alarmQueryInvocationTime = [4]
2025-12-07 07:53:56,268 [TB-Scheduling-16] INFO  o.t.s.dao.aspect.SqlDaoCallsAspect - Total timing statistics below:
2025-12-07 07:53:56,269 [TB-Scheduling-16] INFO  o.t.s.dao.aspect.SqlDaoCallsAspect - [5489b160-ccf1-11f0-81f3-0bf1425738f5]: calls: 14, failures: 0, exec time: 63 
2025-12-07 07:53:56,269 [TB-Scheduling-16] INFO  o.t.s.dao.aspect.SqlDaoCallsAspect - [5489b160-ccf1-11f0-81f3-0bf1425738f5] Top 3 methods by timing:
2025-12-07 07:53:56,269 [TB-Scheduling-16] INFO  o.t.s.dao.aspect.SqlDaoCallsAspect - [5489b160-ccf1-11f0-81f3-0bf1425738f5]: method: JpaAbstractDao.save(..), calls: 2, failures: 0, exec time: 26
2025-12-07 07:53:56,269 [TB-Scheduling-16] INFO  o.t.s.dao.aspect.SqlDaoCallsAspect - [5489b160-ccf1-11f0-81f3-0bf1425738f5]: method: JpaAbstractDao.findById(..), calls: 3, failures: 0, exec time: 21
2025-12-07 07:53:56,269 [TB-Scheduling-16] INFO  o.t.s.dao.aspect.SqlDaoCallsAspect - [5489b160-ccf1-11f0-81f3-0bf1425738f5]: method: JpaAlarmDao.findActiveOriginatorAlarms(..), calls: 6, failures: 0, exec time: 8
2025-12-07 07:53:56,275 [TB-Scheduling-4] INFO  o.t.s.s.queue.EdgeConsumerStats - Edge Stats: totalMsgs = [1] edgeNfs = [1] coreNfEdgeHPUpd = [0] coreNfEdgeUpd = [0] coreNfEdgeSyncReq = [0] coreNfEdgeSyncResp = [0] coreNfEdgeCompLfcl = [0] 
2025-12-07 07:53:56,275 [TB-Scheduling-10] INFO  o.t.s.c.t.s.DefaultTransportService - Transport Stats: openConnections [0]
2025-12-07 07:53:56,389 [TB-Scheduling-14] INFO  o.t.s.s.q.TbRuleEngineConsumerStats - [Main] Stats: totalMsgs = [1] successfulMsgs = [1] timeoutMsgs = [0] failedMsgs = [0] tmpTimeout = [0] tmpFailed = [0] successfulIterations = [1] failedIterations = [0] 
2025-12-07 07:53:57,916 [sql-log-2-thread-1] INFO  o.t.s.dao.sql.TbSqlBlockingQueue - Queue-1 [TS] queueSize [0] totalAdded [6] totalSaved [6] totalFailed [0]
2025-12-07 07:53:57,961 [sql-log-2-thread-1] INFO  o.t.s.dao.sql.TbSqlBlockingQueue - Queue-1 [TS Latest] queueSize [0] totalAdded [6] totalSaved [6] totalFailed [0]
2025-12-07 07:54:17,916 [sql-log-2-thread-1] INFO  o.t.s.dao.sql.TbSqlBlockingQueue - Queue-1 [TS] queueSize [0] totalAdded [11] totalSaved [11] totalFailed [0]
2025-12-07 07:54:17,961 [sql-log-2-thread-1] INFO  o.t.s.dao.sql.TbSqlBlockingQueue - Queue-1 [TS Latest] queueSize [0] totalAdded [11] totalSaved [11] totalFailed [0]
2025-12-07 07:54:42,341 [http-nio-0.0.0.0-9090-exec-4] INFO  o.t.s.c.plugin.TbWebSocketHandler - [5489b160-ccf1-11f0-81f3-0bf1425738f5][550b6480-ccf1-11f0-81f3-0bf1425738f5][6aa1100e-acc6-4339-8ac3-6decd6d540ba] Session is closed
2025-12-07 07:54:43,557 [http-nio-0.0.0.0-9090-exec-4] INFO  o.t.s.c.plugin.TbWebSocketHandler - [5489b160-ccf1-11f0-81f3-0bf1425738f5][550b6480-ccf1-11f0-81f3-0bf1425738f5][b6fb8a0d-1712-4782-915d-f86f2f6e7b5c][e7113842-c6f8-f3ab-c223-bf322f9f5449] Session established from address: /172.18.0.1:53734
2025-12-07 07:54:46,310 [TB-Scheduling-7] INFO  o.t.s.s.s.DefaultTbEntityDataSubscriptionService - Stats: regularQueryInvocationCnt = [11], regularQueryInvocationTime = [30], dynamicQueryCnt = [0] dynamicQueryInvocationCnt = [0], dynamicQueryInvocationTime = [0], alarmQueryInvocationCnt = [8], alarmQueryInvocationTime = [11]
2025-12-07 07:54:56,262 [TB-Scheduling-8] INFO  o.t.s.dao.aspect.SqlDaoCallsAspect - Total timing statistics below:
2025-12-07 07:54:56,263 [TB-Scheduling-8] INFO  o.t.s.dao.aspect.SqlDaoCallsAspect - [5489b160-ccf1-11f0-81f3-0bf1425738f5]: calls: 44, failures: 0, exec time: 116 
2025-12-07 07:54:56,263 [TB-Scheduling-8] INFO  o.t.s.dao.aspect.SqlDaoCallsAspect - [5489b160-ccf1-11f0-81f3-0bf1425738f5] Top 3 methods by timing:
2025-12-07 07:54:56,263 [TB-Scheduling-8] INFO  o.t.s.dao.aspect.SqlDaoCallsAspect - [5489b160-ccf1-11f0-81f3-0bf1425738f5]: method: JpaAlarmDao.findActiveOriginatorAlarms(..), calls: 20, failures: 0, exec time: 22
2025-12-07 07:54:56,263 [TB-Scheduling-8] INFO  o.t.s.dao.aspect.SqlDaoCallsAspect - [5489b160-ccf1-11f0-81f3-0bf1425738f5]: method: JpaNotificationDao.countUnreadByDeliveryMethodAndRecipientId(..), calls: 4, failures: 0, exec time: 21
2025-12-07 07:54:56,263 [TB-Scheduling-8] INFO  o.t.s.dao.aspect.SqlDaoCallsAspect - [5489b160-ccf1-11f0-81f3-0bf1425738f5]: method: JpaAbstractDao.findById(..), calls: 6, failures: 0, exec time: 21
2025-12-07 07:54:56,268 [TB-Scheduling-9] INFO  o.t.s.c.t.s.DefaultTransportService - Transport Stats: openConnections [0]
2025-12-07 07:54:56,308 [TB-Scheduling-4] INFO  o.t.s.s.s.DefaultTbEntityDataSubscriptionService - Stats: regularQueryInvocationCnt = [4], regularQueryInvocationTime = [11], dynamicQueryCnt = [0] dynamicQueryInvocationCnt = [0], dynamicQueryInvocationTime = [0], alarmQueryInvocationCnt = [12], alarmQueryInvocationTime = [13]
2025-12-07 07:55:04,178 [http-nio-0.0.0.0-9090-exec-5] INFO  o.t.s.c.plugin.TbWebSocketHandler - [5489b160-ccf1-11f0-81f3-0bf1425738f5][13814000-1dd2-11b2-8080-808080808080][5168cd2d-95a1-4fb6-aca8-7d54408c7e0f] Session is closed
2025-12-07 07:55:10,541 [http-nio-0.0.0.0-9090-exec-10] INFO  o.t.s.c.plugin.TbWebSocketHandler - [47ee5c56-82ca-4522-9fe9-32c026a20505] Session is closed
2025-12-07 07:55:10,587 [http-nio-0.0.0.0-9090-exec-6] INFO  o.t.s.c.plugin.TbWebSocketHandler - [5489b160-ccf1-11f0-81f3-0bf1425738f5][550b6480-ccf1-11f0-81f3-0bf1425738f5][b6fb8a0d-1712-4782-915d-f86f2f6e7b5c] Session is closed
2025-12-07 07:55:12,108 [http-nio-0.0.0.0-9090-exec-3] INFO  o.t.s.c.plugin.TbWebSocketHandler - [5489b160-ccf1-11f0-81f3-0bf1425738f5][550b6480-ccf1-11f0-81f3-0bf1425738f5][12371258-c30a-42b6-8ce0-f1c3596fccc6][b1af1a10-7946-154a-ccbc-df4676bb6dfa] Session established from address: /172.18.0.1:49284
2025-12-07 07:55:12,700 [http-nio-0.0.0.0-9090-exec-1] INFO  o.t.s.c.plugin.TbWebSocketHandler - [5489b160-ccf1-11f0-81f3-0bf1425738f5][550b6480-ccf1-11f0-81f3-0bf1425738f5][3c8629da-dd1d-43ea-8d44-9f7c0e8dc969][1a5c3d6b-ac75-aa85-a3d5-152e8db3b15f] Session established from address: /172.18.0.1:49300
2025-12-07 07:55:16,309 [TB-Scheduling-7] INFO  o.t.s.s.s.DefaultTbEntityDataSubscriptionService - Stats: regularQueryInvocationCnt = [9], regularQueryInvocationTime = [18], dynamicQueryCnt = [6] dynamicQueryInvocationCnt = [0], dynamicQueryInvocationTime = [0], alarmQueryInvocationCnt = [6], alarmQueryInvocationTime = [10]
2025-12-07 07:55:17,909 [sql-log-2-thread-1] INFO  o.t.s.dao.sql.TbSqlBlockingQueue - Queue-1 [TS] queueSize [0] totalAdded [11] totalSaved [11] totalFailed [0]
2025-12-07 07:55:17,953 [sql-log-2-thread-1] INFO  o.t.s.dao.sql.TbSqlBlockingQueue - Queue-1 [TS Latest] queueSize [0] totalAdded [11] totalSaved [11] totalFailed [0]
2025-12-07 07:55:26,306 [TB-Scheduling-3] INFO  o.t.s.s.s.DefaultTbEntityDataSubscriptionService - Stats: regularQueryInvocationCnt = [6], regularQueryInvocationTime = [15], dynamicQueryCnt = [6] dynamicQueryInvocationCnt = [0], dynamicQueryInvocationTime = [0], alarmQueryInvocationCnt = [20], alarmQueryInvocationTime = [22]
2025-12-07 07:55:36,308 [TB-Scheduling-13] INFO  o.t.s.s.s.DefaultTbEntityDataSubscriptionService - Stats: regularQueryInvocationCnt = [0], regularQueryInvocationTime = [0], dynamicQueryCnt = [6] dynamicQueryInvocationCnt = [0], dynamicQueryInvocationTime = [0], alarmQueryInvocationCnt = [0], alarmQueryInvocationTime = [0]
2025-12-07 07:55:46,309 [TB-Scheduling-2] INFO  o.t.s.s.s.DefaultTbEntityDataSubscriptionService - Stats: regularQueryInvocationCnt = [0], regularQueryInvocationTime = [0], dynamicQueryCnt = [6] dynamicQueryInvocationCnt = [0], dynamicQueryInvocationTime = [0], alarmQueryInvocationCnt = [0], alarmQueryInvocationTime = [0]
2025-12-07 07:55:56,256 [TB-Scheduling-16] INFO  o.t.s.dao.aspect.SqlDaoCallsAspect - Total timing statistics below:
2025-12-07 07:55:56,257 [TB-Scheduling-16] INFO  o.t.s.dao.aspect.SqlDaoCallsAspect - [5489b160-ccf1-11f0-81f3-0bf1425738f5]: calls: 61, failures: 0, exec time: 589 
2025-12-07 07:55:56,257 [TB-Scheduling-16] INFO  o.t.s.dao.aspect.SqlDaoCallsAspect - [5489b160-ccf1-11f0-81f3-0bf1425738f5] Top 3 methods by timing:
2025-12-07 07:55:56,257 [TB-Scheduling-16] INFO  o.t.s.dao.aspect.SqlDaoCallsAspect - [5489b160-ccf1-11f0-81f3-0bf1425738f5]: method: JpaAlarmDao.findCustomerAlarmsV2(..), calls: 1, failures: 0, exec time: 478
2025-12-07 07:55:56,257 [TB-Scheduling-16] INFO  o.t.s.dao.aspect.SqlDaoCallsAspect - [5489b160-ccf1-11f0-81f3-0bf1425738f5]: method: JpaAlarmDao.findActiveOriginatorAlarms(..), calls: 32, failures: 0, exec time: 37
2025-12-07 07:55:56,257 [TB-Scheduling-16] INFO  o.t.s.dao.aspect.SqlDaoCallsAspect - [5489b160-ccf1-11f0-81f3-0bf1425738f5]: method: JpaAbstractDao.findById(..), calls: 7, failures: 0, exec time: 20
2025-12-07 07:55:56,261 [TB-Scheduling-5] INFO  o.t.s.s.queue.EdgeConsumerStats - Edge Stats: totalMsgs = [1] edgeNfs = [1] coreNfEdgeHPUpd = [0] coreNfEdgeUpd = [0] coreNfEdgeSyncReq = [0] coreNfEdgeSyncResp = [0] coreNfEdgeCompLfcl = [0] 
2025-12-07 07:55:56,261 [TB-Scheduling-10] INFO  o.t.s.c.t.s.DefaultTransportService - Transport Stats: openConnections [0]
2025-12-07 07:55:56,306 [TB-Scheduling-9] INFO  o.t.s.s.s.DefaultTbEntityDataSubscriptionService - Stats: regularQueryInvocationCnt = [2], regularQueryInvocationTime = [4], dynamicQueryCnt = [6] dynamicQueryInvocationCnt = [0], dynamicQueryInvocationTime = [0], alarmQueryInvocationCnt = [6], alarmQueryInvocationTime = [8]
2025-12-07 07:55:56,377 [TB-Scheduling-4] INFO  o.t.s.s.q.TbRuleEngineConsumerStats - [Main] Stats: totalMsgs = [1] successfulMsgs = [1] timeoutMsgs = [0] failedMsgs = [0] tmpTimeout = [0] tmpFailed = [0] successfulIterations = [1] failedIterations = [0] 
2025-12-07 07:55:57,901 [sql-log-2-thread-1] INFO  o.t.s.dao.sql.TbSqlBlockingQueue - Queue-1 [TS] queueSize [0] totalAdded [6] totalSaved [6] totalFailed [0]
2025-12-07 07:55:57,946 [sql-log-2-thread-1] INFO  o.t.s.dao.sql.TbSqlBlockingQueue - Queue-1 [TS Latest] queueSize [0] totalAdded [6] totalSaved [6] totalFailed [0]
2025-12-07 07:56:06,306 [TB-Scheduling-11] INFO  o.t.s.s.s.DefaultTbEntityDataSubscriptionService - Stats: regularQueryInvocationCnt = [0], regularQueryInvocationTime = [0], dynamicQueryCnt = [6] dynamicQueryInvocationCnt = [0], dynamicQueryInvocationTime = [0], alarmQueryInvocationCnt = [0], alarmQueryInvocationTime = [0]
2025-12-07 07:56:16,307 [TB-Scheduling-2] INFO  o.t.s.s.s.DefaultTbEntityDataSubscriptionService - Stats: regularQueryInvocationCnt = [0], regularQueryInvocationTime = [0], dynamicQueryCnt = [6] dynamicQueryInvocationCnt = [6], dynamicQueryInvocationTime = [18], alarmQueryInvocationCnt = [0], alarmQueryInvocationTime = [0]
2025-12-07 07:56:17,228 [sql-log-2-thread-1] INFO  o.t.s.dao.sql.TbSqlBlockingQueue - Queue-0 [Attributes] queueSize [0] totalAdded [2] totalSaved [2] totalFailed [0]
2025-12-07 07:56:17,901 [sql-log-2-thread-1] INFO  o.t.s.dao.sql.TbSqlBlockingQueue - Queue-1 [TS] queueSize [0] totalAdded [11] totalSaved [11] totalFailed [0]
2025-12-07 07:56:17,946 [sql-log-2-thread-1] INFO  o.t.s.dao.sql.TbSqlBlockingQueue - Queue-1 [TS Latest] queueSize [0] totalAdded [11] totalSaved [11] totalFailed [0]
2025-12-07 07:56:26,305 [TB-Scheduling-7] INFO  o.t.s.s.s.DefaultTbEntityDataSubscriptionService - Stats: regularQueryInvocationCnt = [0], regularQueryInvocationTime = [0], dynamicQueryCnt = [6] dynamicQueryInvocationCnt = [0], dynamicQueryInvocationTime = [0], alarmQueryInvocationCnt = [0], alarmQueryInvocationTime = [0]
2025-12-07 07:56:36,306 [TB-Scheduling-4] INFO  o.t.s.s.s.DefaultTbEntityDataSubscriptionService - Stats: regularQueryInvocationCnt = [0], regularQueryInvocationTime = [0], dynamicQueryCnt = [6] dynamicQueryInvocationCnt = [0], dynamicQueryInvocationTime = [0], alarmQueryInvocationCnt = [0], alarmQueryInvocationTime = [0]
2025-12-07 07:56:46,307 [TB-Scheduling-13] INFO  o.t.s.s.s.DefaultTbEntityDataSubscriptionService - Stats: regularQueryInvocationCnt = [0], regularQueryInvocationTime = [0], dynamicQueryCnt = [6] dynamicQueryInvocationCnt = [0], dynamicQueryInvocationTime = [0], alarmQueryInvocationCnt = [0], alarmQueryInvocationTime = [0]
2025-12-07 07:56:56,251 [TB-Scheduling-16] INFO  o.t.s.dao.aspect.SqlDaoCallsAspect - Total timing statistics below:
2025-12-07 07:56:56,252 [TB-Scheduling-16] INFO  o.t.s.dao.aspect.SqlDaoCallsAspect - [5489b160-ccf1-11f0-81f3-0bf1425738f5]: calls: 5, failures: 0, exec time: 42 
2025-12-07 07:56:56,252 [TB-Scheduling-16] INFO  o.t.s.dao.aspect.SqlDaoCallsAspect - [5489b160-ccf1-11f0-81f3-0bf1425738f5] Top 3 methods by timing:
2025-12-07 07:56:56,252 [TB-Scheduling-16] INFO  o.t.s.dao.aspect.SqlDaoCallsAspect - [5489b160-ccf1-11f0-81f3-0bf1425738f5]: method: JpaAttributeDao.save(..), calls: 2, failures: 0, exec time: 35
2025-12-07 07:56:56,252 [TB-Scheduling-16] INFO  o.t.s.dao.aspect.SqlDaoCallsAspect - [5489b160-ccf1-11f0-81f3-0bf1425738f5]: method: JpaAlarmDao.countAlarmsByQuery(..), calls: 3, failures: 0, exec time: 7
2025-12-07 07:56:56,255 [TB-Scheduling-14] INFO  o.t.s.c.t.s.DefaultTransportService - Transport Stats: openConnections [0]
2025-12-07 07:56:56,304 [TB-Scheduling-5] INFO  o.t.s.s.s.DefaultTbEntityDataSubscriptionService - Stats: regularQueryInvocationCnt = [0], regularQueryInvocationTime = [0], dynamicQueryCnt = [6] dynamicQueryInvocationCnt = [0], dynamicQueryInvocationTime = [0], alarmQueryInvocationCnt = [0], alarmQueryInvocationTime = [0]
2025-12-07 07:56:56,371 [TB-Scheduling-1] INFO  o.t.s.s.q.TbRuleEngineConsumerStats - [Main] Stats: totalMsgs = [1] successfulMsgs = [1] timeoutMsgs = [0] failedMsgs = [0] tmpTimeout = [0] tmpFailed = [0] successfulIterations = [1] failedIterations = [0] 
2025-12-07 07:56:57,894 [sql-log-2-thread-1] INFO  o.t.s.dao.sql.TbSqlBlockingQueue - Queue-1 [TS] queueSize [0] totalAdded [6] totalSaved [6] totalFailed [0]
2025-12-07 07:56:57,939 [sql-log-2-thread-1] INFO  o.t.s.dao.sql.TbSqlBlockingQueue - Queue-1 [TS Latest] queueSize [0] totalAdded [6] totalSaved [6] totalFailed [0]
2025-12-07 07:57:06,304 [TB-Scheduling-4] INFO  o.t.s.s.s.DefaultTbEntityDataSubscriptionService - Stats: regularQueryInvocationCnt = [0], regularQueryInvocationTime = [0], dynamicQueryCnt = [6] dynamicQueryInvocationCnt = [0], dynamicQueryInvocationTime = [0], alarmQueryInvocationCnt = [0], alarmQueryInvocationTime = [0]
2025-12-07 07:57:16,305 [TB-Scheduling-13] INFO  o.t.s.s.s.DefaultTbEntityDataSubscriptionService - Stats: regularQueryInvocationCnt = [0], regularQueryInvocationTime = [0], dynamicQueryCnt = [6] dynamicQueryInvocationCnt = [6], dynamicQueryInvocationTime = [10], alarmQueryInvocationCnt = [0], alarmQueryInvocationTime = [0]
2025-12-07 07:57:17,894 [sql-log-2-thread-1] INFO  o.t.s.dao.sql.TbSqlBlockingQueue - Queue-1 [TS] queueSize [0] totalAdded [11] totalSaved [11] totalFailed [0]
2025-12-07 07:57:17,939 [sql-log-2-thread-1] INFO  o.t.s.dao.sql.TbSqlBlockingQueue - Queue-1 [TS Latest] queueSize [0] totalAdded [11] totalSaved [11] totalFailed [0]
2025-12-07 07:57:26,303 [TB-Scheduling-10] INFO  o.t.s.s.s.DefaultTbEntityDataSubscriptionService - Stats: regularQueryInvocationCnt = [0], regularQueryInvocationTime = [0], dynamicQueryCnt = [6] dynamicQueryInvocationCnt = [0], dynamicQueryInvocationTime = [0], alarmQueryInvocationCnt = [0], alarmQueryInvocationTime = [0]
2025-12-07 07:57:36,304 [TB-Scheduling-1] INFO  o.t.s.s.s.DefaultTbEntityDataSubscriptionService - Stats: regularQueryInvocationCnt = [0], regularQueryInvocationTime = [0], dynamicQueryCnt = [6] dynamicQueryInvocationCnt = [0], dynamicQueryInvocationTime = [0], alarmQueryInvocationCnt = [0], alarmQueryInvocationTime = [0]
2025-12-07 07:57:46,305 [TB-Scheduling-15] INFO  o.t.s.s.s.DefaultTbEntityDataSubscriptionService - Stats: regularQueryInvocationCnt = [0], regularQueryInvocationTime = [0], dynamicQueryCnt = [6] dynamicQueryInvocationCnt = [0], dynamicQueryInvocationTime = [0], alarmQueryInvocationCnt = [0], alarmQueryInvocationTime = [0]
2025-12-07 07:57:56,246 [TB-Scheduling-6] INFO  o.t.s.dao.aspect.SqlDaoCallsAspect - Total timing statistics below:
2025-12-07 07:57:56,247 [TB-Scheduling-6] INFO  o.t.s.dao.aspect.SqlDaoCallsAspect - [5489b160-ccf1-11f0-81f3-0bf1425738f5]: calls: 3, failures: 0, exec time: 5 
2025-12-07 07:57:56,247 [TB-Scheduling-6] INFO  o.t.s.dao.aspect.SqlDaoCallsAspect - [5489b160-ccf1-11f0-81f3-0bf1425738f5] Top 3 methods by timing:
2025-12-07 07:57:56,247 [TB-Scheduling-6] INFO  o.t.s.dao.aspect.SqlDaoCallsAspect - [5489b160-ccf1-11f0-81f3-0bf1425738f5]: method: JpaAlarmDao.countAlarmsByQuery(..), calls: 3, failures: 0, exec time: 5
2025-12-07 07:57:56,249 [TB-Scheduling-14] INFO  o.t.s.c.t.s.DefaultTransportService - Transport Stats: openConnections [0]
2025-12-07 07:57:56,303 [TB-Scheduling-7] INFO  o.t.s.s.s.DefaultTbEntityDataSubscriptionService - Stats: regularQueryInvocationCnt = [0], regularQueryInvocationTime = [0], dynamicQueryCnt = [6] dynamicQueryInvocationCnt = [0], dynamicQueryInvocationTime = [0], alarmQueryInvocationCnt = [0], alarmQueryInvocationTime = [0]
2025-12-07 07:58:06,304 [TB-Scheduling-1] INFO  o.t.s.s.s.DefaultTbEntityDataSubscriptionService - Stats: regularQueryInvocationCnt = [0], regularQueryInvocationTime = [0], dynamicQueryCnt = [6] dynamicQueryInvocationCnt = [0], dynamicQueryInvocationTime = [0], alarmQueryInvocationCnt = [0], alarmQueryInvocationTime = [0]
2025-12-07 07:58:16,305 [TB-Scheduling-15] INFO  o.t.s.s.s.DefaultTbEntityDataSubscriptionService - Stats: regularQueryInvocationCnt = [0], regularQueryInvocationTime = [0], dynamicQueryCnt = [6] dynamicQueryInvocationCnt = [6], dynamicQueryInvocationTime = [8], alarmQueryInvocationCnt = [0], alarmQueryInvocationTime = [0]
2025-12-07 07:58:17,888 [sql-log-2-thread-1] INFO  o.t.s.dao.sql.TbSqlBlockingQueue - Queue-1 [TS] queueSize [0] totalAdded [11] totalSaved [11] totalFailed [0]
2025-12-07 07:58:17,932 [sql-log-2-thread-1] INFO  o.t.s.dao.sql.TbSqlBlockingQueue - Queue-1 [TS Latest] queueSize [0] totalAdded [11] totalSaved [11] totalFailed [0]
2025-12-07 07:58:26,303 [TB-Scheduling-13] INFO  o.t.s.s.s.DefaultTbEntityDataSubscriptionService - Stats: regularQueryInvocationCnt = [0], regularQueryInvocationTime = [0], dynamicQueryCnt = [6] dynamicQueryInvocationCnt = [0], dynamicQueryInvocationTime = [0], alarmQueryInvocationCnt = [0], alarmQueryInvocationTime = [0]
2025-12-07 07:58:31,948 [TB-Scheduling-3] INFO  o.t.s.dao.sql.event.JpaBaseEventDao - Going to cleanup debug events with exp time: 1764489511944
2025-12-07 07:58:36,303 [TB-Scheduling-5] INFO  o.t.s.s.s.DefaultTbEntityDataSubscriptionService - Stats: regularQueryInvocationCnt = [0], regularQueryInvocationTime = [0], dynamicQueryCnt = [6] dynamicQueryInvocationCnt = [0], dynamicQueryInvocationTime = [0], alarmQueryInvocationCnt = [0], alarmQueryInvocationTime = [0]
2025-12-07 07:58:46,304 [TB-Scheduling-4] INFO  o.t.s.s.s.DefaultTbEntityDataSubscriptionService - Stats: regularQueryInvocationCnt = [0], regularQueryInvocationTime = [0], dynamicQueryCnt = [6] dynamicQueryInvocationCnt = [0], dynamicQueryInvocationTime = [0], alarmQueryInvocationCnt = [0], alarmQueryInvocationTime = [0]
2025-12-07 07:58:56,240 [TB-Scheduling-15] INFO  o.t.s.dao.aspect.SqlDaoCallsAspect - Total timing statistics below:
2025-12-07 07:58:56,241 [TB-Scheduling-15] INFO  o.t.s.dao.aspect.SqlDaoCallsAspect - [5489b160-ccf1-11f0-81f3-0bf1425738f5]: calls: 3, failures: 0, exec time: 5 
2025-12-07 07:58:56,241 [TB-Scheduling-15] INFO  o.t.s.dao.aspect.SqlDaoCallsAspect - [5489b160-ccf1-11f0-81f3-0bf1425738f5] Top 3 methods by timing:
2025-12-07 07:58:56,241 [TB-Scheduling-15] INFO  o.t.s.dao.aspect.SqlDaoCallsAspect - [5489b160-ccf1-11f0-81f3-0bf1425738f5]: method: JpaAlarmDao.countAlarmsByQuery(..), calls: 3, failures: 0, exec time: 5
2025-12-07 07:58:56,243 [TB-Scheduling-14] INFO  o.t.s.c.t.s.DefaultTransportService - Transport Stats: openConnections [0]
2025-12-07 07:58:56,301 [TB-Scheduling-9] INFO  o.t.s.s.s.DefaultTbEntityDataSubscriptionService - Stats: regularQueryInvocationCnt = [0], regularQueryInvocationTime = [0], dynamicQueryCnt = [6] dynamicQueryInvocationCnt = [0], dynamicQueryInvocationTime = [0], alarmQueryInvocationCnt = [0], alarmQueryInvocationTime = [0]
2025-12-07 07:59:06,302 [TB-Scheduling-12] INFO  o.t.s.s.s.DefaultTbEntityDataSubscriptionService - Stats: regularQueryInvocationCnt = [0], regularQueryInvocationTime = [0], dynamicQueryCnt = [6] dynamicQueryInvocationCnt = [0], dynamicQueryInvocationTime = [0], alarmQueryInvocationCnt = [0], alarmQueryInvocationTime = [0]
2025-12-07 07:59:16,303 [TB-Scheduling-4] INFO  o.t.s.s.s.DefaultTbEntityDataSubscriptionService - Stats: regularQueryInvocationCnt = [0], regularQueryInvocationTime = [0], dynamicQueryCnt = [6] dynamicQueryInvocationCnt = [6], dynamicQueryInvocationTime = [11], alarmQueryInvocationCnt = [0], alarmQueryInvocationTime = [0]
2025-12-07 07:59:17,880 [sql-log-2-thread-1] INFO  o.t.s.dao.sql.TbSqlBlockingQueue - Queue-1 [TS] queueSize [0] totalAdded [14] totalSaved [14] totalFailed [0]
2025-12-07 07:59:17,925 [sql-log-2-thread-1] INFO  o.t.s.dao.sql.TbSqlBlockingQueue - Queue-1 [TS Latest] queueSize [0] totalAdded [14] totalSaved [14] totalFailed [0]
2025-12-07 07:59:36,303 [TB-Scheduling-9] INFO  o.t.s.s.s.DefaultTbEntityDataSubscriptionService - Stats: regularQueryInvocationCnt = [0], regularQueryInvocationTime = [0], dynamicQueryCnt = [0] dynamicQueryInvocationCnt = [0], dynamicQueryInvocationTime = [0], alarmQueryInvocationCnt = [2], alarmQueryInvocationTime = [5]
2025-12-07 07:59:56,237 [TB-Scheduling-4] INFO  o.t.s.c.t.s.DefaultTransportService - Transport Stats: openConnections [0]
2025-12-07 07:59:56,237 [TB-Scheduling-16] INFO  o.t.s.dao.aspect.SqlDaoCallsAspect - Total timing statistics below:
2025-12-07 07:59:56,238 [TB-Scheduling-16] INFO  o.t.s.dao.aspect.SqlDaoCallsAspect - [5489b160-ccf1-11f0-81f3-0bf1425738f5]: calls: 10, failures: 0, exec time: 79 
2025-12-07 07:59:56,238 [TB-Scheduling-16] INFO  o.t.s.dao.aspect.SqlDaoCallsAspect - [5489b160-ccf1-11f0-81f3-0bf1425738f5] Top 3 methods by timing:
2025-12-07 07:59:56,238 [TB-Scheduling-16] INFO  o.t.s.dao.aspect.SqlDaoCallsAspect - [5489b160-ccf1-11f0-81f3-0bf1425738f5]: method: JpaUserSettingsDao.save(..), calls: 1, failures: 0, exec time: 30
2025-12-07 07:59:56,238 [TB-Scheduling-16] INFO  o.t.s.dao.aspect.SqlDaoCallsAspect - [5489b160-ccf1-11f0-81f3-0bf1425738f5]: method: JpaAbstractDao.findById(..), calls: 2, failures: 0, exec time: 21
2025-12-07 07:59:56,239 [TB-Scheduling-16] INFO  o.t.s.dao.aspect.SqlDaoCallsAspect - [5489b160-ccf1-11f0-81f3-0bf1425738f5]: method: JpaDashboardInfoDao.findDashboardsByTenantId(..), calls: 2, failures: 0, exec time: 18
2025-12-07 08:00:17,874 [sql-log-2-thread-1] INFO  o.t.s.dao.sql.TbSqlBlockingQueue - Queue-1 [TS] queueSize [0] totalAdded [13] totalSaved [13] totalFailed [0]
2025-12-07 08:00:17,919 [sql-log-2-thread-1] INFO  o.t.s.dao.sql.TbSqlBlockingQueue - Queue-1 [TS Latest] queueSize [0] totalAdded [13] totalSaved [13] totalFailed [0]
2025-12-07 08:00:56,233 [TB-Scheduling-15] INFO  o.t.s.c.t.s.DefaultTransportService - Transport Stats: openConnections [0]
2025-12-07 08:01:17,869 [sql-log-2-thread-1] INFO  o.t.s.dao.sql.TbSqlBlockingQueue - Queue-1 [TS] queueSize [0] totalAdded [11] totalSaved [11] totalFailed [0]
2025-12-07 08:01:17,914 [sql-log-2-thread-1] INFO  o.t.s.dao.sql.TbSqlBlockingQueue - Queue-1 [TS Latest] queueSize [0] totalAdded [11] totalSaved [11] totalFailed [0]
2025-12-07 08:01:36,299 [TB-Scheduling-4] INFO  o.t.s.s.s.DefaultTbEntityDataSubscriptionService - Stats: regularQueryInvocationCnt = [2], regularQueryInvocationTime = [7], dynamicQueryCnt = [0] dynamicQueryInvocationCnt = [0], dynamicQueryInvocationTime = [0], alarmQueryInvocationCnt = [6], alarmQueryInvocationTime = [12]
2025-12-07 08:01:46,301 [TB-Scheduling-7] INFO  o.t.s.s.s.DefaultTbEntityDataSubscriptionService - Stats: regularQueryInvocationCnt = [4], regularQueryInvocationTime = [12], dynamicQueryCnt = [0] dynamicQueryInvocationCnt = [0], dynamicQueryInvocationTime = [0], alarmQueryInvocationCnt = [12], alarmQueryInvocationTime = [14]
2025-12-07 08:01:56,227 [TB-Scheduling-11] INFO  o.t.s.s.queue.EdgeConsumerStats - Edge Stats: totalMsgs = [2] edgeNfs = [2] coreNfEdgeHPUpd = [0] coreNfEdgeUpd = [0] coreNfEdgeSyncReq = [0] coreNfEdgeSyncResp = [0] coreNfEdgeCompLfcl = [0] 
2025-12-07 08:01:56,228 [TB-Scheduling-16] INFO  o.t.s.c.t.s.DefaultTransportService - Transport Stats: openConnections [0]
2025-12-07 08:01:56,230 [TB-Scheduling-15] INFO  o.t.s.dao.aspect.SqlDaoCallsAspect - Total timing statistics below:
2025-12-07 08:01:56,230 [TB-Scheduling-15] INFO  o.t.s.dao.aspect.SqlDaoCallsAspect - [5489b160-ccf1-11f0-81f3-0bf1425738f5]: calls: 26, failures: 0, exec time: 161 
2025-12-07 08:01:56,230 [TB-Scheduling-15] INFO  o.t.s.dao.aspect.SqlDaoCallsAspect - [5489b160-ccf1-11f0-81f3-0bf1425738f5] Top 3 methods by timing:
2025-12-07 08:01:56,230 [TB-Scheduling-15] INFO  o.t.s.dao.aspect.SqlDaoCallsAspect - [5489b160-ccf1-11f0-81f3-0bf1425738f5]: method: JpaAbstractDao.save(..), calls: 4, failures: 0, exec time: 91
2025-12-07 08:01:56,230 [TB-Scheduling-15] INFO  o.t.s.dao.aspect.SqlDaoCallsAspect - [5489b160-ccf1-11f0-81f3-0bf1425738f5]: method: JpaAbstractDao.findById(..), calls: 2, failures: 0, exec time: 38
2025-12-07 08:01:56,231 [TB-Scheduling-15] INFO  o.t.s.dao.aspect.SqlDaoCallsAspect - [5489b160-ccf1-11f0-81f3-0bf1425738f5]: method: JpaAlarmDao.findActiveOriginatorAlarms(..), calls: 18, failures: 0, exec time: 25
2025-12-07 08:01:56,345 [TB-Scheduling-2] INFO  o.t.s.s.q.TbRuleEngineConsumerStats - [Main] Stats: totalMsgs = [2] successfulMsgs = [2] timeoutMsgs = [0] failedMsgs = [0] tmpTimeout = [0] tmpFailed = [0] successfulIterations = [2] failedIterations = [0] 
2025-12-07 08:01:57,864 [sql-log-2-thread-1] INFO  o.t.s.dao.sql.TbSqlBlockingQueue - Queue-1 [TS] queueSize [0] totalAdded [6] totalSaved [6] totalFailed [0]
2025-12-07 08:01:57,908 [sql-log-2-thread-1] INFO  o.t.s.dao.sql.TbSqlBlockingQueue - Queue-1 [TS Latest] queueSize [0] totalAdded [6] totalSaved [6] totalFailed [0]
2025-12-07 08:02:06,299 [TB-Scheduling-8] INFO  o.t.s.s.s.DefaultTbEntityDataSubscriptionService - Stats: regularQueryInvocationCnt = [2], regularQueryInvocationTime = [9], dynamicQueryCnt = [0] dynamicQueryInvocationCnt = [0], dynamicQueryInvocationTime = [0], alarmQueryInvocationCnt = [4], alarmQueryInvocationTime = [6]
2025-12-07 08:02:16,300 [TB-Scheduling-6] INFO  o.t.s.s.s.DefaultTbEntityDataSubscriptionService - Stats: regularQueryInvocationCnt = [1], regularQueryInvocationTime = [3], dynamicQueryCnt = [0] dynamicQueryInvocationCnt = [0], dynamicQueryInvocationTime = [0], alarmQueryInvocationCnt = [0], alarmQueryInvocationTime = [0]
2025-12-07 08:02:17,864 [sql-log-2-thread-1] INFO  o.t.s.dao.sql.TbSqlBlockingQueue - Queue-1 [TS] queueSize [0] totalAdded [11] totalSaved [11] totalFailed [0]
2025-12-07 08:02:17,908 [sql-log-2-thread-1] INFO  o.t.s.dao.sql.TbSqlBlockingQueue - Queue-1 [TS Latest] queueSize [0] totalAdded [11] totalSaved [11] totalFailed [0]
2025-12-07 08:02:36,299 [TB-Scheduling-13] INFO  o.t.s.s.s.DefaultTbEntityDataSubscriptionService - Stats: regularQueryInvocationCnt = [3], regularQueryInvocationTime = [6], dynamicQueryCnt = [0] dynamicQueryInvocationCnt = [0], dynamicQueryInvocationTime = [0], alarmQueryInvocationCnt = [6], alarmQueryInvocationTime = [8]
2025-12-07 08:02:46,299 [TB-Scheduling-8] INFO  o.t.s.s.s.DefaultTbEntityDataSubscriptionService - Stats: regularQueryInvocationCnt = [0], regularQueryInvocationTime = [0], dynamicQueryCnt = [0] dynamicQueryInvocationCnt = [0], dynamicQueryInvocationTime = [0], alarmQueryInvocationCnt = [2], alarmQueryInvocationTime = [2]
2025-12-07 08:02:56,223 [TB-Scheduling-16] INFO  o.t.s.c.t.s.DefaultTransportService - Transport Stats: openConnections [0]
2025-12-07 08:02:56,225 [TB-Scheduling-15] INFO  o.t.s.dao.aspect.SqlDaoCallsAspect - Total timing statistics below:
2025-12-07 08:02:56,225 [TB-Scheduling-15] INFO  o.t.s.dao.aspect.SqlDaoCallsAspect - [5489b160-ccf1-11f0-81f3-0bf1425738f5]: calls: 13, failures: 0, exec time: 402 
2025-12-07 08:02:56,226 [TB-Scheduling-15] INFO  o.t.s.dao.aspect.SqlDaoCallsAspect - [5489b160-ccf1-11f0-81f3-0bf1425738f5] Top 3 methods by timing:
2025-12-07 08:02:56,227 [TB-Scheduling-15] INFO  o.t.s.dao.aspect.SqlDaoCallsAspect - [5489b160-ccf1-11f0-81f3-0bf1425738f5]: method: JpaWidgetTypeDao.findWidgetTypesInfosByWidgetsBundleId(..), calls: 1, failures: 0, exec time: 386
2025-12-07 08:02:56,227 [TB-Scheduling-15] INFO  o.t.s.dao.aspect.SqlDaoCallsAspect - [5489b160-ccf1-11f0-81f3-0bf1425738f5]: method: JpaAlarmDao.findActiveOriginatorAlarms(..), calls: 12, failures: 0, exec time: 16
2025-12-07 08:03:17,857 [sql-log-2-thread-1] INFO  o.t.s.dao.sql.TbSqlBlockingQueue - Queue-1 [TS] queueSize [0] totalAdded [11] totalSaved [11] totalFailed [0]
2025-12-07 08:03:17,902 [sql-log-2-thread-1] INFO  o.t.s.dao.sql.TbSqlBlockingQueue - Queue-1 [TS Latest] queueSize [0] totalAdded [11] totalSaved [11] totalFailed [0]
2025-12-07 08:03:26,297 [TB-Scheduling-10] INFO  o.t.s.s.s.DefaultTbEntityDataSubscriptionService - Stats: regularQueryInvocationCnt = [4], regularQueryInvocationTime = [9], dynamicQueryCnt = [0] dynamicQueryInvocationCnt = [0], dynamicQueryInvocationTime = [0], alarmQueryInvocationCnt = [4], alarmQueryInvocationTime = [4]
2025-12-07 08:03:46,298 [TB-Scheduling-3] INFO  o.t.s.s.s.DefaultTbEntityDataSubscriptionService - Stats: regularQueryInvocationCnt = [1], regularQueryInvocationTime = [3], dynamicQueryCnt = [0] dynamicQueryInvocationCnt = [0], dynamicQueryInvocationTime = [0], alarmQueryInvocationCnt = [0], alarmQueryInvocationTime = [0]
2025-12-07 08:03:56,218 [TB-Scheduling-16] INFO  o.t.s.c.t.s.DefaultTransportService - Transport Stats: openConnections [0]
2025-12-07 08:03:56,222 [TB-Scheduling-15] INFO  o.t.s.dao.aspect.SqlDaoCallsAspect - Total timing statistics below:
2025-12-07 08:03:56,222 [TB-Scheduling-15] INFO  o.t.s.dao.aspect.SqlDaoCallsAspect - [5489b160-ccf1-11f0-81f3-0bf1425738f5]: calls: 11, failures: 0, exec time: 195 
2025-12-07 08:03:56,222 [TB-Scheduling-15] INFO  o.t.s.dao.aspect.SqlDaoCallsAspect - [5489b160-ccf1-11f0-81f3-0bf1425738f5] Top 3 methods by timing:
2025-12-07 08:03:56,223 [TB-Scheduling-15] INFO  o.t.s.dao.aspect.SqlDaoCallsAspect - [5489b160-ccf1-11f0-81f3-0bf1425738f5]: method: JpaWidgetTypeDao.findWidgetTypesInfosByWidgetsBundleId(..), calls: 7, failures: 0, exec time: 192
2025-12-07 08:03:56,223 [TB-Scheduling-15] INFO  o.t.s.dao.aspect.SqlDaoCallsAspect - [5489b160-ccf1-11f0-81f3-0bf1425738f5]: method: JpaAlarmDao.findActiveOriginatorAlarms(..), calls: 4, failures: 0, exec time: 3
2025-12-07 08:04:16,296 [TB-Scheduling-12] INFO  o.t.s.s.s.DefaultTbEntityDataSubscriptionService - Stats: regularQueryInvocationCnt = [1], regularQueryInvocationTime = [3], dynamicQueryCnt = [0] dynamicQueryInvocationCnt = [0], dynamicQueryInvocationTime = [0], alarmQueryInvocationCnt = [0], alarmQueryInvocationTime = [0]
2025-12-07 08:04:17,852 [sql-log-2-thread-1] INFO  o.t.s.dao.sql.TbSqlBlockingQueue - Queue-1 [TS] queueSize [0] totalAdded [5] totalSaved [5] totalFailed [0]
2025-12-07 08:04:17,897 [sql-log-2-thread-1] INFO  o.t.s.dao.sql.TbSqlBlockingQueue - Queue-1 [TS Latest] queueSize [0] totalAdded [5] totalSaved [5] totalFailed [0]
2025-12-07 08:04:27,850 [sql-log-2-thread-1] INFO  o.t.s.dao.sql.TbSqlBlockingQueue - Queue-1 [TS] queueSize [0] totalAdded [7] totalSaved [7] totalFailed [0]
2025-12-07 08:04:27,895 [sql-log-2-thread-1] INFO  o.t.s.dao.sql.TbSqlBlockingQueue - Queue-1 [TS Latest] queueSize [0] totalAdded [7] totalSaved [7] totalFailed [0]
2025-12-07 08:04:36,295 [TB-Scheduling-1] INFO  o.t.s.s.s.DefaultTbEntityDataSubscriptionService - Stats: regularQueryInvocationCnt = [4], regularQueryInvocationTime = [6], dynamicQueryCnt = [0] dynamicQueryInvocationCnt = [0], dynamicQueryInvocationTime = [0], alarmQueryInvocationCnt = [8], alarmQueryInvocationTime = [7]
2025-12-07 08:04:46,296 [TB-Scheduling-4] INFO  o.t.s.s.s.DefaultTbEntityDataSubscriptionService - Stats: regularQueryInvocationCnt = [4], regularQueryInvocationTime = [8], dynamicQueryCnt = [0] dynamicQueryInvocationCnt = [0], dynamicQueryInvocationTime = [0], alarmQueryInvocationCnt = [6], alarmQueryInvocationTime = [6]
2025-12-07 08:04:56,213 [TB-Scheduling-16] INFO  o.t.s.c.t.s.DefaultTransportService - Transport Stats: openConnections [0]
2025-12-07 08:04:56,218 [TB-Scheduling-15] INFO  o.t.s.dao.aspect.SqlDaoCallsAspect - Total timing statistics below:
2025-12-07 08:04:56,218 [TB-Scheduling-15] INFO  o.t.s.dao.aspect.SqlDaoCallsAspect - [5489b160-ccf1-11f0-81f3-0bf1425738f5]: calls: 18, failures: 0, exec time: 14 
2025-12-07 08:04:56,218 [TB-Scheduling-15] INFO  o.t.s.dao.aspect.SqlDaoCallsAspect - [5489b160-ccf1-11f0-81f3-0bf1425738f5] Top 3 methods by timing:
2025-12-07 08:04:56,219 [TB-Scheduling-15] INFO  o.t.s.dao.aspect.SqlDaoCallsAspect - [5489b160-ccf1-11f0-81f3-0bf1425738f5]: method: JpaAlarmDao.findActiveOriginatorAlarms(..), calls: 18, failures: 0, exec time: 14
2025-12-07 08:04:56,293 [TB-Scheduling-11] INFO  o.t.s.s.s.DefaultTbEntityDataSubscriptionService - Stats: regularQueryInvocationCnt = [4], regularQueryInvocationTime = [8], dynamicQueryCnt = [0] dynamicQueryInvocationCnt = [0], dynamicQueryInvocationTime = [0], alarmQueryInvocationCnt = [4], alarmQueryInvocationTime = [3]
2025-12-07 08:05:06,294 [TB-Scheduling-1] INFO  o.t.s.s.s.DefaultTbEntityDataSubscriptionService - Stats: regularQueryInvocationCnt = [8], regularQueryInvocationTime = [15], dynamicQueryCnt = [0] dynamicQueryInvocationCnt = [0], dynamicQueryInvocationTime = [0], alarmQueryInvocationCnt = [12], alarmQueryInvocationTime = [10]
2025-12-07 08:05:17,847 [sql-log-2-thread-1] INFO  o.t.s.dao.sql.TbSqlBlockingQueue - Queue-1 [TS] queueSize [0] totalAdded [4] totalSaved [4] totalFailed [0]
2025-12-07 08:05:17,892 [sql-log-2-thread-1] INFO  o.t.s.dao.sql.TbSqlBlockingQueue - Queue-1 [TS Latest] queueSize [0] totalAdded [4] totalSaved [4] totalFailed [0]
2025-12-07 08:05:27,845 [sql-log-2-thread-1] INFO  o.t.s.dao.sql.TbSqlBlockingQueue - Queue-1 [TS] queueSize [0] totalAdded [7] totalSaved [7] totalFailed [0]
2025-12-07 08:05:27,890 [sql-log-2-thread-1] INFO  o.t.s.dao.sql.TbSqlBlockingQueue - Queue-1 [TS Latest] queueSize [0] totalAdded [7] totalSaved [7] totalFailed [0]
2025-12-07 08:05:56,207 [TB-Scheduling-4] INFO  o.t.s.s.queue.EdgeConsumerStats - Edge Stats: totalMsgs = [1] edgeNfs = [1] coreNfEdgeHPUpd = [0] coreNfEdgeUpd = [0] coreNfEdgeSyncReq = [0] coreNfEdgeSyncResp = [0] coreNfEdgeCompLfcl = [0] 
2025-12-07 08:05:56,209 [TB-Scheduling-16] INFO  o.t.s.c.t.s.DefaultTransportService - Transport Stats: openConnections [0]
2025-12-07 08:05:56,214 [TB-Scheduling-6] INFO  o.t.s.dao.aspect.SqlDaoCallsAspect - Total timing statistics below:
2025-12-07 08:05:56,214 [TB-Scheduling-6] INFO  o.t.s.dao.aspect.SqlDaoCallsAspect - [5489b160-ccf1-11f0-81f3-0bf1425738f5]: calls: 16, failures: 0, exec time: 35 
2025-12-07 08:05:56,214 [TB-Scheduling-6] INFO  o.t.s.dao.aspect.SqlDaoCallsAspect - [5489b160-ccf1-11f0-81f3-0bf1425738f5] Top 3 methods by timing:
2025-12-07 08:05:56,214 [TB-Scheduling-6] INFO  o.t.s.dao.aspect.SqlDaoCallsAspect - [5489b160-ccf1-11f0-81f3-0bf1425738f5]: method: JpaAbstractDao.save(..), calls: 2, failures: 0, exec time: 19
2025-12-07 08:05:56,214 [TB-Scheduling-6] INFO  o.t.s.dao.aspect.SqlDaoCallsAspect - [5489b160-ccf1-11f0-81f3-0bf1425738f5]: method: JpaAlarmDao.findActiveOriginatorAlarms(..), calls: 12, failures: 0, exec time: 9
2025-12-07 08:05:56,214 [TB-Scheduling-6] INFO  o.t.s.dao.aspect.SqlDaoCallsAspect - [5489b160-ccf1-11f0-81f3-0bf1425738f5]: method: JpaAbstractDao.findById(..), calls: 1, failures: 0, exec time: 4
2025-12-07 08:05:56,291 [TB-Scheduling-12] INFO  o.t.s.s.s.DefaultTbEntityDataSubscriptionService - Stats: regularQueryInvocationCnt = [1], regularQueryInvocationTime = [1], dynamicQueryCnt = [0] dynamicQueryInvocationCnt = [0], dynamicQueryInvocationTime = [0], alarmQueryInvocationCnt = [0], alarmQueryInvocationTime = [0]
2025-12-07 08:05:56,327 [TB-Scheduling-2] INFO  o.t.s.s.q.TbRuleEngineConsumerStats - [Main] Stats: totalMsgs = [1] successfulMsgs = [1] timeoutMsgs = [0] failedMsgs = [0] tmpTimeout = [0] tmpFailed = [0] successfulIterations = [1] failedIterations = [0] 
2025-12-07 08:05:57,841 [sql-log-2-thread-1] INFO  o.t.s.dao.sql.TbSqlBlockingQueue - Queue-1 [TS] queueSize [0] totalAdded [6] totalSaved [6] totalFailed [0]
2025-12-07 08:05:57,886 [sql-log-2-thread-1] INFO  o.t.s.dao.sql.TbSqlBlockingQueue - Queue-1 [TS Latest] queueSize [0] totalAdded [6] totalSaved [6] totalFailed [0]
2025-12-07 08:06:06,292 [TB-Scheduling-14] INFO  o.t.s.s.s.DefaultTbEntityDataSubscriptionService - Stats: regularQueryInvocationCnt = [1], regularQueryInvocationTime = [3], dynamicQueryCnt = [0] dynamicQueryInvocationCnt = [0], dynamicQueryInvocationTime = [0], alarmQueryInvocationCnt = [0], alarmQueryInvocationTime = [0]
2025-12-07 08:06:16,292 [TB-Scheduling-13] INFO  o.t.s.s.s.DefaultTbEntityDataSubscriptionService - Stats: regularQueryInvocationCnt = [1], regularQueryInvocationTime = [3], dynamicQueryCnt = [0] dynamicQueryInvocationCnt = [0], dynamicQueryInvocationTime = [0], alarmQueryInvocationCnt = [0], alarmQueryInvocationTime = [0]
2025-12-07 08:06:17,841 [sql-log-2-thread-1] INFO  o.t.s.dao.sql.TbSqlBlockingQueue - Queue-1 [TS] queueSize [0] totalAdded [4] totalSaved [4] totalFailed [0]
2025-12-07 08:06:17,886 [sql-log-2-thread-1] INFO  o.t.s.dao.sql.TbSqlBlockingQueue - Queue-1 [TS Latest] queueSize [0] totalAdded [4] totalSaved [4] totalFailed [0]
2025-12-07 08:06:26,291 [TB-Scheduling-15] INFO  o.t.s.s.s.DefaultTbEntityDataSubscriptionService - Stats: regularQueryInvocationCnt = [1], regularQueryInvocationTime = [5], dynamicQueryCnt = [0] dynamicQueryInvocationCnt = [0], dynamicQueryInvocationTime = [0], alarmQueryInvocationCnt = [0], alarmQueryInvocationTime = [0]
2025-12-07 08:06:27,839 [sql-log-2-thread-1] INFO  o.t.s.dao.sql.TbSqlBlockingQueue - Queue-1 [TS] queueSize [0] totalAdded [7] totalSaved [7] totalFailed [0]
2025-12-07 08:06:27,884 [sql-log-2-thread-1] INFO  o.t.s.dao.sql.TbSqlBlockingQueue - Queue-1 [TS Latest] queueSize [0] totalAdded [7] totalSaved [7] totalFailed [0]
2025-12-07 08:06:56,203 [TB-Scheduling-13] INFO  o.t.s.s.queue.EdgeConsumerStats - Edge Stats: totalMsgs = [3] edgeNfs = [3] coreNfEdgeHPUpd = [0] coreNfEdgeUpd = [0] coreNfEdgeSyncReq = [0] coreNfEdgeSyncResp = [0] coreNfEdgeCompLfcl = [0] 
2025-12-07 08:06:56,204 [TB-Scheduling-4] INFO  o.t.s.c.t.s.DefaultTransportService - Transport Stats: openConnections [0]
2025-12-07 08:06:56,210 [TB-Scheduling-6] INFO  o.t.s.dao.aspect.SqlDaoCallsAspect - Total timing statistics below:
2025-12-07 08:06:56,210 [TB-Scheduling-6] INFO  o.t.s.dao.aspect.SqlDaoCallsAspect - [5489b160-ccf1-11f0-81f3-0bf1425738f5]: calls: 14, failures: 0, exec time: 78 
2025-12-07 08:06:56,210 [TB-Scheduling-6] INFO  o.t.s.dao.aspect.SqlDaoCallsAspect - [5489b160-ccf1-11f0-81f3-0bf1425738f5] Top 3 methods by timing:
2025-12-07 08:06:56,210 [TB-Scheduling-6] INFO  o.t.s.dao.aspect.SqlDaoCallsAspect - [5489b160-ccf1-11f0-81f3-0bf1425738f5]: method: JpaAbstractDao.save(..), calls: 6, failures: 0, exec time: 48
2025-12-07 08:06:56,210 [TB-Scheduling-6] INFO  o.t.s.dao.aspect.SqlDaoCallsAspect - [5489b160-ccf1-11f0-81f3-0bf1425738f5]: method: JpaAbstractDao.findById(..), calls: 3, failures: 0, exec time: 19
2025-12-07 08:06:56,211 [TB-Scheduling-6] INFO  o.t.s.dao.aspect.SqlDaoCallsAspect - [5489b160-ccf1-11f0-81f3-0bf1425738f5]: method: JpaDashboardInfoDao.findDashboardsByTenantId(..), calls: 5, failures: 0, exec time: 11
2025-12-07 08:06:56,323 [TB-Scheduling-12] INFO  o.t.s.s.q.TbRuleEngineConsumerStats - [Main] Stats: totalMsgs = [3] successfulMsgs = [3] timeoutMsgs = [0] failedMsgs = [0] tmpTimeout = [0] tmpFailed = [0] successfulIterations = [3] failedIterations = [0] 
2025-12-07 08:06:57,836 [sql-log-2-thread-1] INFO  o.t.s.dao.sql.TbSqlBlockingQueue - Queue-1 [TS] queueSize [0] totalAdded [6] totalSaved [6] totalFailed [0]
2025-12-07 08:06:57,881 [sql-log-2-thread-1] INFO  o.t.s.dao.sql.TbSqlBlockingQueue - Queue-1 [TS Latest] queueSize [0] totalAdded [6] totalSaved [6] totalFailed [0]
2025-12-07 08:07:06,290 [TB-Scheduling-10] INFO  o.t.s.s.s.DefaultTbEntityDataSubscriptionService - Stats: regularQueryInvocationCnt = [4], regularQueryInvocationTime = [8], dynamicQueryCnt = [0] dynamicQueryInvocationCnt = [0], dynamicQueryInvocationTime = [0], alarmQueryInvocationCnt = [6], alarmQueryInvocationTime = [5]
2025-12-07 08:07:17,839 [sql-log-2-thread-1] INFO  o.t.s.dao.sql.TbSqlBlockingQueue - Queue-1 [TS] queueSize [0] totalAdded [4] totalSaved [4] totalFailed [0]
2025-12-07 08:07:17,881 [sql-log-2-thread-1] INFO  o.t.s.dao.sql.TbSqlBlockingQueue - Queue-1 [TS Latest] queueSize [0] totalAdded [4] totalSaved [4] totalFailed [0]
2025-12-07 08:07:26,289 [TB-Scheduling-4] INFO  o.t.s.s.s.DefaultTbEntityDataSubscriptionService - Stats: regularQueryInvocationCnt = [1], regularQueryInvocationTime = [2], dynamicQueryCnt = [0] dynamicQueryInvocationCnt = [0], dynamicQueryInvocationTime = [0], alarmQueryInvocationCnt = [0], alarmQueryInvocationTime = [0]
2025-12-07 08:07:27,834 [sql-log-2-thread-1] INFO  o.t.s.dao.sql.TbSqlBlockingQueue - Queue-1 [TS] queueSize [0] totalAdded [7] totalSaved [7] totalFailed [0]
2025-12-07 08:07:27,879 [sql-log-2-thread-1] INFO  o.t.s.dao.sql.TbSqlBlockingQueue - Queue-1 [TS Latest] queueSize [0] totalAdded [7] totalSaved [7] totalFailed [0]
2025-12-07 08:07:36,290 [TB-Scheduling-2] INFO  o.t.s.s.s.DefaultTbEntityDataSubscriptionService - Stats: regularQueryInvocationCnt = [1], regularQueryInvocationTime = [3], dynamicQueryCnt = [0] dynamicQueryInvocationCnt = [0], dynamicQueryInvocationTime = [0], alarmQueryInvocationCnt = [0], alarmQueryInvocationTime = [0]
2025-12-07 08:07:56,199 [TB-Scheduling-1] INFO  o.t.s.s.queue.EdgeConsumerStats - Edge Stats: totalMsgs = [2] edgeNfs = [2] coreNfEdgeHPUpd = [0] coreNfEdgeUpd = [0] coreNfEdgeSyncReq = [0] coreNfEdgeSyncResp = [0] coreNfEdgeCompLfcl = [0] 
2025-12-07 08:07:56,200 [TB-Scheduling-13] INFO  o.t.s.c.t.s.DefaultTransportService - Transport Stats: openConnections [0]
2025-12-07 08:07:56,207 [TB-Scheduling-15] INFO  o.t.s.dao.aspect.SqlDaoCallsAspect - Total timing statistics below:
2025-12-07 08:07:56,207 [TB-Scheduling-15] INFO  o.t.s.dao.aspect.SqlDaoCallsAspect - [5489b160-ccf1-11f0-81f3-0bf1425738f5]: calls: 20, failures: 0, exec time: 68 
2025-12-07 08:07:56,207 [TB-Scheduling-15] INFO  o.t.s.dao.aspect.SqlDaoCallsAspect - [5489b160-ccf1-11f0-81f3-0bf1425738f5] Top 3 methods by timing:
2025-12-07 08:07:56,208 [TB-Scheduling-15] INFO  o.t.s.dao.aspect.SqlDaoCallsAspect - [5489b160-ccf1-11f0-81f3-0bf1425738f5]: method: JpaAbstractDao.save(..), calls: 4, failures: 0, exec time: 27
2025-12-07 08:07:56,208 [TB-Scheduling-15] INFO  o.t.s.dao.aspect.SqlDaoCallsAspect - [5489b160-ccf1-11f0-81f3-0bf1425738f5]: method: JpaAbstractDao.findById(..), calls: 4, failures: 0, exec time: 17
2025-12-07 08:07:56,208 [TB-Scheduling-15] INFO  o.t.s.dao.aspect.SqlDaoCallsAspect - [5489b160-ccf1-11f0-81f3-0bf1425738f5]: method: JpaDashboardInfoDao.findDashboardsByTenantId(..), calls: 3, failures: 0, exec time: 7
2025-12-07 08:07:56,320 [TB-Scheduling-16] INFO  o.t.s.s.q.TbRuleEngineConsumerStats - [Main] Stats: totalMsgs = [2] successfulMsgs = [2] timeoutMsgs = [0] failedMsgs = [0] tmpTimeout = [0] tmpFailed = [0] successfulIterations = [2] failedIterations = [0] 
2025-12-07 08:07:57,831 [sql-log-2-thread-1] INFO  o.t.s.dao.sql.TbSqlBlockingQueue - Queue-1 [TS] queueSize [0] totalAdded [6] totalSaved [6] totalFailed [0]
2025-12-07 08:07:57,876 [sql-log-2-thread-1] INFO  o.t.s.dao.sql.TbSqlBlockingQueue - Queue-1 [TS Latest] queueSize [0] totalAdded [6] totalSaved [6] totalFailed [0]
2025-12-07 08:08:17,831 [sql-log-2-thread-1] INFO  o.t.s.dao.sql.TbSqlBlockingQueue - Queue-1 [TS] queueSize [0] totalAdded [4] totalSaved [4] totalFailed [0]
2025-12-07 08:08:17,876 [sql-log-2-thread-1] INFO  o.t.s.dao.sql.TbSqlBlockingQueue - Queue-1 [TS Latest] queueSize [0] totalAdded [4] totalSaved [4] totalFailed [0]
2025-12-07 08:08:27,829 [sql-log-2-thread-1] INFO  o.t.s.dao.sql.TbSqlBlockingQueue - Queue-1 [TS] queueSize [0] totalAdded [7] totalSaved [7] totalFailed [0]
2025-12-07 08:08:27,874 [sql-log-2-thread-1] INFO  o.t.s.dao.sql.TbSqlBlockingQueue - Queue-1 [TS Latest] queueSize [0] totalAdded [7] totalSaved [7] totalFailed [0]
2025-12-07 08:08:33,580 [http-nio-0.0.0.0-9090-exec-4] INFO  o.t.s.c.plugin.TbWebSocketHandler - [5489b160-ccf1-11f0-81f3-0bf1425738f5][550b6480-ccf1-11f0-81f3-0bf1425738f5][3c8629da-dd1d-43ea-8d44-9f7c0e8dc969] Session is closed
2025-12-07 08:08:36,288 [TB-Scheduling-12] INFO  o.t.s.s.s.DefaultTbEntityDataSubscriptionService - Stats: regularQueryInvocationCnt = [2], regularQueryInvocationTime = [3], dynamicQueryCnt = [0] dynamicQueryInvocationCnt = [0], dynamicQueryInvocationTime = [0], alarmQueryInvocationCnt = [0], alarmQueryInvocationTime = [0]
2025-12-07 08:08:40,144 [http-nio-0.0.0.0-9090-exec-1] INFO  o.t.s.c.plugin.TbWebSocketHandler - [5489b160-ccf1-11f0-81f3-0bf1425738f5][13814000-1dd2-11b2-8080-808080808080][02d0160f-121e-4444-9194-67ec60148fca][0472e2b7-6e41-987b-7417-c79a85625d64] Session established from address: /172.18.0.1:40314
2025-12-07 08:08:43,540 [http-nio-0.0.0.0-9090-exec-3] INFO  o.t.s.c.plugin.TbWebSocketHandler - [5489b160-ccf1-11f0-81f3-0bf1425738f5][550b6480-ccf1-11f0-81f3-0bf1425738f5][12371258-c30a-42b6-8ce0-f1c3596fccc6] Session is closed
2025-12-07 08:08:44,723 [http-nio-0.0.0.0-9090-exec-10] INFO  o.t.s.c.plugin.TbWebSocketHandler - [5489b160-ccf1-11f0-81f3-0bf1425738f5][550b6480-ccf1-11f0-81f3-0bf1425738f5][860d7056-1e10-4608-9188-0ea9257fe033][3fb57b31-e28c-2301-376c-58208feab84c] Session established from address: /172.18.0.1:35700
2025-12-07 08:08:46,288 [TB-Scheduling-3] INFO  o.t.s.s.s.DefaultTbEntityDataSubscriptionService - Stats: regularQueryInvocationCnt = [14], regularQueryInvocationTime = [35], dynamicQueryCnt = [0] dynamicQueryInvocationCnt = [0], dynamicQueryInvocationTime = [0], alarmQueryInvocationCnt = [6], alarmQueryInvocationTime = [8]
2025-12-07 08:08:56,194 [TB-Scheduling-9] INFO  o.t.s.s.queue.EdgeConsumerStats - Edge Stats: totalMsgs = [3] edgeNfs = [3] coreNfEdgeHPUpd = [0] coreNfEdgeUpd = [0] coreNfEdgeSyncReq = [0] coreNfEdgeSyncResp = [0] coreNfEdgeCompLfcl = [0] 
2025-12-07 08:08:56,195 [TB-Scheduling-13] INFO  o.t.s.c.t.s.DefaultTransportService - Transport Stats: openConnections [0]
2025-12-07 08:08:56,203 [TB-Scheduling-6] INFO  o.t.s.dao.aspect.SqlDaoCallsAspect - Total timing statistics below:
2025-12-07 08:08:56,203 [TB-Scheduling-6] INFO  o.t.s.dao.aspect.SqlDaoCallsAspect - [5489b160-ccf1-11f0-81f3-0bf1425738f5]: calls: 62, failures: 0, exec time: 219 
2025-12-07 08:08:56,203 [TB-Scheduling-6] INFO  o.t.s.dao.aspect.SqlDaoCallsAspect - [5489b160-ccf1-11f0-81f3-0bf1425738f5] Top 3 methods by timing:
2025-12-07 08:08:56,203 [TB-Scheduling-6] INFO  o.t.s.dao.aspect.SqlDaoCallsAspect - [5489b160-ccf1-11f0-81f3-0bf1425738f5]: method: JpaAbstractDao.save(..), calls: 8, failures: 0, exec time: 49
2025-12-07 08:08:56,204 [TB-Scheduling-6] INFO  o.t.s.dao.aspect.SqlDaoCallsAspect - [5489b160-ccf1-11f0-81f3-0bf1425738f5]: method: JpaAbstractDao.findById(..), calls: 11, failures: 0, exec time: 43
2025-12-07 08:08:56,204 [TB-Scheduling-6] INFO  o.t.s.dao.aspect.SqlDaoCallsAspect - [5489b160-ccf1-11f0-81f3-0bf1425738f5]: method: JpaNotificationDao.countUnreadByDeliveryMethodAndRecipientId(..), calls: 6, failures: 0, exec time: 25
2025-12-07 08:08:56,286 [TB-Scheduling-15] INFO  o.t.s.s.s.DefaultTbEntityDataSubscriptionService - Stats: regularQueryInvocationCnt = [8], regularQueryInvocationTime = [16], dynamicQueryCnt = [0] dynamicQueryInvocationCnt = [0], dynamicQueryInvocationTime = [0], alarmQueryInvocationCnt = [14], alarmQueryInvocationTime = [18]
2025-12-07 08:08:56,316 [TB-Scheduling-4] INFO  o.t.s.s.q.TbRuleEngineConsumerStats - [Main] Stats: totalMsgs = [3] successfulMsgs = [3] timeoutMsgs = [0] failedMsgs = [0] tmpTimeout = [0] tmpFailed = [0] successfulIterations = [3] failedIterations = [0] 
2025-12-07 08:08:57,826 [sql-log-2-thread-1] INFO  o.t.s.dao.sql.TbSqlBlockingQueue - Queue-1 [TS] queueSize [0] totalAdded [6] totalSaved [6] totalFailed [0]
2025-12-07 08:08:57,871 [sql-log-2-thread-1] INFO  o.t.s.dao.sql.TbSqlBlockingQueue - Queue-1 [TS Latest] queueSize [0] totalAdded [6] totalSaved [6] totalFailed [0]
2025-12-07 08:09:06,287 [TB-Scheduling-10] INFO  o.t.s.s.s.DefaultTbEntityDataSubscriptionService - Stats: regularQueryInvocationCnt = [8], regularQueryInvocationTime = [16], dynamicQueryCnt = [0] dynamicQueryInvocationCnt = [0], dynamicQueryInvocationTime = [0], alarmQueryInvocationCnt = [10], alarmQueryInvocationTime = [16]
2025-12-07 08:09:16,288 [TB-Scheduling-3] INFO  o.t.s.s.s.DefaultTbEntityDataSubscriptionService - Stats: regularQueryInvocationCnt = [12], regularQueryInvocationTime = [25], dynamicQueryCnt = [0] dynamicQueryInvocationCnt = [0], dynamicQueryInvocationTime = [0], alarmQueryInvocationCnt = [16], alarmQueryInvocationTime = [18]
2025-12-07 08:09:17,826 [sql-log-2-thread-1] INFO  o.t.s.dao.sql.TbSqlBlockingQueue - Queue-1 [TS] queueSize [0] totalAdded [4] totalSaved [4] totalFailed [0]
2025-12-07 08:09:17,871 [sql-log-2-thread-1] INFO  o.t.s.dao.sql.TbSqlBlockingQueue - Queue-1 [TS Latest] queueSize [0] totalAdded [4] totalSaved [4] totalFailed [0]
2025-12-07 08:09:26,286 [TB-Scheduling-9] INFO  o.t.s.s.s.DefaultTbEntityDataSubscriptionService - Stats: regularQueryInvocationCnt = [4], regularQueryInvocationTime = [8], dynamicQueryCnt = [0] dynamicQueryInvocationCnt = [0], dynamicQueryInvocationTime = [0], alarmQueryInvocationCnt = [6], alarmQueryInvocationTime = [6]
2025-12-07 08:09:27,824 [sql-log-2-thread-1] INFO  o.t.s.dao.sql.TbSqlBlockingQueue - Queue-1 [TS] queueSize [0] totalAdded [7] totalSaved [7] totalFailed [0]
2025-12-07 08:09:27,869 [sql-log-2-thread-1] INFO  o.t.s.dao.sql.TbSqlBlockingQueue - Queue-1 [TS Latest] queueSize [0] totalAdded [7] totalSaved [7] totalFailed [0]
2025-12-07 08:09:36,287 [TB-Scheduling-16] INFO  o.t.s.s.s.DefaultTbEntityDataSubscriptionService - Stats: regularQueryInvocationCnt = [4], regularQueryInvocationTime = [7], dynamicQueryCnt = [0] dynamicQueryInvocationCnt = [0], dynamicQueryInvocationTime = [0], alarmQueryInvocationCnt = [8], alarmQueryInvocationTime = [9]
2025-12-07 08:09:46,288 [TB-Scheduling-12] INFO  o.t.s.s.s.DefaultTbEntityDataSubscriptionService - Stats: regularQueryInvocationCnt = [4], regularQueryInvocationTime = [8], dynamicQueryCnt = [0] dynamicQueryInvocationCnt = [0], dynamicQueryInvocationTime = [0], alarmQueryInvocationCnt = [6], alarmQueryInvocationTime = [6]
2025-12-07 08:09:56,189 [TB-Scheduling-3] INFO  o.t.s.s.queue.EdgeConsumerStats - Edge Stats: totalMsgs = [5] edgeNfs = [5] coreNfEdgeHPUpd = [0] coreNfEdgeUpd = [0] coreNfEdgeSyncReq = [0] coreNfEdgeSyncResp = [0] coreNfEdgeCompLfcl = [0] 
2025-12-07 08:09:56,190 [TB-Scheduling-3] INFO  o.t.s.c.t.s.DefaultTransportService - Transport Stats: openConnections [0]
2025-12-07 08:09:56,199 [TB-Scheduling-13] INFO  o.t.s.dao.aspect.SqlDaoCallsAspect - Total timing statistics below:
2025-12-07 08:09:56,199 [TB-Scheduling-13] INFO  o.t.s.dao.aspect.SqlDaoCallsAspect - [5489b160-ccf1-11f0-81f3-0bf1425738f5]: calls: 72, failures: 0, exec time: 198 
2025-12-07 08:09:56,199 [TB-Scheduling-13] INFO  o.t.s.dao.aspect.SqlDaoCallsAspect - [5489b160-ccf1-11f0-81f3-0bf1425738f5] Top 3 methods by timing:
2025-12-07 08:09:56,199 [TB-Scheduling-13] INFO  o.t.s.dao.aspect.SqlDaoCallsAspect - [5489b160-ccf1-11f0-81f3-0bf1425738f5]: method: JpaAbstractDao.save(..), calls: 10, failures: 0, exec time: 105
2025-12-07 08:09:56,199 [TB-Scheduling-13] INFO  o.t.s.dao.aspect.SqlDaoCallsAspect - [5489b160-ccf1-11f0-81f3-0bf1425738f5]: method: JpaAlarmDao.findActiveOriginatorAlarms(..), calls: 50, failures: 0, exec time: 53
2025-12-07 08:09:56,199 [TB-Scheduling-13] INFO  o.t.s.dao.aspect.SqlDaoCallsAspect - [5489b160-ccf1-11f0-81f3-0bf1425738f5]: method: JpaAbstractDao.findById(..), calls: 5, failures: 0, exec time: 28
2025-12-07 08:09:56,285 [TB-Scheduling-1] INFO  o.t.s.s.s.DefaultTbEntityDataSubscriptionService - Stats: regularQueryInvocationCnt = [4], regularQueryInvocationTime = [9], dynamicQueryCnt = [0] dynamicQueryInvocationCnt = [0], dynamicQueryInvocationTime = [0], alarmQueryInvocationCnt = [4], alarmQueryInvocationTime = [4]
2025-12-07 08:09:56,312 [TB-Scheduling-4] INFO  o.t.s.s.q.TbRuleEngineConsumerStats - [Main] Stats: totalMsgs = [5] successfulMsgs = [5] timeoutMsgs = [0] failedMsgs = [0] tmpTimeout = [0] tmpFailed = [0] successfulIterations = [5] failedIterations = [0] 
2025-12-07 08:09:57,821 [sql-log-2-thread-1] INFO  o.t.s.dao.sql.TbSqlBlockingQueue - Queue-1 [TS] queueSize [0] totalAdded [6] totalSaved [6] totalFailed [0]
2025-12-07 08:09:57,865 [sql-log-2-thread-1] INFO  o.t.s.dao.sql.TbSqlBlockingQueue - Queue-1 [TS Latest] queueSize [0] totalAdded [6] totalSaved [6] totalFailed [0]
2025-12-07 08:10:06,286 [TB-Scheduling-15] INFO  o.t.s.s.s.DefaultTbEntityDataSubscriptionService - Stats: regularQueryInvocationCnt = [0], regularQueryInvocationTime = [0], dynamicQueryCnt = [0] dynamicQueryInvocationCnt = [0], dynamicQueryInvocationTime = [0], alarmQueryInvocationCnt = [2], alarmQueryInvocationTime = [2]
2025-12-07 08:10:17,821 [sql-log-2-thread-1] INFO  o.t.s.dao.sql.TbSqlBlockingQueue - Queue-1 [TS] queueSize [0] totalAdded [4] totalSaved [4] totalFailed [0]
2025-12-07 08:10:17,865 [sql-log-2-thread-1] INFO  o.t.s.dao.sql.TbSqlBlockingQueue - Queue-1 [TS Latest] queueSize [0] totalAdded [4] totalSaved [4] totalFailed [0]
2025-12-07 08:10:27,819 [sql-log-2-thread-1] INFO  o.t.s.dao.sql.TbSqlBlockingQueue - Queue-1 [TS] queueSize [0] totalAdded [7] totalSaved [7] totalFailed [0]
2025-12-07 08:10:27,863 [sql-log-2-thread-1] INFO  o.t.s.dao.sql.TbSqlBlockingQueue - Queue-1 [TS Latest] queueSize [0] totalAdded [7] totalSaved [7] totalFailed [0]
2025-12-07 08:10:56,186 [TB-Scheduling-14] INFO  o.t.s.c.t.s.DefaultTransportService - Transport Stats: openConnections [0]
2025-12-07 08:10:56,195 [TB-Scheduling-5] INFO  o.t.s.dao.aspect.SqlDaoCallsAspect - Total timing statistics below:
2025-12-07 08:10:56,196 [TB-Scheduling-5] INFO  o.t.s.dao.aspect.SqlDaoCallsAspect - [5489b160-ccf1-11f0-81f3-0bf1425738f5]: calls: 2, failures: 0, exec time: 1 
2025-12-07 08:10:56,196 [TB-Scheduling-5] INFO  o.t.s.dao.aspect.SqlDaoCallsAspect - [5489b160-ccf1-11f0-81f3-0bf1425738f5] Top 3 methods by timing:
2025-12-07 08:10:56,196 [TB-Scheduling-5] INFO  o.t.s.dao.aspect.SqlDaoCallsAspect - [5489b160-ccf1-11f0-81f3-0bf1425738f5]: method: JpaAlarmDao.findActiveOriginatorAlarms(..), calls: 2, failures: 0, exec time: 1
2025-12-07 08:11:17,816 [sql-log-2-thread-1] INFO  o.t.s.dao.sql.TbSqlBlockingQueue - Queue-1 [TS] queueSize [0] totalAdded [4] totalSaved [4] totalFailed [0]
2025-12-07 08:11:17,861 [sql-log-2-thread-1] INFO  o.t.s.dao.sql.TbSqlBlockingQueue - Queue-1 [TS Latest] queueSize [0] totalAdded [4] totalSaved [4] totalFailed [0]
2025-12-07 08:11:27,813 [sql-log-2-thread-1] INFO  o.t.s.dao.sql.TbSqlBlockingQueue - Queue-1 [TS] queueSize [0] totalAdded [7] totalSaved [7] totalFailed [0]
2025-12-07 08:11:27,858 [sql-log-2-thread-1] INFO  o.t.s.dao.sql.TbSqlBlockingQueue - Queue-1 [TS Latest] queueSize [0] totalAdded [7] totalSaved [7] totalFailed [0]
2025-12-07 08:11:46,283 [TB-Scheduling-9] INFO  o.t.s.s.s.DefaultTbEntityDataSubscriptionService - Stats: regularQueryInvocationCnt = [0], regularQueryInvocationTime = [0], dynamicQueryCnt = [0] dynamicQueryInvocationCnt = [0], dynamicQueryInvocationTime = [0], alarmQueryInvocationCnt = [2], alarmQueryInvocationTime = [2]
2025-12-07 08:11:56,180 [TB-Scheduling-15] INFO  o.t.s.s.queue.EdgeConsumerStats - Edge Stats: totalMsgs = [2] edgeNfs = [2] coreNfEdgeHPUpd = [0] coreNfEdgeUpd = [0] coreNfEdgeSyncReq = [0] coreNfEdgeSyncResp = [0] coreNfEdgeCompLfcl = [0] 
2025-12-07 08:11:56,180 [TB-Scheduling-13] INFO  o.t.s.c.t.s.DefaultTransportService - Transport Stats: openConnections [0]
2025-12-07 08:11:56,191 [TB-Scheduling-14] INFO  o.t.s.dao.aspect.SqlDaoCallsAspect - Total timing statistics below:
2025-12-07 08:11:56,191 [TB-Scheduling-14] INFO  o.t.s.dao.aspect.SqlDaoCallsAspect - [5489b160-ccf1-11f0-81f3-0bf1425738f5]: calls: 36, failures: 0, exec time: 134 
2025-12-07 08:11:56,191 [TB-Scheduling-14] INFO  o.t.s.dao.aspect.SqlDaoCallsAspect - [5489b160-ccf1-11f0-81f3-0bf1425738f5] Top 3 methods by timing:
2025-12-07 08:11:56,191 [TB-Scheduling-14] INFO  o.t.s.dao.aspect.SqlDaoCallsAspect - [5489b160-ccf1-11f0-81f3-0bf1425738f5]: method: JpaTbResourceInfoDao.findSystemOrTenantResourceByEtag(..), calls: 5, failures: 0, exec time: 58
2025-12-07 08:11:56,191 [TB-Scheduling-14] INFO  o.t.s.dao.aspect.SqlDaoCallsAspect - [5489b160-ccf1-11f0-81f3-0bf1425738f5]: method: JpaAbstractDao.save(..), calls: 4, failures: 0, exec time: 21
2025-12-07 08:11:56,191 [TB-Scheduling-14] INFO  o.t.s.dao.aspect.SqlDaoCallsAspect - [5489b160-ccf1-11f0-81f3-0bf1425738f5]: method: JpaAbstractDao.findById(..), calls: 4, failures: 0, exec time: 18
2025-12-07 08:11:56,282 [TB-Scheduling-8] INFO  o.t.s.s.s.DefaultTbEntityDataSubscriptionService - Stats: regularQueryInvocationCnt = [16], regularQueryInvocationTime = [34], dynamicQueryCnt = [0] dynamicQueryInvocationCnt = [0], dynamicQueryInvocationTime = [0], alarmQueryInvocationCnt = [12], alarmQueryInvocationTime = [9]
2025-12-07 08:11:56,304 [TB-Scheduling-11] INFO  o.t.s.s.q.TbRuleEngineConsumerStats - [Main] Stats: totalMsgs = [2] successfulMsgs = [2] timeoutMsgs = [0] failedMsgs = [0] tmpTimeout = [0] tmpFailed = [0] successfulIterations = [2] failedIterations = [0] 
2025-12-07 08:11:57,810 [sql-log-2-thread-1] INFO  o.t.s.dao.sql.TbSqlBlockingQueue - Queue-1 [TS] queueSize [0] totalAdded [6] totalSaved [6] totalFailed [0]
2025-12-07 08:11:57,855 [sql-log-2-thread-1] INFO  o.t.s.dao.sql.TbSqlBlockingQueue - Queue-1 [TS Latest] queueSize [0] totalAdded [6] totalSaved [6] totalFailed [0]
2025-12-07 08:12:17,810 [sql-log-2-thread-1] INFO  o.t.s.dao.sql.TbSqlBlockingQueue - Queue-1 [TS] queueSize [0] totalAdded [4] totalSaved [4] totalFailed [0]
2025-12-07 08:12:17,855 [sql-log-2-thread-1] INFO  o.t.s.dao.sql.TbSqlBlockingQueue - Queue-1 [TS Latest] queueSize [0] totalAdded [4] totalSaved [4] totalFailed [0]
2025-12-07 08:12:27,808 [sql-log-2-thread-1] INFO  o.t.s.dao.sql.TbSqlBlockingQueue - Queue-1 [TS] queueSize [0] totalAdded [7] totalSaved [7] totalFailed [0]
2025-12-07 08:12:27,853 [sql-log-2-thread-1] INFO  o.t.s.dao.sql.TbSqlBlockingQueue - Queue-1 [TS Latest] queueSize [0] totalAdded [7] totalSaved [7] totalFailed [0]
2025-12-07 08:12:36,282 [TB-Scheduling-3] INFO  o.t.s.s.s.DefaultTbEntityDataSubscriptionService - Stats: regularQueryInvocationCnt = [0], regularQueryInvocationTime = [0], dynamicQueryCnt = [0] dynamicQueryInvocationCnt = [0], dynamicQueryInvocationTime = [0], alarmQueryInvocationCnt = [2], alarmQueryInvocationTime = [2]
2025-12-07 08:12:56,172 [TB-Scheduling-2] INFO  o.t.s.s.h.s.HousekeeperStatsService - Housekeeper stats: DELETE_ATTRIBUTES processed = [1] avgProcessingTime [19.0 ms], DELETE_TELEMETRY processed = [1] avgProcessingTime [4.0 ms], DELETE_EVENTS processed = [1] avgProcessingTime [449.0 ms], DELETE_ALARMS processed = [1] avgProcessingTime [82.0 ms], DELETE_CALCULATED_FIELDS processed = [1] avgProcessingTime [19.0 ms]
2025-12-07 08:12:56,177 [TB-Scheduling-12] INFO  o.t.s.s.queue.EdgeConsumerStats - Edge Stats: totalMsgs = [1] edgeNfs = [1] coreNfEdgeHPUpd = [0] coreNfEdgeUpd = [0] coreNfEdgeSyncReq = [0] coreNfEdgeSyncResp = [0] coreNfEdgeCompLfcl = [0] 
2025-12-07 08:12:56,177 [TB-Scheduling-13] INFO  o.t.s.c.t.s.DefaultTransportService - Transport Stats: openConnections [0]
2025-12-07 08:12:56,188 [TB-Scheduling-15] INFO  o.t.s.dao.aspect.SqlDaoCallsAspect - Total timing statistics below:
2025-12-07 08:12:56,188 [TB-Scheduling-15] INFO  o.t.s.dao.aspect.SqlDaoCallsAspect - [5489b160-ccf1-11f0-81f3-0bf1425738f5]: calls: 21, failures: 0, exec time: 757 
2025-12-07 08:12:56,188 [TB-Scheduling-15] INFO  o.t.s.dao.aspect.SqlDaoCallsAspect - [5489b160-ccf1-11f0-81f3-0bf1425738f5] Top 3 methods by timing:
2025-12-07 08:12:56,188 [TB-Scheduling-15] INFO  o.t.s.dao.aspect.SqlDaoCallsAspect - [5489b160-ccf1-11f0-81f3-0bf1425738f5]: method: JpaBaseEventDao.removeEvents(..), calls: 1, failures: 0, exec time: 446
2025-12-07 08:12:56,188 [TB-Scheduling-15] INFO  o.t.s.dao.aspect.SqlDaoCallsAspect - [5489b160-ccf1-11f0-81f3-0bf1425738f5]: method: JpaAbstractDao.removeById(..), calls: 1, failures: 0, exec time: 101
2025-12-07 08:12:56,188 [TB-Scheduling-15] INFO  o.t.s.dao.aspect.SqlDaoCallsAspect - [5489b160-ccf1-11f0-81f3-0bf1425738f5]: method: JpaEdgeDao.findEdgesByTenantId(..), calls: 1, failures: 0, exec time: 71
2025-12-07 08:12:56,302 [TB-Scheduling-8] INFO  o.t.s.s.q.TbRuleEngineConsumerStats - [Main] Stats: totalMsgs = [1] successfulMsgs = [1] timeoutMsgs = [0] failedMsgs = [0] tmpTimeout = [0] tmpFailed = [0] successfulIterations = [1] failedIterations = [0] 
2025-12-07 08:12:57,806 [sql-log-2-thread-1] INFO  o.t.s.dao.sql.TbSqlBlockingQueue - Queue-1 [TS] queueSize [0] totalAdded [6] totalSaved [6] totalFailed [0]
2025-12-07 08:12:57,851 [sql-log-2-thread-1] INFO  o.t.s.dao.sql.TbSqlBlockingQueue - Queue-1 [TS Latest] queueSize [0] totalAdded [6] totalSaved [6] totalFailed [0]
2025-12-07 08:13:17,806 [sql-log-2-thread-1] INFO  o.t.s.dao.sql.TbSqlBlockingQueue - Queue-1 [TS] queueSize [0] totalAdded [4] totalSaved [4] totalFailed [0]
2025-12-07 08:13:17,851 [sql-log-2-thread-1] INFO  o.t.s.dao.sql.TbSqlBlockingQueue - Queue-1 [TS Latest] queueSize [0] totalAdded [4] totalSaved [4] totalFailed [0]
2025-12-07 08:13:27,806 [sql-log-2-thread-1] INFO  o.t.s.dao.sql.TbSqlBlockingQueue - Queue-1 [TS] queueSize [0] totalAdded [7] totalSaved [7] totalFailed [0]
2025-12-07 08:13:27,847 [sql-log-2-thread-1] INFO  o.t.s.dao.sql.TbSqlBlockingQueue - Queue-1 [TS Latest] queueSize [0] totalAdded [7] totalSaved [7] totalFailed [0]
2025-12-07 08:13:56,172 [TB-Scheduling-12] INFO  o.t.s.c.t.s.DefaultTransportService - Transport Stats: openConnections [0]
2025-12-07 08:14:17,801 [sql-log-2-thread-1] INFO  o.t.s.dao.sql.TbSqlBlockingQueue - Queue-1 [TS] queueSize [0] totalAdded [4] totalSaved [4] totalFailed [0]
2025-12-07 08:14:17,846 [sql-log-2-thread-1] INFO  o.t.s.dao.sql.TbSqlBlockingQueue - Queue-1 [TS Latest] queueSize [0] totalAdded [4] totalSaved [4] totalFailed [0]
2025-12-07 08:14:37,798 [sql-log-2-thread-1] INFO  o.t.s.dao.sql.TbSqlBlockingQueue - Queue-1 [TS] queueSize [0] totalAdded [7] totalSaved [7] totalFailed [0]
2025-12-07 08:14:37,843 [sql-log-2-thread-1] INFO  o.t.s.dao.sql.TbSqlBlockingQueue - Queue-1 [TS Latest] queueSize [0] totalAdded [7] totalSaved [7] totalFailed [0]
2025-12-07 08:14:56,167 [TB-Scheduling-7] INFO  o.t.s.c.t.s.DefaultTransportService - Transport Stats: openConnections [0]
2025-12-07 08:15:16,277 [TB-Scheduling-3] INFO  o.t.s.s.s.DefaultTbEntityDataSubscriptionService - Stats: regularQueryInvocationCnt = [4], regularQueryInvocationTime = [15], dynamicQueryCnt = [0] dynamicQueryInvocationCnt = [0], dynamicQueryInvocationTime = [0], alarmQueryInvocationCnt = [4], alarmQueryInvocationTime = [17]
2025-12-07 08:15:17,795 [sql-log-2-thread-1] INFO  o.t.s.dao.sql.TbSqlBlockingQueue - Queue-1 [TS] queueSize [0] totalAdded [4] totalSaved [4] totalFailed [0]
2025-12-07 08:15:17,840 [sql-log-2-thread-1] INFO  o.t.s.dao.sql.TbSqlBlockingQueue - Queue-1 [TS Latest] queueSize [0] totalAdded [4] totalSaved [4] totalFailed [0]
2025-12-07 08:15:37,792 [sql-log-2-thread-1] INFO  o.t.s.dao.sql.TbSqlBlockingQueue - Queue-1 [TS] queueSize [0] totalAdded [7] totalSaved [7] totalFailed [0]
2025-12-07 08:15:37,837 [sql-log-2-thread-1] INFO  o.t.s.dao.sql.TbSqlBlockingQueue - Queue-1 [TS Latest] queueSize [0] totalAdded [7] totalSaved [7] totalFailed [0]
2025-12-07 08:15:56,163 [TB-Scheduling-9] INFO  o.t.s.c.t.s.DefaultTransportService - Transport Stats: openConnections [0]
2025-12-07 08:15:56,174 [TB-Scheduling-11] INFO  o.t.s.dao.aspect.SqlDaoCallsAspect - Total timing statistics below:
2025-12-07 08:15:56,174 [TB-Scheduling-11] INFO  o.t.s.dao.aspect.SqlDaoCallsAspect - [5489b160-ccf1-11f0-81f3-0bf1425738f5]: calls: 4, failures: 0, exec time: 17 
2025-12-07 08:15:56,174 [TB-Scheduling-11] INFO  o.t.s.dao.aspect.SqlDaoCallsAspect - [5489b160-ccf1-11f0-81f3-0bf1425738f5] Top 3 methods by timing:
2025-12-07 08:15:56,175 [TB-Scheduling-11] INFO  o.t.s.dao.aspect.SqlDaoCallsAspect - [5489b160-ccf1-11f0-81f3-0bf1425738f5]: method: JpaAlarmDao.findActiveOriginatorAlarms(..), calls: 4, failures: 0, exec time: 17
2025-12-07 08:16:17,790 [sql-log-2-thread-1] INFO  o.t.s.dao.sql.TbSqlBlockingQueue - Queue-1 [TS] queueSize [0] totalAdded [4] totalSaved [4] totalFailed [0]
2025-12-07 08:16:17,835 [sql-log-2-thread-1] INFO  o.t.s.dao.sql.TbSqlBlockingQueue - Queue-1 [TS Latest] queueSize [0] totalAdded [4] totalSaved [4] totalFailed [0]
2025-12-07 08:16:37,788 [sql-log-2-thread-1] INFO  o.t.s.dao.sql.TbSqlBlockingQueue - Queue-1 [TS] queueSize [0] totalAdded [7] totalSaved [7] totalFailed [0]
2025-12-07 08:16:37,833 [sql-log-2-thread-1] INFO  o.t.s.dao.sql.TbSqlBlockingQueue - Queue-1 [TS Latest] queueSize [0] totalAdded [7] totalSaved [7] totalFailed [0]
2025-12-07 08:16:56,158 [TB-Scheduling-11] INFO  o.t.s.c.t.s.DefaultTransportService - Transport Stats: openConnections [0]
2025-12-07 08:17:17,785 [sql-log-2-thread-1] INFO  o.t.s.dao.sql.TbSqlBlockingQueue - Queue-1 [TS] queueSize [0] totalAdded [4] totalSaved [4] totalFailed [0]
2025-12-07 08:17:17,830 [sql-log-2-thread-1] INFO  o.t.s.dao.sql.TbSqlBlockingQueue - Queue-1 [TS Latest] queueSize [0] totalAdded [4] totalSaved [4] totalFailed [0]
2025-12-07 08:17:36,270 [TB-Scheduling-14] INFO  o.t.s.s.s.DefaultTbEntityDataSubscriptionService - Stats: regularQueryInvocationCnt = [4], regularQueryInvocationTime = [14], dynamicQueryCnt = [0] dynamicQueryInvocationCnt = [0], dynamicQueryInvocationTime = [0], alarmQueryInvocationCnt = [8], alarmQueryInvocationTime = [6]
2025-12-07 08:17:37,783 [sql-log-2-thread-1] INFO  o.t.s.dao.sql.TbSqlBlockingQueue - Queue-1 [TS] queueSize [0] totalAdded [7] totalSaved [7] totalFailed [0]
2025-12-07 08:17:37,828 [sql-log-2-thread-1] INFO  o.t.s.dao.sql.TbSqlBlockingQueue - Queue-1 [TS Latest] queueSize [0] totalAdded [7] totalSaved [7] totalFailed [0]
2025-12-07 08:17:56,152 [TB-Scheduling-10] INFO  o.t.s.s.queue.EdgeConsumerStats - Edge Stats: totalMsgs = [1] edgeNfs = [1] coreNfEdgeHPUpd = [0] coreNfEdgeUpd = [0] coreNfEdgeSyncReq = [0] coreNfEdgeSyncResp = [0] coreNfEdgeCompLfcl = [0] 
2025-12-07 08:17:56,154 [TB-Scheduling-11] INFO  o.t.s.c.t.s.DefaultTransportService - Transport Stats: openConnections [0]
2025-12-07 08:17:56,165 [TB-Scheduling-9] INFO  o.t.s.dao.aspect.SqlDaoCallsAspect - Total timing statistics below:
2025-12-07 08:17:56,165 [TB-Scheduling-9] INFO  o.t.s.dao.aspect.SqlDaoCallsAspect - [5489b160-ccf1-11f0-81f3-0bf1425738f5]: calls: 14, failures: 0, exec time: 58 
2025-12-07 08:17:56,166 [TB-Scheduling-9] INFO  o.t.s.dao.aspect.SqlDaoCallsAspect - [5489b160-ccf1-11f0-81f3-0bf1425738f5] Top 3 methods by timing:
2025-12-07 08:17:56,166 [TB-Scheduling-9] INFO  o.t.s.dao.aspect.SqlDaoCallsAspect - [5489b160-ccf1-11f0-81f3-0bf1425738f5]: method: JpaWidgetTypeDao.findWidgetTypesInfosByWidgetsBundleId(..), calls: 2, failures: 0, exec time: 27
2025-12-07 08:17:56,166 [TB-Scheduling-9] INFO  o.t.s.dao.aspect.SqlDaoCallsAspect - [5489b160-ccf1-11f0-81f3-0bf1425738f5]: method: JpaAbstractDao.save(..), calls: 2, failures: 0, exec time: 15
2025-12-07 08:17:56,166 [TB-Scheduling-9] INFO  o.t.s.dao.aspect.SqlDaoCallsAspect - [5489b160-ccf1-11f0-81f3-0bf1425738f5]: method: JpaAbstractDao.findById(..), calls: 1, failures: 0, exec time: 8
2025-12-07 08:17:56,280 [TB-Scheduling-7] INFO  o.t.s.s.q.TbRuleEngineConsumerStats - [Main] Stats: totalMsgs = [1] successfulMsgs = [1] timeoutMsgs = [0] failedMsgs = [0] tmpTimeout = [0] tmpFailed = [0] successfulIterations = [1] failedIterations = [0] 
2025-12-07 08:17:57,780 [sql-log-2-thread-1] INFO  o.t.s.dao.sql.TbSqlBlockingQueue - Queue-1 [TS] queueSize [0] totalAdded [6] totalSaved [6] totalFailed [0]
2025-12-07 08:17:57,825 [sql-log-2-thread-1] INFO  o.t.s.dao.sql.TbSqlBlockingQueue - Queue-1 [TS Latest] queueSize [0] totalAdded [6] totalSaved [6] totalFailed [0]
2025-12-07 08:18:17,780 [sql-log-2-thread-1] INFO  o.t.s.dao.sql.TbSqlBlockingQueue - Queue-1 [TS] queueSize [0] totalAdded [4] totalSaved [4] totalFailed [0]
2025-12-07 08:18:17,825 [sql-log-2-thread-1] INFO  o.t.s.dao.sql.TbSqlBlockingQueue - Queue-1 [TS Latest] queueSize [0] totalAdded [4] totalSaved [4] totalFailed [0]
2025-12-07 08:18:37,778 [sql-log-2-thread-1] INFO  o.t.s.dao.sql.TbSqlBlockingQueue - Queue-1 [TS] queueSize [0] totalAdded [7] totalSaved [7] totalFailed [0]
2025-12-07 08:18:37,823 [sql-log-2-thread-1] INFO  o.t.s.dao.sql.TbSqlBlockingQueue - Queue-1 [TS Latest] queueSize [0] totalAdded [7] totalSaved [7] totalFailed [0]
2025-12-07 08:18:56,149 [TB-Scheduling-11] INFO  o.t.s.c.t.s.DefaultTransportService - Transport Stats: openConnections [0]
2025-12-07 08:18:56,161 [TB-Scheduling-10] INFO  o.t.s.dao.aspect.SqlDaoCallsAspect - Total timing statistics below:
2025-12-07 08:18:56,162 [TB-Scheduling-10] INFO  o.t.s.dao.aspect.SqlDaoCallsAspect - [5489b160-ccf1-11f0-81f3-0bf1425738f5]: calls: 1, failures: 0, exec time: 5 
2025-12-07 08:18:56,162 [TB-Scheduling-10] INFO  o.t.s.dao.aspect.SqlDaoCallsAspect - [5489b160-ccf1-11f0-81f3-0bf1425738f5] Top 3 methods by timing:
2025-12-07 08:18:56,162 [TB-Scheduling-10] INFO  o.t.s.dao.aspect.SqlDaoCallsAspect - [5489b160-ccf1-11f0-81f3-0bf1425738f5]: method: JpaWidgetTypeDao.findWidgetTypesInfosByWidgetsBundleId(..), calls: 1, failures: 0, exec time: 5
2025-12-07 08:19:17,775 [sql-log-2-thread-1] INFO  o.t.s.dao.sql.TbSqlBlockingQueue - Queue-1 [TS] queueSize [0] totalAdded [4] totalSaved [4] totalFailed [0]
2025-12-07 08:19:17,819 [sql-log-2-thread-1] INFO  o.t.s.dao.sql.TbSqlBlockingQueue - Queue-1 [TS Latest] queueSize [0] totalAdded [4] totalSaved [4] totalFailed [0]
2025-12-07 08:19:37,773 [sql-log-2-thread-1] INFO  o.t.s.dao.sql.TbSqlBlockingQueue - Queue-1 [TS] queueSize [0] totalAdded [7] totalSaved [7] totalFailed [0]
2025-12-07 08:19:37,818 [sql-log-2-thread-1] INFO  o.t.s.dao.sql.TbSqlBlockingQueue - Queue-1 [TS Latest] queueSize [0] totalAdded [7] totalSaved [7] totalFailed [0]
2025-12-07 08:19:56,145 [TB-Scheduling-2] INFO  o.t.s.c.t.s.DefaultTransportService - Transport Stats: openConnections [0]
2025-12-07 08:20:17,770 [sql-log-2-thread-1] INFO  o.t.s.dao.sql.TbSqlBlockingQueue - Queue-1 [TS] queueSize [0] totalAdded [4] totalSaved [4] totalFailed [0]
2025-12-07 08:20:17,815 [sql-log-2-thread-1] INFO  o.t.s.dao.sql.TbSqlBlockingQueue - Queue-1 [TS Latest] queueSize [0] totalAdded [4] totalSaved [4] totalFailed [0]
2025-12-07 08:20:37,767 [sql-log-2-thread-1] INFO  o.t.s.dao.sql.TbSqlBlockingQueue - Queue-1 [TS] queueSize [0] totalAdded [7] totalSaved [7] totalFailed [0]
2025-12-07 08:20:37,812 [sql-log-2-thread-1] INFO  o.t.s.dao.sql.TbSqlBlockingQueue - Queue-1 [TS Latest] queueSize [0] totalAdded [7] totalSaved [7] totalFailed [0]
2025-12-07 08:20:56,141 [TB-Scheduling-8] INFO  o.t.s.c.t.s.DefaultTransportService - Transport Stats: openConnections [0]
2025-12-07 08:21:17,765 [sql-log-2-thread-1] INFO  o.t.s.dao.sql.TbSqlBlockingQueue - Queue-1 [TS] queueSize [0] totalAdded [4] totalSaved [4] totalFailed [0]
2025-12-07 08:21:17,810 [sql-log-2-thread-1] INFO  o.t.s.dao.sql.TbSqlBlockingQueue - Queue-1 [TS Latest] queueSize [0] totalAdded [4] totalSaved [4] totalFailed [0]
2025-12-07 08:21:37,762 [sql-log-2-thread-1] INFO  o.t.s.dao.sql.TbSqlBlockingQueue - Queue-1 [TS] queueSize [0] totalAdded [7] totalSaved [7] totalFailed [0]
2025-12-07 08:21:37,807 [sql-log-2-thread-1] INFO  o.t.s.dao.sql.TbSqlBlockingQueue - Queue-1 [TS Latest] queueSize [0] totalAdded [7] totalSaved [7] totalFailed [0]
2025-12-07 08:21:56,136 [TB-Scheduling-8] INFO  o.t.s.c.t.s.DefaultTransportService - Transport Stats: openConnections [0]
2025-12-07 08:22:17,760 [sql-log-2-thread-1] INFO  o.t.s.dao.sql.TbSqlBlockingQueue - Queue-1 [TS] queueSize [0] totalAdded [4] totalSaved [4] totalFailed [0]
2025-12-07 08:22:17,805 [sql-log-2-thread-1] INFO  o.t.s.dao.sql.TbSqlBlockingQueue - Queue-1 [TS Latest] queueSize [0] totalAdded [4] totalSaved [4] totalFailed [0]
2025-12-07 08:22:37,757 [sql-log-2-thread-1] INFO  o.t.s.dao.sql.TbSqlBlockingQueue - Queue-1 [TS] queueSize [0] totalAdded [7] totalSaved [7] totalFailed [0]
2025-12-07 08:22:37,802 [sql-log-2-thread-1] INFO  o.t.s.dao.sql.TbSqlBlockingQueue - Queue-1 [TS Latest] queueSize [0] totalAdded [7] totalSaved [7] totalFailed [0]
2025-12-07 08:22:56,132 [TB-Scheduling-15] INFO  o.t.s.c.t.s.DefaultTransportService - Transport Stats: openConnections [0]
2025-12-07 08:23:17,755 [sql-log-2-thread-1] INFO  o.t.s.dao.sql.TbSqlBlockingQueue - Queue-1 [TS] queueSize [0] totalAdded [4] totalSaved [4] totalFailed [0]
2025-12-07 08:23:17,800 [sql-log-2-thread-1] INFO  o.t.s.dao.sql.TbSqlBlockingQueue - Queue-1 [TS Latest] queueSize [0] totalAdded [4] totalSaved [4] totalFailed [0]
2025-12-07 08:23:37,753 [sql-log-2-thread-1] INFO  o.t.s.dao.sql.TbSqlBlockingQueue - Queue-1 [TS] queueSize [0] totalAdded [7] totalSaved [7] totalFailed [0]
2025-12-07 08:23:37,797 [sql-log-2-thread-1] INFO  o.t.s.dao.sql.TbSqlBlockingQueue - Queue-1 [TS Latest] queueSize [0] totalAdded [7] totalSaved [7] totalFailed [0]
2025-12-07 08:23:56,128 [TB-Scheduling-15] INFO  o.t.s.c.t.s.DefaultTransportService - Transport Stats: openConnections [0]
2025-12-07 08:24:17,751 [sql-log-2-thread-1] INFO  o.t.s.dao.sql.TbSqlBlockingQueue - Queue-1 [TS] queueSize [0] totalAdded [4] totalSaved [4] totalFailed [0]
2025-12-07 08:24:17,795 [sql-log-2-thread-1] INFO  o.t.s.dao.sql.TbSqlBlockingQueue - Queue-1 [TS Latest] queueSize [0] totalAdded [4] totalSaved [4] totalFailed [0]
2025-12-07 08:24:47,749 [sql-log-2-thread-1] INFO  o.t.s.dao.sql.TbSqlBlockingQueue - Queue-1 [TS] queueSize [0] totalAdded [7] totalSaved [7] totalFailed [0]
2025-12-07 08:24:47,793 [sql-log-2-thread-1] INFO  o.t.s.dao.sql.TbSqlBlockingQueue - Queue-1 [TS Latest] queueSize [0] totalAdded [7] totalSaved [7] totalFailed [0]
2025-12-07 08:24:56,125 [TB-Scheduling-8] INFO  o.t.s.c.t.s.DefaultTransportService - Transport Stats: openConnections [0]
2025-12-07 08:25:17,746 [sql-log-2-thread-1] INFO  o.t.s.dao.sql.TbSqlBlockingQueue - Queue-1 [TS] queueSize [0] totalAdded [4] totalSaved [4] totalFailed [0]
2025-12-07 08:25:17,791 [sql-log-2-thread-1] INFO  o.t.s.dao.sql.TbSqlBlockingQueue - Queue-1 [TS Latest] queueSize [0] totalAdded [4] totalSaved [4] totalFailed [0]
2025-12-07 08:25:47,745 [sql-log-2-thread-1] INFO  o.t.s.dao.sql.TbSqlBlockingQueue - Queue-1 [TS] queueSize [0] totalAdded [7] totalSaved [7] totalFailed [0]
2025-12-07 08:25:47,790 [sql-log-2-thread-1] INFO  o.t.s.dao.sql.TbSqlBlockingQueue - Queue-1 [TS Latest] queueSize [0] totalAdded [7] totalSaved [7] totalFailed [0]
2025-12-07 08:25:56,118 [TB-Scheduling-6] INFO  o.t.s.c.t.s.DefaultTransportService - Transport Stats: openConnections [0]
2025-12-07 08:26:17,739 [sql-log-2-thread-1] INFO  o.t.s.dao.sql.TbSqlBlockingQueue - Queue-1 [TS] queueSize [0] totalAdded [4] totalSaved [4] totalFailed [0]
2025-12-07 08:26:17,784 [sql-log-2-thread-1] INFO  o.t.s.dao.sql.TbSqlBlockingQueue - Queue-1 [TS Latest] queueSize [0] totalAdded [4] totalSaved [4] totalFailed [0]
2025-12-07 08:26:47,737 [sql-log-2-thread-1] INFO  o.t.s.dao.sql.TbSqlBlockingQueue - Queue-1 [TS] queueSize [0] totalAdded [7] totalSaved [7] totalFailed [0]
2025-12-07 08:26:47,782 [sql-log-2-thread-1] INFO  o.t.s.dao.sql.TbSqlBlockingQueue - Queue-1 [TS Latest] queueSize [0] totalAdded [7] totalSaved [7] totalFailed [0]
2025-12-07 08:26:56,116 [TB-Scheduling-8] INFO  o.t.s.c.t.s.DefaultTransportService - Transport Stats: openConnections [0]
2025-12-07 08:27:17,736 [sql-log-2-thread-1] INFO  o.t.s.dao.sql.TbSqlBlockingQueue - Queue-1 [TS] queueSize [0] totalAdded [4] totalSaved [4] totalFailed [0]
2025-12-07 08:27:17,780 [sql-log-2-thread-1] INFO  o.t.s.dao.sql.TbSqlBlockingQueue - Queue-1 [TS Latest] queueSize [0] totalAdded [4] totalSaved [4] totalFailed [0]
2025-12-07 08:27:47,734 [sql-log-2-thread-1] INFO  o.t.s.dao.sql.TbSqlBlockingQueue - Queue-1 [TS] queueSize [0] totalAdded [7] totalSaved [7] totalFailed [0]
2025-12-07 08:27:47,779 [sql-log-2-thread-1] INFO  o.t.s.dao.sql.TbSqlBlockingQueue - Queue-1 [TS Latest] queueSize [0] totalAdded [7] totalSaved [7] totalFailed [0]
2025-12-07 08:27:56,113 [TB-Scheduling-4] INFO  o.t.s.c.t.s.DefaultTransportService - Transport Stats: openConnections [0]
2025-12-07 08:28:17,732 [sql-log-2-thread-1] INFO  o.t.s.dao.sql.TbSqlBlockingQueue - Queue-1 [TS] queueSize [0] totalAdded [4] totalSaved [4] totalFailed [0]
2025-12-07 08:28:17,776 [sql-log-2-thread-1] INFO  o.t.s.dao.sql.TbSqlBlockingQueue - Queue-1 [TS Latest] queueSize [0] totalAdded [4] totalSaved [4] totalFailed [0]
2025-12-07 08:28:47,729 [sql-log-2-thread-1] INFO  o.t.s.dao.sql.TbSqlBlockingQueue - Queue-1 [TS] queueSize [0] totalAdded [7] totalSaved [7] totalFailed [0]
2025-12-07 08:28:47,774 [sql-log-2-thread-1] INFO  o.t.s.dao.sql.TbSqlBlockingQueue - Queue-1 [TS Latest] queueSize [0] totalAdded [7] totalSaved [7] totalFailed [0]
2025-12-07 08:28:56,111 [TB-Scheduling-14] INFO  o.t.s.c.t.s.DefaultTransportService - Transport Stats: openConnections [0]
2025-12-07 08:29:17,728 [sql-log-2-thread-1] INFO  o.t.s.dao.sql.TbSqlBlockingQueue - Queue-1 [TS] queueSize [0] totalAdded [4] totalSaved [4] totalFailed [0]
2025-12-07 08:29:17,773 [sql-log-2-thread-1] INFO  o.t.s.dao.sql.TbSqlBlockingQueue - Queue-1 [TS Latest] queueSize [0] totalAdded [4] totalSaved [4] totalFailed [0]
2025-12-07 08:29:47,726 [sql-log-2-thread-1] INFO  o.t.s.dao.sql.TbSqlBlockingQueue - Queue-1 [TS] queueSize [0] totalAdded [7] totalSaved [7] totalFailed [0]
2025-12-07 08:29:47,771 [sql-log-2-thread-1] INFO  o.t.s.dao.sql.TbSqlBlockingQueue - Queue-1 [TS Latest] queueSize [0] totalAdded [7] totalSaved [7] totalFailed [0]
2025-12-07 08:29:56,107 [TB-Scheduling-3] INFO  o.t.s.c.t.s.DefaultTransportService - Transport Stats: openConnections [0]
2025-12-07 08:30:17,724 [sql-log-2-thread-1] INFO  o.t.s.dao.sql.TbSqlBlockingQueue - Queue-1 [TS] queueSize [0] totalAdded [4] totalSaved [4] totalFailed [0]
2025-12-07 08:30:17,769 [sql-log-2-thread-1] INFO  o.t.s.dao.sql.TbSqlBlockingQueue - Queue-1 [TS Latest] queueSize [0] totalAdded [4] totalSaved [4] totalFailed [0]
2025-12-07 08:30:47,722 [sql-log-2-thread-1] INFO  o.t.s.dao.sql.TbSqlBlockingQueue - Queue-1 [TS] queueSize [0] totalAdded [7] totalSaved [7] totalFailed [0]
2025-12-07 08:30:47,767 [sql-log-2-thread-1] INFO  o.t.s.dao.sql.TbSqlBlockingQueue - Queue-1 [TS Latest] queueSize [0] totalAdded [7] totalSaved [7] totalFailed [0]
2025-12-07 08:30:56,104 [TB-Scheduling-11] INFO  o.t.s.c.t.s.DefaultTransportService - Transport Stats: openConnections [0]
2025-12-07 08:31:17,720 [sql-log-2-thread-1] INFO  o.t.s.dao.sql.TbSqlBlockingQueue - Queue-1 [TS] queueSize [0] totalAdded [4] totalSaved [4] totalFailed [0]
2025-12-07 08:31:17,765 [sql-log-2-thread-1] INFO  o.t.s.dao.sql.TbSqlBlockingQueue - Queue-1 [TS Latest] queueSize [0] totalAdded [4] totalSaved [4] totalFailed [0]
2025-12-07 08:31:47,718 [sql-log-2-thread-1] INFO  o.t.s.dao.sql.TbSqlBlockingQueue - Queue-1 [TS] queueSize [0] totalAdded [7] totalSaved [7] totalFailed [0]
2025-12-07 08:31:47,763 [sql-log-2-thread-1] INFO  o.t.s.dao.sql.TbSqlBlockingQueue - Queue-1 [TS Latest] queueSize [0] totalAdded [7] totalSaved [7] totalFailed [0]
2025-12-07 08:31:56,102 [TB-Scheduling-7] INFO  o.t.s.c.t.s.DefaultTransportService - Transport Stats: openConnections [0]
2025-12-07 08:32:17,716 [sql-log-2-thread-1] INFO  o.t.s.dao.sql.TbSqlBlockingQueue - Queue-1 [TS] queueSize [0] totalAdded [4] totalSaved [4] totalFailed [0]
2025-12-07 08:32:17,761 [sql-log-2-thread-1] INFO  o.t.s.dao.sql.TbSqlBlockingQueue - Queue-1 [TS Latest] queueSize [0] totalAdded [4] totalSaved [4] totalFailed [0]
2025-12-07 08:32:47,713 [sql-log-2-thread-1] INFO  o.t.s.dao.sql.TbSqlBlockingQueue - Queue-1 [TS] queueSize [0] totalAdded [7] totalSaved [7] totalFailed [0]
2025-12-07 08:32:47,758 [sql-log-2-thread-1] INFO  o.t.s.dao.sql.TbSqlBlockingQueue - Queue-1 [TS Latest] queueSize [0] totalAdded [7] totalSaved [7] totalFailed [0]
2025-12-07 08:32:56,099 [TB-Scheduling-7] INFO  o.t.s.c.t.s.DefaultTransportService - Transport Stats: openConnections [0]
2025-12-07 08:33:17,712 [sql-log-2-thread-1] INFO  o.t.s.dao.sql.TbSqlBlockingQueue - Queue-1 [TS] queueSize [0] totalAdded [4] totalSaved [4] totalFailed [0]
2025-12-07 08:33:17,757 [sql-log-2-thread-1] INFO  o.t.s.dao.sql.TbSqlBlockingQueue - Queue-1 [TS Latest] queueSize [0] totalAdded [4] totalSaved [4] totalFailed [0]
2025-12-07 08:33:47,710 [sql-log-2-thread-1] INFO  o.t.s.dao.sql.TbSqlBlockingQueue - Queue-1 [TS] queueSize [0] totalAdded [7] totalSaved [7] totalFailed [0]
2025-12-07 08:33:47,755 [sql-log-2-thread-1] INFO  o.t.s.dao.sql.TbSqlBlockingQueue - Queue-1 [TS Latest] queueSize [0] totalAdded [7] totalSaved [7] totalFailed [0]
2025-12-07 08:33:56,097 [TB-Scheduling-5] INFO  o.t.s.c.t.s.DefaultTransportService - Transport Stats: openConnections [0]
2025-12-07 08:34:17,709 [sql-log-2-thread-1] INFO  o.t.s.dao.sql.TbSqlBlockingQueue - Queue-1 [TS] queueSize [0] totalAdded [4] totalSaved [4] totalFailed [0]
2025-12-07 08:34:17,753 [sql-log-2-thread-1] INFO  o.t.s.dao.sql.TbSqlBlockingQueue - Queue-1 [TS Latest] queueSize [0] totalAdded [4] totalSaved [4] totalFailed [0]
2025-12-07 08:34:56,095 [TB-Scheduling-5] INFO  o.t.s.c.t.s.DefaultTransportService - Transport Stats: openConnections [0]
2025-12-07 08:34:57,705 [sql-log-2-thread-1] INFO  o.t.s.dao.sql.TbSqlBlockingQueue - Queue-1 [TS] queueSize [0] totalAdded [7] totalSaved [7] totalFailed [0]
2025-12-07 08:34:57,750 [sql-log-2-thread-1] INFO  o.t.s.dao.sql.TbSqlBlockingQueue - Queue-1 [TS Latest] queueSize [0] totalAdded [7] totalSaved [7] totalFailed [0]
2025-12-07 08:35:17,705 [sql-log-2-thread-1] INFO  o.t.s.dao.sql.TbSqlBlockingQueue - Queue-1 [TS] queueSize [0] totalAdded [4] totalSaved [4] totalFailed [0]
2025-12-07 08:35:17,750 [sql-log-2-thread-1] INFO  o.t.s.dao.sql.TbSqlBlockingQueue - Queue-1 [TS Latest] queueSize [0] totalAdded [4] totalSaved [4] totalFailed [0]
2025-12-07 08:35:56,093 [TB-Scheduling-2] INFO  o.t.s.c.t.s.DefaultTransportService - Transport Stats: openConnections [0]
2025-12-07 08:35:57,701 [sql-log-2-thread-1] INFO  o.t.s.dao.sql.TbSqlBlockingQueue - Queue-1 [TS] queueSize [0] totalAdded [7] totalSaved [7] totalFailed [0]
2025-12-07 08:35:57,746 [sql-log-2-thread-1] INFO  o.t.s.dao.sql.TbSqlBlockingQueue - Queue-1 [TS Latest] queueSize [0] totalAdded [7] totalSaved [7] totalFailed [0]
2025-12-07 08:36:17,701 [sql-log-2-thread-1] INFO  o.t.s.dao.sql.TbSqlBlockingQueue - Queue-1 [TS] queueSize [0] totalAdded [4] totalSaved [4] totalFailed [0]
2025-12-07 08:36:17,746 [sql-log-2-thread-1] INFO  o.t.s.dao.sql.TbSqlBlockingQueue - Queue-1 [TS Latest] queueSize [0] totalAdded [4] totalSaved [4] totalFailed [0]
2025-12-07 08:36:56,090 [TB-Scheduling-6] INFO  o.t.s.c.t.s.DefaultTransportService - Transport Stats: openConnections [0]
2025-12-07 08:36:57,697 [sql-log-2-thread-1] INFO  o.t.s.dao.sql.TbSqlBlockingQueue - Queue-1 [TS] queueSize [0] totalAdded [7] totalSaved [7] totalFailed [0]
2025-12-07 08:36:57,742 [sql-log-2-thread-1] INFO  o.t.s.dao.sql.TbSqlBlockingQueue - Queue-1 [TS Latest] queueSize [0] totalAdded [7] totalSaved [7] totalFailed [0]
2025-12-07 08:37:17,697 [sql-log-2-thread-1] INFO  o.t.s.dao.sql.TbSqlBlockingQueue - Queue-1 [TS] queueSize [0] totalAdded [4] totalSaved [4] totalFailed [0]
2025-12-07 08:37:17,742 [sql-log-2-thread-1] INFO  o.t.s.dao.sql.TbSqlBlockingQueue - Queue-1 [TS Latest] queueSize [0] totalAdded [4] totalSaved [4] totalFailed [0]
2025-12-07 08:37:56,088 [TB-Scheduling-6] INFO  o.t.s.c.t.s.DefaultTransportService - Transport Stats: openConnections [0]
2025-12-07 08:37:57,694 [sql-log-2-thread-1] INFO  o.t.s.dao.sql.TbSqlBlockingQueue - Queue-1 [TS] queueSize [0] totalAdded [7] totalSaved [7] totalFailed [0]
2025-12-07 08:37:57,739 [sql-log-2-thread-1] INFO  o.t.s.dao.sql.TbSqlBlockingQueue - Queue-1 [TS Latest] queueSize [0] totalAdded [7] totalSaved [7] totalFailed [0]
2025-12-07 08:38:17,694 [sql-log-2-thread-1] INFO  o.t.s.dao.sql.TbSqlBlockingQueue - Queue-1 [TS] queueSize [0] totalAdded [4] totalSaved [4] totalFailed [0]
2025-12-07 08:38:17,739 [sql-log-2-thread-1] INFO  o.t.s.dao.sql.TbSqlBlockingQueue - Queue-1 [TS Latest] queueSize [0] totalAdded [4] totalSaved [4] totalFailed [0]
2025-12-07 08:38:56,085 [TB-Scheduling-8] INFO  o.t.s.c.t.s.DefaultTransportService - Transport Stats: openConnections [0]
2025-12-07 08:38:57,692 [sql-log-2-thread-1] INFO  o.t.s.dao.sql.TbSqlBlockingQueue - Queue-1 [TS] queueSize [0] totalAdded [7] totalSaved [7] totalFailed [0]
2025-12-07 08:38:57,734 [sql-log-2-thread-1] INFO  o.t.s.dao.sql.TbSqlBlockingQueue - Queue-1 [TS Latest] queueSize [0] totalAdded [7] totalSaved [7] totalFailed [0]
2025-12-07 08:39:17,689 [sql-log-2-thread-1] INFO  o.t.s.dao.sql.TbSqlBlockingQueue - Queue-1 [TS] queueSize [0] totalAdded [4] totalSaved [4] totalFailed [0]
2025-12-07 08:39:17,734 [sql-log-2-thread-1] INFO  o.t.s.dao.sql.TbSqlBlockingQueue - Queue-1 [TS Latest] queueSize [0] totalAdded [4] totalSaved [4] totalFailed [0]
2025-12-07 08:39:56,071 [TB-Scheduling-15] INFO  o.t.s.s.queue.EdgeConsumerStats - Edge Stats: totalMsgs = [1] edgeNfs = [1] coreNfEdgeHPUpd = [0] coreNfEdgeUpd = [0] coreNfEdgeSyncReq = [0] coreNfEdgeSyncResp = [0] coreNfEdgeCompLfcl = [0] 
2025-12-07 08:39:56,087 [TB-Scheduling-3] INFO  o.t.s.c.t.s.DefaultTransportService - Transport Stats: openConnections [0]
2025-12-07 08:39:56,089 [TB-Scheduling-10] INFO  o.t.s.dao.aspect.SqlDaoCallsAspect - Total timing statistics below:
2025-12-07 08:39:56,092 [TB-Scheduling-10] INFO  o.t.s.dao.aspect.SqlDaoCallsAspect - [5489b160-ccf1-11f0-81f3-0bf1425738f5]: calls: 8, failures: 0, exec time: 296 
2025-12-07 08:39:56,092 [TB-Scheduling-10] INFO  o.t.s.dao.aspect.SqlDaoCallsAspect - [5489b160-ccf1-11f0-81f3-0bf1425738f5] Top 3 methods by timing:
2025-12-07 08:39:56,093 [TB-Scheduling-10] INFO  o.t.s.dao.aspect.SqlDaoCallsAspect - [5489b160-ccf1-11f0-81f3-0bf1425738f5]: method: JpaAbstractDao.save(..), calls: 2, failures: 0, exec time: 125
2025-12-07 08:39:56,093 [TB-Scheduling-10] INFO  o.t.s.dao.aspect.SqlDaoCallsAspect - [5489b160-ccf1-11f0-81f3-0bf1425738f5]: method: JpaAbstractDao.findById(..), calls: 1, failures: 0, exec time: 80
2025-12-07 08:39:56,093 [TB-Scheduling-10] INFO  o.t.s.dao.aspect.SqlDaoCallsAspect - [5489b160-ccf1-11f0-81f3-0bf1425738f5]: method: JpaAlarmDao.findActiveOriginatorAlarms(..), calls: 4, failures: 0, exec time: 62
2025-12-07 08:39:56,206 [TB-Scheduling-2] INFO  o.t.s.s.q.TbRuleEngineConsumerStats - [Main] Stats: totalMsgs = [1] successfulMsgs = [1] timeoutMsgs = [0] failedMsgs = [0] tmpTimeout = [0] tmpFailed = [0] successfulIterations = [1] failedIterations = [0] 
2025-12-07 08:39:56,245 [TB-Scheduling-5] INFO  o.t.s.s.s.DefaultTbEntityDataSubscriptionService - Stats: regularQueryInvocationCnt = [4], regularQueryInvocationTime = [45], dynamicQueryCnt = [0] dynamicQueryInvocationCnt = [0], dynamicQueryInvocationTime = [0], alarmQueryInvocationCnt = [4], alarmQueryInvocationTime = [64]
2025-12-07 08:39:57,685 [sql-log-2-thread-1] INFO  o.t.s.dao.sql.TbSqlBlockingQueue - Queue-1 [TS] queueSize [0] totalAdded [13] totalSaved [13] totalFailed [0]
2025-12-07 08:39:57,730 [sql-log-2-thread-1] INFO  o.t.s.dao.sql.TbSqlBlockingQueue - Queue-1 [TS Latest] queueSize [0] totalAdded [13] totalSaved [13] totalFailed [0]
2025-12-07 08:40:17,685 [sql-log-2-thread-1] INFO  o.t.s.dao.sql.TbSqlBlockingQueue - Queue-1 [TS] queueSize [0] totalAdded [4] totalSaved [4] totalFailed [0]
2025-12-07 08:40:17,730 [sql-log-2-thread-1] INFO  o.t.s.dao.sql.TbSqlBlockingQueue - Queue-1 [TS Latest] queueSize [0] totalAdded [4] totalSaved [4] totalFailed [0]
2025-12-07 08:40:36,247 [TB-Scheduling-8] INFO  o.t.s.s.s.DefaultTbEntityDataSubscriptionService - Stats: regularQueryInvocationCnt = [0], regularQueryInvocationTime = [0], dynamicQueryCnt = [0] dynamicQueryInvocationCnt = [0], dynamicQueryInvocationTime = [0], alarmQueryInvocationCnt = [2], alarmQueryInvocationTime = [11]
2025-12-07 08:40:56,069 [TB-Scheduling-11] INFO  o.t.s.s.queue.EdgeConsumerStats - Edge Stats: totalMsgs = [1] edgeNfs = [1] coreNfEdgeHPUpd = [0] coreNfEdgeUpd = [0] coreNfEdgeSyncReq = [0] coreNfEdgeSyncResp = [0] coreNfEdgeCompLfcl = [0] 
2025-12-07 08:40:56,085 [TB-Scheduling-16] INFO  o.t.s.c.t.s.DefaultTransportService - Transport Stats: openConnections [0]
2025-12-07 08:40:56,091 [TB-Scheduling-3] INFO  o.t.s.dao.aspect.SqlDaoCallsAspect - Total timing statistics below:
2025-12-07 08:40:56,091 [TB-Scheduling-3] INFO  o.t.s.dao.aspect.SqlDaoCallsAspect - [5489b160-ccf1-11f0-81f3-0bf1425738f5]: calls: 6, failures: 0, exec time: 76 
2025-12-07 08:40:56,091 [TB-Scheduling-3] INFO  o.t.s.dao.aspect.SqlDaoCallsAspect - [5489b160-ccf1-11f0-81f3-0bf1425738f5] Top 3 methods by timing:
2025-12-07 08:40:56,092 [TB-Scheduling-3] INFO  o.t.s.dao.aspect.SqlDaoCallsAspect - [5489b160-ccf1-11f0-81f3-0bf1425738f5]: method: JpaAbstractDao.save(..), calls: 2, failures: 0, exec time: 35
2025-12-07 08:40:56,092 [TB-Scheduling-3] INFO  o.t.s.dao.aspect.SqlDaoCallsAspect - [5489b160-ccf1-11f0-81f3-0bf1425738f5]: method: JpaAbstractDao.findById(..), calls: 1, failures: 0, exec time: 19
2025-12-07 08:40:56,092 [TB-Scheduling-3] INFO  o.t.s.dao.aspect.SqlDaoCallsAspect - [5489b160-ccf1-11f0-81f3-0bf1425738f5]: method: JpaAlarmDao.findActiveOriginatorAlarms(..), calls: 2, failures: 0, exec time: 11
2025-12-07 08:40:56,211 [TB-Scheduling-5] INFO  o.t.s.s.q.TbRuleEngineConsumerStats - [Main] Stats: totalMsgs = [1] successfulMsgs = [1] timeoutMsgs = [0] failedMsgs = [0] tmpTimeout = [0] tmpFailed = [0] successfulIterations = [1] failedIterations = [0] 
2025-12-07 08:40:57,682 [sql-log-2-thread-1] INFO  o.t.s.dao.sql.TbSqlBlockingQueue - Queue-1 [TS] queueSize [0] totalAdded [13] totalSaved [13] totalFailed [0]
2025-12-07 08:40:57,727 [sql-log-2-thread-1] INFO  o.t.s.dao.sql.TbSqlBlockingQueue - Queue-1 [TS Latest] queueSize [0] totalAdded [13] totalSaved [13] totalFailed [0]
2025-12-07 08:41:17,682 [sql-log-2-thread-1] INFO  o.t.s.dao.sql.TbSqlBlockingQueue - Queue-1 [TS] queueSize [0] totalAdded [4] totalSaved [4] totalFailed [0]
2025-12-07 08:41:17,727 [sql-log-2-thread-1] INFO  o.t.s.dao.sql.TbSqlBlockingQueue - Queue-1 [TS Latest] queueSize [0] totalAdded [4] totalSaved [4] totalFailed [0]
2025-12-07 08:41:26,246 [TB-Scheduling-10] INFO  o.t.s.s.s.DefaultTbEntityDataSubscriptionService - Stats: regularQueryInvocationCnt = [1], regularQueryInvocationTime = [7], dynamicQueryCnt = [0] dynamicQueryInvocationCnt = [0], dynamicQueryInvocationTime = [0], alarmQueryInvocationCnt = [0], alarmQueryInvocationTime = [0]
2025-12-07 08:41:56,082 [TB-Scheduling-15] INFO  o.t.s.c.t.s.DefaultTransportService - Transport Stats: openConnections [0]
2025-12-07 08:41:57,678 [sql-log-2-thread-1] INFO  o.t.s.dao.sql.TbSqlBlockingQueue - Queue-1 [TS] queueSize [0] totalAdded [7] totalSaved [7] totalFailed [0]
2025-12-07 08:41:57,723 [sql-log-2-thread-1] INFO  o.t.s.dao.sql.TbSqlBlockingQueue - Queue-1 [TS Latest] queueSize [0] totalAdded [7] totalSaved [7] totalFailed [0]
2025-12-07 08:42:17,678 [sql-log-2-thread-1] INFO  o.t.s.dao.sql.TbSqlBlockingQueue - Queue-1 [TS] queueSize [0] totalAdded [4] totalSaved [4] totalFailed [0]
2025-12-07 08:42:17,723 [sql-log-2-thread-1] INFO  o.t.s.dao.sql.TbSqlBlockingQueue - Queue-1 [TS Latest] queueSize [0] totalAdded [4] totalSaved [4] totalFailed [0]
2025-12-07 08:42:46,247 [TB-Scheduling-7] INFO  o.t.s.s.s.DefaultTbEntityDataSubscriptionService - Stats: regularQueryInvocationCnt = [1], regularQueryInvocationTime = [13], dynamicQueryCnt = [0] dynamicQueryInvocationCnt = [0], dynamicQueryInvocationTime = [0], alarmQueryInvocationCnt = [0], alarmQueryInvocationTime = [0]
2025-12-07 08:42:56,079 [TB-Scheduling-16] INFO  o.t.s.c.t.s.DefaultTransportService - Transport Stats: openConnections [0]
2025-12-07 08:42:56,246 [TB-Scheduling-6] INFO  o.t.s.s.s.DefaultTbEntityDataSubscriptionService - Stats: regularQueryInvocationCnt = [2], regularQueryInvocationTime = [10], dynamicQueryCnt = [0] dynamicQueryInvocationCnt = [0], dynamicQueryInvocationTime = [0], alarmQueryInvocationCnt = [0], alarmQueryInvocationTime = [0]
2025-12-07 08:42:57,674 [sql-log-2-thread-1] INFO  o.t.s.dao.sql.TbSqlBlockingQueue - Queue-1 [TS] queueSize [0] totalAdded [7] totalSaved [7] totalFailed [0]
2025-12-07 08:42:57,719 [sql-log-2-thread-1] INFO  o.t.s.dao.sql.TbSqlBlockingQueue - Queue-1 [TS Latest] queueSize [0] totalAdded [7] totalSaved [7] totalFailed [0]
2025-12-07 08:43:17,674 [sql-log-2-thread-1] INFO  o.t.s.dao.sql.TbSqlBlockingQueue - Queue-1 [TS] queueSize [0] totalAdded [4] totalSaved [4] totalFailed [0]
2025-12-07 08:43:17,719 [sql-log-2-thread-1] INFO  o.t.s.dao.sql.TbSqlBlockingQueue - Queue-1 [TS Latest] queueSize [0] totalAdded [4] totalSaved [4] totalFailed [0]
2025-12-07 08:43:26,248 [TB-Scheduling-15] INFO  o.t.s.s.s.DefaultTbEntityDataSubscriptionService - Stats: regularQueryInvocationCnt = [1], regularQueryInvocationTime = [4], dynamicQueryCnt = [0] dynamicQueryInvocationCnt = [0], dynamicQueryInvocationTime = [0], alarmQueryInvocationCnt = [0], alarmQueryInvocationTime = [0]
2025-12-07 08:43:39,097 [subscription-scheduler-24-thread-1] INFO  o.t.s.s.s.DefaultSubscriptionManagerService - Removed 0 old entity update records.
2025-12-07 08:43:56,059 [TB-Scheduling-7] INFO  o.t.s.s.queue.EdgeConsumerStats - Edge Stats: totalMsgs = [2] edgeNfs = [2] coreNfEdgeHPUpd = [0] coreNfEdgeUpd = [0] coreNfEdgeSyncReq = [0] coreNfEdgeSyncResp = [0] coreNfEdgeCompLfcl = [0] 
2025-12-07 08:43:56,076 [TB-Scheduling-16] INFO  o.t.s.c.t.s.DefaultTransportService - Transport Stats: openConnections [0]
2025-12-07 08:43:56,082 [TB-Scheduling-11] INFO  o.t.s.dao.aspect.SqlDaoCallsAspect - Total timing statistics below:
2025-12-07 08:43:56,082 [TB-Scheduling-11] INFO  o.t.s.dao.aspect.SqlDaoCallsAspect - [5489b160-ccf1-11f0-81f3-0bf1425738f5]: calls: 8, failures: 0, exec time: 119 
2025-12-07 08:43:56,083 [TB-Scheduling-11] INFO  o.t.s.dao.aspect.SqlDaoCallsAspect - [5489b160-ccf1-11f0-81f3-0bf1425738f5] Top 3 methods by timing:
2025-12-07 08:43:56,083 [TB-Scheduling-11] INFO  o.t.s.dao.aspect.SqlDaoCallsAspect - [5489b160-ccf1-11f0-81f3-0bf1425738f5]: method: JpaAbstractDao.save(..), calls: 4, failures: 0, exec time: 90
2025-12-07 08:43:56,083 [TB-Scheduling-11] INFO  o.t.s.dao.aspect.SqlDaoCallsAspect - [5489b160-ccf1-11f0-81f3-0bf1425738f5]: method: JpaAbstractDao.findById(..), calls: 2, failures: 0, exec time: 25
2025-12-07 08:43:56,083 [TB-Scheduling-11] INFO  o.t.s.dao.aspect.SqlDaoCallsAspect - [5489b160-ccf1-11f0-81f3-0bf1425738f5]: method: JpaDashboardInfoDao.findDashboardsByTenantId(..), calls: 2, failures: 0, exec time: 4
2025-12-07 08:43:56,204 [TB-Scheduling-15] INFO  o.t.s.s.q.TbRuleEngineConsumerStats - [Main] Stats: totalMsgs = [2] successfulMsgs = [2] timeoutMsgs = [0] failedMsgs = [0] tmpTimeout = [0] tmpFailed = [0] successfulIterations = [2] failedIterations = [0] 
2025-12-07 08:43:57,671 [sql-log-2-thread-1] INFO  o.t.s.dao.sql.TbSqlBlockingQueue - Queue-1 [TS] queueSize [0] totalAdded [13] totalSaved [13] totalFailed [0]
2025-12-07 08:43:57,715 [sql-log-2-thread-1] INFO  o.t.s.dao.sql.TbSqlBlockingQueue - Queue-1 [TS Latest] queueSize [0] totalAdded [13] totalSaved [13] totalFailed [0]
2025-12-07 08:43:59,394 [tenant-dispatcher-0-1] INFO  o.t.s.d.s.i.s.SqlPartitioningRepository - Saving partition 1764806400000-1765411200000 for table stats_event
2025-12-07 08:44:04,748 [sql-log-2-thread-1] INFO  o.t.s.dao.sql.TbSqlBlockingQueue - Queue-1 [Events] queueSize [0] totalAdded [1] totalSaved [1] totalFailed [0]
2025-12-07 08:44:04,748 [sql-log-2-thread-1] INFO  o.t.s.dao.sql.TbSqlBlockingQueue - Queue-2 [Events] queueSize [0] totalAdded [3] totalSaved [3] totalFailed [0]
2025-12-07 08:44:16,247 [TB-Scheduling-9] INFO  o.t.s.s.s.DefaultTbEntityDataSubscriptionService - Stats: regularQueryInvocationCnt = [1], regularQueryInvocationTime = [2], dynamicQueryCnt = [0] dynamicQueryInvocationCnt = [0], dynamicQueryInvocationTime = [0], alarmQueryInvocationCnt = [0], alarmQueryInvocationTime = [0]
2025-12-07 08:44:17,671 [sql-log-2-thread-1] INFO  o.t.s.dao.sql.TbSqlBlockingQueue - Queue-1 [TS] queueSize [0] totalAdded [4] totalSaved [4] totalFailed [0]
2025-12-07 08:44:17,716 [sql-log-2-thread-1] INFO  o.t.s.dao.sql.TbSqlBlockingQueue - Queue-1 [TS Latest] queueSize [0] totalAdded [4] totalSaved [4] totalFailed [0]
2025-12-07 08:44:26,247 [TB-Scheduling-7] INFO  o.t.s.s.s.DefaultTbEntityDataSubscriptionService - Stats: regularQueryInvocationCnt = [4], regularQueryInvocationTime = [16], dynamicQueryCnt = [0] dynamicQueryInvocationCnt = [0], dynamicQueryInvocationTime = [0], alarmQueryInvocationCnt = [6], alarmQueryInvocationTime = [11]
2025-12-07 08:44:35,510 [http-nio-0.0.0.0-9090-exec-8] INFO  o.t.s.c.plugin.TbWebSocketHandler - [5489b160-ccf1-11f0-81f3-0bf1425738f5][550b6480-ccf1-11f0-81f3-0bf1425738f5][860d7056-1e10-4608-9188-0ea9257fe033] Session is closed
2025-12-07 08:44:40,896 [http-nio-0.0.0.0-9090-exec-7] INFO  o.t.s.c.plugin.TbWebSocketHandler - [5489b160-ccf1-11f0-81f3-0bf1425738f5][550b6480-ccf1-11f0-81f3-0bf1425738f5][f0796da7-631a-4937-9539-43da1e880208][ac4c62dd-75cf-6b2e-e116-cd27c4f2759d] Session established from address: /172.18.0.1:60746
2025-12-07 08:44:46,248 [TB-Scheduling-8] INFO  o.t.s.s.s.DefaultTbEntityDataSubscriptionService - Stats: regularQueryInvocationCnt = [8], regularQueryInvocationTime = [16], dynamicQueryCnt = [0] dynamicQueryInvocationCnt = [0], dynamicQueryInvocationTime = [0], alarmQueryInvocationCnt = [10], alarmQueryInvocationTime = [10]
2025-12-07 08:44:56,055 [TB-Scheduling-9] INFO  o.t.s.s.queue.EdgeConsumerStats - Edge Stats: totalMsgs = [2] edgeNfs = [2] coreNfEdgeHPUpd = [0] coreNfEdgeUpd = [0] coreNfEdgeSyncReq = [0] coreNfEdgeSyncResp = [0] coreNfEdgeCompLfcl = [0] 
2025-12-07 08:44:56,074 [TB-Scheduling-16] INFO  o.t.s.c.t.s.DefaultTransportService - Transport Stats: openConnections [0]
2025-12-07 08:44:56,079 [TB-Scheduling-13] INFO  o.t.s.dao.aspect.SqlDaoCallsAspect - Total timing statistics below:
2025-12-07 08:44:56,079 [TB-Scheduling-13] INFO  o.t.s.dao.aspect.SqlDaoCallsAspect - [5489b160-ccf1-11f0-81f3-0bf1425738f5]: calls: 33, failures: 0, exec time: 156 
2025-12-07 08:44:56,079 [TB-Scheduling-13] INFO  o.t.s.dao.aspect.SqlDaoCallsAspect - [5489b160-ccf1-11f0-81f3-0bf1425738f5] Top 3 methods by timing:
2025-12-07 08:44:56,079 [TB-Scheduling-13] INFO  o.t.s.dao.aspect.SqlDaoCallsAspect - [5489b160-ccf1-11f0-81f3-0bf1425738f5]: method: JpaAbstractDao.findById(..), calls: 5, failures: 0, exec time: 29
2025-12-07 08:44:56,079 [TB-Scheduling-13] INFO  o.t.s.dao.aspect.SqlDaoCallsAspect - [5489b160-ccf1-11f0-81f3-0bf1425738f5]: method: JpaNotificationDao.countUnreadByDeliveryMethodAndRecipientId(..), calls: 1, failures: 0, exec time: 29
2025-12-07 08:44:56,079 [TB-Scheduling-13] INFO  o.t.s.dao.aspect.SqlDaoCallsAspect - [5489b160-ccf1-11f0-81f3-0bf1425738f5]: method: JpaAbstractDao.save(..), calls: 4, failures: 0, exec time: 28
2025-12-07 08:44:56,200 [TB-Scheduling-7] INFO  o.t.s.s.q.TbRuleEngineConsumerStats - [Main] Stats: totalMsgs = [2] successfulMsgs = [2] timeoutMsgs = [0] failedMsgs = [0] tmpTimeout = [0] tmpFailed = [0] successfulIterations = [2] failedIterations = [0] 
2025-12-07 08:44:57,665 [sql-log-2-thread-1] INFO  o.t.s.dao.sql.TbSqlBlockingQueue - Queue-1 [TS] queueSize [0] totalAdded [6] totalSaved [6] totalFailed [0]
2025-12-07 08:44:57,710 [sql-log-2-thread-1] INFO  o.t.s.dao.sql.TbSqlBlockingQueue - Queue-1 [TS Latest] queueSize [0] totalAdded [6] totalSaved [6] totalFailed [0]
2025-12-07 08:45:07,665 [sql-log-2-thread-1] INFO  o.t.s.dao.sql.TbSqlBlockingQueue - Queue-1 [TS] queueSize [0] totalAdded [7] totalSaved [7] totalFailed [0]
2025-12-07 08:45:07,710 [sql-log-2-thread-1] INFO  o.t.s.dao.sql.TbSqlBlockingQueue - Queue-1 [TS Latest] queueSize [0] totalAdded [7] totalSaved [7] totalFailed [0]
2025-12-07 08:45:17,665 [sql-log-2-thread-1] INFO  o.t.s.dao.sql.TbSqlBlockingQueue - Queue-1 [TS] queueSize [0] totalAdded [4] totalSaved [4] totalFailed [0]
2025-12-07 08:45:17,710 [sql-log-2-thread-1] INFO  o.t.s.dao.sql.TbSqlBlockingQueue - Queue-1 [TS Latest] queueSize [0] totalAdded [4] totalSaved [4] totalFailed [0]
2025-12-07 08:45:56,072 [TB-Scheduling-14] INFO  o.t.s.c.t.s.DefaultTransportService - Transport Stats: openConnections [0]
2025-12-07 08:45:56,244 [TB-Scheduling-9] INFO  o.t.s.s.s.DefaultTbEntityDataSubscriptionService - Stats: regularQueryInvocationCnt = [2], regularQueryInvocationTime = [8], dynamicQueryCnt = [0] dynamicQueryInvocationCnt = [0], dynamicQueryInvocationTime = [0], alarmQueryInvocationCnt = [0], alarmQueryInvocationTime = [0]
2025-12-07 08:46:06,245 [TB-Scheduling-7] INFO  o.t.s.s.s.DefaultTbEntityDataSubscriptionService - Stats: regularQueryInvocationCnt = [1], regularQueryInvocationTime = [4], dynamicQueryCnt = [0] dynamicQueryInvocationCnt = [0], dynamicQueryInvocationTime = [0], alarmQueryInvocationCnt = [0], alarmQueryInvocationTime = [0]
2025-12-07 08:46:07,661 [sql-log-2-thread-1] INFO  o.t.s.dao.sql.TbSqlBlockingQueue - Queue-1 [TS] queueSize [0] totalAdded [7] totalSaved [7] totalFailed [0]
2025-12-07 08:46:07,706 [sql-log-2-thread-1] INFO  o.t.s.dao.sql.TbSqlBlockingQueue - Queue-1 [TS Latest] queueSize [0] totalAdded [7] totalSaved [7] totalFailed [0]
2025-12-07 08:46:17,661 [sql-log-2-thread-1] INFO  o.t.s.dao.sql.TbSqlBlockingQueue - Queue-1 [TS] queueSize [0] totalAdded [4] totalSaved [4] totalFailed [0]
2025-12-07 08:46:17,706 [sql-log-2-thread-1] INFO  o.t.s.dao.sql.TbSqlBlockingQueue - Queue-1 [TS Latest] queueSize [0] totalAdded [4] totalSaved [4] totalFailed [0]
2025-12-07 08:46:56,048 [TB-Scheduling-3] INFO  o.t.s.s.queue.EdgeConsumerStats - Edge Stats: totalMsgs = [2] edgeNfs = [2] coreNfEdgeHPUpd = [0] coreNfEdgeUpd = [0] coreNfEdgeSyncReq = [0] coreNfEdgeSyncResp = [0] coreNfEdgeCompLfcl = [0] 
2025-12-07 08:46:56,070 [TB-Scheduling-1] INFO  o.t.s.c.t.s.DefaultTransportService - Transport Stats: openConnections [0]
2025-12-07 08:46:56,072 [TB-Scheduling-8] INFO  o.t.s.dao.aspect.SqlDaoCallsAspect - Total timing statistics below:
2025-12-07 08:46:56,073 [TB-Scheduling-8] INFO  o.t.s.dao.aspect.SqlDaoCallsAspect - [5489b160-ccf1-11f0-81f3-0bf1425738f5]: calls: 8, failures: 0, exec time: 123 
2025-12-07 08:46:56,073 [TB-Scheduling-8] INFO  o.t.s.dao.aspect.SqlDaoCallsAspect - [5489b160-ccf1-11f0-81f3-0bf1425738f5] Top 3 methods by timing:
2025-12-07 08:46:56,073 [TB-Scheduling-8] INFO  o.t.s.dao.aspect.SqlDaoCallsAspect - [5489b160-ccf1-11f0-81f3-0bf1425738f5]: method: JpaAbstractDao.save(..), calls: 4, failures: 0, exec time: 86
2025-12-07 08:46:56,073 [TB-Scheduling-8] INFO  o.t.s.dao.aspect.SqlDaoCallsAspect - [5489b160-ccf1-11f0-81f3-0bf1425738f5]: method: JpaAbstractDao.findById(..), calls: 2, failures: 0, exec time: 29
2025-12-07 08:46:56,073 [TB-Scheduling-8] INFO  o.t.s.dao.aspect.SqlDaoCallsAspect - [5489b160-ccf1-11f0-81f3-0bf1425738f5]: method: JpaDashboardInfoDao.findDashboardsByTenantId(..), calls: 2, failures: 0, exec time: 8
2025-12-07 08:46:56,194 [TB-Scheduling-13] INFO  o.t.s.s.q.TbRuleEngineConsumerStats - [Main] Stats: totalMsgs = [2] successfulMsgs = [2] timeoutMsgs = [0] failedMsgs = [0] tmpTimeout = [0] tmpFailed = [0] successfulIterations = [2] failedIterations = [0] 
2025-12-07 08:46:56,243 [TB-Scheduling-11] INFO  o.t.s.s.s.DefaultTbEntityDataSubscriptionService - Stats: regularQueryInvocationCnt = [1], regularQueryInvocationTime = [2], dynamicQueryCnt = [0] dynamicQueryInvocationCnt = [0], dynamicQueryInvocationTime = [0], alarmQueryInvocationCnt = [0], alarmQueryInvocationTime = [0]
2025-12-07 08:46:57,657 [sql-log-2-thread-1] INFO  o.t.s.dao.sql.TbSqlBlockingQueue - Queue-1 [TS] queueSize [0] totalAdded [6] totalSaved [6] totalFailed [0]
2025-12-07 08:46:57,702 [sql-log-2-thread-1] INFO  o.t.s.dao.sql.TbSqlBlockingQueue - Queue-1 [TS Latest] queueSize [0] totalAdded [6] totalSaved [6] totalFailed [0]
2025-12-07 08:47:07,657 [sql-log-2-thread-1] INFO  o.t.s.dao.sql.TbSqlBlockingQueue - Queue-1 [TS] queueSize [0] totalAdded [7] totalSaved [7] totalFailed [0]
2025-12-07 08:47:07,702 [sql-log-2-thread-1] INFO  o.t.s.dao.sql.TbSqlBlockingQueue - Queue-1 [TS Latest] queueSize [0] totalAdded [7] totalSaved [7] totalFailed [0]
2025-12-07 08:47:17,657 [sql-log-2-thread-1] INFO  o.t.s.dao.sql.TbSqlBlockingQueue - Queue-1 [TS] queueSize [0] totalAdded [4] totalSaved [4] totalFailed [0]
2025-12-07 08:47:17,702 [sql-log-2-thread-1] INFO  o.t.s.dao.sql.TbSqlBlockingQueue - Queue-1 [TS Latest] queueSize [0] totalAdded [4] totalSaved [4] totalFailed [0]
2025-12-07 08:47:26,243 [TB-Scheduling-12] INFO  o.t.s.s.s.DefaultTbEntityDataSubscriptionService - Stats: regularQueryInvocationCnt = [1], regularQueryInvocationTime = [2], dynamicQueryCnt = [0] dynamicQueryInvocationCnt = [0], dynamicQueryInvocationTime = [0], alarmQueryInvocationCnt = [0], alarmQueryInvocationTime = [0]
2025-12-07 08:47:42,216 [http-nio-0.0.0.0-9090-exec-8] INFO  o.t.s.c.plugin.TbWebSocketHandler - [5489b160-ccf1-11f0-81f3-0bf1425738f5][13814000-1dd2-11b2-8080-808080808080][02d0160f-121e-4444-9194-67ec60148fca] Session is closed
2025-12-07 08:47:47,367 [http-nio-0.0.0.0-9090-exec-8] INFO  o.t.s.c.plugin.TbWebSocketHandler - [5489b160-ccf1-11f0-81f3-0bf1425738f5][13814000-1dd2-11b2-8080-808080808080][fb34884c-d309-41fd-a968-04692f725254][23b9f349-ea0b-c115-e6de-cc5959c61861] Session established from address: /172.18.0.1:37246
2025-12-07 08:47:56,046 [TB-Scheduling-9] INFO  o.t.s.s.queue.EdgeConsumerStats - Edge Stats: totalMsgs = [1] edgeNfs = [1] coreNfEdgeHPUpd = [0] coreNfEdgeUpd = [0] coreNfEdgeSyncReq = [0] coreNfEdgeSyncResp = [0] coreNfEdgeCompLfcl = [0] 
2025-12-07 08:47:56,069 [TB-Scheduling-3] INFO  o.t.s.c.t.s.DefaultTransportService - Transport Stats: openConnections [0]
2025-12-07 08:47:56,070 [TB-Scheduling-1] INFO  o.t.s.dao.aspect.SqlDaoCallsAspect - Total timing statistics below:
2025-12-07 08:47:56,070 [TB-Scheduling-1] INFO  o.t.s.dao.aspect.SqlDaoCallsAspect - [5489b160-ccf1-11f0-81f3-0bf1425738f5]: calls: 10, failures: 0, exec time: 54 
2025-12-07 08:47:56,070 [TB-Scheduling-1] INFO  o.t.s.dao.aspect.SqlDaoCallsAspect - [5489b160-ccf1-11f0-81f3-0bf1425738f5] Top 3 methods by timing:
2025-12-07 08:47:56,084 [TB-Scheduling-1] INFO  o.t.s.dao.aspect.SqlDaoCallsAspect - [5489b160-ccf1-11f0-81f3-0bf1425738f5]: method: JpaAbstractDao.save(..), calls: 2, failures: 0, exec time: 28
2025-12-07 08:47:56,084 [TB-Scheduling-1] INFO  o.t.s.dao.aspect.SqlDaoCallsAspect - [5489b160-ccf1-11f0-81f3-0bf1425738f5]: method: JpaAbstractDao.findById(..), calls: 3, failures: 0, exec time: 14
2025-12-07 08:47:56,084 [TB-Scheduling-1] INFO  o.t.s.dao.aspect.SqlDaoCallsAspect - [5489b160-ccf1-11f0-81f3-0bf1425738f5]: method: JpaDashboardInfoDao.findDashboardsByTenantIdAndCustomerId(..), calls: 2, failures: 0, exec time: 7
2025-12-07 08:47:56,192 [TB-Scheduling-8] INFO  o.t.s.s.q.TbRuleEngineConsumerStats - [Main] Stats: totalMsgs = [1] successfulMsgs = [1] timeoutMsgs = [0] failedMsgs = [0] tmpTimeout = [0] tmpFailed = [0] successfulIterations = [1] failedIterations = [0] 
2025-12-07 08:47:56,243 [TB-Scheduling-11] INFO  o.t.s.s.s.DefaultTbEntityDataSubscriptionService - Stats: regularQueryInvocationCnt = [4], regularQueryInvocationTime = [10], dynamicQueryCnt = [0] dynamicQueryInvocationCnt = [0], dynamicQueryInvocationTime = [0], alarmQueryInvocationCnt = [2], alarmQueryInvocationTime = [3]
2025-12-07 08:47:57,654 [sql-log-2-thread-1] INFO  o.t.s.dao.sql.TbSqlBlockingQueue - Queue-1 [TS] queueSize [0] totalAdded [6] totalSaved [6] totalFailed [0]
2025-12-07 08:47:57,699 [sql-log-2-thread-1] INFO  o.t.s.dao.sql.TbSqlBlockingQueue - Queue-1 [TS Latest] queueSize [0] totalAdded [6] totalSaved [6] totalFailed [0]
2025-12-07 08:48:07,654 [sql-log-2-thread-1] INFO  o.t.s.dao.sql.TbSqlBlockingQueue - Queue-1 [TS] queueSize [0] totalAdded [7] totalSaved [7] totalFailed [0]
2025-12-07 08:48:07,699 [sql-log-2-thread-1] INFO  o.t.s.dao.sql.TbSqlBlockingQueue - Queue-1 [TS Latest] queueSize [0] totalAdded [7] totalSaved [7] totalFailed [0]
2025-12-07 08:48:17,654 [sql-log-2-thread-1] INFO  o.t.s.dao.sql.TbSqlBlockingQueue - Queue-1 [TS] queueSize [0] totalAdded [4] totalSaved [4] totalFailed [0]
2025-12-07 08:48:17,699 [sql-log-2-thread-1] INFO  o.t.s.dao.sql.TbSqlBlockingQueue - Queue-1 [TS Latest] queueSize [0] totalAdded [4] totalSaved [4] totalFailed [0]
2025-12-07 08:48:56,066 [TB-Scheduling-3] INFO  o.t.s.c.t.s.DefaultTransportService - Transport Stats: openConnections [0]
2025-12-07 08:49:07,650 [sql-log-2-thread-1] INFO  o.t.s.dao.sql.TbSqlBlockingQueue - Queue-1 [TS] queueSize [0] totalAdded [7] totalSaved [7] totalFailed [0]
2025-12-07 08:49:07,695 [sql-log-2-thread-1] INFO  o.t.s.dao.sql.TbSqlBlockingQueue - Queue-1 [TS Latest] queueSize [0] totalAdded [7] totalSaved [7] totalFailed [0]
2025-12-07 08:49:17,650 [sql-log-2-thread-1] INFO  o.t.s.dao.sql.TbSqlBlockingQueue - Queue-1 [TS] queueSize [0] totalAdded [4] totalSaved [4] totalFailed [0]
2025-12-07 08:49:17,695 [sql-log-2-thread-1] INFO  o.t.s.dao.sql.TbSqlBlockingQueue - Queue-1 [TS Latest] queueSize [0] totalAdded [4] totalSaved [4] totalFailed [0]
2025-12-07 08:49:56,062 [TB-Scheduling-3] INFO  o.t.s.c.t.s.DefaultTransportService - Transport Stats: openConnections [0]
2025-12-07 08:50:07,645 [sql-log-2-thread-1] INFO  o.t.s.dao.sql.TbSqlBlockingQueue - Queue-1 [TS] queueSize [0] totalAdded [7] totalSaved [7] totalFailed [0]
2025-12-07 08:50:07,690 [sql-log-2-thread-1] INFO  o.t.s.dao.sql.TbSqlBlockingQueue - Queue-1 [TS Latest] queueSize [0] totalAdded [7] totalSaved [7] totalFailed [0]
2025-12-07 08:50:17,645 [sql-log-2-thread-1] INFO  o.t.s.dao.sql.TbSqlBlockingQueue - Queue-1 [TS] queueSize [0] totalAdded [4] totalSaved [4] totalFailed [0]
2025-12-07 08:50:17,690 [sql-log-2-thread-1] INFO  o.t.s.dao.sql.TbSqlBlockingQueue - Queue-1 [TS Latest] queueSize [0] totalAdded [4] totalSaved [4] totalFailed [0]
2025-12-07 08:50:56,064 [TB-Scheduling-14] INFO  o.t.s.c.t.s.DefaultTransportService - Transport Stats: openConnections [0]
2025-12-07 08:51:07,643 [sql-log-2-thread-1] INFO  o.t.s.dao.sql.TbSqlBlockingQueue - Queue-1 [TS] queueSize [0] totalAdded [7] totalSaved [7] totalFailed [0]
2025-12-07 08:51:07,688 [sql-log-2-thread-1] INFO  o.t.s.dao.sql.TbSqlBlockingQueue - Queue-1 [TS Latest] queueSize [0] totalAdded [7] totalSaved [7] totalFailed [0]
2025-12-07 08:51:17,643 [sql-log-2-thread-1] INFO  o.t.s.dao.sql.TbSqlBlockingQueue - Queue-1 [TS] queueSize [0] totalAdded [4] totalSaved [4] totalFailed [0]
2025-12-07 08:51:17,688 [sql-log-2-thread-1] INFO  o.t.s.dao.sql.TbSqlBlockingQueue - Queue-1 [TS Latest] queueSize [0] totalAdded [4] totalSaved [4] totalFailed [0]
2025-12-07 08:51:56,062 [TB-Scheduling-14] INFO  o.t.s.c.t.s.DefaultTransportService - Transport Stats: openConnections [0]
2025-12-07 08:52:07,640 [sql-log-2-thread-1] INFO  o.t.s.dao.sql.TbSqlBlockingQueue - Queue-1 [TS] queueSize [0] totalAdded [7] totalSaved [7] totalFailed [0]
2025-12-07 08:52:07,684 [sql-log-2-thread-1] INFO  o.t.s.dao.sql.TbSqlBlockingQueue - Queue-1 [TS Latest] queueSize [0] totalAdded [7] totalSaved [7] totalFailed [0]
2025-12-07 08:52:17,639 [sql-log-2-thread-1] INFO  o.t.s.dao.sql.TbSqlBlockingQueue - Queue-1 [TS] queueSize [0] totalAdded [4] totalSaved [4] totalFailed [0]
2025-12-07 08:52:17,684 [sql-log-2-thread-1] INFO  o.t.s.dao.sql.TbSqlBlockingQueue - Queue-1 [TS Latest] queueSize [0] totalAdded [4] totalSaved [4] totalFailed [0]
2025-12-07 08:52:56,060 [TB-Scheduling-10] INFO  o.t.s.c.t.s.DefaultTransportService - Transport Stats: openConnections [0]
2025-12-07 08:53:07,636 [sql-log-2-thread-1] INFO  o.t.s.dao.sql.TbSqlBlockingQueue - Queue-1 [TS] queueSize [0] totalAdded [7] totalSaved [7] totalFailed [0]
2025-12-07 08:53:07,681 [sql-log-2-thread-1] INFO  o.t.s.dao.sql.TbSqlBlockingQueue - Queue-1 [TS Latest] queueSize [0] totalAdded [7] totalSaved [7] totalFailed [0]
2025-12-07 08:53:17,636 [sql-log-2-thread-1] INFO  o.t.s.dao.sql.TbSqlBlockingQueue - Queue-1 [TS] queueSize [0] totalAdded [4] totalSaved [4] totalFailed [0]
2025-12-07 08:53:17,681 [sql-log-2-thread-1] INFO  o.t.s.dao.sql.TbSqlBlockingQueue - Queue-1 [TS Latest] queueSize [0] totalAdded [4] totalSaved [4] totalFailed [0]
2025-12-07 08:53:56,057 [TB-Scheduling-16] INFO  o.t.s.c.t.s.DefaultTransportService - Transport Stats: openConnections [0]
2025-12-07 08:54:07,632 [sql-log-2-thread-1] INFO  o.t.s.dao.sql.TbSqlBlockingQueue - Queue-1 [TS] queueSize [0] totalAdded [7] totalSaved [7] totalFailed [0]
2025-12-07 08:54:07,677 [sql-log-2-thread-1] INFO  o.t.s.dao.sql.TbSqlBlockingQueue - Queue-1 [TS Latest] queueSize [0] totalAdded [7] totalSaved [7] totalFailed [0]
2025-12-07 08:54:17,635 [sql-log-2-thread-1] INFO  o.t.s.dao.sql.TbSqlBlockingQueue - Queue-1 [TS] queueSize [0] totalAdded [4] totalSaved [4] totalFailed [0]
2025-12-07 08:54:17,677 [sql-log-2-thread-1] INFO  o.t.s.dao.sql.TbSqlBlockingQueue - Queue-1 [TS Latest] queueSize [0] totalAdded [4] totalSaved [4] totalFailed [0]
2025-12-07 08:54:56,054 [TB-Scheduling-7] INFO  o.t.s.c.t.s.DefaultTransportService - Transport Stats: openConnections [0]
2025-12-07 08:55:17,629 [sql-log-2-thread-1] INFO  o.t.s.dao.sql.TbSqlBlockingQueue - Queue-1 [TS] queueSize [0] totalAdded [11] totalSaved [11] totalFailed [0]
2025-12-07 08:55:17,673 [sql-log-2-thread-1] INFO  o.t.s.dao.sql.TbSqlBlockingQueue - Queue-1 [TS Latest] queueSize [0] totalAdded [11] totalSaved [11] totalFailed [0]
2025-12-07 08:55:56,053 [TB-Scheduling-7] INFO  o.t.s.c.t.s.DefaultTransportService - Transport Stats: openConnections [0]
2025-12-07 08:56:17,625 [sql-log-2-thread-1] INFO  o.t.s.dao.sql.TbSqlBlockingQueue - Queue-1 [TS] queueSize [0] totalAdded [11] totalSaved [11] totalFailed [0]
2025-12-07 08:56:17,670 [sql-log-2-thread-1] INFO  o.t.s.dao.sql.TbSqlBlockingQueue - Queue-1 [TS Latest] queueSize [0] totalAdded [11] totalSaved [11] totalFailed [0]
2025-12-07 08:56:56,050 [TB-Scheduling-1] INFO  o.t.s.c.t.s.DefaultTransportService - Transport Stats: openConnections [0]
2025-12-07 08:57:17,621 [sql-log-2-thread-1] INFO  o.t.s.dao.sql.TbSqlBlockingQueue - Queue-1 [TS] queueSize [0] totalAdded [11] totalSaved [11] totalFailed [0]
2025-12-07 08:57:17,666 [sql-log-2-thread-1] INFO  o.t.s.dao.sql.TbSqlBlockingQueue - Queue-1 [TS Latest] queueSize [0] totalAdded [11] totalSaved [11] totalFailed [0]
2025-12-07 08:57:56,047 [TB-Scheduling-16] INFO  o.t.s.c.t.s.DefaultTransportService - Transport Stats: openConnections [0]
2025-12-07 08:58:17,617 [sql-log-2-thread-1] INFO  o.t.s.dao.sql.TbSqlBlockingQueue - Queue-1 [TS] queueSize [0] totalAdded [11] totalSaved [11] totalFailed [0]
2025-12-07 08:58:17,662 [sql-log-2-thread-1] INFO  o.t.s.dao.sql.TbSqlBlockingQueue - Queue-1 [TS Latest] queueSize [0] totalAdded [11] totalSaved [11] totalFailed [0]
2025-12-07 08:58:31,824 [TB-Scheduling-5] INFO  o.t.s.dao.sql.event.JpaBaseEventDao - Going to cleanup debug events with exp time: 1764493111819
2025-12-07 08:58:56,045 [TB-Scheduling-16] INFO  o.t.s.c.t.s.DefaultTransportService - Transport Stats: openConnections [0]
2025-12-07 08:59:17,614 [sql-log-2-thread-1] INFO  o.t.s.dao.sql.TbSqlBlockingQueue - Queue-1 [TS] queueSize [0] totalAdded [11] totalSaved [11] totalFailed [0]
2025-12-07 08:59:17,659 [sql-log-2-thread-1] INFO  o.t.s.dao.sql.TbSqlBlockingQueue - Queue-1 [TS Latest] queueSize [0] totalAdded [11] totalSaved [11] totalFailed [0]
2025-12-07 08:59:56,041 [TB-Scheduling-9] INFO  o.t.s.c.t.s.DefaultTransportService - Transport Stats: openConnections [0]
2025-12-07 09:00:17,611 [sql-log-2-thread-1] INFO  o.t.s.dao.sql.TbSqlBlockingQueue - Queue-1 [TS] queueSize [0] totalAdded [13] totalSaved [13] totalFailed [0]
2025-12-07 09:00:17,655 [sql-log-2-thread-1] INFO  o.t.s.dao.sql.TbSqlBlockingQueue - Queue-1 [TS Latest] queueSize [0] totalAdded [13] totalSaved [13] totalFailed [0]
2025-12-07 09:00:56,039 [TB-Scheduling-9] INFO  o.t.s.c.t.s.DefaultTransportService - Transport Stats: openConnections [0]
2025-12-07 09:01:17,607 [sql-log-2-thread-1] INFO  o.t.s.dao.sql.TbSqlBlockingQueue - Queue-1 [TS] queueSize [0] totalAdded [11] totalSaved [11] totalFailed [0]
2025-12-07 09:01:17,652 [sql-log-2-thread-1] INFO  o.t.s.dao.sql.TbSqlBlockingQueue - Queue-1 [TS Latest] queueSize [0] totalAdded [11] totalSaved [11] totalFailed [0]
2025-12-07 09:01:56,035 [TB-Scheduling-14] INFO  o.t.s.c.t.s.DefaultTransportService - Transport Stats: openConnections [0]
2025-12-07 09:01:56,041 [TB-Scheduling-1] INFO  o.t.s.dao.aspect.SqlDaoCallsAspect - Total timing statistics below:
2025-12-07 09:01:56,044 [TB-Scheduling-1] INFO  o.t.s.dao.aspect.SqlDaoCallsAspect - [5489b160-ccf1-11f0-81f3-0bf1425738f5]: calls: 1, failures: 0, exec time: 60 
2025-12-07 09:01:56,045 [TB-Scheduling-1] INFO  o.t.s.dao.aspect.SqlDaoCallsAspect - [5489b160-ccf1-11f0-81f3-0bf1425738f5] Top 3 methods by timing:
2025-12-07 09:01:56,045 [TB-Scheduling-1] INFO  o.t.s.dao.aspect.SqlDaoCallsAspect - [5489b160-ccf1-11f0-81f3-0bf1425738f5]: method: JpaAbstractDao.findById(..), calls: 1, failures: 0, exec time: 60
2025-12-07 09:02:17,603 [sql-log-2-thread-1] INFO  o.t.s.dao.sql.TbSqlBlockingQueue - Queue-1 [TS] queueSize [0] totalAdded [11] totalSaved [11] totalFailed [0]
2025-12-07 09:02:17,648 [sql-log-2-thread-1] INFO  o.t.s.dao.sql.TbSqlBlockingQueue - Queue-1 [TS Latest] queueSize [0] totalAdded [11] totalSaved [11] totalFailed [0]
2025-12-07 09:02:56,033 [TB-Scheduling-16] INFO  o.t.s.c.t.s.DefaultTransportService - Transport Stats: openConnections [0]
2025-12-07 09:03:17,600 [sql-log-2-thread-1] INFO  o.t.s.dao.sql.TbSqlBlockingQueue - Queue-1 [TS] queueSize [0] totalAdded [11] totalSaved [11] totalFailed [0]
2025-12-07 09:03:17,645 [sql-log-2-thread-1] INFO  o.t.s.dao.sql.TbSqlBlockingQueue - Queue-1 [TS Latest] queueSize [0] totalAdded [11] totalSaved [11] totalFailed [0]
2025-12-07 09:03:56,030 [TB-Scheduling-1] INFO  o.t.s.c.t.s.DefaultTransportService - Transport Stats: openConnections [0]
2025-12-07 09:04:17,596 [sql-log-2-thread-1] INFO  o.t.s.dao.sql.TbSqlBlockingQueue - Queue-1 [TS] queueSize [0] totalAdded [12] totalSaved [12] totalFailed [0]
2025-12-07 09:04:17,641 [sql-log-2-thread-1] INFO  o.t.s.dao.sql.TbSqlBlockingQueue - Queue-1 [TS Latest] queueSize [0] totalAdded [12] totalSaved [12] totalFailed [0]
2025-12-07 09:04:56,027 [TB-Scheduling-8] INFO  o.t.s.c.t.s.DefaultTransportService - Transport Stats: openConnections [0]
2025-12-07 09:05:17,593 [sql-log-2-thread-1] INFO  o.t.s.dao.sql.TbSqlBlockingQueue - Queue-1 [TS] queueSize [0] totalAdded [4] totalSaved [4] totalFailed [0]
2025-12-07 09:05:17,637 [sql-log-2-thread-1] INFO  o.t.s.dao.sql.TbSqlBlockingQueue - Queue-1 [TS Latest] queueSize [0] totalAdded [4] totalSaved [4] totalFailed [0]
2025-12-07 09:05:27,591 [sql-log-2-thread-1] INFO  o.t.s.dao.sql.TbSqlBlockingQueue - Queue-1 [TS] queueSize [0] totalAdded [7] totalSaved [7] totalFailed [0]
2025-12-07 09:05:27,635 [sql-log-2-thread-1] INFO  o.t.s.dao.sql.TbSqlBlockingQueue - Queue-1 [TS Latest] queueSize [0] totalAdded [7] totalSaved [7] totalFailed [0]
2025-12-07 09:05:56,024 [TB-Scheduling-11] INFO  o.t.s.c.t.s.DefaultTransportService - Transport Stats: openConnections [0]
2025-12-07 09:06:17,589 [sql-log-2-thread-1] INFO  o.t.s.dao.sql.TbSqlBlockingQueue - Queue-1 [TS] queueSize [0] totalAdded [4] totalSaved [4] totalFailed [0]
2025-12-07 09:06:17,633 [sql-log-2-thread-1] INFO  o.t.s.dao.sql.TbSqlBlockingQueue - Queue-1 [TS Latest] queueSize [0] totalAdded [4] totalSaved [4] totalFailed [0]
2025-12-07 09:06:27,587 [sql-log-2-thread-1] INFO  o.t.s.dao.sql.TbSqlBlockingQueue - Queue-1 [TS] queueSize [0] totalAdded [7] totalSaved [7] totalFailed [0]
2025-12-07 09:06:27,632 [sql-log-2-thread-1] INFO  o.t.s.dao.sql.TbSqlBlockingQueue - Queue-1 [TS Latest] queueSize [0] totalAdded [7] totalSaved [7] totalFailed [0]
2025-12-07 09:06:56,022 [TB-Scheduling-4] INFO  o.t.s.c.t.s.DefaultTransportService - Transport Stats: openConnections [0]
2025-12-07 09:07:17,586 [sql-log-2-thread-1] INFO  o.t.s.dao.sql.TbSqlBlockingQueue - Queue-1 [TS] queueSize [0] totalAdded [4] totalSaved [4] totalFailed [0]
2025-12-07 09:07:17,630 [sql-log-2-thread-1] INFO  o.t.s.dao.sql.TbSqlBlockingQueue - Queue-1 [TS Latest] queueSize [0] totalAdded [4] totalSaved [4] totalFailed [0]
2025-12-07 09:07:27,584 [sql-log-2-thread-1] INFO  o.t.s.dao.sql.TbSqlBlockingQueue - Queue-1 [TS] queueSize [0] totalAdded [7] totalSaved [7] totalFailed [0]
2025-12-07 09:07:27,628 [sql-log-2-thread-1] INFO  o.t.s.dao.sql.TbSqlBlockingQueue - Queue-1 [TS Latest] queueSize [0] totalAdded [7] totalSaved [7] totalFailed [0]
2025-12-07 09:07:56,018 [TB-Scheduling-15] INFO  o.t.s.c.t.s.DefaultTransportService - Transport Stats: openConnections [0]
2025-12-07 09:08:17,582 [sql-log-2-thread-1] INFO  o.t.s.dao.sql.TbSqlBlockingQueue - Queue-1 [TS] queueSize [0] totalAdded [4] totalSaved [4] totalFailed [0]
2025-12-07 09:08:17,627 [sql-log-2-thread-1] INFO  o.t.s.dao.sql.TbSqlBlockingQueue - Queue-1 [TS Latest] queueSize [0] totalAdded [4] totalSaved [4] totalFailed [0]
2025-12-07 09:08:27,580 [sql-log-2-thread-1] INFO  o.t.s.dao.sql.TbSqlBlockingQueue - Queue-1 [TS] queueSize [0] totalAdded [7] totalSaved [7] totalFailed [0]
2025-12-07 09:08:27,625 [sql-log-2-thread-1] INFO  o.t.s.dao.sql.TbSqlBlockingQueue - Queue-1 [TS Latest] queueSize [0] totalAdded [7] totalSaved [7] totalFailed [0]
2025-12-07 09:08:56,016 [TB-Scheduling-3] INFO  o.t.s.c.t.s.DefaultTransportService - Transport Stats: openConnections [0]
2025-12-07 09:09:17,578 [sql-log-2-thread-1] INFO  o.t.s.dao.sql.TbSqlBlockingQueue - Queue-1 [TS] queueSize [0] totalAdded [4] totalSaved [4] totalFailed [0]
2025-12-07 09:09:17,623 [sql-log-2-thread-1] INFO  o.t.s.dao.sql.TbSqlBlockingQueue - Queue-1 [TS Latest] queueSize [0] totalAdded [4] totalSaved [4] totalFailed [0]
2025-12-07 09:09:27,576 [sql-log-2-thread-1] INFO  o.t.s.dao.sql.TbSqlBlockingQueue - Queue-1 [TS] queueSize [0] totalAdded [7] totalSaved [7] totalFailed [0]
2025-12-07 09:09:27,621 [sql-log-2-thread-1] INFO  o.t.s.dao.sql.TbSqlBlockingQueue - Queue-1 [TS Latest] queueSize [0] totalAdded [7] totalSaved [7] totalFailed [0]
2025-12-07 09:09:56,014 [TB-Scheduling-3] INFO  o.t.s.c.t.s.DefaultTransportService - Transport Stats: openConnections [0]
2025-12-07 09:10:17,574 [sql-log-2-thread-1] INFO  o.t.s.dao.sql.TbSqlBlockingQueue - Queue-1 [TS] queueSize [0] totalAdded [4] totalSaved [4] totalFailed [0]
2025-12-07 09:10:17,619 [sql-log-2-thread-1] INFO  o.t.s.dao.sql.TbSqlBlockingQueue - Queue-1 [TS Latest] queueSize [0] totalAdded [4] totalSaved [4] totalFailed [0]
2025-12-07 09:10:27,573 [sql-log-2-thread-1] INFO  o.t.s.dao.sql.TbSqlBlockingQueue - Queue-1 [TS] queueSize [0] totalAdded [7] totalSaved [7] totalFailed [0]
2025-12-07 09:10:27,618 [sql-log-2-thread-1] INFO  o.t.s.dao.sql.TbSqlBlockingQueue - Queue-1 [TS Latest] queueSize [0] totalAdded [7] totalSaved [7] totalFailed [0]
2025-12-07 09:10:56,011 [TB-Scheduling-3] INFO  o.t.s.c.t.s.DefaultTransportService - Transport Stats: openConnections [0]
2025-12-07 09:11:17,571 [sql-log-2-thread-1] INFO  o.t.s.dao.sql.TbSqlBlockingQueue - Queue-1 [TS] queueSize [0] totalAdded [4] totalSaved [4] totalFailed [0]
2025-12-07 09:11:17,616 [sql-log-2-thread-1] INFO  o.t.s.dao.sql.TbSqlBlockingQueue - Queue-1 [TS Latest] queueSize [0] totalAdded [4] totalSaved [4] totalFailed [0]
2025-12-07 09:11:27,569 [sql-log-2-thread-1] INFO  o.t.s.dao.sql.TbSqlBlockingQueue - Queue-1 [TS] queueSize [0] totalAdded [7] totalSaved [7] totalFailed [0]
2025-12-07 09:11:27,614 [sql-log-2-thread-1] INFO  o.t.s.dao.sql.TbSqlBlockingQueue - Queue-1 [TS Latest] queueSize [0] totalAdded [7] totalSaved [7] totalFailed [0]
2025-12-07 09:11:56,009 [TB-Scheduling-12] INFO  o.t.s.c.t.s.DefaultTransportService - Transport Stats: openConnections [0]
2025-12-07 09:12:17,567 [sql-log-2-thread-1] INFO  o.t.s.dao.sql.TbSqlBlockingQueue - Queue-1 [TS] queueSize [0] totalAdded [4] totalSaved [4] totalFailed [0]
2025-12-07 09:12:17,612 [sql-log-2-thread-1] INFO  o.t.s.dao.sql.TbSqlBlockingQueue - Queue-1 [TS Latest] queueSize [0] totalAdded [4] totalSaved [4] totalFailed [0]
2025-12-07 09:12:27,566 [sql-log-2-thread-1] INFO  o.t.s.dao.sql.TbSqlBlockingQueue - Queue-1 [TS] queueSize [0] totalAdded [7] totalSaved [7] totalFailed [0]
2025-12-07 09:12:27,611 [sql-log-2-thread-1] INFO  o.t.s.dao.sql.TbSqlBlockingQueue - Queue-1 [TS Latest] queueSize [0] totalAdded [7] totalSaved [7] totalFailed [0]
2025-12-07 09:12:56,006 [TB-Scheduling-10] INFO  o.t.s.c.t.s.DefaultTransportService - Transport Stats: openConnections [0]
2025-12-07 09:13:17,564 [sql-log-2-thread-1] INFO  o.t.s.dao.sql.TbSqlBlockingQueue - Queue-1 [TS] queueSize [0] totalAdded [4] totalSaved [4] totalFailed [0]
2025-12-07 09:13:17,609 [sql-log-2-thread-1] INFO  o.t.s.dao.sql.TbSqlBlockingQueue - Queue-1 [TS Latest] queueSize [0] totalAdded [4] totalSaved [4] totalFailed [0]
2025-12-07 09:13:27,562 [sql-log-2-thread-1] INFO  o.t.s.dao.sql.TbSqlBlockingQueue - Queue-1 [TS] queueSize [0] totalAdded [7] totalSaved [7] totalFailed [0]
2025-12-07 09:13:27,607 [sql-log-2-thread-1] INFO  o.t.s.dao.sql.TbSqlBlockingQueue - Queue-1 [TS Latest] queueSize [0] totalAdded [7] totalSaved [7] totalFailed [0]
2025-12-07 09:13:56,003 [TB-Scheduling-10] INFO  o.t.s.c.t.s.DefaultTransportService - Transport Stats: openConnections [0]
2025-12-07 09:14:17,560 [sql-log-2-thread-1] INFO  o.t.s.dao.sql.TbSqlBlockingQueue - Queue-1 [TS] queueSize [0] totalAdded [4] totalSaved [4] totalFailed [0]
2025-12-07 09:14:17,605 [sql-log-2-thread-1] INFO  o.t.s.dao.sql.TbSqlBlockingQueue - Queue-1 [TS Latest] queueSize [0] totalAdded [4] totalSaved [4] totalFailed [0]
2025-12-07 09:14:27,559 [sql-log-2-thread-1] INFO  o.t.s.dao.sql.TbSqlBlockingQueue - Queue-1 [TS] queueSize [0] totalAdded [7] totalSaved [7] totalFailed [0]
2025-12-07 09:14:27,603 [sql-log-2-thread-1] INFO  o.t.s.dao.sql.TbSqlBlockingQueue - Queue-1 [TS Latest] queueSize [0] totalAdded [7] totalSaved [7] totalFailed [0]
2025-12-07 09:14:56,000 [TB-Scheduling-13] INFO  o.t.s.c.t.s.DefaultTransportService - Transport Stats: openConnections [0]
2025-12-07 09:15:17,556 [sql-log-2-thread-1] INFO  o.t.s.dao.sql.TbSqlBlockingQueue - Queue-1 [TS] queueSize [0] totalAdded [4] totalSaved [4] totalFailed [0]
2025-12-07 09:15:17,601 [sql-log-2-thread-1] INFO  o.t.s.dao.sql.TbSqlBlockingQueue - Queue-1 [TS Latest] queueSize [0] totalAdded [4] totalSaved [4] totalFailed [0]
2025-12-07 09:15:37,555 [sql-log-2-thread-1] INFO  o.t.s.dao.sql.TbSqlBlockingQueue - Queue-1 [TS] queueSize [0] totalAdded [7] totalSaved [7] totalFailed [0]
2025-12-07 09:15:37,600 [sql-log-2-thread-1] INFO  o.t.s.dao.sql.TbSqlBlockingQueue - Queue-1 [TS Latest] queueSize [0] totalAdded [7] totalSaved [7] totalFailed [0]
2025-12-07 09:15:56,002 [TB-Scheduling-13] INFO  o.t.s.c.t.s.DefaultTransportService - Transport Stats: openConnections [0]
2025-12-07 09:16:17,553 [sql-log-2-thread-1] INFO  o.t.s.dao.sql.TbSqlBlockingQueue - Queue-1 [TS] queueSize [0] totalAdded [4] totalSaved [4] totalFailed [0]
2025-12-07 09:16:17,597 [sql-log-2-thread-1] INFO  o.t.s.dao.sql.TbSqlBlockingQueue - Queue-1 [TS Latest] queueSize [0] totalAdded [4] totalSaved [4] totalFailed [0]
2025-12-07 09:16:37,551 [sql-log-2-thread-1] INFO  o.t.s.dao.sql.TbSqlBlockingQueue - Queue-1 [TS] queueSize [0] totalAdded [7] totalSaved [7] totalFailed [0]
2025-12-07 09:16:37,596 [sql-log-2-thread-1] INFO  o.t.s.dao.sql.TbSqlBlockingQueue - Queue-1 [TS Latest] queueSize [0] totalAdded [7] totalSaved [7] totalFailed [0]
2025-12-07 09:16:55,998 [TB-Scheduling-2] INFO  o.t.s.c.t.s.DefaultTransportService - Transport Stats: openConnections [0]
2025-12-07 09:17:17,549 [sql-log-2-thread-1] INFO  o.t.s.dao.sql.TbSqlBlockingQueue - Queue-1 [TS] queueSize [0] totalAdded [4] totalSaved [4] totalFailed [0]
2025-12-07 09:17:17,594 [sql-log-2-thread-1] INFO  o.t.s.dao.sql.TbSqlBlockingQueue - Queue-1 [TS Latest] queueSize [0] totalAdded [4] totalSaved [4] totalFailed [0]
2025-12-07 09:17:37,547 [sql-log-2-thread-1] INFO  o.t.s.dao.sql.TbSqlBlockingQueue - Queue-1 [TS] queueSize [0] totalAdded [7] totalSaved [7] totalFailed [0]
2025-12-07 09:17:37,592 [sql-log-2-thread-1] INFO  o.t.s.dao.sql.TbSqlBlockingQueue - Queue-1 [TS Latest] queueSize [0] totalAdded [7] totalSaved [7] totalFailed [0]
2025-12-07 09:17:55,995 [TB-Scheduling-2] INFO  o.t.s.c.t.s.DefaultTransportService - Transport Stats: openConnections [0]
2025-12-07 09:18:17,545 [sql-log-2-thread-1] INFO  o.t.s.dao.sql.TbSqlBlockingQueue - Queue-1 [TS] queueSize [0] totalAdded [4] totalSaved [4] totalFailed [0]
2025-12-07 09:18:17,590 [sql-log-2-thread-1] INFO  o.t.s.dao.sql.TbSqlBlockingQueue - Queue-1 [TS Latest] queueSize [0] totalAdded [4] totalSaved [4] totalFailed [0]
2025-12-07 09:18:37,544 [sql-log-2-thread-1] INFO  o.t.s.dao.sql.TbSqlBlockingQueue - Queue-1 [TS] queueSize [0] totalAdded [7] totalSaved [7] totalFailed [0]
2025-12-07 09:18:37,588 [sql-log-2-thread-1] INFO  o.t.s.dao.sql.TbSqlBlockingQueue - Queue-1 [TS Latest] queueSize [0] totalAdded [7] totalSaved [7] totalFailed [0]
2025-12-07 09:18:55,993 [TB-Scheduling-2] INFO  o.t.s.c.t.s.DefaultTransportService - Transport Stats: openConnections [0]
2025-12-07 09:19:17,542 [sql-log-2-thread-1] INFO  o.t.s.dao.sql.TbSqlBlockingQueue - Queue-1 [TS] queueSize [0] totalAdded [4] totalSaved [4] totalFailed [0]
2025-12-07 09:19:17,587 [sql-log-2-thread-1] INFO  o.t.s.dao.sql.TbSqlBlockingQueue - Queue-1 [TS Latest] queueSize [0] totalAdded [4] totalSaved [4] totalFailed [0]
2025-12-07 09:19:37,540 [sql-log-2-thread-1] INFO  o.t.s.dao.sql.TbSqlBlockingQueue - Queue-1 [TS] queueSize [0] totalAdded [7] totalSaved [7] totalFailed [0]
2025-12-07 09:19:37,585 [sql-log-2-thread-1] INFO  o.t.s.dao.sql.TbSqlBlockingQueue - Queue-1 [TS Latest] queueSize [0] totalAdded [7] totalSaved [7] totalFailed [0]
2025-12-07 09:19:55,990 [TB-Scheduling-2] INFO  o.t.s.c.t.s.DefaultTransportService - Transport Stats: openConnections [0]
2025-12-07 09:20:17,538 [sql-log-2-thread-1] INFO  o.t.s.dao.sql.TbSqlBlockingQueue - Queue-1 [TS] queueSize [0] totalAdded [4] totalSaved [4] totalFailed [0]
2025-12-07 09:20:17,583 [sql-log-2-thread-1] INFO  o.t.s.dao.sql.TbSqlBlockingQueue - Queue-1 [TS Latest] queueSize [0] totalAdded [4] totalSaved [4] totalFailed [0]
2025-12-07 09:20:37,537 [sql-log-2-thread-1] INFO  o.t.s.dao.sql.TbSqlBlockingQueue - Queue-1 [TS] queueSize [0] totalAdded [7] totalSaved [7] totalFailed [0]
2025-12-07 09:20:37,581 [sql-log-2-thread-1] INFO  o.t.s.dao.sql.TbSqlBlockingQueue - Queue-1 [TS Latest] queueSize [0] totalAdded [7] totalSaved [7] totalFailed [0]
2025-12-07 09:20:55,987 [TB-Scheduling-2] INFO  o.t.s.c.t.s.DefaultTransportService - Transport Stats: openConnections [0]
2025-12-07 09:21:17,534 [sql-log-2-thread-1] INFO  o.t.s.dao.sql.TbSqlBlockingQueue - Queue-1 [TS] queueSize [0] totalAdded [4] totalSaved [4] totalFailed [0]
2025-12-07 09:21:17,579 [sql-log-2-thread-1] INFO  o.t.s.dao.sql.TbSqlBlockingQueue - Queue-1 [TS Latest] queueSize [0] totalAdded [4] totalSaved [4] totalFailed [0]
2025-12-07 09:21:37,532 [sql-log-2-thread-1] INFO  o.t.s.dao.sql.TbSqlBlockingQueue - Queue-1 [TS] queueSize [0] totalAdded [7] totalSaved [7] totalFailed [0]
2025-12-07 09:21:37,577 [sql-log-2-thread-1] INFO  o.t.s.dao.sql.TbSqlBlockingQueue - Queue-1 [TS Latest] queueSize [0] totalAdded [7] totalSaved [7] totalFailed [0]
2025-12-07 09:21:55,984 [TB-Scheduling-2] INFO  o.t.s.c.t.s.DefaultTransportService - Transport Stats: openConnections [0]
2025-12-07 09:22:17,531 [sql-log-2-thread-1] INFO  o.t.s.dao.sql.TbSqlBlockingQueue - Queue-1 [TS] queueSize [0] totalAdded [4] totalSaved [4] totalFailed [0]
2025-12-07 09:22:17,575 [sql-log-2-thread-1] INFO  o.t.s.dao.sql.TbSqlBlockingQueue - Queue-1 [TS Latest] queueSize [0] totalAdded [4] totalSaved [4] totalFailed [0]
2025-12-07 09:22:37,529 [sql-log-2-thread-1] INFO  o.t.s.dao.sql.TbSqlBlockingQueue - Queue-1 [TS] queueSize [0] totalAdded [7] totalSaved [7] totalFailed [0]
2025-12-07 09:22:37,574 [sql-log-2-thread-1] INFO  o.t.s.dao.sql.TbSqlBlockingQueue - Queue-1 [TS Latest] queueSize [0] totalAdded [7] totalSaved [7] totalFailed [0]
2025-12-07 09:22:55,981 [TB-Scheduling-7] INFO  o.t.s.c.t.s.DefaultTransportService - Transport Stats: openConnections [0]
2025-12-07 09:23:17,527 [sql-log-2-thread-1] INFO  o.t.s.dao.sql.TbSqlBlockingQueue - Queue-1 [TS] queueSize [0] totalAdded [4] totalSaved [4] totalFailed [0]
2025-12-07 09:23:17,572 [sql-log-2-thread-1] INFO  o.t.s.dao.sql.TbSqlBlockingQueue - Queue-1 [TS Latest] queueSize [0] totalAdded [4] totalSaved [4] totalFailed [0]
2025-12-07 09:23:37,525 [sql-log-2-thread-1] INFO  o.t.s.dao.sql.TbSqlBlockingQueue - Queue-1 [TS] queueSize [0] totalAdded [7] totalSaved [7] totalFailed [0]
2025-12-07 09:23:37,570 [sql-log-2-thread-1] INFO  o.t.s.dao.sql.TbSqlBlockingQueue - Queue-1 [TS Latest] queueSize [0] totalAdded [7] totalSaved [7] totalFailed [0]
2025-12-07 09:23:55,977 [TB-Scheduling-2] INFO  o.t.s.c.t.s.DefaultTransportService - Transport Stats: openConnections [0]
2025-12-07 09:24:17,523 [sql-log-2-thread-1] INFO  o.t.s.dao.sql.TbSqlBlockingQueue - Queue-1 [TS] queueSize [0] totalAdded [4] totalSaved [4] totalFailed [0]
2025-12-07 09:24:17,568 [sql-log-2-thread-1] INFO  o.t.s.dao.sql.TbSqlBlockingQueue - Queue-1 [TS Latest] queueSize [0] totalAdded [4] totalSaved [4] totalFailed [0]
2025-12-07 09:24:37,522 [sql-log-2-thread-1] INFO  o.t.s.dao.sql.TbSqlBlockingQueue - Queue-1 [TS] queueSize [0] totalAdded [7] totalSaved [7] totalFailed [0]
2025-12-07 09:24:37,567 [sql-log-2-thread-1] INFO  o.t.s.dao.sql.TbSqlBlockingQueue - Queue-1 [TS Latest] queueSize [0] totalAdded [7] totalSaved [7] totalFailed [0]
2025-12-07 09:24:55,974 [TB-Scheduling-2] INFO  o.t.s.c.t.s.DefaultTransportService - Transport Stats: openConnections [0]
2025-12-07 09:25:17,519 [sql-log-2-thread-1] INFO  o.t.s.dao.sql.TbSqlBlockingQueue - Queue-1 [TS] queueSize [0] totalAdded [4] totalSaved [4] totalFailed [0]
2025-12-07 09:25:17,564 [sql-log-2-thread-1] INFO  o.t.s.dao.sql.TbSqlBlockingQueue - Queue-1 [TS Latest] queueSize [0] totalAdded [4] totalSaved [4] totalFailed [0]
2025-12-07 09:25:47,518 [sql-log-2-thread-1] INFO  o.t.s.dao.sql.TbSqlBlockingQueue - Queue-1 [TS] queueSize [0] totalAdded [7] totalSaved [7] totalFailed [0]
2025-12-07 09:25:47,563 [sql-log-2-thread-1] INFO  o.t.s.dao.sql.TbSqlBlockingQueue - Queue-1 [TS Latest] queueSize [0] totalAdded [7] totalSaved [7] totalFailed [0]
2025-12-07 09:25:55,972 [TB-Scheduling-2] INFO  o.t.s.c.t.s.DefaultTransportService - Transport Stats: openConnections [0]
2025-12-07 09:26:17,516 [sql-log-2-thread-1] INFO  o.t.s.dao.sql.TbSqlBlockingQueue - Queue-1 [TS] queueSize [0] totalAdded [4] totalSaved [4] totalFailed [0]
2025-12-07 09:26:17,561 [sql-log-2-thread-1] INFO  o.t.s.dao.sql.TbSqlBlockingQueue - Queue-1 [TS Latest] queueSize [0] totalAdded [4] totalSaved [4] totalFailed [0]
2025-12-07 09:26:47,514 [sql-log-2-thread-1] INFO  o.t.s.dao.sql.TbSqlBlockingQueue - Queue-1 [TS] queueSize [0] totalAdded [7] totalSaved [7] totalFailed [0]
2025-12-07 09:26:47,559 [sql-log-2-thread-1] INFO  o.t.s.dao.sql.TbSqlBlockingQueue - Queue-1 [TS Latest] queueSize [0] totalAdded [7] totalSaved [7] totalFailed [0]
2025-12-07 09:26:55,970 [TB-Scheduling-2] INFO  o.t.s.c.t.s.DefaultTransportService - Transport Stats: openConnections [0]
2025-12-07 09:27:17,512 [sql-log-2-thread-1] INFO  o.t.s.dao.sql.TbSqlBlockingQueue - Queue-1 [TS] queueSize [0] totalAdded [4] totalSaved [4] totalFailed [0]
2025-12-07 09:27:17,557 [sql-log-2-thread-1] INFO  o.t.s.dao.sql.TbSqlBlockingQueue - Queue-1 [TS Latest] queueSize [0] totalAdded [4] totalSaved [4] totalFailed [0]
2025-12-07 09:27:47,510 [sql-log-2-thread-1] INFO  o.t.s.dao.sql.TbSqlBlockingQueue - Queue-1 [TS] queueSize [0] totalAdded [7] totalSaved [7] totalFailed [0]
2025-12-07 09:27:47,555 [sql-log-2-thread-1] INFO  o.t.s.dao.sql.TbSqlBlockingQueue - Queue-1 [TS Latest] queueSize [0] totalAdded [7] totalSaved [7] totalFailed [0]
2025-12-07 09:27:55,967 [TB-Scheduling-11] INFO  o.t.s.c.t.s.DefaultTransportService - Transport Stats: openConnections [0]
2025-12-07 09:28:17,509 [sql-log-2-thread-1] INFO  o.t.s.dao.sql.TbSqlBlockingQueue - Queue-1 [TS] queueSize [0] totalAdded [4] totalSaved [4] totalFailed [0]
2025-12-07 09:28:17,553 [sql-log-2-thread-1] INFO  o.t.s.dao.sql.TbSqlBlockingQueue - Queue-1 [TS Latest] queueSize [0] totalAdded [4] totalSaved [4] totalFailed [0]
2025-12-07 09:28:47,506 [sql-log-2-thread-1] INFO  o.t.s.dao.sql.TbSqlBlockingQueue - Queue-1 [TS] queueSize [0] totalAdded [7] totalSaved [7] totalFailed [0]
2025-12-07 09:28:47,551 [sql-log-2-thread-1] INFO  o.t.s.dao.sql.TbSqlBlockingQueue - Queue-1 [TS Latest] queueSize [0] totalAdded [7] totalSaved [7] totalFailed [0]
2025-12-07 09:28:55,964 [TB-Scheduling-11] INFO  o.t.s.c.t.s.DefaultTransportService - Transport Stats: openConnections [0]
2025-12-07 09:29:17,505 [sql-log-2-thread-1] INFO  o.t.s.dao.sql.TbSqlBlockingQueue - Queue-1 [TS] queueSize [0] totalAdded [4] totalSaved [4] totalFailed [0]
2025-12-07 09:29:17,550 [sql-log-2-thread-1] INFO  o.t.s.dao.sql.TbSqlBlockingQueue - Queue-1 [TS Latest] queueSize [0] totalAdded [4] totalSaved [4] totalFailed [0]
2025-12-07 09:29:47,502 [sql-log-2-thread-1] INFO  o.t.s.dao.sql.TbSqlBlockingQueue - Queue-1 [TS] queueSize [0] totalAdded [7] totalSaved [7] totalFailed [0]
2025-12-07 09:29:47,547 [sql-log-2-thread-1] INFO  o.t.s.dao.sql.TbSqlBlockingQueue - Queue-1 [TS Latest] queueSize [0] totalAdded [7] totalSaved [7] totalFailed [0]
2025-12-07 09:29:55,961 [TB-Scheduling-2] INFO  o.t.s.c.t.s.DefaultTransportService - Transport Stats: openConnections [0]
2025-12-07 09:30:17,501 [sql-log-2-thread-1] INFO  o.t.s.dao.sql.TbSqlBlockingQueue - Queue-1 [TS] queueSize [0] totalAdded [4] totalSaved [4] totalFailed [0]
2025-12-07 09:30:17,546 [sql-log-2-thread-1] INFO  o.t.s.dao.sql.TbSqlBlockingQueue - Queue-1 [TS Latest] queueSize [0] totalAdded [4] totalSaved [4] totalFailed [0]
2025-12-07 09:30:47,499 [sql-log-2-thread-1] INFO  o.t.s.dao.sql.TbSqlBlockingQueue - Queue-1 [TS] queueSize [0] totalAdded [7] totalSaved [7] totalFailed [0]
2025-12-07 09:30:47,544 [sql-log-2-thread-1] INFO  o.t.s.dao.sql.TbSqlBlockingQueue - Queue-1 [TS Latest] queueSize [0] totalAdded [7] totalSaved [7] totalFailed [0]
2025-12-07 09:30:55,958 [TB-Scheduling-2] INFO  o.t.s.c.t.s.DefaultTransportService - Transport Stats: openConnections [0]
2025-12-07 09:31:17,497 [sql-log-2-thread-1] INFO  o.t.s.dao.sql.TbSqlBlockingQueue - Queue-1 [TS] queueSize [0] totalAdded [4] totalSaved [4] totalFailed [0]
2025-12-07 09:31:17,542 [sql-log-2-thread-1] INFO  o.t.s.dao.sql.TbSqlBlockingQueue - Queue-1 [TS Latest] queueSize [0] totalAdded [4] totalSaved [4] totalFailed [0]
2025-12-07 09:31:47,496 [sql-log-2-thread-1] INFO  o.t.s.dao.sql.TbSqlBlockingQueue - Queue-1 [TS] queueSize [0] totalAdded [7] totalSaved [7] totalFailed [0]
2025-12-07 09:31:47,540 [sql-log-2-thread-1] INFO  o.t.s.dao.sql.TbSqlBlockingQueue - Queue-1 [TS Latest] queueSize [0] totalAdded [7] totalSaved [7] totalFailed [0]
2025-12-07 09:31:55,955 [TB-Scheduling-11] INFO  o.t.s.c.t.s.DefaultTransportService - Transport Stats: openConnections [0]
2025-12-07 09:32:17,494 [sql-log-2-thread-1] INFO  o.t.s.dao.sql.TbSqlBlockingQueue - Queue-1 [TS] queueSize [0] totalAdded [4] totalSaved [4] totalFailed [0]
2025-12-07 09:32:17,539 [sql-log-2-thread-1] INFO  o.t.s.dao.sql.TbSqlBlockingQueue - Queue-1 [TS Latest] queueSize [0] totalAdded [4] totalSaved [4] totalFailed [0]
2025-12-07 09:32:47,492 [sql-log-2-thread-1] INFO  o.t.s.dao.sql.TbSqlBlockingQueue - Queue-1 [TS] queueSize [0] totalAdded [7] totalSaved [7] totalFailed [0]
2025-12-07 09:32:47,537 [sql-log-2-thread-1] INFO  o.t.s.dao.sql.TbSqlBlockingQueue - Queue-1 [TS Latest] queueSize [0] totalAdded [7] totalSaved [7] totalFailed [0]
2025-12-07 09:32:55,951 [TB-Scheduling-2] INFO  o.t.s.c.t.s.DefaultTransportService - Transport Stats: openConnections [0]
2025-12-07 09:33:17,490 [sql-log-2-thread-1] INFO  o.t.s.dao.sql.TbSqlBlockingQueue - Queue-1 [TS] queueSize [0] totalAdded [4] totalSaved [4] totalFailed [0]
2025-12-07 09:33:17,535 [sql-log-2-thread-1] INFO  o.t.s.dao.sql.TbSqlBlockingQueue - Queue-1 [TS Latest] queueSize [0] totalAdded [4] totalSaved [4] totalFailed [0]
2025-12-07 09:33:47,488 [sql-log-2-thread-1] INFO  o.t.s.dao.sql.TbSqlBlockingQueue - Queue-1 [TS] queueSize [0] totalAdded [7] totalSaved [7] totalFailed [0]
2025-12-07 09:33:47,533 [sql-log-2-thread-1] INFO  o.t.s.dao.sql.TbSqlBlockingQueue - Queue-1 [TS Latest] queueSize [0] totalAdded [7] totalSaved [7] totalFailed [0]
2025-12-07 09:33:55,949 [TB-Scheduling-2] INFO  o.t.s.c.t.s.DefaultTransportService - Transport Stats: openConnections [0]
2025-12-07 09:34:17,487 [sql-log-2-thread-1] INFO  o.t.s.dao.sql.TbSqlBlockingQueue - Queue-1 [TS] queueSize [0] totalAdded [4] totalSaved [4] totalFailed [0]
2025-12-07 09:34:17,532 [sql-log-2-thread-1] INFO  o.t.s.dao.sql.TbSqlBlockingQueue - Queue-1 [TS Latest] queueSize [0] totalAdded [4] totalSaved [4] totalFailed [0]
2025-12-07 09:34:47,485 [sql-log-2-thread-1] INFO  o.t.s.dao.sql.TbSqlBlockingQueue - Queue-1 [TS] queueSize [0] totalAdded [7] totalSaved [7] totalFailed [0]
2025-12-07 09:34:47,530 [sql-log-2-thread-1] INFO  o.t.s.dao.sql.TbSqlBlockingQueue - Queue-1 [TS Latest] queueSize [0] totalAdded [7] totalSaved [7] totalFailed [0]
2025-12-07 09:34:55,948 [TB-Scheduling-2] INFO  o.t.s.c.t.s.DefaultTransportService - Transport Stats: openConnections [0]
2025-12-07 09:35:17,483 [sql-log-2-thread-1] INFO  o.t.s.dao.sql.TbSqlBlockingQueue - Queue-1 [TS] queueSize [0] totalAdded [4] totalSaved [4] totalFailed [0]
2025-12-07 09:35:17,528 [sql-log-2-thread-1] INFO  o.t.s.dao.sql.TbSqlBlockingQueue - Queue-1 [TS Latest] queueSize [0] totalAdded [4] totalSaved [4] totalFailed [0]
2025-12-07 09:35:55,946 [TB-Scheduling-11] INFO  o.t.s.c.t.s.DefaultTransportService - Transport Stats: openConnections [0]
2025-12-07 09:35:57,480 [sql-log-2-thread-1] INFO  o.t.s.dao.sql.TbSqlBlockingQueue - Queue-1 [TS] queueSize [0] totalAdded [7] totalSaved [7] totalFailed [0]
2025-12-07 09:35:57,525 [sql-log-2-thread-1] INFO  o.t.s.dao.sql.TbSqlBlockingQueue - Queue-1 [TS Latest] queueSize [0] totalAdded [7] totalSaved [7] totalFailed [0]
2025-12-07 09:36:17,480 [sql-log-2-thread-1] INFO  o.t.s.dao.sql.TbSqlBlockingQueue - Queue-1 [TS] queueSize [0] totalAdded [4] totalSaved [4] totalFailed [0]
2025-12-07 09:36:17,525 [sql-log-2-thread-1] INFO  o.t.s.dao.sql.TbSqlBlockingQueue - Queue-1 [TS Latest] queueSize [0] totalAdded [4] totalSaved [4] totalFailed [0]
2025-12-07 09:36:55,943 [TB-Scheduling-12] INFO  o.t.s.c.t.s.DefaultTransportService - Transport Stats: openConnections [0]
2025-12-07 09:36:57,476 [sql-log-2-thread-1] INFO  o.t.s.dao.sql.TbSqlBlockingQueue - Queue-1 [TS] queueSize [0] totalAdded [7] totalSaved [7] totalFailed [0]
2025-12-07 09:36:57,521 [sql-log-2-thread-1] INFO  o.t.s.dao.sql.TbSqlBlockingQueue - Queue-1 [TS Latest] queueSize [0] totalAdded [7] totalSaved [7] totalFailed [0]
2025-12-07 09:37:17,476 [sql-log-2-thread-1] INFO  o.t.s.dao.sql.TbSqlBlockingQueue - Queue-1 [TS] queueSize [0] totalAdded [4] totalSaved [4] totalFailed [0]
2025-12-07 09:37:17,521 [sql-log-2-thread-1] INFO  o.t.s.dao.sql.TbSqlBlockingQueue - Queue-1 [TS Latest] queueSize [0] totalAdded [4] totalSaved [4] totalFailed [0]
2025-12-07 09:37:55,940 [TB-Scheduling-4] INFO  o.t.s.c.t.s.DefaultTransportService - Transport Stats: openConnections [0]
2025-12-07 09:37:57,473 [sql-log-2-thread-1] INFO  o.t.s.dao.sql.TbSqlBlockingQueue - Queue-1 [TS] queueSize [0] totalAdded [7] totalSaved [7] totalFailed [0]
2025-12-07 09:37:57,518 [sql-log-2-thread-1] INFO  o.t.s.dao.sql.TbSqlBlockingQueue - Queue-1 [TS Latest] queueSize [0] totalAdded [7] totalSaved [7] totalFailed [0]
2025-12-07 09:38:17,473 [sql-log-2-thread-1] INFO  o.t.s.dao.sql.TbSqlBlockingQueue - Queue-1 [TS] queueSize [0] totalAdded [4] totalSaved [4] totalFailed [0]
2025-12-07 09:38:17,518 [sql-log-2-thread-1] INFO  o.t.s.dao.sql.TbSqlBlockingQueue - Queue-1 [TS Latest] queueSize [0] totalAdded [4] totalSaved [4] totalFailed [0]
2025-12-07 09:38:55,938 [TB-Scheduling-12] INFO  o.t.s.c.t.s.DefaultTransportService - Transport Stats: openConnections [0]
2025-12-07 09:38:57,469 [sql-log-2-thread-1] INFO  o.t.s.dao.sql.TbSqlBlockingQueue - Queue-1 [TS] queueSize [0] totalAdded [7] totalSaved [7] totalFailed [0]
2025-12-07 09:38:57,514 [sql-log-2-thread-1] INFO  o.t.s.dao.sql.TbSqlBlockingQueue - Queue-1 [TS Latest] queueSize [0] totalAdded [7] totalSaved [7] totalFailed [0]
2025-12-07 09:39:17,469 [sql-log-2-thread-1] INFO  o.t.s.dao.sql.TbSqlBlockingQueue - Queue-1 [TS] queueSize [0] totalAdded [4] totalSaved [4] totalFailed [0]
2025-12-07 09:39:17,514 [sql-log-2-thread-1] INFO  o.t.s.dao.sql.TbSqlBlockingQueue - Queue-1 [TS Latest] queueSize [0] totalAdded [4] totalSaved [4] totalFailed [0]
2025-12-07 09:39:55,925 [TB-Scheduling-5] INFO  o.t.s.dao.aspect.SqlDaoCallsAspect - Total timing statistics below:
2025-12-07 09:39:55,927 [TB-Scheduling-5] INFO  o.t.s.dao.aspect.SqlDaoCallsAspect - [5489b160-ccf1-11f0-81f3-0bf1425738f5]: calls: 2, failures: 0, exec time: 35 
2025-12-07 09:39:55,927 [TB-Scheduling-5] INFO  o.t.s.dao.aspect.SqlDaoCallsAspect - [5489b160-ccf1-11f0-81f3-0bf1425738f5] Top 3 methods by timing:
2025-12-07 09:39:55,927 [TB-Scheduling-5] INFO  o.t.s.dao.aspect.SqlDaoCallsAspect - [5489b160-ccf1-11f0-81f3-0bf1425738f5]: method: JpaAlarmDao.findActiveOriginatorAlarms(..), calls: 2, failures: 0, exec time: 35
2025-12-07 09:39:55,936 [TB-Scheduling-12] INFO  o.t.s.c.t.s.DefaultTransportService - Transport Stats: openConnections [0]
2025-12-07 09:39:56,187 [TB-Scheduling-4] INFO  o.t.s.s.s.DefaultTbEntityDataSubscriptionService - Stats: regularQueryInvocationCnt = [0], regularQueryInvocationTime = [0], dynamicQueryCnt = [0] dynamicQueryInvocationCnt = [0], dynamicQueryInvocationTime = [0], alarmQueryInvocationCnt = [2], alarmQueryInvocationTime = [36]
2025-12-07 09:39:57,466 [sql-log-2-thread-1] INFO  o.t.s.dao.sql.TbSqlBlockingQueue - Queue-1 [TS] queueSize [0] totalAdded [7] totalSaved [7] totalFailed [0]
2025-12-07 09:39:57,511 [sql-log-2-thread-1] INFO  o.t.s.dao.sql.TbSqlBlockingQueue - Queue-1 [TS Latest] queueSize [0] totalAdded [7] totalSaved [7] totalFailed [0]
2025-12-07 09:40:17,466 [sql-log-2-thread-1] INFO  o.t.s.dao.sql.TbSqlBlockingQueue - Queue-1 [TS] queueSize [0] totalAdded [4] totalSaved [4] totalFailed [0]
2025-12-07 09:40:17,511 [sql-log-2-thread-1] INFO  o.t.s.dao.sql.TbSqlBlockingQueue - Queue-1 [TS Latest] queueSize [0] totalAdded [4] totalSaved [4] totalFailed [0]
2025-12-07 09:40:55,933 [TB-Scheduling-6] INFO  o.t.s.c.t.s.DefaultTransportService - Transport Stats: openConnections [0]
2025-12-07 09:40:57,462 [sql-log-2-thread-1] INFO  o.t.s.dao.sql.TbSqlBlockingQueue - Queue-1 [TS] queueSize [0] totalAdded [7] totalSaved [7] totalFailed [0]
2025-12-07 09:40:57,507 [sql-log-2-thread-1] INFO  o.t.s.dao.sql.TbSqlBlockingQueue - Queue-1 [TS Latest] queueSize [0] totalAdded [7] totalSaved [7] totalFailed [0]
2025-12-07 09:41:17,462 [sql-log-2-thread-1] INFO  o.t.s.dao.sql.TbSqlBlockingQueue - Queue-1 [TS] queueSize [0] totalAdded [4] totalSaved [4] totalFailed [0]
2025-12-07 09:41:17,507 [sql-log-2-thread-1] INFO  o.t.s.dao.sql.TbSqlBlockingQueue - Queue-1 [TS Latest] queueSize [0] totalAdded [4] totalSaved [4] totalFailed [0]
2025-12-07 09:41:55,921 [TB-Scheduling-6] INFO  o.t.s.dao.aspect.SqlDaoCallsAspect - Total timing statistics below:
2025-12-07 09:41:55,922 [TB-Scheduling-6] INFO  o.t.s.dao.aspect.SqlDaoCallsAspect - [5489b160-ccf1-11f0-81f3-0bf1425738f5]: calls: 1, failures: 0, exec time: 49 
2025-12-07 09:41:55,922 [TB-Scheduling-6] INFO  o.t.s.dao.aspect.SqlDaoCallsAspect - [5489b160-ccf1-11f0-81f3-0bf1425738f5] Top 3 methods by timing:
2025-12-07 09:41:55,922 [TB-Scheduling-6] INFO  o.t.s.dao.aspect.SqlDaoCallsAspect - [5489b160-ccf1-11f0-81f3-0bf1425738f5]: method: JpaAttributeDao.find(..), calls: 1, failures: 0, exec time: 49
2025-12-07 09:41:55,931 [TB-Scheduling-10] INFO  o.t.s.c.t.s.DefaultTransportService - Transport Stats: openConnections [0]
2025-12-07 09:41:57,459 [sql-log-2-thread-1] INFO  o.t.s.dao.sql.TbSqlBlockingQueue - Queue-1 [TS] queueSize [0] totalAdded [7] totalSaved [7] totalFailed [0]
2025-12-07 09:41:57,504 [sql-log-2-thread-1] INFO  o.t.s.dao.sql.TbSqlBlockingQueue - Queue-1 [TS Latest] queueSize [0] totalAdded [7] totalSaved [7] totalFailed [0]
2025-12-07 09:42:17,459 [sql-log-2-thread-1] INFO  o.t.s.dao.sql.TbSqlBlockingQueue - Queue-1 [TS] queueSize [0] totalAdded [4] totalSaved [4] totalFailed [0]
2025-12-07 09:42:17,504 [sql-log-2-thread-1] INFO  o.t.s.dao.sql.TbSqlBlockingQueue - Queue-1 [TS Latest] queueSize [0] totalAdded [4] totalSaved [4] totalFailed [0]
2025-12-07 09:42:55,928 [TB-Scheduling-6] INFO  o.t.s.c.t.s.DefaultTransportService - Transport Stats: openConnections [0]
2025-12-07 09:42:57,456 [sql-log-2-thread-1] INFO  o.t.s.dao.sql.TbSqlBlockingQueue - Queue-1 [TS] queueSize [0] totalAdded [7] totalSaved [7] totalFailed [0]
2025-12-07 09:42:57,501 [sql-log-2-thread-1] INFO  o.t.s.dao.sql.TbSqlBlockingQueue - Queue-1 [TS Latest] queueSize [0] totalAdded [7] totalSaved [7] totalFailed [0]
2025-12-07 09:43:17,456 [sql-log-2-thread-1] INFO  o.t.s.dao.sql.TbSqlBlockingQueue - Queue-1 [TS] queueSize [0] totalAdded [4] totalSaved [4] totalFailed [0]
2025-12-07 09:43:17,501 [sql-log-2-thread-1] INFO  o.t.s.dao.sql.TbSqlBlockingQueue - Queue-1 [TS Latest] queueSize [0] totalAdded [4] totalSaved [4] totalFailed [0]
2025-12-07 09:43:38,881 [subscription-scheduler-24-thread-1] INFO  o.t.s.s.s.DefaultSubscriptionManagerService - Removed -2 old entity update records.
2025-12-07 09:43:55,925 [TB-Scheduling-12] INFO  o.t.s.c.t.s.DefaultTransportService - Transport Stats: openConnections [0]
2025-12-07 09:43:57,452 [sql-log-2-thread-1] INFO  o.t.s.dao.sql.TbSqlBlockingQueue - Queue-1 [TS] queueSize [0] totalAdded [7] totalSaved [7] totalFailed [0]
2025-12-07 09:43:57,498 [sql-log-2-thread-1] INFO  o.t.s.dao.sql.TbSqlBlockingQueue - Queue-1 [TS Latest] queueSize [0] totalAdded [7] totalSaved [7] totalFailed [0]
2025-12-07 09:44:04,529 [sql-log-2-thread-1] INFO  o.t.s.dao.sql.TbSqlBlockingQueue - Queue-1 [Events] queueSize [0] totalAdded [1] totalSaved [1] totalFailed [0]
2025-12-07 09:44:04,530 [sql-log-2-thread-1] INFO  o.t.s.dao.sql.TbSqlBlockingQueue - Queue-2 [Events] queueSize [0] totalAdded [2] totalSaved [2] totalFailed [0]
2025-12-07 09:44:17,452 [sql-log-2-thread-1] INFO  o.t.s.dao.sql.TbSqlBlockingQueue - Queue-1 [TS] queueSize [0] totalAdded [4] totalSaved [4] totalFailed [0]
2025-12-07 09:44:17,497 [sql-log-2-thread-1] INFO  o.t.s.dao.sql.TbSqlBlockingQueue - Queue-1 [TS Latest] queueSize [0] totalAdded [4] totalSaved [4] totalFailed [0]
2025-12-07 09:44:55,922 [TB-Scheduling-12] INFO  o.t.s.c.t.s.DefaultTransportService - Transport Stats: openConnections [0]
2025-12-07 09:44:57,449 [sql-log-2-thread-1] INFO  o.t.s.dao.sql.TbSqlBlockingQueue - Queue-1 [TS] queueSize [6] totalAdded [7] totalSaved [1] totalFailed [0]
2025-12-07 09:44:57,493 [sql-log-2-thread-1] INFO  o.t.s.dao.sql.TbSqlBlockingQueue - Queue-1 [TS Latest] queueSize [0] totalAdded [7] totalSaved [7] totalFailed [0]
2025-12-07 09:45:07,448 [sql-log-2-thread-1] INFO  o.t.s.dao.sql.TbSqlBlockingQueue - Queue-1 [TS] queueSize [0] totalAdded [0] totalSaved [6] totalFailed [0]
2025-12-07 09:45:17,448 [sql-log-2-thread-1] INFO  o.t.s.dao.sql.TbSqlBlockingQueue - Queue-1 [TS] queueSize [0] totalAdded [4] totalSaved [4] totalFailed [0]
2025-12-07 09:45:17,493 [sql-log-2-thread-1] INFO  o.t.s.dao.sql.TbSqlBlockingQueue - Queue-1 [TS Latest] queueSize [0] totalAdded [4] totalSaved [4] totalFailed [0]
2025-12-07 09:45:55,920 [TB-Scheduling-12] INFO  o.t.s.c.t.s.DefaultTransportService - Transport Stats: openConnections [0]
2025-12-07 09:46:07,445 [sql-log-2-thread-1] INFO  o.t.s.dao.sql.TbSqlBlockingQueue - Queue-1 [TS] queueSize [0] totalAdded [7] totalSaved [7] totalFailed [0]
2025-12-07 09:46:07,490 [sql-log-2-thread-1] INFO  o.t.s.dao.sql.TbSqlBlockingQueue - Queue-1 [TS Latest] queueSize [0] totalAdded [7] totalSaved [7] totalFailed [0]
2025-12-07 09:46:17,445 [sql-log-2-thread-1] INFO  o.t.s.dao.sql.TbSqlBlockingQueue - Queue-1 [TS] queueSize [0] totalAdded [4] totalSaved [4] totalFailed [0]
2025-12-07 09:46:17,490 [sql-log-2-thread-1] INFO  o.t.s.dao.sql.TbSqlBlockingQueue - Queue-1 [TS Latest] queueSize [0] totalAdded [4] totalSaved [4] totalFailed [0]
2025-12-07 09:46:55,919 [TB-Scheduling-12] INFO  o.t.s.c.t.s.DefaultTransportService - Transport Stats: openConnections [0]
2025-12-07 09:47:07,441 [sql-log-2-thread-1] INFO  o.t.s.dao.sql.TbSqlBlockingQueue - Queue-1 [TS] queueSize [0] totalAdded [7] totalSaved [7] totalFailed [0]
2025-12-07 09:47:07,486 [sql-log-2-thread-1] INFO  o.t.s.dao.sql.TbSqlBlockingQueue - Queue-1 [TS Latest] queueSize [0] totalAdded [7] totalSaved [7] totalFailed [0]
2025-12-07 09:47:17,441 [sql-log-2-thread-1] INFO  o.t.s.dao.sql.TbSqlBlockingQueue - Queue-1 [TS] queueSize [0] totalAdded [4] totalSaved [4] totalFailed [0]
2025-12-07 09:47:17,486 [sql-log-2-thread-1] INFO  o.t.s.dao.sql.TbSqlBlockingQueue - Queue-1 [TS Latest] queueSize [0] totalAdded [4] totalSaved [4] totalFailed [0]
2025-12-07 09:47:22,485 [http-nio-0.0.0.0-9090-exec-7] INFO  o.t.s.c.plugin.TbWebSocketHandler - [5489b160-ccf1-11f0-81f3-0bf1425738f5][550b6480-ccf1-11f0-81f3-0bf1425738f5][f0796da7-631a-4937-9539-43da1e880208] Session is closed
2025-12-07 09:47:23,885 [http-nio-0.0.0.0-9090-exec-2] INFO  o.t.s.c.plugin.TbWebSocketHandler - [5489b160-ccf1-11f0-81f3-0bf1425738f5][550b6480-ccf1-11f0-81f3-0bf1425738f5][6f5eb668-be73-400b-87b8-4f0bcc43cdd6][96d64c6a-b2a4-799a-ffef-e2c910b3774f] Session established from address: /172.18.0.1:43402
2025-12-07 09:47:46,181 [TB-Scheduling-13] INFO  o.t.s.s.s.DefaultTbEntityDataSubscriptionService - Stats: regularQueryInvocationCnt = [4], regularQueryInvocationTime = [14], dynamicQueryCnt = [0] dynamicQueryInvocationCnt = [0], dynamicQueryInvocationTime = [0], alarmQueryInvocationCnt = [6], alarmQueryInvocationTime = [38]
2025-12-07 09:47:55,863 [TB-Scheduling-15] INFO  o.t.s.s.queue.EdgeConsumerStats - Edge Stats: totalMsgs = [1] edgeNfs = [1] coreNfEdgeHPUpd = [0] coreNfEdgeUpd = [0] coreNfEdgeSyncReq = [0] coreNfEdgeSyncResp = [0] coreNfEdgeCompLfcl = [0] 
2025-12-07 09:47:55,905 [TB-Scheduling-8] INFO  o.t.s.dao.aspect.SqlDaoCallsAspect - Total timing statistics below:
2025-12-07 09:47:55,906 [TB-Scheduling-8] INFO  o.t.s.dao.aspect.SqlDaoCallsAspect - [5489b160-ccf1-11f0-81f3-0bf1425738f5]: calls: 48, failures: 0, exec time: 856 
2025-12-07 09:47:55,906 [TB-Scheduling-8] INFO  o.t.s.dao.aspect.SqlDaoCallsAspect - [5489b160-ccf1-11f0-81f3-0bf1425738f5] Top 3 methods by timing:
2025-12-07 09:47:55,907 [TB-Scheduling-8] INFO  o.t.s.dao.aspect.SqlDaoCallsAspect - [5489b160-ccf1-11f0-81f3-0bf1425738f5]: method: JpaUserSettingsDao.save(..), calls: 3, failures: 0, exec time: 177
2025-12-07 09:47:55,907 [TB-Scheduling-8] INFO  o.t.s.dao.aspect.SqlDaoCallsAspect - [5489b160-ccf1-11f0-81f3-0bf1425738f5]: method: JpaAbstractDao.findById(..), calls: 10, failures: 0, exec time: 173
2025-12-07 09:47:55,907 [TB-Scheduling-8] INFO  o.t.s.dao.aspect.SqlDaoCallsAspect - [5489b160-ccf1-11f0-81f3-0bf1425738f5]: method: JpaAbstractDao.save(..), calls: 4, failures: 0, exec time: 116
2025-12-07 09:47:55,917 [TB-Scheduling-14] INFO  o.t.s.c.t.s.DefaultTransportService - Transport Stats: openConnections [0]
2025-12-07 09:47:56,004 [TB-Scheduling-7] INFO  o.t.s.s.q.TbRuleEngineConsumerStats - [Main] Stats: totalMsgs = [1] successfulMsgs = [1] timeoutMsgs = [0] failedMsgs = [0] tmpTimeout = [0] tmpFailed = [0] successfulIterations = [1] failedIterations = [0] 
2025-12-07 09:47:56,180 [TB-Scheduling-4] INFO  o.t.s.s.s.DefaultTbEntityDataSubscriptionService - Stats: regularQueryInvocationCnt = [2], regularQueryInvocationTime = [107], dynamicQueryCnt = [0] dynamicQueryInvocationCnt = [0], dynamicQueryInvocationTime = [0], alarmQueryInvocationCnt = [2], alarmQueryInvocationTime = [4]
2025-12-07 09:47:57,438 [sql-log-2-thread-1] INFO  o.t.s.dao.sql.TbSqlBlockingQueue - Queue-1 [TS] queueSize [0] totalAdded [6] totalSaved [6] totalFailed [0]
2025-12-07 09:47:57,483 [sql-log-2-thread-1] INFO  o.t.s.dao.sql.TbSqlBlockingQueue - Queue-1 [TS Latest] queueSize [0] totalAdded [6] totalSaved [6] totalFailed [0]
2025-12-07 09:48:07,438 [sql-log-2-thread-1] INFO  o.t.s.dao.sql.TbSqlBlockingQueue - Queue-1 [TS] queueSize [0] totalAdded [7] totalSaved [7] totalFailed [0]
2025-12-07 09:48:07,483 [sql-log-2-thread-1] INFO  o.t.s.dao.sql.TbSqlBlockingQueue - Queue-1 [TS Latest] queueSize [0] totalAdded [7] totalSaved [7] totalFailed [0]
2025-12-07 09:48:17,438 [sql-log-2-thread-1] INFO  o.t.s.dao.sql.TbSqlBlockingQueue - Queue-1 [TS] queueSize [0] totalAdded [4] totalSaved [4] totalFailed [0]
2025-12-07 09:48:17,483 [sql-log-2-thread-1] INFO  o.t.s.dao.sql.TbSqlBlockingQueue - Queue-1 [TS Latest] queueSize [0] totalAdded [4] totalSaved [4] totalFailed [0]
2025-12-07 09:48:23,113 [http-nio-0.0.0.0-9090-exec-2] INFO  o.t.s.c.plugin.TbWebSocketHandler - [5489b160-ccf1-11f0-81f3-0bf1425738f5][550b6480-ccf1-11f0-81f3-0bf1425738f5][6f5eb668-be73-400b-87b8-4f0bcc43cdd6] Session is closed
2025-12-07 09:48:23,350 [http-nio-0.0.0.0-9090-exec-9] INFO  o.t.s.c.plugin.TbWebSocketHandler - [5489b160-ccf1-11f0-81f3-0bf1425738f5][13814000-1dd2-11b2-8080-808080808080][fb34884c-d309-41fd-a968-04692f725254] Session is closed
2025-12-07 09:48:23,613 [http-nio-0.0.0.0-9090-exec-6] INFO  o.t.s.c.plugin.TbWebSocketHandler - [5489b160-ccf1-11f0-81f3-0bf1425738f5][13814000-1dd2-11b2-8080-808080808080][af68bd2f-6ad7-443c-b347-6ce79ebb8f97] Session is closed
2025-12-07 16:18:00,734 [background-preinit] INFO  o.h.validator.internal.util.Version - HV000001: Hibernate Validator 8.0.3.Final
2025-12-07 16:18:00,969 [main] INFO  o.t.s.ThingsboardServerApplication - Starting ThingsboardServerApplication v4.2.1 using Java 17.0.16 with PID 22 (/usr/share/thingsboard/bin/thingsboard.jar started by thingsboard in /)
2025-12-07 16:18:00,974 [main] INFO  o.t.s.ThingsboardServerApplication - No active profile set, falling back to 1 default profile: "default"
2025-12-07 16:18:01,922 [main] WARN  o.s.c.a.AnnotationTypeMapping - Support for convention-based annotation attribute overrides is deprecated and will be removed in Spring Framework 7.0. Please annotate the following attributes in @org.thingsboard.server.config.annotations.ApiOperation with appropriate @AliasFor declarations: [hidden, requestBody, responses]
2025-12-07 16:18:07,904 [main] INFO  o.s.d.r.c.RepositoryConfigurationDelegate - Multiple Spring Data modules found, entering strict repository configuration mode
2025-12-07 16:18:07,905 [main] INFO  o.s.d.r.c.RepositoryConfigurationDelegate - Bootstrapping Spring Data JPA repositories in LAZY mode.
2025-12-07 16:18:08,292 [main] INFO  o.s.d.r.c.RepositoryConfigurationDelegate - Finished Spring Data repository scanning in 358 ms. Found 7 JPA repository interfaces.
2025-12-07 16:18:08,297 [main] INFO  o.s.d.r.c.RepositoryConfigurationDelegate - Multiple Spring Data modules found, entering strict repository configuration mode
2025-12-07 16:18:08,297 [main] INFO  o.s.d.r.c.RepositoryConfigurationDelegate - Bootstrapping Spring Data JPA repositories in LAZY mode.
2025-12-07 16:18:08,757 [main] INFO  o.s.d.r.c.RepositoryConfigurationDelegate - Finished Spring Data repository scanning in 455 ms. Found 57 JPA repository interfaces.
2025-12-07 16:18:08,760 [main] INFO  o.s.d.r.c.RepositoryConfigurationDelegate - Multiple Spring Data modules found, entering strict repository configuration mode
2025-12-07 16:18:08,760 [main] INFO  o.s.d.r.c.RepositoryConfigurationDelegate - Bootstrapping Spring Data JPA repositories in LAZY mode.
2025-12-07 16:18:08,774 [main] INFO  o.s.d.r.c.RepositoryConfigurationDelegate - Finished Spring Data repository scanning in 12 ms. Found 1 JPA repository interface.
2025-12-07 16:18:08,775 [main] INFO  o.s.d.r.c.RepositoryConfigurationDelegate - Multiple Spring Data modules found, entering strict repository configuration mode
2025-12-07 16:18:08,776 [main] INFO  o.s.d.r.c.RepositoryConfigurationDelegate - Bootstrapping Spring Data JPA repositories in LAZY mode.
2025-12-07 16:18:08,789 [main] INFO  o.s.d.r.c.RepositoryConfigurationDelegate - Finished Spring Data repository scanning in 9 ms. Found 1 JPA repository interface.
2025-12-07 16:18:10,390 [main] INFO  o.s.i.c.DefaultConfiguringBeanFactoryPostProcessor - No bean named 'errorChannel' has been explicitly defined. Therefore, a default PublishSubscribeChannel will be created.
2025-12-07 16:18:10,432 [main] INFO  o.s.i.c.DefaultConfiguringBeanFactoryPostProcessor - No bean named 'integrationHeaderChannelRegistry' has been explicitly defined. Therefore, a default DefaultHeaderChannelRegistry will be created.
2025-12-07 16:18:12,554 [main] INFO  o.t.s.q.d.DefaultTbServiceInfoProvider - Current Service ID: 7a74840d7ca7
2025-12-07 16:18:14,491 [main] INFO  o.h.jpa.internal.util.LogHelper - HHH000204: Processing PersistenceUnitInfo [name: default]
2025-12-07 16:18:14,866 [main] INFO  org.hibernate.Version - HHH000412: Hibernate ORM core version 6.6.29.Final
2025-12-07 16:18:14,986 [main] INFO  o.h.c.i.RegionFactoryInitiator - HHH000026: Second-level cache disabled
2025-12-07 16:18:15,320 [main] INFO  com.zaxxer.hikari.HikariDataSource - HikariPool-1 - Starting...
2025-12-07 16:18:15,593 [main] INFO  com.zaxxer.hikari.pool.HikariPool - HikariPool-1 - Added connection org.postgresql.jdbc.PgConnection@6fbe879b
2025-12-07 16:18:15,599 [main] INFO  com.zaxxer.hikari.HikariDataSource - HikariPool-1 - Start completed.
2025-12-07 16:18:15,747 [main] INFO  o.hibernate.orm.connections.pooling - HHH10001005: Database info:
	Database JDBC URL [Connecting through datasource 'HikariDataSource (HikariPool-1)']
	Database driver: undefined/unknown
	Database version: 12.0
	Autocommit mode: undefined/unknown
	Isolation level: undefined/unknown
	Minimum pool size: undefined/unknown
	Maximum pool size: undefined/unknown
2025-12-07 16:18:16,590 [main] INFO  o.s.o.j.p.SpringPersistenceUnitInfo - No LoadTimeWeaver setup: ignoring JPA class transformer
2025-12-07 16:18:21,522 [main] INFO  o.h.e.t.j.p.i.JtaPlatformInitiator - HHH000489: No JTA platform available (set 'hibernate.transaction.jta.platform' to enable JTA platform integration)
2025-12-07 16:18:21,564 [main] INFO  o.s.o.j.LocalContainerEntityManagerFactoryBean - Initialized JPA EntityManagerFactory for persistence unit 'default'
2025-12-07 16:18:22,589 [main] INFO  o.s.d.j.r.query.QueryEnhancerFactory - Hibernate is in classpath; If applicable, HQL parser will be used.
2025-12-07 16:18:28,807 [main] INFO  o.s.b.w.e.tomcat.TomcatWebServer - Tomcat initialized with port 9090 (http)
2025-12-07 16:18:28,843 [main] INFO  o.a.coyote.http11.Http11NioProtocol - The ["http-nio-0.0.0.0-9090"] connector has been configured to support HTTP upgrade to [h2c]
2025-12-07 16:18:28,844 [main] INFO  o.a.coyote.http11.Http11NioProtocol - Initializing ProtocolHandler ["http-nio-0.0.0.0-9090"]
2025-12-07 16:18:28,855 [main] INFO  o.a.catalina.core.StandardService - Starting service [Tomcat]
2025-12-07 16:18:28,857 [main] INFO  o.a.catalina.core.StandardEngine - Starting Servlet engine: [Apache Tomcat/10.1.46]
2025-12-07 16:18:28,971 [main] INFO  o.a.c.c.C.[Tomcat].[localhost].[/] - Initializing Spring embedded WebApplicationContext
2025-12-07 16:18:28,972 [main] INFO  o.s.b.w.s.c.ServletWebServerApplicationContext - Root WebApplicationContext: initialization completed in 27836 ms
2025-12-07 16:18:29,443 [main] INFO  o.t.s.d.a.CachedAttributesService - Going to use directExecutor for the local cache type caffeine
2025-12-07 16:18:30,921 [main] INFO  o.t.s.s.a.DefaultTbApiUsageStateService - Starting api usage service.
2025-12-07 16:18:30,939 [main] INFO  o.t.s.s.a.DefaultTbApiUsageStateService - Started api usage service.
2025-12-07 16:18:34,038 [main] INFO  o.t.s.t.h.config.PayloadSizeFilter - Initialized payload size filter with configuration: /api/image*/**=52428800;/api/resource/**=52428800;/api/**=16777216
2025-12-07 16:18:34,128 [main] INFO  o.t.s.t.h.config.PayloadSizeFilter - Initialized payload size filter with configuration: /api/v1/*/rpc/**=65536;/api/v1/**=52428800
2025-12-07 16:18:34,317 [main] INFO  o.t.s.q.e.EnvironmentLogService - ThingsBoard server environment: zookeeper.version=3.9.3-c26634f34490bb0ea7a09cc51e05ede3b4e320ee, built on 2024-10-17 23:21 UTC
2025-12-07 16:18:34,318 [main] INFO  o.t.s.q.e.EnvironmentLogService - ThingsBoard server environment: host.name=7a74840d7ca7
2025-12-07 16:18:34,319 [main] INFO  o.t.s.q.e.EnvironmentLogService - ThingsBoard server environment: java.version=17.0.16
2025-12-07 16:18:34,322 [main] INFO  o.t.s.q.e.EnvironmentLogService - ThingsBoard server environment: java.vendor=Debian
2025-12-07 16:18:34,322 [main] INFO  o.t.s.q.e.EnvironmentLogService - ThingsBoard server environment: java.home=/usr/lib/jvm/java-17-openjdk-amd64
2025-12-07 16:18:34,322 [main] INFO  o.t.s.q.e.EnvironmentLogService - ThingsBoard server environment: java.class.path=/usr/share/thingsboard/bin/thingsboard.jar
2025-12-07 16:18:34,322 [main] INFO  o.t.s.q.e.EnvironmentLogService - ThingsBoard server environment: java.library.path=/usr/java/packages/lib:/usr/lib/x86_64-linux-gnu/jni:/lib/x86_64-linux-gnu:/usr/lib/x86_64-linux-gnu:/usr/lib/jni:/lib:/usr/lib
2025-12-07 16:18:34,322 [main] INFO  o.t.s.q.e.EnvironmentLogService - ThingsBoard server environment: java.io.tmpdir=/tmp
2025-12-07 16:18:34,323 [main] INFO  o.t.s.q.e.EnvironmentLogService - ThingsBoard server environment: java.compiler=<NA>
2025-12-07 16:18:34,323 [main] INFO  o.t.s.q.e.EnvironmentLogService - ThingsBoard server environment: os.name=Linux
2025-12-07 16:18:34,323 [main] INFO  o.t.s.q.e.EnvironmentLogService - ThingsBoard server environment: os.arch=amd64
2025-12-07 16:18:34,323 [main] INFO  o.t.s.q.e.EnvironmentLogService - ThingsBoard server environment: os.version=6.6.87.2-microsoft-standard-WSL2
2025-12-07 16:18:34,323 [main] INFO  o.t.s.q.e.EnvironmentLogService - ThingsBoard server environment: user.name=thingsboard
2025-12-07 16:18:34,323 [main] INFO  o.t.s.q.e.EnvironmentLogService - ThingsBoard server environment: user.home=/home/thingsboard
2025-12-07 16:18:34,323 [main] INFO  o.t.s.q.e.EnvironmentLogService - ThingsBoard server environment: user.dir=/
2025-12-07 16:18:34,324 [main] INFO  o.t.s.q.e.EnvironmentLogService - ThingsBoard server environment: os.memory.free=356MB
2025-12-07 16:18:34,324 [main] INFO  o.t.s.q.e.EnvironmentLogService - ThingsBoard server environment: os.memory.max=1898MB
2025-12-07 16:18:34,324 [main] INFO  o.t.s.q.e.EnvironmentLogService - ThingsBoard server environment: os.memory.total=686MB
2025-12-07 16:18:34,591 [main] INFO  d.n.internal.NashornDetection - Delight-nashorn-sandbox detected that JDK Nashorn is absent and standalone Nashorn is present, and will use Standalone Nashorn
2025-12-07 16:18:36,744 [main] INFO  o.t.s.a.service.DefaultActorService - Initializing actor system.
2025-12-07 16:18:36,784 [main] INFO  o.t.s.a.service.DefaultActorService - Actor system initialized.
2025-12-07 16:18:38,124 [main] INFO  o.t.s.c.t.c.ssl.SslCredentialsConfig - LWM2M Server DTLS Credentials: Skipping initialization of disabled SSL credentials.
2025-12-07 16:18:38,140 [main] INFO  o.t.s.c.t.c.ssl.SslCredentialsConfig - LWM2M Trust Credentials: Skipping initialization of disabled SSL credentials.
2025-12-07 16:18:38,166 [main] INFO  o.t.s.c.t.c.ssl.SslCredentialsConfig - LWM2M Bootstrap DTLS Credentials: Skipping initialization of disabled SSL credentials.
2025-12-07 16:18:38,730 [main] INFO  o.t.s.c.SystemInfoController - System build info: {"version":"4.2.1","artifact":"application","name":"ThingsBoard Server Application","type":"CE"}
2025-12-07 16:18:39,648 [main] INFO  o.t.s.c.adaptor.JsonConverterConfig - JSON max string value length = 0
2025-12-07 16:18:39,649 [main] INFO  o.t.s.c.adaptor.JsonConverterConfig - JSON type cast enabled = true
2025-12-07 16:18:39,764 [main] INFO  o.t.s.t.mqtt.MqttTransportService - Setting resource leak detector level to DISABLED
2025-12-07 16:18:39,765 [main] INFO  o.t.s.t.mqtt.MqttTransportService - Starting MQTT transport...
2025-12-07 16:18:39,862 [main] INFO  o.t.s.t.mqtt.MqttTransportService - Mqtt transport started!
2025-12-07 16:18:39,970 [main] INFO  o.e.c.elements.config.Configuration - defaults added COAP.
2025-12-07 16:18:39,991 [main] INFO  o.e.c.elements.config.Configuration - defaults added UDP.
2025-12-07 16:18:39,993 [main] INFO  o.e.c.c.network.RandomTokenGenerator - using tokens of 8 bytes in length
2025-12-07 16:18:40,028 [main] INFO  org.eclipse.californium.ban - Started.
2025-12-07 16:18:40,032 [main] INFO  o.e.c.core.network.CoapEndpoint - coap CoapEndpoint uses udp context
2025-12-07 16:18:40,059 [main] INFO  o.e.c.elements.config.Configuration - defaults added SYS.
2025-12-07 16:18:40,060 [main] INFO  o.e.c.c.network.stack.BlockwiseLayer - coap BlockwiseLayer uses MAX_MESSAGE_SIZE=1024, PREFERRED_BLOCK_SIZE=1024, BLOCKWISE_STATUS_LIFETIME=300000, MAX_RESOURCE_BODY_SIZE=268435456, BLOCKWISE_STRICT_BLOCK2_OPTION=true
2025-12-07 16:18:40,081 [main] INFO  o.e.californium.core.CoapServer - Starting server
2025-12-07 16:18:40,104 [main] INFO  o.e.c.elements.UDPConnector - UDPConnector starts up 1 sender threads and 1 receiver threads
2025-12-07 16:18:40,110 [main] INFO  o.e.c.elements.UDPConnector - UDPConnector listening on /[0:0:0:0:0:0:0:0]:5683, recv buf = 106496, send buf = 106496, recv packet size = 2048
2025-12-07 16:18:40,111 [main] INFO  o.e.c.core.network.CoapEndpoint - coap Started endpoint at coap://[0:0:0:0:0:0:0:0]:5683
2025-12-07 16:18:40,115 [main] INFO  o.t.s.t.coap.CoapTransportService - Starting CoAP transport...
2025-12-07 16:18:40,126 [main] INFO  o.t.s.t.coap.CoapTransportService - CoAP transport started!
2025-12-07 16:18:40,207 [main] INFO  o.t.s.t.l.b.LwM2MTransportBootstrapService - Starting LwM2M transport bootstrap server...
2025-12-07 16:18:40,246 [main] INFO  o.e.c.elements.util.JceProviderUtil - JCE default setup
2025-12-07 16:18:40,276 [main] INFO  o.e.c.elements.util.JceProviderUtil - RSA: true, EC: true, AES: not restricted
2025-12-07 16:18:40,285 [main] INFO  o.e.c.elements.util.JceProviderUtil - EdDSA supported by SunEC, Ed25519: true, Ed448: true
2025-12-07 16:18:40,286 [main] INFO  o.e.c.elements.util.JceProviderUtil - JCE setup: SunEC version 17, ready.
2025-12-07 16:18:40,351 [main] INFO  o.e.c.elements.config.Configuration - defaults added DTLS.
2025-12-07 16:18:40,650 [main] WARN  o.e.l.s.b.LeshanBootstrapServerBuilder - configStore is set but you also provide a custom SessionManager so this store will not be used
2025-12-07 16:18:40,659 [main] INFO  o.e.c.c.network.RandomTokenGenerator - using tokens of 8 bytes in length
2025-12-07 16:18:40,659 [main] INFO  o.e.c.core.network.CoapEndpoint - [Bootstrap Server-coap://0.0.0.0:5687] CoapEndpoint uses udp context
2025-12-07 16:18:40,660 [main] INFO  o.e.c.c.network.stack.BlockwiseLayer - [Bootstrap Server-coap://0.0.0.0:5687] BlockwiseLayer uses MAX_MESSAGE_SIZE=1024, PREFERRED_BLOCK_SIZE=1024, BLOCKWISE_STATUS_LIFETIME=300000, MAX_RESOURCE_BODY_SIZE=268435456, BLOCKWISE_STRICT_BLOCK2_OPTION=true
2025-12-07 16:18:40,668 [main] INFO  o.t.s.t.l.b.LwM2MTransportBootstrapService - Unable to load X509 files for LWM2MServer
2025-12-07 16:18:40,672 [main] WARN  o.e.l.s.c.b.e.c.CoapsBootstrapServerEndpointFactory - PskStore should be automatically set by Leshan. Using a custom implementation is not advised.
2025-12-07 16:18:40,707 [main] INFO  o.e.c.s.d.InMemoryReadWriteLockConnectionStore - Created new InMemoryConnectionStore [capacity: 150000, connection expiration threshold: 1800s]
2025-12-07 16:18:40,712 [main] INFO  o.e.c.c.network.RandomTokenGenerator - using tokens of 8 bytes in length
2025-12-07 16:18:40,713 [main] INFO  o.e.c.core.network.CoapEndpoint - [Bootstrap Server-coaps://0.0.0.0:5688] CoapEndpoint uses lwm2m correlation
2025-12-07 16:18:40,713 [main] INFO  o.e.c.c.network.stack.BlockwiseLayer - [Bootstrap Server-coaps://0.0.0.0:5688] BlockwiseLayer uses MAX_MESSAGE_SIZE=1024, PREFERRED_BLOCK_SIZE=1024, BLOCKWISE_STATUS_LIFETIME=300000, MAX_RESOURCE_BODY_SIZE=268435456, BLOCKWISE_STRICT_BLOCK2_OPTION=true
2025-12-07 16:18:40,720 [main] INFO  o.e.californium.core.CoapServer - Starting server
2025-12-07 16:18:40,729 [main] INFO  o.e.c.elements.UDPConnector - UDPConnector starts up 2 sender threads and 2 receiver threads
2025-12-07 16:18:40,732 [main] INFO  o.e.c.elements.UDPConnector - UDPConnector listening on /[0:0:0:0:0:0:0:0]:5687, recv buf = 106496, send buf = 106496, recv packet size = 2048
2025-12-07 16:18:40,732 [main] INFO  o.e.c.core.network.CoapEndpoint - [Bootstrap Server-coap://0.0.0.0:5687] Started endpoint at coap://[0:0:0:0:0:0:0:0]:5687
2025-12-07 16:18:40,746 [main] INFO  o.e.c.scandium.DTLSConnector - multiple network interfaces, using smallest MTU [IPv4 1500, IPv6 1280]
2025-12-07 16:18:40,754 [main] INFO  o.e.c.scandium.DTLSConnector - DTLSConnector listening on /[0:0:0:0:0:0:0:0]:5688, recv buf = 106496, send buf = 106496, recv packet size = 16490, MTU = IPv4 1500 / IPv6 1280
2025-12-07 16:18:40,753 [DTLS-Receiver-0-/[0:0:0:0:0:0:0:0]:5688] INFO  o.e.c.scandium.DTLSConnector - Starting worker thread [DTLS-Receiver-0-/[0:0:0:0:0:0:0:0]:5688]
2025-12-07 16:18:40,754 [DTLS-Receiver-1-/[0:0:0:0:0:0:0:0]:5688] INFO  o.e.c.scandium.DTLSConnector - Starting worker thread [DTLS-Receiver-1-/[0:0:0:0:0:0:0:0]:5688]
2025-12-07 16:18:40,758 [main] INFO  o.e.c.core.network.CoapEndpoint - [Bootstrap Server-coaps://0.0.0.0:5688] Started endpoint at coaps://[0:0:0:0:0:0:0:0]:5688
2025-12-07 16:18:40,758 [main] INFO  o.e.l.s.b.LeshanBootstrapServer - Bootstrap server started.
2025-12-07 16:18:40,758 [main] INFO  o.e.l.s.b.LeshanBootstrapServer - CoAP over UDP endpoint based on Californium library available at coap://[0:0:0:0:0:0:0:0]:5687.
2025-12-07 16:18:40,759 [main] INFO  o.e.l.s.b.LeshanBootstrapServer - CoAP over DTLS endpoint based on Californium/Scandium library available at coaps://[0:0:0:0:0:0:0:0]:5688.
2025-12-07 16:18:40,759 [main] INFO  o.t.s.t.l.b.LwM2MTransportBootstrapService - Started LwM2M transport bootstrap server.
2025-12-07 16:18:41,109 [main] INFO  o.t.s.t.s.s.SnmpTransportService - SNMP transport service initialized
2025-12-07 16:18:41,145 [main] INFO  o.t.s.d.s.NamedParameterJdbcTemplateConfiguration - Set jdbcTemplate query timeout [30] second(s)
2025-12-07 16:18:41,716 [main] INFO  o.s.s.c.a.a.c.InitializeAuthenticationProviderBeanManagerConfigurer$InitializeAuthenticationProviderManagerConfigurer - Found 3 AuthenticationProvider beans, with names [jwtAuthenticationProvider, refreshTokenAuthenticationProvider, restAuthenticationProvider]. Global Authentication Manager will not be configured with AuthenticationProviders. Consider publishing a single AuthenticationProvider bean, or wiring your Providers directly using the DSL.
2025-12-07 16:18:42,010 [main] INFO  o.s.b.a.w.s.WelcomePageHandlerMapping - Adding welcome page: class path resource [public/index.html]
2025-12-07 16:18:42,898 [main] INFO  o.s.b.a.e.web.EndpointLinksResolver - Exposing 1 endpoint beneath base path '/actuator'
2025-12-07 16:18:45,104 [main] WARN  i.m.c.i.b.cache.CaffeineCacheMetrics - The cache 'relations' is not recording statistics. No meters except 'cache.size' will be registered. Call 'Caffeine#recordStats()' prior to building the cache for metrics to be recorded.
2025-12-07 16:18:45,106 [main] WARN  i.m.c.i.b.cache.CaffeineCacheMetrics - The cache 'deviceCredentials' is not recording statistics. No meters except 'cache.size' will be registered. Call 'Caffeine#recordStats()' prior to building the cache for metrics to be recorded.
2025-12-07 16:18:45,107 [main] WARN  i.m.c.i.b.cache.CaffeineCacheMetrics - The cache 'devices' is not recording statistics. No meters except 'cache.size' will be registered. Call 'Caffeine#recordStats()' prior to building the cache for metrics to be recorded.
2025-12-07 16:18:45,108 [main] WARN  i.m.c.i.b.cache.CaffeineCacheMetrics - The cache 'sessions' is not recording statistics. No meters except 'cache.size' will be registered. Call 'Caffeine#recordStats()' prior to building the cache for metrics to be recorded.
2025-12-07 16:18:45,110 [main] WARN  i.m.c.i.b.cache.CaffeineCacheMetrics - The cache 'assets' is not recording statistics. No meters except 'cache.size' will be registered. Call 'Caffeine#recordStats()' prior to building the cache for metrics to be recorded.
2025-12-07 16:18:45,111 [main] WARN  i.m.c.i.b.cache.CaffeineCacheMetrics - The cache 'customers' is not recording statistics. No meters except 'cache.size' will be registered. Call 'Caffeine#recordStats()' prior to building the cache for metrics to be recorded.
2025-12-07 16:18:45,112 [main] WARN  i.m.c.i.b.cache.CaffeineCacheMetrics - The cache 'users' is not recording statistics. No meters except 'cache.size' will be registered. Call 'Caffeine#recordStats()' prior to building the cache for metrics to be recorded.
2025-12-07 16:18:45,113 [main] WARN  i.m.c.i.b.cache.CaffeineCacheMetrics - The cache 'entityViews' is not recording statistics. No meters except 'cache.size' will be registered. Call 'Caffeine#recordStats()' prior to building the cache for metrics to be recorded.
2025-12-07 16:18:45,113 [main] WARN  i.m.c.i.b.cache.CaffeineCacheMetrics - The cache 'claimDevices' is not recording statistics. No meters except 'cache.size' will be registered. Call 'Caffeine#recordStats()' prior to building the cache for metrics to be recorded.
2025-12-07 16:18:45,114 [main] WARN  i.m.c.i.b.cache.CaffeineCacheMetrics - The cache 'securitySettings' is not recording statistics. No meters except 'cache.size' will be registered. Call 'Caffeine#recordStats()' prior to building the cache for metrics to be recorded.
2025-12-07 16:18:45,115 [main] WARN  i.m.c.i.b.cache.CaffeineCacheMetrics - The cache 'tenantProfiles' is not recording statistics. No meters except 'cache.size' will be registered. Call 'Caffeine#recordStats()' prior to building the cache for metrics to be recorded.
2025-12-07 16:18:45,115 [main] WARN  i.m.c.i.b.cache.CaffeineCacheMetrics - The cache 'tenants' is not recording statistics. No meters except 'cache.size' will be registered. Call 'Caffeine#recordStats()' prior to building the cache for metrics to be recorded.
2025-12-07 16:18:45,115 [main] WARN  i.m.c.i.b.cache.CaffeineCacheMetrics - The cache 'tenantsExist' is not recording statistics. No meters except 'cache.size' will be registered. Call 'Caffeine#recordStats()' prior to building the cache for metrics to be recorded.
2025-12-07 16:18:45,116 [main] WARN  i.m.c.i.b.cache.CaffeineCacheMetrics - The cache 'deviceProfiles' is not recording statistics. No meters except 'cache.size' will be registered. Call 'Caffeine#recordStats()' prior to building the cache for metrics to be recorded.
2025-12-07 16:18:45,116 [main] WARN  i.m.c.i.b.cache.CaffeineCacheMetrics - The cache 'assetProfiles' is not recording statistics. No meters except 'cache.size' will be registered. Call 'Caffeine#recordStats()' prior to building the cache for metrics to be recorded.
2025-12-07 16:18:45,116 [main] WARN  i.m.c.i.b.cache.CaffeineCacheMetrics - The cache 'notificationSettings' is not recording statistics. No meters except 'cache.size' will be registered. Call 'Caffeine#recordStats()' prior to building the cache for metrics to be recorded.
2025-12-07 16:18:45,116 [main] WARN  i.m.c.i.b.cache.CaffeineCacheMetrics - The cache 'sentNotifications' is not recording statistics. No meters except 'cache.size' will be registered. Call 'Caffeine#recordStats()' prior to building the cache for metrics to be recorded.
2025-12-07 16:18:45,117 [main] WARN  i.m.c.i.b.cache.CaffeineCacheMetrics - The cache 'attributes' is not recording statistics. No meters except 'cache.size' will be registered. Call 'Caffeine#recordStats()' prior to building the cache for metrics to be recorded.
2025-12-07 16:18:45,117 [main] WARN  i.m.c.i.b.cache.CaffeineCacheMetrics - The cache 'tsLatest' is not recording statistics. No meters except 'cache.size' will be registered. Call 'Caffeine#recordStats()' prior to building the cache for metrics to be recorded.
2025-12-07 16:18:45,118 [main] WARN  i.m.c.i.b.cache.CaffeineCacheMetrics - The cache 'userSessionsInvalidation' is not recording statistics. No meters except 'cache.size' will be registered. Call 'Caffeine#recordStats()' prior to building the cache for metrics to be recorded.
2025-12-07 16:18:45,118 [main] WARN  i.m.c.i.b.cache.CaffeineCacheMetrics - The cache 'otaPackages' is not recording statistics. No meters except 'cache.size' will be registered. Call 'Caffeine#recordStats()' prior to building the cache for metrics to be recorded.
2025-12-07 16:18:45,118 [main] WARN  i.m.c.i.b.cache.CaffeineCacheMetrics - The cache 'otaPackagesData' is not recording statistics. No meters except 'cache.size' will be registered. Call 'Caffeine#recordStats()' prior to building the cache for metrics to be recorded.
2025-12-07 16:18:45,119 [main] WARN  i.m.c.i.b.cache.CaffeineCacheMetrics - The cache 'edges' is not recording statistics. No meters except 'cache.size' will be registered. Call 'Caffeine#recordStats()' prior to building the cache for metrics to be recorded.
2025-12-07 16:18:45,119 [main] WARN  i.m.c.i.b.cache.CaffeineCacheMetrics - The cache 'edgeSessions' is not recording statistics. No meters except 'cache.size' will be registered. Call 'Caffeine#recordStats()' prior to building the cache for metrics to be recorded.
2025-12-07 16:18:45,119 [main] WARN  i.m.c.i.b.cache.CaffeineCacheMetrics - The cache 'relatedEdges' is not recording statistics. No meters except 'cache.size' will be registered. Call 'Caffeine#recordStats()' prior to building the cache for metrics to be recorded.
2025-12-07 16:18:45,120 [main] WARN  i.m.c.i.b.cache.CaffeineCacheMetrics - The cache 'repositorySettings' is not recording statistics. No meters except 'cache.size' will be registered. Call 'Caffeine#recordStats()' prior to building the cache for metrics to be recorded.
2025-12-07 16:18:45,120 [main] WARN  i.m.c.i.b.cache.CaffeineCacheMetrics - The cache 'autoCommitSettings' is not recording statistics. No meters except 'cache.size' will be registered. Call 'Caffeine#recordStats()' prior to building the cache for metrics to be recorded.
2025-12-07 16:18:45,120 [main] WARN  i.m.c.i.b.cache.CaffeineCacheMetrics - The cache 'twoFaVerificationCodes' is not recording statistics. No meters except 'cache.size' will be registered. Call 'Caffeine#recordStats()' prior to building the cache for metrics to be recorded.
2025-12-07 16:18:45,121 [main] WARN  i.m.c.i.b.cache.CaffeineCacheMetrics - The cache 'versionControlTask' is not recording statistics. No meters except 'cache.size' will be registered. Call 'Caffeine#recordStats()' prior to building the cache for metrics to be recorded.
2025-12-07 16:18:45,121 [main] WARN  i.m.c.i.b.cache.CaffeineCacheMetrics - The cache 'userSettings' is not recording statistics. No meters except 'cache.size' will be registered. Call 'Caffeine#recordStats()' prior to building the cache for metrics to be recorded.
2025-12-07 16:18:45,121 [main] WARN  i.m.c.i.b.cache.CaffeineCacheMetrics - The cache 'dashboardTitles' is not recording statistics. No meters except 'cache.size' will be registered. Call 'Caffeine#recordStats()' prior to building the cache for metrics to be recorded.
2025-12-07 16:18:45,121 [main] WARN  i.m.c.i.b.cache.CaffeineCacheMetrics - The cache 'entityCount' is not recording statistics. No meters except 'cache.size' will be registered. Call 'Caffeine#recordStats()' prior to building the cache for metrics to be recorded.
2025-12-07 16:18:45,121 [main] WARN  i.m.c.i.b.cache.CaffeineCacheMetrics - The cache 'resourceInfo' is not recording statistics. No meters except 'cache.size' will be registered. Call 'Caffeine#recordStats()' prior to building the cache for metrics to be recorded.
2025-12-07 16:18:45,122 [main] WARN  i.m.c.i.b.cache.CaffeineCacheMetrics - The cache 'alarmTypes' is not recording statistics. No meters except 'cache.size' will be registered. Call 'Caffeine#recordStats()' prior to building the cache for metrics to be recorded.
2025-12-07 16:18:45,122 [main] WARN  i.m.c.i.b.cache.CaffeineCacheMetrics - The cache 'qrCodeSettings' is not recording statistics. No meters except 'cache.size' will be registered. Call 'Caffeine#recordStats()' prior to building the cache for metrics to be recorded.
2025-12-07 16:18:45,122 [main] WARN  i.m.c.i.b.cache.CaffeineCacheMetrics - The cache 'mobileSecretKey' is not recording statistics. No meters except 'cache.size' will be registered. Call 'Caffeine#recordStats()' prior to building the cache for metrics to be recorded.
2025-12-07 16:18:45,122 [main] WARN  i.m.c.i.b.cache.CaffeineCacheMetrics - The cache 'trendzSettings' is not recording statistics. No meters except 'cache.size' will be registered. Call 'Caffeine#recordStats()' prior to building the cache for metrics to be recorded.
2025-12-07 16:18:45,122 [main] WARN  i.m.c.i.b.cache.CaffeineCacheMetrics - The cache 'aiModel' is not recording statistics. No meters except 'cache.size' will be registered. Call 'Caffeine#recordStats()' prior to building the cache for metrics to be recorded.
2025-12-07 16:18:45,722 [main] INFO  o.s.i.endpoint.EventDrivenConsumer - Adding {logging-channel-adapter:_org.springframework.integration.errorLogger} as a subscriber to the 'errorChannel' channel
2025-12-07 16:18:45,723 [main] INFO  o.s.i.c.PublishSubscribeChannel - Channel 'application.errorChannel' has 1 subscriber(s).
2025-12-07 16:18:45,724 [main] INFO  o.s.i.endpoint.EventDrivenConsumer - started bean '_org.springframework.integration.errorLogger'
2025-12-07 16:18:45,762 [main] INFO  o.a.coyote.http11.Http11NioProtocol - Starting ProtocolHandler ["http-nio-0.0.0.0-9090"]
2025-12-07 16:18:45,794 [main] INFO  o.s.b.w.e.tomcat.TomcatWebServer - Tomcat started on port 9090 (http) with context path '/'
2025-12-07 16:18:45,865 [main] INFO  o.t.s.ThingsboardServerApplication - Started ThingsboardServerApplication in 46.655 seconds (process running for 50.291)
2025-12-07 16:18:45,870 [TB-Scheduling-2] INFO  o.t.s.c.t.s.DefaultTransportService - Transport Stats: openConnections [0]
2025-12-07 16:18:45,888 [main] INFO  o.t.s.q.c.c.QueueConsumerManager - [TB Version Control] Launching consumer
2025-12-07 16:18:45,889 [main] INFO  o.t.s.q.d.HashPartitionService - Recalculating partitions
2025-12-07 16:18:45,890 [main] INFO  o.t.s.q.d.HashPartitionService - [7a74840d7ca7] Found common server: [TB_CORE, TB_RULE_ENGINE, TB_TRANSPORT, JS_EXECUTOR, TB_VC_EXECUTOR, EDQS, TASK_PROCESSOR]
2025-12-07 16:18:45,906 [main] INFO  o.t.s.q.d.HashPartitionService - Partitions changed: 
[QK(Main,TB_VC_EXECUTOR,system)] - [0, 1, 2, 3, 4, 5, 6, 7, 8, 9]
2025-12-07 16:18:45,911 [main] INFO  o.t.s.q.d.HashPartitionService - Partitions changed: 
[QK(Main,TB_CORE,system)] - [0, 1, 2, 3, 4, 5, 6, 7, 8, 9]
[QK(Edge,TB_CORE,system)] - [0, 1, 2, 3, 4, 5, 6, 7, 8, 9]
2025-12-07 16:18:45,920 [device-state-scheduled-21-thread-1] INFO  o.t.s.s.p.AbstractPartitionBasedService - [Device State] CURRENT PARTITIONS: []
2025-12-07 16:18:45,920 [api-usage-scheduled-19-thread-1] INFO  o.t.s.s.p.AbstractPartitionBasedService - [API Usage] CURRENT PARTITIONS: []
2025-12-07 16:18:45,921 [main] INFO  o.t.s.a.service.DefaultActorService - Received partition change event.
2025-12-07 16:18:45,921 [device-state-scheduled-21-thread-1] INFO  o.t.s.s.p.AbstractPartitionBasedService - [Device State] NEW PARTITIONS: [tb_core.0, tb_core.2, tb_core.4, tb_core.6, tb_core.8, tb_core.1, tb_core.3, tb_core.5, tb_core.7, tb_core.9]
2025-12-07 16:18:45,921 [api-usage-scheduled-19-thread-1] INFO  o.t.s.s.p.AbstractPartitionBasedService - [API Usage] NEW PARTITIONS: [tb_core.0, tb_core.2, tb_core.4, tb_core.6, tb_core.8, tb_core.1, tb_core.3, tb_core.5, tb_core.7, tb_core.9]
2025-12-07 16:18:45,921 [device-state-scheduled-21-thread-1] INFO  o.t.s.s.p.AbstractPartitionBasedService - [Device State] ADDED PARTITIONS: [tb_core.0, tb_core.2, tb_core.4, tb_core.6, tb_core.8, tb_core.1, tb_core.3, tb_core.5, tb_core.7, tb_core.9]
2025-12-07 16:18:45,921 [api-usage-scheduled-19-thread-1] INFO  o.t.s.s.p.AbstractPartitionBasedService - [API Usage] ADDED PARTITIONS: [tb_core.0, tb_core.2, tb_core.4, tb_core.6, tb_core.8, tb_core.1, tb_core.3, tb_core.5, tb_core.7, tb_core.9]
2025-12-07 16:18:45,921 [device-state-scheduled-21-thread-1] INFO  o.t.s.s.p.AbstractPartitionBasedService - [Device State] REMOVED PARTITIONS: []
2025-12-07 16:18:45,921 [api-usage-scheduled-19-thread-1] INFO  o.t.s.s.p.AbstractPartitionBasedService - [API Usage] REMOVED PARTITIONS: []
2025-12-07 16:18:45,922 [api-usage-scheduled-19-thread-1] INFO  o.t.s.s.a.DefaultTbApiUsageStateService - Initializing tenant states.
2025-12-07 16:18:45,923 [notifications-scheduler-49-thread-1] INFO  o.t.s.s.p.AbstractPartitionBasedService - [Notifications scheduler] CURRENT PARTITIONS: []
2025-12-07 16:18:45,923 [notifications-scheduler-49-thread-1] INFO  o.t.s.s.p.AbstractPartitionBasedService - [Notifications scheduler] NEW PARTITIONS: [tb_core.0, tb_core.2, tb_core.4, tb_core.6, tb_core.8, tb_core.1, tb_core.3, tb_core.5, tb_core.7, tb_core.9]
2025-12-07 16:18:45,923 [notifications-scheduler-49-thread-1] INFO  o.t.s.s.p.AbstractPartitionBasedService - [Notifications scheduler] ADDED PARTITIONS: [tb_core.0, tb_core.2, tb_core.4, tb_core.6, tb_core.8, tb_core.1, tb_core.3, tb_core.5, tb_core.7, tb_core.9]
2025-12-07 16:18:45,924 [notifications-scheduler-49-thread-1] INFO  o.t.s.s.p.AbstractPartitionBasedService - [Notifications scheduler] REMOVED PARTITIONS: []
2025-12-07 16:18:45,932 [main] INFO  o.t.s.q.d.HashPartitionService - Partitions changed: 
[QK(SequentialByOriginator,TB_RULE_ENGINE,system)] - [0, 1, 2, 3, 4, 5, 6, 7, 8, 9]
[QK(CalculatedFields,TB_RULE_ENGINE,system)] - [0, 1, 2, 3, 4, 5, 6, 7, 8, 9]
[QK(CalculatedFieldStates,TB_RULE_ENGINE,system)] - [0, 1, 2, 3, 4, 5, 6, 7, 8, 9]
[QK(HighPriority,TB_RULE_ENGINE,system)] - [0, 1, 2, 3, 4, 5, 6, 7, 8, 9]
[QK(Main,TB_RULE_ENGINE,system)] - [0, 1, 2, 3, 4, 5, 6, 7, 8, 9]
2025-12-07 16:18:45,933 [main] INFO  o.t.s.a.service.DefaultActorService - Received partition change event.
2025-12-07 16:18:45,933 [main] INFO  o.t.s.q.d.HashPartitionService - Partitions changed: 
[QK(Main,EDQS,system)] - [0, 1, 10, 11, 2, 3, 4, 5, 6, 7, 8, 9]
2025-12-07 16:18:45,933 [tb-core-mgmt-0-1] INFO  o.t.s.q.c.c.MainQueueConsumerManager - [QK(Main,TB_CORE,system)] Added partitions: [tb_core.0, tb_core.2, tb_core.4, tb_core.6, tb_core.8, tb_core.1, tb_core.3, tb_core.5, tb_core.7, tb_core.9], removed partitions: []
2025-12-07 16:18:45,936 [tb-edge-mgmt-0-1] INFO  o.t.s.q.c.c.MainQueueConsumerManager - [QK(Edge,TB_CORE,system)] New partitions: [tb_edge.0, tb_edge.2, tb_edge.4, tb_edge.6, tb_edge.8, tb_edge.1, tb_edge.3, tb_edge.5, tb_edge.7, tb_edge.9]
2025-12-07 16:18:45,937 [main] INFO  o.t.s.t.s.s.SnmpTransportBalancingService - Recalculating partitions for SNMP transports
2025-12-07 16:18:45,938 [tb-edge-mgmt-0-1] INFO  o.t.s.q.c.c.MainQueueConsumerManager - [QK(Edge,TB_CORE,system)] Launching consumer
2025-12-07 16:18:45,938 [main] INFO  o.t.s.t.s.s.SnmpTransportBalancingService - SNMP transports partitions have not changed
2025-12-07 16:18:45,940 [tb-core-mgmt-0-1] INFO  o.t.s.q.c.c.MainQueueConsumerManager - [QK(Main,TB_CORE,system)-0] Launching consumer
2025-12-07 16:18:45,943 [tb-core-mgmt-0-1] INFO  o.t.s.q.c.c.MainQueueConsumerManager - [QK(Main,TB_CORE,system)-2] Launching consumer
2025-12-07 16:18:45,956 [tb-core-mgmt-0-1] INFO  o.t.s.q.c.c.MainQueueConsumerManager - [QK(Main,TB_CORE,system)-4] Launching consumer
2025-12-07 16:18:45,958 [tb-core-mgmt-0-1] INFO  o.t.s.q.c.c.MainQueueConsumerManager - [QK(Main,TB_CORE,system)-6] Launching consumer
2025-12-07 16:18:45,959 [tb-core-mgmt-0-1] INFO  o.t.s.q.c.c.MainQueueConsumerManager - [QK(Main,TB_CORE,system)-8] Launching consumer
2025-12-07 16:18:45,961 [tb-core-mgmt-0-1] INFO  o.t.s.q.c.c.MainQueueConsumerManager - [QK(Main,TB_CORE,system)-1] Launching consumer
2025-12-07 16:18:45,962 [tb-core-mgmt-0-1] INFO  o.t.s.q.c.c.MainQueueConsumerManager - [QK(Main,TB_CORE,system)-3] Launching consumer
2025-12-07 16:18:45,962 [tb-core-mgmt-0-1] INFO  o.t.s.q.c.c.MainQueueConsumerManager - [QK(Main,TB_CORE,system)-5] Launching consumer
2025-12-07 16:18:45,963 [tb-core-mgmt-0-1] INFO  o.t.s.q.c.c.MainQueueConsumerManager - [QK(Main,TB_CORE,system)-7] Launching consumer
2025-12-07 16:18:45,963 [tb-core-mgmt-0-1] INFO  o.t.s.q.c.c.MainQueueConsumerManager - [QK(Main,TB_CORE,system)-9] Launching consumer
2025-12-07 16:18:46,310 [main] INFO  o.t.s.a.service.DefaultActorService - Received application ready event. Sending application init message to actor system
2025-12-07 16:18:46,311 [app-dispatcher-31-thread-1] INFO  o.t.server.actors.app.AppActor - Starting main system actor.
2025-12-07 16:18:46,330 [app-dispatcher-31-thread-1] INFO  o.t.server.actors.app.AppActor - Main system actor started.
2025-12-07 16:18:46,334 [main] INFO  o.t.s.s.edge.rpc.EdgeGrpcService - Initializing Edge RPC service!
2025-12-07 16:18:46,925 [notifications-scheduler-49-thread-1] INFO  o.t.s.s.p.AbstractPartitionBasedService - [Notifications scheduler] Managing following partitions:
2025-12-07 16:18:46,925 [notifications-scheduler-49-thread-1] INFO  o.t.s.s.p.AbstractPartitionBasedService - [Notifications scheduler][tb_core.4]: 0 entities
2025-12-07 16:18:46,926 [notifications-scheduler-49-thread-1] INFO  o.t.s.s.p.AbstractPartitionBasedService - [Notifications scheduler][tb_core.8]: 0 entities
2025-12-07 16:18:46,926 [notifications-scheduler-49-thread-1] INFO  o.t.s.s.p.AbstractPartitionBasedService - [Notifications scheduler][tb_core.0]: 0 entities
2025-12-07 16:18:46,926 [notifications-scheduler-49-thread-1] INFO  o.t.s.s.p.AbstractPartitionBasedService - [Notifications scheduler][tb_core.3]: 0 entities
2025-12-07 16:18:46,926 [notifications-scheduler-49-thread-1] INFO  o.t.s.s.p.AbstractPartitionBasedService - [Notifications scheduler][tb_core.7]: 0 entities
2025-12-07 16:18:46,926 [notifications-scheduler-49-thread-1] INFO  o.t.s.s.p.AbstractPartitionBasedService - [Notifications scheduler][tb_core.2]: 0 entities
2025-12-07 16:18:46,926 [notifications-scheduler-49-thread-1] INFO  o.t.s.s.p.AbstractPartitionBasedService - [Notifications scheduler][tb_core.6]: 0 entities
2025-12-07 16:18:46,926 [notifications-scheduler-49-thread-1] INFO  o.t.s.s.p.AbstractPartitionBasedService - [Notifications scheduler][tb_core.5]: 0 entities
2025-12-07 16:18:46,926 [notifications-scheduler-49-thread-1] INFO  o.t.s.s.p.AbstractPartitionBasedService - [Notifications scheduler][tb_core.1]: 0 entities
2025-12-07 16:18:46,926 [notifications-scheduler-49-thread-1] INFO  o.t.s.s.p.AbstractPartitionBasedService - [Notifications scheduler][tb_core.9]: 0 entities
2025-12-07 16:18:47,039 [device-state-scheduled-21-thread-1] INFO  o.t.s.s.s.DefaultDeviceStateService - [tb_core.6] Submit task for device states: 1
2025-12-07 16:18:47,041 [device-state-scheduled-21-thread-1] INFO  o.t.s.s.s.DefaultDeviceStateService - [tb_core.4] Submit task for device states: 1
2025-12-07 16:18:47,043 [device-state-scheduled-21-thread-1] INFO  o.t.s.s.s.DefaultDeviceStateService - [tb_core.7] Submit task for device states: 1
2025-12-07 16:18:47,044 [device-state-scheduled-21-thread-1] INFO  o.t.s.s.s.DefaultDeviceStateService - [tb_core.9] Submit task for device states: 3
2025-12-07 16:18:47,044 [device-state-scheduled-21-thread-1] INFO  o.t.s.s.s.DefaultDeviceStateService - [tb_core.5] Submit task for device states: 2
2025-12-07 16:18:47,044 [device-state-scheduled-21-thread-1] INFO  o.t.s.s.s.DefaultDeviceStateService - [tb_core.2] Submit task for device states: 2
2025-12-07 16:18:47,044 [device-state-scheduled-21-thread-1] INFO  o.t.s.s.s.DefaultDeviceStateService - [tb_core.1] Submit task for device states: 3
2025-12-07 16:18:47,108 [device-state-0-2] INFO  o.t.s.s.s.DefaultDeviceStateService - [4] Initialized 1 out of 1 device states
2025-12-07 16:18:47,109 [device-state-0-7] INFO  o.t.s.s.s.DefaultDeviceStateService - [1] Initialized 3 out of 3 device states
2025-12-07 16:18:47,109 [device-state-0-1] INFO  o.t.s.s.s.DefaultDeviceStateService - [6] Initialized 1 out of 1 device states
2025-12-07 16:18:47,109 [device-state-0-4] INFO  o.t.s.s.s.DefaultDeviceStateService - [9] Initialized 3 out of 3 device states
2025-12-07 16:18:47,108 [device-state-0-3] INFO  o.t.s.s.s.DefaultDeviceStateService - [7] Initialized 1 out of 1 device states
2025-12-07 16:18:47,108 [device-state-0-6] INFO  o.t.s.s.s.DefaultDeviceStateService - [2] Initialized 2 out of 2 device states
2025-12-07 16:18:47,109 [device-state-0-5] INFO  o.t.s.s.s.DefaultDeviceStateService - [5] Initialized 2 out of 2 device states
2025-12-07 16:18:47,112 [device-state-0-7] INFO  o.t.s.s.p.AbstractPartitionBasedService - [Device State] Managing following partitions:
2025-12-07 16:18:47,112 [device-state-0-7] INFO  o.t.s.s.p.AbstractPartitionBasedService - [Device State][tb_core.4]: 1 entities
2025-12-07 16:18:47,112 [device-state-0-7] INFO  o.t.s.s.p.AbstractPartitionBasedService - [Device State][tb_core.8]: 0 entities
2025-12-07 16:18:47,112 [device-state-0-7] INFO  o.t.s.s.p.AbstractPartitionBasedService - [Device State][tb_core.0]: 0 entities
2025-12-07 16:18:47,113 [device-state-0-7] INFO  o.t.s.s.p.AbstractPartitionBasedService - [Device State][tb_core.3]: 0 entities
2025-12-07 16:18:47,113 [device-state-0-7] INFO  o.t.s.s.p.AbstractPartitionBasedService - [Device State][tb_core.7]: 1 entities
2025-12-07 16:18:47,113 [device-state-0-7] INFO  o.t.s.s.p.AbstractPartitionBasedService - [Device State][tb_core.2]: 2 entities
2025-12-07 16:18:47,113 [device-state-0-7] INFO  o.t.s.s.p.AbstractPartitionBasedService - [Device State][tb_core.6]: 1 entities
2025-12-07 16:18:47,113 [device-state-0-7] INFO  o.t.s.s.p.AbstractPartitionBasedService - [Device State][tb_core.5]: 2 entities
2025-12-07 16:18:47,113 [device-state-0-7] INFO  o.t.s.s.p.AbstractPartitionBasedService - [Device State][tb_core.1]: 3 entities
2025-12-07 16:18:47,114 [device-state-0-7] INFO  o.t.s.s.p.AbstractPartitionBasedService - [Device State][tb_core.9]: 3 entities
2025-12-07 16:18:47,179 [main] INFO  o.t.s.s.edge.rpc.EdgeGrpcService - Going to start Edge RPC server using port: 7070
2025-12-07 16:18:47,340 [DbCallbackExecutorService-0-1] INFO  o.t.s.s.p.AbstractPartitionBasedService - [API Usage] Managing following partitions:
2025-12-07 16:18:47,340 [DbCallbackExecutorService-0-1] INFO  o.t.s.s.p.AbstractPartitionBasedService - [API Usage][tb_core.4]: 0 entities
2025-12-07 16:18:47,341 [DbCallbackExecutorService-0-1] INFO  o.t.s.s.p.AbstractPartitionBasedService - [API Usage][tb_core.8]: 0 entities
2025-12-07 16:18:47,341 [DbCallbackExecutorService-0-1] INFO  o.t.s.s.p.AbstractPartitionBasedService - [API Usage][tb_core.0]: 0 entities
2025-12-07 16:18:47,341 [DbCallbackExecutorService-0-1] INFO  o.t.s.s.p.AbstractPartitionBasedService - [API Usage][tb_core.3]: 1 entities
2025-12-07 16:18:47,341 [DbCallbackExecutorService-0-1] INFO  o.t.s.s.p.AbstractPartitionBasedService - [API Usage][tb_core.7]: 1 entities
2025-12-07 16:18:47,342 [DbCallbackExecutorService-0-1] INFO  o.t.s.s.p.AbstractPartitionBasedService - [API Usage][tb_core.2]: 0 entities
2025-12-07 16:18:47,342 [DbCallbackExecutorService-0-1] INFO  o.t.s.s.p.AbstractPartitionBasedService - [API Usage][tb_core.6]: 0 entities
2025-12-07 16:18:47,346 [DbCallbackExecutorService-0-1] INFO  o.t.s.s.p.AbstractPartitionBasedService - [API Usage][tb_core.5]: 0 entities
2025-12-07 16:18:47,346 [DbCallbackExecutorService-0-1] INFO  o.t.s.s.p.AbstractPartitionBasedService - [API Usage][tb_core.1]: 0 entities
2025-12-07 16:18:47,346 [DbCallbackExecutorService-0-1] INFO  o.t.s.s.p.AbstractPartitionBasedService - [API Usage][tb_core.9]: 0 entities
2025-12-07 16:18:47,446 [main] INFO  o.t.s.s.edge.rpc.EdgeGrpcService - Edge RPC service initialized!
2025-12-07 16:18:47,451 [main] INFO  o.t.s.q.c.c.QueueConsumerManager - [Housekeeper reprocessing] Launching consumer
2025-12-07 16:18:47,454 [main] INFO  o.t.s.q.c.c.QueueConsumerManager - [Housekeeper] Launching consumer
2025-12-07 16:18:47,456 [main] INFO  o.t.s.q.c.c.QueueConsumerManager - [job-stats] Launching consumer
2025-12-07 16:18:47,458 [main] INFO  o.t.s.q.c.c.QueueConsumerManager - [TB Rule Engine Notifications] Launching consumer
2025-12-07 16:18:47,463 [main] INFO  o.t.s.s.q.DefaultTbCalculatedFieldConsumerService - Handling partition change event: PartitionChangeEvent(super=TbApplicationEvent(sequenceNumber=3), serviceType=TB_RULE_ENGINE, newPartitions={QK(SequentialByOriginator,TB_RULE_ENGINE,system)=[tb_rule_engine.sq.0, tb_rule_engine.sq.2, tb_rule_engine.sq.4, tb_rule_engine.sq.6, tb_rule_engine.sq.8, tb_rule_engine.sq.1, tb_rule_engine.sq.3, tb_rule_engine.sq.5, tb_rule_engine.sq.7, tb_rule_engine.sq.9], QK(CalculatedFields,TB_RULE_ENGINE,system)=[tb_cf_event.1, tb_cf_event.3, tb_cf_event.5, tb_cf_event.7, tb_cf_event.9, tb_cf_event.0, tb_cf_event.2, tb_cf_event.4, tb_cf_event.6, tb_cf_event.8], QK(CalculatedFieldStates,TB_RULE_ENGINE,system)=[tb_cf_state.1, tb_cf_state.3, tb_cf_state.5, tb_cf_state.7, tb_cf_state.9, tb_cf_state.0, tb_cf_state.2, tb_cf_state.4, tb_cf_state.6, tb_cf_state.8], QK(HighPriority,TB_RULE_ENGINE,system)=[tb_rule_engine.hp.1, tb_rule_engine.hp.3, tb_rule_engine.hp.5, tb_rule_engine.hp.7, tb_rule_engine.hp.9, tb_rule_engine.hp.0, tb_rule_engine.hp.2, tb_rule_engine.hp.4, tb_rule_engine.hp.6, tb_rule_engine.hp.8], QK(Main,TB_RULE_ENGINE,system)=[tb_rule_engine.main.0, tb_rule_engine.main.2, tb_rule_engine.main.4, tb_rule_engine.main.6, tb_rule_engine.main.8, tb_rule_engine.main.1, tb_rule_engine.main.3, tb_rule_engine.main.5, tb_rule_engine.main.7, tb_rule_engine.main.9]}, oldPartitions={QK(Main,EDQS,system)=[], QK(Main,TB_CORE,system)=[], QK(SequentialByOriginator,TB_RULE_ENGINE,system)=[], QK(Edge,TB_CORE,system)=[], QK(CalculatedFields,TB_RULE_ENGINE,system)=[], QK(CalculatedFieldStates,TB_RULE_ENGINE,system)=[], QK(Main,TB_VC_EXECUTOR,system)=[], QK(HighPriority,TB_RULE_ENGINE,system)=[], QK(Main,TB_RULE_ENGINE,system)=[]})
2025-12-07 16:18:47,473 [main] INFO  o.t.s.q.c.c.QueueConsumerManager - [TB Core Notifications] Launching consumer
2025-12-07 16:18:47,474 [tb-cf-mgmt-0-1] INFO  o.t.s.q.c.c.PartitionedQueueConsumerManager - [QK(CalculatedFields,TB_RULE_ENGINE,system)] Added partitions: [tb_cf_event.1, tb_cf_event.3, tb_cf_event.5, tb_cf_event.7, tb_cf_event.9, tb_cf_event.0, tb_cf_event.2, tb_cf_event.4, tb_cf_event.6, tb_cf_event.8]
2025-12-07 16:18:47,474 [tb-cf-mgmt-0-1] INFO  o.t.s.q.c.c.MainQueueConsumerManager - [QK(CalculatedFields,TB_RULE_ENGINE,system)-1] Launching consumer
2025-12-07 16:18:47,474 [main] INFO  o.t.s.q.c.c.QueueConsumerManager - [TB Ota Package States] Launching consumer
2025-12-07 16:18:47,475 [tb-cf-mgmt-0-1] INFO  o.t.s.q.c.c.MainQueueConsumerManager - [QK(CalculatedFields,TB_RULE_ENGINE,system)-3] Launching consumer
2025-12-07 16:18:47,475 [main] INFO  o.t.s.q.c.c.QueueConsumerManager - [TB Usage Stats] Launching consumer
2025-12-07 16:18:47,475 [tb-cf-mgmt-0-1] INFO  o.t.s.q.c.c.MainQueueConsumerManager - [QK(CalculatedFields,TB_RULE_ENGINE,system)-5] Launching consumer
2025-12-07 16:18:47,476 [main] INFO  o.t.s.q.c.c.QueueConsumerManager - [TB Core Notifications] Launching consumer
2025-12-07 16:18:47,476 [tb-cf-mgmt-0-1] INFO  o.t.s.q.c.c.MainQueueConsumerManager - [QK(CalculatedFields,TB_RULE_ENGINE,system)-7] Launching consumer
2025-12-07 16:18:47,476 [main] INFO  o.t.s.q.c.c.QueueConsumerManager - [TB Rule Engine Notifications] Launching consumer
2025-12-07 16:18:47,477 [tb-cf-mgmt-0-1] INFO  o.t.s.q.c.c.MainQueueConsumerManager - [QK(CalculatedFields,TB_RULE_ENGINE,system)-9] Launching consumer
2025-12-07 16:18:47,477 [tb-cf-mgmt-0-1] INFO  o.t.s.q.c.c.MainQueueConsumerManager - [QK(CalculatedFields,TB_RULE_ENGINE,system)-0] Launching consumer
2025-12-07 16:18:47,478 [tb-cf-mgmt-0-1] INFO  o.t.s.q.c.c.MainQueueConsumerManager - [QK(CalculatedFields,TB_RULE_ENGINE,system)-2] Launching consumer
2025-12-07 16:18:47,479 [tb-cf-mgmt-0-1] INFO  o.t.s.q.c.c.MainQueueConsumerManager - [QK(CalculatedFields,TB_RULE_ENGINE,system)-4] Launching consumer
2025-12-07 16:18:47,480 [tb-cf-mgmt-0-1] INFO  o.t.s.q.c.c.MainQueueConsumerManager - [QK(CalculatedFields,TB_RULE_ENGINE,system)-6] Launching consumer
2025-12-07 16:18:47,480 [tb-cf-mgmt-0-1] INFO  o.t.s.q.c.c.MainQueueConsumerManager - [QK(CalculatedFields,TB_RULE_ENGINE,system)-8] Launching consumer
2025-12-07 16:18:47,480 [notifications-tb-core-consumer-52-thread-11] INFO  o.t.s.s.q.DefaultTbCoreConsumerService - [7a74840d7ca7] Processing core startup with partitions: [0, 1, 2, 3, 4, 5, 6, 7, 8, 9]
2025-12-07 16:18:47,483 [DefaultTbLocalSubscriptionService-0-1] INFO  o.t.s.s.s.DefaultTbLocalSubscriptionService - [7a74840d7ca7] Pushed 0 subscriptions to [7a74840d7ca7]
2025-12-07 16:18:47,488 [main] INFO  o.t.s.s.q.DefaultTbRuleEngineConsumerService - Handling partition change event: PartitionChangeEvent(super=TbApplicationEvent(sequenceNumber=3), serviceType=TB_RULE_ENGINE, newPartitions={QK(SequentialByOriginator,TB_RULE_ENGINE,system)=[tb_rule_engine.sq.0, tb_rule_engine.sq.2, tb_rule_engine.sq.4, tb_rule_engine.sq.6, tb_rule_engine.sq.8, tb_rule_engine.sq.1, tb_rule_engine.sq.3, tb_rule_engine.sq.5, tb_rule_engine.sq.7, tb_rule_engine.sq.9], QK(CalculatedFields,TB_RULE_ENGINE,system)=[tb_cf_event.1, tb_cf_event.3, tb_cf_event.5, tb_cf_event.7, tb_cf_event.9, tb_cf_event.0, tb_cf_event.2, tb_cf_event.4, tb_cf_event.6, tb_cf_event.8], QK(CalculatedFieldStates,TB_RULE_ENGINE,system)=[tb_cf_state.1, tb_cf_state.3, tb_cf_state.5, tb_cf_state.7, tb_cf_state.9, tb_cf_state.0, tb_cf_state.2, tb_cf_state.4, tb_cf_state.6, tb_cf_state.8], QK(HighPriority,TB_RULE_ENGINE,system)=[tb_rule_engine.hp.1, tb_rule_engine.hp.3, tb_rule_engine.hp.5, tb_rule_engine.hp.7, tb_rule_engine.hp.9, tb_rule_engine.hp.0, tb_rule_engine.hp.2, tb_rule_engine.hp.4, tb_rule_engine.hp.6, tb_rule_engine.hp.8], QK(Main,TB_RULE_ENGINE,system)=[tb_rule_engine.main.0, tb_rule_engine.main.2, tb_rule_engine.main.4, tb_rule_engine.main.6, tb_rule_engine.main.8, tb_rule_engine.main.1, tb_rule_engine.main.3, tb_rule_engine.main.5, tb_rule_engine.main.7, tb_rule_engine.main.9]}, oldPartitions={QK(Main,EDQS,system)=[], QK(Main,TB_CORE,system)=[], QK(SequentialByOriginator,TB_RULE_ENGINE,system)=[], QK(Edge,TB_CORE,system)=[], QK(CalculatedFields,TB_RULE_ENGINE,system)=[], QK(CalculatedFieldStates,TB_RULE_ENGINE,system)=[], QK(Main,TB_VC_EXECUTOR,system)=[], QK(HighPriority,TB_RULE_ENGINE,system)=[], QK(Main,TB_RULE_ENGINE,system)=[]})
2025-12-07 16:18:47,491 [main] INFO  o.t.s.s.t.TbCoreTransportApiService - Received application ready event. Starting polling for events.
2025-12-07 16:18:47,491 [tb-rule-engine-mgmt-0-1] INFO  o.t.s.q.c.c.MainQueueConsumerManager - [QK(SequentialByOriginator,TB_RULE_ENGINE,system)] Added partitions: [tb_rule_engine.sq.0, tb_rule_engine.sq.2, tb_rule_engine.sq.4, tb_rule_engine.sq.6, tb_rule_engine.sq.8, tb_rule_engine.sq.1, tb_rule_engine.sq.3, tb_rule_engine.sq.5, tb_rule_engine.sq.7, tb_rule_engine.sq.9], removed partitions: []
2025-12-07 16:18:47,492 [tb-rule-engine-mgmt-0-1] INFO  o.t.s.q.c.c.MainQueueConsumerManager - [QK(SequentialByOriginator,TB_RULE_ENGINE,system)-0] Launching consumer
2025-12-07 16:18:47,492 [tb-rule-engine-mgmt-0-2] INFO  o.t.s.q.c.c.MainQueueConsumerManager - [QK(HighPriority,TB_RULE_ENGINE,system)] Added partitions: [tb_rule_engine.hp.1, tb_rule_engine.hp.3, tb_rule_engine.hp.5, tb_rule_engine.hp.7, tb_rule_engine.hp.9, tb_rule_engine.hp.0, tb_rule_engine.hp.2, tb_rule_engine.hp.4, tb_rule_engine.hp.6, tb_rule_engine.hp.8], removed partitions: []
2025-12-07 16:18:47,492 [tb-rule-engine-mgmt-0-2] INFO  o.t.s.q.c.c.MainQueueConsumerManager - [QK(HighPriority,TB_RULE_ENGINE,system)-1] Launching consumer
2025-12-07 16:18:47,493 [tb-rule-engine-mgmt-0-3] INFO  o.t.s.q.c.c.MainQueueConsumerManager - [QK(Main,TB_RULE_ENGINE,system)] Added partitions: [tb_rule_engine.main.0, tb_rule_engine.main.2, tb_rule_engine.main.4, tb_rule_engine.main.6, tb_rule_engine.main.8, tb_rule_engine.main.1, tb_rule_engine.main.3, tb_rule_engine.main.5, tb_rule_engine.main.7, tb_rule_engine.main.9], removed partitions: []
2025-12-07 16:18:47,493 [tb-rule-engine-mgmt-0-3] INFO  o.t.s.q.c.c.MainQueueConsumerManager - [QK(Main,TB_RULE_ENGINE,system)-0] Launching consumer
2025-12-07 16:18:47,493 [tb-rule-engine-mgmt-0-1] INFO  o.t.s.q.c.c.MainQueueConsumerManager - [QK(SequentialByOriginator,TB_RULE_ENGINE,system)-2] Launching consumer
2025-12-07 16:18:47,494 [tb-rule-engine-mgmt-0-2] INFO  o.t.s.q.c.c.MainQueueConsumerManager - [QK(HighPriority,TB_RULE_ENGINE,system)-3] Launching consumer
2025-12-07 16:18:47,494 [tb-rule-engine-mgmt-0-3] INFO  o.t.s.q.c.c.MainQueueConsumerManager - [QK(Main,TB_RULE_ENGINE,system)-2] Launching consumer
2025-12-07 16:18:47,495 [tb-rule-engine-mgmt-0-1] INFO  o.t.s.q.c.c.MainQueueConsumerManager - [QK(SequentialByOriginator,TB_RULE_ENGINE,system)-4] Launching consumer
2025-12-07 16:18:47,495 [tb-rule-engine-mgmt-0-2] INFO  o.t.s.q.c.c.MainQueueConsumerManager - [QK(HighPriority,TB_RULE_ENGINE,system)-5] Launching consumer
2025-12-07 16:18:47,495 [tb-rule-engine-mgmt-0-3] INFO  o.t.s.q.c.c.MainQueueConsumerManager - [QK(Main,TB_RULE_ENGINE,system)-4] Launching consumer
2025-12-07 16:18:47,495 [main] INFO  o.t.s.q.c.c.QueueConsumerManager - [TB Transport] Launching consumer
2025-12-07 16:18:47,497 [tb-rule-engine-mgmt-0-1] INFO  o.t.s.q.c.c.MainQueueConsumerManager - [QK(SequentialByOriginator,TB_RULE_ENGINE,system)-6] Launching consumer
2025-12-07 16:18:47,498 [tb-rule-engine-mgmt-0-2] INFO  o.t.s.q.c.c.MainQueueConsumerManager - [QK(HighPriority,TB_RULE_ENGINE,system)-7] Launching consumer
2025-12-07 16:18:47,499 [tb-rule-engine-mgmt-0-3] INFO  o.t.s.q.c.c.MainQueueConsumerManager - [QK(Main,TB_RULE_ENGINE,system)-6] Launching consumer
2025-12-07 16:18:47,500 [tb-rule-engine-mgmt-0-1] INFO  o.t.s.q.c.c.MainQueueConsumerManager - [QK(SequentialByOriginator,TB_RULE_ENGINE,system)-8] Launching consumer
2025-12-07 16:18:47,500 [tb-rule-engine-mgmt-0-2] INFO  o.t.s.q.c.c.MainQueueConsumerManager - [QK(HighPriority,TB_RULE_ENGINE,system)-9] Launching consumer
2025-12-07 16:18:47,501 [tb-rule-engine-mgmt-0-3] INFO  o.t.s.q.c.c.MainQueueConsumerManager - [QK(Main,TB_RULE_ENGINE,system)-8] Launching consumer
2025-12-07 16:18:47,501 [tb-rule-engine-mgmt-0-2] INFO  o.t.s.q.c.c.MainQueueConsumerManager - [QK(HighPriority,TB_RULE_ENGINE,system)-0] Launching consumer
2025-12-07 16:18:47,502 [tb-rule-engine-mgmt-0-3] INFO  o.t.s.q.c.c.MainQueueConsumerManager - [QK(Main,TB_RULE_ENGINE,system)-1] Launching consumer
2025-12-07 16:18:47,503 [tb-rule-engine-mgmt-0-2] INFO  o.t.s.q.c.c.MainQueueConsumerManager - [QK(HighPriority,TB_RULE_ENGINE,system)-2] Launching consumer
2025-12-07 16:18:47,503 [tb-rule-engine-mgmt-0-1] INFO  o.t.s.q.c.c.MainQueueConsumerManager - [QK(SequentialByOriginator,TB_RULE_ENGINE,system)-1] Launching consumer
2025-12-07 16:18:47,504 [tb-rule-engine-mgmt-0-3] INFO  o.t.s.q.c.c.MainQueueConsumerManager - [QK(Main,TB_RULE_ENGINE,system)-3] Launching consumer
2025-12-07 16:18:47,505 [tb-rule-engine-mgmt-0-2] INFO  o.t.s.q.c.c.MainQueueConsumerManager - [QK(HighPriority,TB_RULE_ENGINE,system)-4] Launching consumer
2025-12-07 16:18:47,505 [tb-rule-engine-mgmt-0-1] INFO  o.t.s.q.c.c.MainQueueConsumerManager - [QK(SequentialByOriginator,TB_RULE_ENGINE,system)-3] Launching consumer
2025-12-07 16:18:47,506 [tb-rule-engine-mgmt-0-3] INFO  o.t.s.q.c.c.MainQueueConsumerManager - [QK(Main,TB_RULE_ENGINE,system)-5] Launching consumer
2025-12-07 16:18:47,506 [tb-rule-engine-mgmt-0-2] INFO  o.t.s.q.c.c.MainQueueConsumerManager - [QK(HighPriority,TB_RULE_ENGINE,system)-6] Launching consumer
2025-12-07 16:18:47,507 [tb-rule-engine-mgmt-0-1] INFO  o.t.s.q.c.c.MainQueueConsumerManager - [QK(SequentialByOriginator,TB_RULE_ENGINE,system)-5] Launching consumer
2025-12-07 16:18:47,508 [tb-rule-engine-mgmt-0-3] INFO  o.t.s.q.c.c.MainQueueConsumerManager - [QK(Main,TB_RULE_ENGINE,system)-7] Launching consumer
2025-12-07 16:18:47,508 [tb-rule-engine-mgmt-0-2] INFO  o.t.s.q.c.c.MainQueueConsumerManager - [QK(HighPriority,TB_RULE_ENGINE,system)-8] Launching consumer
2025-12-07 16:18:47,508 [tb-rule-engine-mgmt-0-1] INFO  o.t.s.q.c.c.MainQueueConsumerManager - [QK(SequentialByOriginator,TB_RULE_ENGINE,system)-7] Launching consumer
2025-12-07 16:18:47,509 [tb-rule-engine-mgmt-0-3] INFO  o.t.s.q.c.c.MainQueueConsumerManager - [QK(Main,TB_RULE_ENGINE,system)-9] Launching consumer
2025-12-07 16:18:47,510 [tb-rule-engine-mgmt-0-1] INFO  o.t.s.q.c.c.MainQueueConsumerManager - [QK(SequentialByOriginator,TB_RULE_ENGINE,system)-9] Launching consumer
2025-12-07 16:18:47,558 [main] INFO  o.e.c.c.network.RandomTokenGenerator - using tokens of 8 bytes in length
2025-12-07 16:18:47,558 [main] INFO  o.e.c.core.network.CoapEndpoint - [LWM2M Server-coap://0.0.0.0:5685] CoapEndpoint uses udp context
2025-12-07 16:18:47,558 [main] INFO  o.e.c.c.network.stack.BlockwiseLayer - [LWM2M Server-coap://0.0.0.0:5685] BlockwiseLayer uses MAX_MESSAGE_SIZE=1024, PREFERRED_BLOCK_SIZE=1024, BLOCKWISE_STATUS_LIFETIME=300000, MAX_RESOURCE_BODY_SIZE=268435456, BLOCKWISE_STRICT_BLOCK2_OPTION=true
2025-12-07 16:18:47,564 [main] INFO  o.t.s.t.l.s.DefaultLwM2mTransportService - Unable to load X509 files for LWM2MServer
2025-12-07 16:18:47,565 [main] WARN  o.e.l.s.c.e.c.CoapsServerEndpointFactory - PskStore should be automatically set by Leshan. Using a custom implementation is not advised.
2025-12-07 16:18:47,566 [main] INFO  o.e.c.s.d.InMemoryReadWriteLockConnectionStore - Created new InMemoryConnectionStore [capacity: 150000, connection expiration threshold: 1800s]
2025-12-07 16:18:47,567 [main] INFO  o.e.c.c.network.RandomTokenGenerator - using tokens of 8 bytes in length
2025-12-07 16:18:47,568 [main] INFO  o.e.c.core.network.CoapEndpoint - [LWM2M Server-coaps://0.0.0.0:5686] CoapEndpoint uses lwm2m correlation
2025-12-07 16:18:47,569 [main] INFO  o.e.c.c.network.stack.BlockwiseLayer - [LWM2M Server-coaps://0.0.0.0:5686] BlockwiseLayer uses MAX_MESSAGE_SIZE=1024, PREFERRED_BLOCK_SIZE=1024, BLOCKWISE_STATUS_LIFETIME=300000, MAX_RESOURCE_BODY_SIZE=268435456, BLOCKWISE_STRICT_BLOCK2_OPTION=true
2025-12-07 16:18:47,584 [main] INFO  o.t.s.t.l.s.DefaultLwM2mTransportService - Starting LwM2M transport server...
2025-12-07 16:18:47,586 [main] INFO  o.e.californium.core.CoapServer - Starting server
2025-12-07 16:18:47,591 [main] INFO  o.e.c.elements.UDPConnector - UDPConnector starts up 2 sender threads and 2 receiver threads
2025-12-07 16:18:47,594 [main] INFO  o.e.c.elements.UDPConnector - UDPConnector listening on /[0:0:0:0:0:0:0:0]:5685, recv buf = 106496, send buf = 106496, recv packet size = 2048
2025-12-07 16:18:47,594 [main] INFO  o.e.c.core.network.CoapEndpoint - [LWM2M Server-coap://0.0.0.0:5685] Started endpoint at coap://[0:0:0:0:0:0:0:0]:5685
2025-12-07 16:18:47,602 [main] INFO  o.e.c.scandium.DTLSConnector - multiple network interfaces, using smallest MTU [IPv4 1500, IPv6 1280]
2025-12-07 16:18:47,604 [DTLS-Receiver-0-/[0:0:0:0:0:0:0:0]:5686] INFO  o.e.c.scandium.DTLSConnector - Starting worker thread [DTLS-Receiver-0-/[0:0:0:0:0:0:0:0]:5686]
2025-12-07 16:18:47,605 [main] INFO  o.e.c.scandium.DTLSConnector - DTLSConnector listening on /[0:0:0:0:0:0:0:0]:5686, recv buf = 106496, send buf = 106496, recv packet size = 16490, MTU = IPv4 1500 / IPv6 1280
2025-12-07 16:18:47,605 [DTLS-Receiver-1-/[0:0:0:0:0:0:0:0]:5686] INFO  o.e.c.scandium.DTLSConnector - Starting worker thread [DTLS-Receiver-1-/[0:0:0:0:0:0:0:0]:5686]
2025-12-07 16:18:47,606 [main] INFO  o.e.c.core.network.CoapEndpoint - [LWM2M Server-coaps://0.0.0.0:5686] Started endpoint at coaps://[0:0:0:0:0:0:0:0]:5686
2025-12-07 16:18:47,606 [main] INFO  o.eclipse.leshan.server.LeshanServer - LWM2M server started.
2025-12-07 16:18:47,607 [main] INFO  o.eclipse.leshan.server.LeshanServer - CoAP over UDP endpoint based on Californium library available at coap://[0:0:0:0:0:0:0:0]:5685.
2025-12-07 16:18:47,608 [main] INFO  o.eclipse.leshan.server.LeshanServer - CoAP over DTLS endpoint based on Californium/Scandium library available at coaps://[0:0:0:0:0:0:0:0]:5686.
2025-12-07 16:18:47,614 [main] INFO  o.t.s.t.l.s.DefaultLwM2mTransportService - Started LwM2M transport server.
2025-12-07 16:18:47,615 [main] INFO  o.t.s.t.snmp.SnmpTransportContext - Initializing SNMP devices sessions
2025-12-07 16:18:48,370 [main] INFO  o.t.s.ThingsboardServerApplication - Started ThingsBoard in 49 seconds
2025-12-07 16:18:48,567 [rule-dispatcher-0-7] INFO  o.t.s.d.s.i.s.SqlPartitioningRepository - Saving partition 1764806400000-1765411200000 for table lc_event
2025-12-07 16:18:49,400 [rule-dispatcher-0-3] INFO  c.d.oss.driver.api.core.uuid.Uuids - PID obtained through native call to getpid(): 22
2025-12-07 16:18:50,135 [sql-log-2-thread-1] INFO  o.t.s.dao.sql.TbSqlBlockingQueue - Queue-1 [TS] queueSize [0] totalAdded [7] totalSaved [7] totalFailed [0]
2025-12-07 16:18:50,175 [sql-log-2-thread-1] INFO  o.t.s.dao.sql.TbSqlBlockingQueue - Queue-1 [TS Latest] queueSize [0] totalAdded [7] totalSaved [7] totalFailed [0]
2025-12-07 16:18:53,415 [git-sync-43-thread-1] INFO  o.t.s.s.sync.DefaultGitSyncService - [gateways-dashboard] Initialized repository
2025-12-07 16:18:54,199 [git-sync-43-thread-1] INFO  o.t.s.d.resource.BaseResourceService - Updating system resource gateway-management-extension.js
2025-12-07 16:18:54,216 [git-sync-43-thread-1] INFO  org.owasp.validator.html.Policy - Attempting to load AntiSamy policy from an input stream.
2025-12-07 16:18:54,395 [git-sync-43-thread-1] WARN  org.owasp.validator.html.Policy - The directive "noopenerAndNoreferrerAnchors" is enabled by default, but disabled in this policy. It is recommended to leave it enabled to prevent reverse tabnabbing attacks.
2025-12-07 16:18:54,575 [app-dispatcher-31-thread-1] WARN  o.t.server.actors.app.AppActor - Message has system tenant id: ComponentLifecycleMsg(tenantId=13814000-1dd2-11b2-8080-808080808080, entityId=54758d20-ccf1-11f0-81f3-0bf1425738f5, event=UPDATED, oldName=null, name=null, oldProfileId=null, profileId=null, info=null)
2025-12-07 16:18:55,201 [app-dispatcher-31-thread-1] WARN  o.t.server.actors.app.AppActor - Message has system tenant id: ComponentLifecycleMsg(tenantId=13814000-1dd2-11b2-8080-808080808080, entityId=5471bc90-ccf1-11f0-81f3-0bf1425738f5, event=UPDATED, oldName=null, name=null, oldProfileId=null, profileId=null, info=null)
2025-12-07 16:18:55,707 [git-sync-43-thread-1] INFO  o.t.s.d.resource.BaseResourceService - Updating system resource gateways_dashboard.json
2025-12-07 16:18:55,715 [git-sync-43-thread-1] INFO  o.t.s.s.e.d.DashboardSyncService - Gateways dashboard sync completed
2025-12-07 16:18:55,732 [app-dispatcher-31-thread-1] WARN  o.t.server.actors.app.AppActor - Message has system tenant id: ComponentLifecycleMsg(tenantId=13814000-1dd2-11b2-8080-808080808080, entityId=5485b9c0-ccf1-11f0-81f3-0bf1425738f5, event=UPDATED, oldName=null, name=null, oldProfileId=null, profileId=null, info=null)
2025-12-07 16:18:57,282 [sql-log-2-thread-1] INFO  o.t.s.dao.sql.TbSqlBlockingQueue - Queue-0 [Events] queueSize [0] totalAdded [9] totalSaved [9] totalFailed [0]
2025-12-07 16:18:57,283 [sql-log-2-thread-1] INFO  o.t.s.dao.sql.TbSqlBlockingQueue - Queue-1 [Events] queueSize [0] totalAdded [7] totalSaved [7] totalFailed [0]
2025-12-07 16:18:57,284 [sql-log-2-thread-1] INFO  o.t.s.dao.sql.TbSqlBlockingQueue - Queue-2 [Events] queueSize [0] totalAdded [2] totalSaved [2] totalFailed [0]
2025-12-07 16:19:18,669 [rule-dispatcher-0-4] INFO  o.t.s.d.s.i.s.SqlPartitioningRepository - Saving partition 1764806400000-1765411200000 for table error_event
2025-12-07 16:19:18,675 [rule-dispatcher-0-4] INFO  o.t.server.actors.TbActorMailbox - [RULE_NODE|4ee21770-cf62-11f0-b928-f5b3ab8e93ac] Failed to init actor, attempt 1, going to retry in attempts in 5000ms
2025-12-07 16:19:19,358 [http-nio-0.0.0.0-9090-exec-1] INFO  o.a.c.c.C.[Tomcat].[localhost].[/] - Initializing Spring DispatcherServlet 'dispatcherServlet'
2025-12-07 16:19:19,359 [http-nio-0.0.0.0-9090-exec-1] INFO  o.s.web.servlet.DispatcherServlet - Initializing Servlet 'dispatcherServlet'
2025-12-07 16:19:19,367 [http-nio-0.0.0.0-9090-exec-1] INFO  o.s.web.servlet.DispatcherServlet - Completed initialization in 8 ms
2025-12-07 16:19:25,722 [http-nio-0.0.0.0-9090-exec-3] INFO  o.t.s.c.plugin.TbWebSocketHandler - [5489b160-ccf1-11f0-81f3-0bf1425738f5][550b6480-ccf1-11f0-81f3-0bf1425738f5][160ff729-f1af-4ec6-902f-6ec64bb6c432][2c8cccb2-c5d7-4b15-32a7-4232d98397f6] Session established from address: /172.18.0.1:34526
2025-12-07 16:19:27,281 [sql-log-2-thread-1] INFO  o.t.s.dao.sql.TbSqlBlockingQueue - Queue-0 [Events] queueSize [0] totalAdded [2] totalSaved [2] totalFailed [0]
2025-12-07 16:19:35,877 [TB-Scheduling-6] INFO  o.t.s.s.s.DefaultTbEntityDataSubscriptionService - Stats: regularQueryInvocationCnt = [7], regularQueryInvocationTime = [36], dynamicQueryCnt = [6] dynamicQueryInvocationCnt = [0], dynamicQueryInvocationTime = [0], alarmQueryInvocationCnt = [0], alarmQueryInvocationTime = [0]
2025-12-07 16:19:45,844 [TB-Scheduling-4] INFO  o.t.s.dao.aspect.SqlDaoCallsAspect - Total timing statistics below:
2025-12-07 16:19:45,846 [TB-Scheduling-4] INFO  o.t.s.dao.aspect.SqlDaoCallsAspect - [5489b160-ccf1-11f0-81f3-0bf1425738f5]: calls: 74, failures: 0, exec time: 6224 
2025-12-07 16:19:45,846 [TB-Scheduling-4] INFO  o.t.s.dao.aspect.SqlDaoCallsAspect - [5489b160-ccf1-11f0-81f3-0bf1425738f5] Top 3 methods by timing:
2025-12-07 16:19:45,847 [TB-Scheduling-4] INFO  o.t.s.dao.aspect.SqlDaoCallsAspect - [5489b160-ccf1-11f0-81f3-0bf1425738f5]: method: JpaRelationDao.findAllByFrom(..), calls: 3, failures: 0, exec time: 2239
2025-12-07 16:19:45,847 [TB-Scheduling-4] INFO  o.t.s.dao.aspect.SqlDaoCallsAspect - [5489b160-ccf1-11f0-81f3-0bf1425738f5]: method: JpaAbstractDao.findById(..), calls: 40, failures: 0, exec time: 1968
2025-12-07 16:19:45,847 [TB-Scheduling-4] INFO  o.t.s.dao.aspect.SqlDaoCallsAspect - [5489b160-ccf1-11f0-81f3-0bf1425738f5]: method: JpaApiUsageStateDao.findApiUsageStateByEntityId(..), calls: 2, failures: 0, exec time: 424
2025-12-07 16:19:45,872 [TB-Scheduling-16] INFO  o.t.s.c.t.s.DefaultTransportService - Transport Stats: openConnections [0]
2025-12-07 16:19:45,872 [TB-Scheduling-3] INFO  o.t.s.s.queue.EdgeConsumerStats - Edge Stats: totalMsgs = [14] edgeNfs = [14] coreNfEdgeHPUpd = [0] coreNfEdgeUpd = [0] coreNfEdgeSyncReq = [0] coreNfEdgeSyncResp = [0] coreNfEdgeCompLfcl = [0] 
2025-12-07 16:19:45,872 [TB-Scheduling-1] INFO  o.t.s.s.queue.TbCoreConsumerStats - Core Stats: totalMsgs = [4] sessionEvents = [0] getAttr = [0] subToAttr = [0] subToRpc = [0] toDevRpc = [0] subInfo = [0] claimDevice = [0] deviceState = [0] subMsgs = [0] deviceConnect = [0] deviceActivity = [0] deviceDisconnect = [0] deviceInactivity = [0] deviceInactivityTimeoutUpdate = [0] coreNfOther = [1] coreNfCompLfcl = [3] coreNfDevRpcRsp = [0] coreNfNfRlProc = [0] coreNfQueueUpd = [0] coreNfQueueDel = [0] coreNfSubSvc = [0] coreNfSubMgr = [0] coreNfVCRsp = [0] 
2025-12-07 16:19:45,877 [TB-Scheduling-5] INFO  o.t.s.s.s.DefaultTbEntityDataSubscriptionService - Stats: regularQueryInvocationCnt = [0], regularQueryInvocationTime = [0], dynamicQueryCnt = [6] dynamicQueryInvocationCnt = [0], dynamicQueryInvocationTime = [0], alarmQueryInvocationCnt = [0], alarmQueryInvocationTime = [0]
2025-12-07 16:19:50,134 [sql-log-2-thread-1] INFO  o.t.s.dao.sql.TbSqlBlockingQueue - Queue-1 [TS] queueSize [0] totalAdded [7] totalSaved [7] totalFailed [0]
2025-12-07 16:19:50,174 [sql-log-2-thread-1] INFO  o.t.s.dao.sql.TbSqlBlockingQueue - Queue-1 [TS Latest] queueSize [0] totalAdded [7] totalSaved [7] totalFailed [0]
2025-12-07 16:19:53,685 [rule-dispatcher-0-4] INFO  o.t.server.actors.TbActorMailbox - [RULE_NODE|4ee21770-cf62-11f0-b928-f5b3ab8e93ac] Failed to init actor, attempt 2, going to retry in attempts in 10000ms
2025-12-07 16:19:57,112 [DefaultWebSocketService-0-2] WARN  o.t.s.s.s.TbEntityRemoteSubsInfo - [5489b160-ccf1-11f0-81f3-0bf1425738f5][2e112f10-ccf4-11f0-9325-87376abd1036] Duplicate subscription event received. Current: TbSubscriptionsInfo(notifications=false, alarms=true, tsAllKeys=false, tsKeys=[percentage-2, percentage-1, percentage], attrAllKeys=false, attrKeys=[tankCapacity], seqNumber=5), Event: TbSubscriptionsInfo(notifications=false, alarms=true, tsAllKeys=false, tsKeys=[percentage-2, percentage], attrAllKeys=false, attrKeys=[tankCapacity], seqNumber=4)
2025-12-07 16:19:57,280 [sql-log-2-thread-1] INFO  o.t.s.dao.sql.TbSqlBlockingQueue - Queue-0 [Events] queueSize [0] totalAdded [2] totalSaved [2] totalFailed [0]
2025-12-07 16:20:05,878 [TB-Scheduling-4] INFO  o.t.s.s.s.DefaultTbEntityDataSubscriptionService - Stats: regularQueryInvocationCnt = [0], regularQueryInvocationTime = [0], dynamicQueryCnt = [0] dynamicQueryInvocationCnt = [0], dynamicQueryInvocationTime = [0], alarmQueryInvocationCnt = [2], alarmQueryInvocationTime = [831]
2025-12-07 16:20:33,688 [rule-dispatcher-0-4] INFO  o.t.server.actors.TbActorMailbox - [RULE_NODE|4ee21770-cf62-11f0-b928-f5b3ab8e93ac] Failed to init actor, attempt 3, going to retry in attempts in 15000ms
2025-12-07 16:20:37,278 [sql-log-2-thread-1] INFO  o.t.s.dao.sql.TbSqlBlockingQueue - Queue-0 [Events] queueSize [0] totalAdded [2] totalSaved [2] totalFailed [0]
2025-12-07 16:20:45,844 [TB-Scheduling-9] INFO  o.t.s.dao.aspect.SqlDaoCallsAspect - Total timing statistics below:
2025-12-07 16:20:45,844 [TB-Scheduling-9] INFO  o.t.s.dao.aspect.SqlDaoCallsAspect - [5489b160-ccf1-11f0-81f3-0bf1425738f5]: calls: 15, failures: 0, exec time: 1039 
2025-12-07 16:20:45,844 [TB-Scheduling-9] INFO  o.t.s.dao.aspect.SqlDaoCallsAspect - [5489b160-ccf1-11f0-81f3-0bf1425738f5] Top 3 methods by timing:
2025-12-07 16:20:45,844 [TB-Scheduling-9] INFO  o.t.s.dao.aspect.SqlDaoCallsAspect - [5489b160-ccf1-11f0-81f3-0bf1425738f5]: method: JpaAlarmDao.findActiveOriginatorAlarms(..), calls: 2, failures: 0, exec time: 830
2025-12-07 16:20:45,845 [TB-Scheduling-9] INFO  o.t.s.dao.aspect.SqlDaoCallsAspect - [5489b160-ccf1-11f0-81f3-0bf1425738f5]: method: JpaWidgetTypeDao.findWidgetTypesInfosByWidgetsBundleId(..), calls: 3, failures: 0, exec time: 92
2025-12-07 16:20:45,845 [TB-Scheduling-9] INFO  o.t.s.dao.aspect.SqlDaoCallsAspect - [5489b160-ccf1-11f0-81f3-0bf1425738f5]: method: JpaAttributeDao.find(..), calls: 2, failures: 0, exec time: 39
2025-12-07 16:20:45,869 [TB-Scheduling-4] INFO  o.t.s.c.t.s.DefaultTransportService - Transport Stats: openConnections [0]
2025-12-07 16:20:50,130 [sql-log-2-thread-1] INFO  o.t.s.dao.sql.TbSqlBlockingQueue - Queue-1 [TS] queueSize [0] totalAdded [11] totalSaved [11] totalFailed [0]
2025-12-07 16:20:50,170 [sql-log-2-thread-1] INFO  o.t.s.dao.sql.TbSqlBlockingQueue - Queue-1 [TS Latest] queueSize [0] totalAdded [11] totalSaved [11] totalFailed [0]
2025-12-07 16:21:18,696 [rule-dispatcher-0-4] INFO  o.t.server.actors.TbActorMailbox - [RULE_NODE|4ee21770-cf62-11f0-b928-f5b3ab8e93ac] Failed to init actor, attempt 4, going to retry in attempts in 20000ms
2025-12-07 16:21:27,274 [sql-log-2-thread-1] INFO  o.t.s.dao.sql.TbSqlBlockingQueue - Queue-0 [Events] queueSize [0] totalAdded [2] totalSaved [2] totalFailed [0]
2025-12-07 16:21:45,841 [TB-Scheduling-8] INFO  o.t.s.dao.aspect.SqlDaoCallsAspect - Total timing statistics below:
2025-12-07 16:21:45,841 [TB-Scheduling-8] INFO  o.t.s.dao.aspect.SqlDaoCallsAspect - [5489b160-ccf1-11f0-81f3-0bf1425738f5]: calls: 2, failures: 0, exec time: 11 
2025-12-07 16:21:45,841 [TB-Scheduling-8] INFO  o.t.s.dao.aspect.SqlDaoCallsAspect - [5489b160-ccf1-11f0-81f3-0bf1425738f5] Top 3 methods by timing:
2025-12-07 16:21:45,841 [TB-Scheduling-8] INFO  o.t.s.dao.aspect.SqlDaoCallsAspect - [5489b160-ccf1-11f0-81f3-0bf1425738f5]: method: JpaAbstractDao.findById(..), calls: 2, failures: 0, exec time: 11
2025-12-07 16:21:45,865 [TB-Scheduling-12] INFO  o.t.s.c.t.s.DefaultTransportService - Transport Stats: openConnections [0]
2025-12-07 16:21:50,125 [sql-log-2-thread-1] INFO  o.t.s.dao.sql.TbSqlBlockingQueue - Queue-1 [TS] queueSize [0] totalAdded [4] totalSaved [4] totalFailed [0]
2025-12-07 16:21:50,165 [sql-log-2-thread-1] INFO  o.t.s.dao.sql.TbSqlBlockingQueue - Queue-1 [TS Latest] queueSize [0] totalAdded [4] totalSaved [4] totalFailed [0]
2025-12-07 16:22:00,125 [sql-log-2-thread-1] INFO  o.t.s.dao.sql.TbSqlBlockingQueue - Queue-1 [TS] queueSize [0] totalAdded [7] totalSaved [7] totalFailed [0]
2025-12-07 16:22:00,165 [sql-log-2-thread-1] INFO  o.t.s.dao.sql.TbSqlBlockingQueue - Queue-1 [TS Latest] queueSize [0] totalAdded [7] totalSaved [7] totalFailed [0]
2025-12-07 16:22:08,710 [rule-dispatcher-0-4] INFO  o.t.server.actors.TbActorMailbox - [RULE_NODE|4ee21770-cf62-11f0-b928-f5b3ab8e93ac] Failed to init actor, attempt 5, going to retry in attempts in 25000ms
2025-12-07 16:22:17,269 [sql-log-2-thread-1] INFO  o.t.s.dao.sql.TbSqlBlockingQueue - Queue-0 [Events] queueSize [0] totalAdded [2] totalSaved [2] totalFailed [0]
2025-12-07 16:22:45,837 [TB-Scheduling-3] INFO  o.t.s.dao.aspect.SqlDaoCallsAspect - Total timing statistics below:
2025-12-07 16:22:45,838 [TB-Scheduling-3] INFO  o.t.s.dao.aspect.SqlDaoCallsAspect - [5489b160-ccf1-11f0-81f3-0bf1425738f5]: calls: 2, failures: 0, exec time: 10 
2025-12-07 16:22:45,838 [TB-Scheduling-3] INFO  o.t.s.dao.aspect.SqlDaoCallsAspect - [5489b160-ccf1-11f0-81f3-0bf1425738f5] Top 3 methods by timing:
2025-12-07 16:22:45,838 [TB-Scheduling-3] INFO  o.t.s.dao.aspect.SqlDaoCallsAspect - [5489b160-ccf1-11f0-81f3-0bf1425738f5]: method: JpaWidgetTypeDao.findWidgetTypesInfosByWidgetsBundleId(..), calls: 1, failures: 0, exec time: 7
2025-12-07 16:22:45,838 [TB-Scheduling-3] INFO  o.t.s.dao.aspect.SqlDaoCallsAspect - [5489b160-ccf1-11f0-81f3-0bf1425738f5]: method: JpaAbstractDao.findById(..), calls: 1, failures: 0, exec time: 3
2025-12-07 16:22:45,861 [TB-Scheduling-2] INFO  o.t.s.c.t.s.DefaultTransportService - Transport Stats: openConnections [0]
2025-12-07 16:22:50,121 [sql-log-2-thread-1] INFO  o.t.s.dao.sql.TbSqlBlockingQueue - Queue-1 [TS] queueSize [0] totalAdded [4] totalSaved [4] totalFailed [0]
2025-12-07 16:22:50,160 [sql-log-2-thread-1] INFO  o.t.s.dao.sql.TbSqlBlockingQueue - Queue-1 [TS Latest] queueSize [0] totalAdded [4] totalSaved [4] totalFailed [0]
2025-12-07 16:23:00,121 [sql-log-2-thread-1] INFO  o.t.s.dao.sql.TbSqlBlockingQueue - Queue-1 [TS] queueSize [0] totalAdded [7] totalSaved [7] totalFailed [0]
2025-12-07 16:23:00,160 [sql-log-2-thread-1] INFO  o.t.s.dao.sql.TbSqlBlockingQueue - Queue-1 [TS Latest] queueSize [0] totalAdded [7] totalSaved [7] totalFailed [0]
2025-12-07 16:23:03,712 [rule-dispatcher-0-4] INFO  o.t.server.actors.TbActorMailbox - [RULE_NODE|4ee21770-cf62-11f0-b928-f5b3ab8e93ac] Failed to init actor, attempt 6, going to retry in attempts in 30000ms
2025-12-07 16:23:07,267 [sql-log-2-thread-1] INFO  o.t.s.dao.sql.TbSqlBlockingQueue - Queue-0 [Events] queueSize [0] totalAdded [2] totalSaved [2] totalFailed [0]
2025-12-07 16:23:45,834 [TB-Scheduling-1] INFO  o.t.s.dao.aspect.SqlDaoCallsAspect - Total timing statistics below:
2025-12-07 16:23:45,835 [TB-Scheduling-1] INFO  o.t.s.dao.aspect.SqlDaoCallsAspect - [5489b160-ccf1-11f0-81f3-0bf1425738f5]: calls: 6, failures: 0, exec time: 38 
2025-12-07 16:23:45,835 [TB-Scheduling-1] INFO  o.t.s.dao.aspect.SqlDaoCallsAspect - [5489b160-ccf1-11f0-81f3-0bf1425738f5] Top 3 methods by timing:
2025-12-07 16:23:45,835 [TB-Scheduling-1] INFO  o.t.s.dao.aspect.SqlDaoCallsAspect - [5489b160-ccf1-11f0-81f3-0bf1425738f5]: method: JpaWidgetTypeDao.findWidgetTypesInfosByWidgetsBundleId(..), calls: 3, failures: 0, exec time: 26
2025-12-07 16:23:45,835 [TB-Scheduling-1] INFO  o.t.s.dao.aspect.SqlDaoCallsAspect - [5489b160-ccf1-11f0-81f3-0bf1425738f5]: method: JpaTbResourceDao.getResourceData(..), calls: 1, failures: 0, exec time: 5
2025-12-07 16:23:45,835 [TB-Scheduling-1] INFO  o.t.s.dao.aspect.SqlDaoCallsAspect - [5489b160-ccf1-11f0-81f3-0bf1425738f5]: method: JpaTbResourceInfoDao.findByTenantIdAndKey(..), calls: 1, failures: 0, exec time: 4
2025-12-07 16:23:45,857 [TB-Scheduling-10] INFO  o.t.s.c.t.s.DefaultTransportService - Transport Stats: openConnections [0]
2025-12-07 16:23:50,116 [sql-log-2-thread-1] INFO  o.t.s.dao.sql.TbSqlBlockingQueue - Queue-1 [TS] queueSize [0] totalAdded [5] totalSaved [5] totalFailed [0]
2025-12-07 16:23:50,156 [sql-log-2-thread-1] INFO  o.t.s.dao.sql.TbSqlBlockingQueue - Queue-1 [TS Latest] queueSize [0] totalAdded [5] totalSaved [5] totalFailed [0]
2025-12-07 16:24:00,116 [sql-log-2-thread-1] INFO  o.t.s.dao.sql.TbSqlBlockingQueue - Queue-1 [TS] queueSize [0] totalAdded [7] totalSaved [7] totalFailed [0]
2025-12-07 16:24:00,156 [sql-log-2-thread-1] INFO  o.t.s.dao.sql.TbSqlBlockingQueue - Queue-1 [TS Latest] queueSize [0] totalAdded [7] totalSaved [7] totalFailed [0]
2025-12-07 16:24:03,714 [rule-dispatcher-0-4] INFO  o.t.server.actors.TbActorMailbox - [RULE_NODE|4ee21770-cf62-11f0-b928-f5b3ab8e93ac] Failed to init actor, attempt 7, going to retry in attempts in 35000ms
2025-12-07 16:24:07,263 [sql-log-2-thread-1] INFO  o.t.s.dao.sql.TbSqlBlockingQueue - Queue-0 [Events] queueSize [0] totalAdded [2] totalSaved [2] totalFailed [0]
2025-12-07 16:24:45,832 [TB-Scheduling-1] INFO  o.t.s.dao.aspect.SqlDaoCallsAspect - Total timing statistics below:
2025-12-07 16:24:45,833 [TB-Scheduling-1] INFO  o.t.s.dao.aspect.SqlDaoCallsAspect - [5489b160-ccf1-11f0-81f3-0bf1425738f5]: calls: 1, failures: 0, exec time: 8 
2025-12-07 16:24:45,834 [TB-Scheduling-1] INFO  o.t.s.dao.aspect.SqlDaoCallsAspect - [5489b160-ccf1-11f0-81f3-0bf1425738f5] Top 3 methods by timing:
2025-12-07 16:24:45,834 [TB-Scheduling-1] INFO  o.t.s.dao.aspect.SqlDaoCallsAspect - [5489b160-ccf1-11f0-81f3-0bf1425738f5]: method: JpaAbstractDao.findById(..), calls: 1, failures: 0, exec time: 8
2025-12-07 16:24:45,854 [TB-Scheduling-11] INFO  o.t.s.c.t.s.DefaultTransportService - Transport Stats: openConnections [0]
2025-12-07 16:24:50,112 [sql-log-2-thread-1] INFO  o.t.s.dao.sql.TbSqlBlockingQueue - Queue-1 [TS] queueSize [0] totalAdded [4] totalSaved [4] totalFailed [0]
2025-12-07 16:24:50,152 [sql-log-2-thread-1] INFO  o.t.s.dao.sql.TbSqlBlockingQueue - Queue-1 [TS Latest] queueSize [0] totalAdded [4] totalSaved [4] totalFailed [0]
2025-12-07 16:25:00,112 [sql-log-2-thread-1] INFO  o.t.s.dao.sql.TbSqlBlockingQueue - Queue-1 [TS] queueSize [0] totalAdded [7] totalSaved [7] totalFailed [0]
2025-12-07 16:25:00,152 [sql-log-2-thread-1] INFO  o.t.s.dao.sql.TbSqlBlockingQueue - Queue-1 [TS Latest] queueSize [0] totalAdded [7] totalSaved [7] totalFailed [0]
2025-12-07 16:25:08,726 [rule-dispatcher-0-4] INFO  o.t.server.actors.TbActorMailbox - [RULE_NODE|4ee21770-cf62-11f0-b928-f5b3ab8e93ac] Failed to init actor, attempt 8, going to retry in attempts in 40000ms
2025-12-07 16:25:17,256 [sql-log-2-thread-1] INFO  o.t.s.dao.sql.TbSqlBlockingQueue - Queue-0 [Events] queueSize [0] totalAdded [2] totalSaved [2] totalFailed [0]
2025-12-07 16:25:45,849 [TB-Scheduling-1] INFO  o.t.s.c.t.s.DefaultTransportService - Transport Stats: openConnections [0]
2025-12-07 16:25:50,107 [sql-log-2-thread-1] INFO  o.t.s.dao.sql.TbSqlBlockingQueue - Queue-1 [TS] queueSize [0] totalAdded [4] totalSaved [4] totalFailed [0]
2025-12-07 16:25:50,147 [sql-log-2-thread-1] INFO  o.t.s.dao.sql.TbSqlBlockingQueue - Queue-1 [TS Latest] queueSize [0] totalAdded [4] totalSaved [4] totalFailed [0]
2025-12-07 16:26:00,107 [sql-log-2-thread-1] INFO  o.t.s.dao.sql.TbSqlBlockingQueue - Queue-1 [TS] queueSize [0] totalAdded [7] totalSaved [7] totalFailed [0]
2025-12-07 16:26:00,147 [sql-log-2-thread-1] INFO  o.t.s.dao.sql.TbSqlBlockingQueue - Queue-1 [TS Latest] queueSize [0] totalAdded [7] totalSaved [7] totalFailed [0]
2025-12-07 16:26:18,728 [rule-dispatcher-0-4] INFO  o.t.server.actors.TbActorMailbox - [RULE_NODE|4ee21770-cf62-11f0-b928-f5b3ab8e93ac] Failed to init actor, attempt 9, going to retry in attempts in 45000ms
2025-12-07 16:26:27,251 [sql-log-2-thread-1] INFO  o.t.s.dao.sql.TbSqlBlockingQueue - Queue-0 [Events] queueSize [0] totalAdded [2] totalSaved [2] totalFailed [0]
2025-12-07 16:26:45,826 [TB-Scheduling-4] INFO  o.t.s.dao.aspect.SqlDaoCallsAspect - Total timing statistics below:
2025-12-07 16:26:45,826 [TB-Scheduling-4] INFO  o.t.s.dao.aspect.SqlDaoCallsAspect - [5489b160-ccf1-11f0-81f3-0bf1425738f5]: calls: 1, failures: 0, exec time: 4 
2025-12-07 16:26:45,826 [TB-Scheduling-4] INFO  o.t.s.dao.aspect.SqlDaoCallsAspect - [5489b160-ccf1-11f0-81f3-0bf1425738f5] Top 3 methods by timing:
2025-12-07 16:26:45,826 [TB-Scheduling-4] INFO  o.t.s.dao.aspect.SqlDaoCallsAspect - [5489b160-ccf1-11f0-81f3-0bf1425738f5]: method: JpaAbstractDao.findById(..), calls: 1, failures: 0, exec time: 4
2025-12-07 16:26:45,845 [TB-Scheduling-3] INFO  o.t.s.c.t.s.DefaultTransportService - Transport Stats: openConnections [0]
2025-12-07 16:26:50,102 [sql-log-2-thread-1] INFO  o.t.s.dao.sql.TbSqlBlockingQueue - Queue-1 [TS] queueSize [0] totalAdded [4] totalSaved [4] totalFailed [0]
2025-12-07 16:26:50,142 [sql-log-2-thread-1] INFO  o.t.s.dao.sql.TbSqlBlockingQueue - Queue-1 [TS Latest] queueSize [0] totalAdded [4] totalSaved [4] totalFailed [0]
2025-12-07 16:27:00,102 [sql-log-2-thread-1] INFO  o.t.s.dao.sql.TbSqlBlockingQueue - Queue-1 [TS] queueSize [0] totalAdded [7] totalSaved [7] totalFailed [0]
2025-12-07 16:27:00,142 [sql-log-2-thread-1] INFO  o.t.s.dao.sql.TbSqlBlockingQueue - Queue-1 [TS Latest] queueSize [0] totalAdded [7] totalSaved [7] totalFailed [0]
2025-12-07 16:27:33,739 [rule-dispatcher-0-4] INFO  o.t.server.actors.TbActorMailbox - [RULE_NODE|4ee21770-cf62-11f0-b928-f5b3ab8e93ac] Failed to init actor, attempt 10, going to stop attempts.
org.thingsboard.server.actors.TbActorException: Failed to init actor
	at org.thingsboard.server.actors.service.ComponentActor.initProcessor(ComponentActor.java:76)
	at org.thingsboard.server.actors.service.ComponentActor.init(ComponentActor.java:61)
	at org.thingsboard.server.actors.TbActorMailbox.tryInit(TbActorMailbox.java:69)
	at org.thingsboard.server.actors.TbActorMailbox.lambda$tryInit$1(TbActorMailbox.java:91)
	at java.base/java.util.concurrent.ForkJoinTask$RunnableExecuteAction.exec(ForkJoinTask.java:1395)
	at java.base/java.util.concurrent.ForkJoinTask.doExec(ForkJoinTask.java:373)
	at java.base/java.util.concurrent.ForkJoinPool$WorkQueue.topLevelExec(ForkJoinPool.java:1182)
	at java.base/java.util.concurrent.ForkJoinPool.scan(ForkJoinPool.java:1655)
	at java.base/java.util.concurrent.ForkJoinPool.runWorker(ForkJoinPool.java:1622)
	at java.base/java.util.concurrent.ForkJoinWorkerThread.run(ForkJoinWorkerThread.java:165)
Caused by: org.thingsboard.rule.engine.api.TbNodeException: java.lang.RuntimeException: Failed to connect to MQTT broker at 192.168.126.86:8888.
	at org.thingsboard.rule.engine.mqtt.TbMqttNode.init(TbMqttNode.java:80)
	at org.thingsboard.server.actors.ruleChain.RuleNodeActorMessageProcessor.initComponent(RuleNodeActorMessageProcessor.java:182)
	at org.thingsboard.server.actors.ruleChain.RuleNodeActorMessageProcessor.start(RuleNodeActorMessageProcessor.java:68)
	at org.thingsboard.server.actors.service.ComponentActor.initProcessor(ComponentActor.java:67)
	... 9 common frames omitted
Caused by: java.lang.RuntimeException: Failed to connect to MQTT broker at 192.168.126.86:8888.
	at org.thingsboard.rule.engine.mqtt.TbMqttNode.initClient(TbMqttNode.java:146)
	at org.thingsboard.rule.engine.mqtt.TbMqttNode.init(TbMqttNode.java:76)
	... 12 common frames omitted
2025-12-07 16:27:34,343 [NotificationExecutorService-0-7] INFO  o.t.s.d.s.i.s.SqlPartitioningRepository - Saving partition 1764806400000-1765411200000 for table notification
2025-12-07 16:27:37,247 [sql-log-2-thread-1] INFO  o.t.s.dao.sql.TbSqlBlockingQueue - Queue-0 [Events] queueSize [0] totalAdded [3] totalSaved [3] totalFailed [0]
2025-12-07 16:27:45,823 [TB-Scheduling-13] INFO  o.t.s.dao.aspect.SqlDaoCallsAspect - Total timing statistics below:
2025-12-07 16:27:45,823 [TB-Scheduling-13] INFO  o.t.s.dao.aspect.SqlDaoCallsAspect - [5489b160-ccf1-11f0-81f3-0bf1425738f5]: calls: 9, failures: 0, exec time: 424 
2025-12-07 16:27:45,823 [TB-Scheduling-13] INFO  o.t.s.dao.aspect.SqlDaoCallsAspect - [5489b160-ccf1-11f0-81f3-0bf1425738f5] Top 3 methods by timing:
2025-12-07 16:27:45,823 [TB-Scheduling-13] INFO  o.t.s.dao.aspect.SqlDaoCallsAspect - [5489b160-ccf1-11f0-81f3-0bf1425738f5]: method: JpaAbstractDao.findById(..), calls: 3, failures: 0, exec time: 241
2025-12-07 16:27:45,823 [TB-Scheduling-13] INFO  o.t.s.dao.aspect.SqlDaoCallsAspect - [5489b160-ccf1-11f0-81f3-0bf1425738f5]: method: JpaAbstractDao.save(..), calls: 2, failures: 0, exec time: 112
2025-12-07 16:27:45,823 [TB-Scheduling-13] INFO  o.t.s.dao.aspect.SqlDaoCallsAspect - [5489b160-ccf1-11f0-81f3-0bf1425738f5]: method: JpaNotificationRequestDao.updateById(..), calls: 1, failures: 0, exec time: 41
2025-12-07 16:27:45,841 [TB-Scheduling-16] INFO  o.t.s.c.t.s.DefaultTransportService - Transport Stats: openConnections [0]
2025-12-07 16:27:50,098 [sql-log-2-thread-1] INFO  o.t.s.dao.sql.TbSqlBlockingQueue - Queue-1 [TS] queueSize [0] totalAdded [4] totalSaved [4] totalFailed [0]
2025-12-07 16:27:50,138 [sql-log-2-thread-1] INFO  o.t.s.dao.sql.TbSqlBlockingQueue - Queue-1 [TS Latest] queueSize [0] totalAdded [4] totalSaved [4] totalFailed [0]
2025-12-07 16:27:58,652 [JpaExecutorService-0-7] INFO  o.t.s.d.s.i.s.SqlPartitioningRepository - Saving partition 1764806400000-1765411200000 for table audit_log
2025-12-07 16:28:00,098 [sql-log-2-thread-1] INFO  o.t.s.dao.sql.TbSqlBlockingQueue - Queue-1 [TS] queueSize [0] totalAdded [7] totalSaved [7] totalFailed [0]
2025-12-07 16:28:00,138 [sql-log-2-thread-1] INFO  o.t.s.dao.sql.TbSqlBlockingQueue - Queue-1 [TS Latest] queueSize [0] totalAdded [7] totalSaved [7] totalFailed [0]
2025-12-07 16:28:45,820 [TB-Scheduling-11] INFO  o.t.s.dao.aspect.SqlDaoCallsAspect - Total timing statistics below:
2025-12-07 16:28:45,820 [TB-Scheduling-11] INFO  o.t.s.dao.aspect.SqlDaoCallsAspect - [5489b160-ccf1-11f0-81f3-0bf1425738f5]: calls: 12, failures: 0, exec time: 105 
2025-12-07 16:28:45,821 [TB-Scheduling-11] INFO  o.t.s.dao.aspect.SqlDaoCallsAspect - [5489b160-ccf1-11f0-81f3-0bf1425738f5] Top 3 methods by timing:
2025-12-07 16:28:45,821 [TB-Scheduling-11] INFO  o.t.s.dao.aspect.SqlDaoCallsAspect - [5489b160-ccf1-11f0-81f3-0bf1425738f5]: method: JpaNotificationRuleDao.findByTenantIdAndTriggerTypeAndEnabled(..), calls: 1, failures: 0, exec time: 21
2025-12-07 16:28:45,821 [TB-Scheduling-11] INFO  o.t.s.dao.aspect.SqlDaoCallsAspect - [5489b160-ccf1-11f0-81f3-0bf1425738f5]: method: JpaUserCredentialsDao.findByUserId(..), calls: 1, failures: 0, exec time: 15
2025-12-07 16:28:45,821 [TB-Scheduling-11] INFO  o.t.s.dao.aspect.SqlDaoCallsAspect - [5489b160-ccf1-11f0-81f3-0bf1425738f5]: method: JpaAbstractDao.save(..), calls: 2, failures: 0, exec time: 15
2025-12-07 16:28:45,836 [TB-Scheduling-14] INFO  o.t.s.s.queue.EdgeConsumerStats - Edge Stats: totalMsgs = [1] edgeNfs = [1] coreNfEdgeHPUpd = [0] coreNfEdgeUpd = [0] coreNfEdgeSyncReq = [0] coreNfEdgeSyncResp = [0] coreNfEdgeCompLfcl = [0] 
2025-12-07 16:28:45,838 [TB-Scheduling-1] INFO  o.t.s.c.t.s.DefaultTransportService - Transport Stats: openConnections [0]
2025-12-07 16:28:45,838 [TB-Scheduling-6] INFO  o.t.s.s.q.TbRuleEngineConsumerStats - [Main] Stats: totalMsgs = [1] successfulMsgs = [1] timeoutMsgs = [0] failedMsgs = [0] tmpTimeout = [0] tmpFailed = [0] successfulIterations = [1] failedIterations = [0] 
2025-12-07 16:28:50,093 [sql-log-2-thread-1] INFO  o.t.s.dao.sql.TbSqlBlockingQueue - Queue-0 [TS] queueSize [0] totalAdded [6] totalSaved [6] totalFailed [0]
2025-12-07 16:28:50,094 [sql-log-2-thread-1] INFO  o.t.s.dao.sql.TbSqlBlockingQueue - Queue-1 [TS] queueSize [0] totalAdded [4] totalSaved [4] totalFailed [0]
2025-12-07 16:28:50,133 [sql-log-2-thread-1] INFO  o.t.s.dao.sql.TbSqlBlockingQueue - Queue-0 [TS Latest] queueSize [0] totalAdded [6] totalSaved [6] totalFailed [0]
2025-12-07 16:28:50,133 [sql-log-2-thread-1] INFO  o.t.s.dao.sql.TbSqlBlockingQueue - Queue-1 [TS Latest] queueSize [0] totalAdded [4] totalSaved [4] totalFailed [0]
2025-12-07 16:29:00,094 [sql-log-2-thread-1] INFO  o.t.s.dao.sql.TbSqlBlockingQueue - Queue-1 [TS] queueSize [0] totalAdded [7] totalSaved [7] totalFailed [0]
2025-12-07 16:29:00,133 [sql-log-2-thread-1] INFO  o.t.s.dao.sql.TbSqlBlockingQueue - Queue-1 [TS Latest] queueSize [0] totalAdded [7] totalSaved [7] totalFailed [0]
2025-12-07 16:29:45,818 [TB-Scheduling-16] INFO  o.t.s.dao.aspect.SqlDaoCallsAspect - Total timing statistics below:
2025-12-07 16:29:45,819 [TB-Scheduling-16] INFO  o.t.s.dao.aspect.SqlDaoCallsAspect - [5489b160-ccf1-11f0-81f3-0bf1425738f5]: calls: 4, failures: 0, exec time: 67 
2025-12-07 16:29:45,819 [TB-Scheduling-16] INFO  o.t.s.dao.aspect.SqlDaoCallsAspect - [5489b160-ccf1-11f0-81f3-0bf1425738f5] Top 3 methods by timing:
2025-12-07 16:29:45,819 [TB-Scheduling-16] INFO  o.t.s.dao.aspect.SqlDaoCallsAspect - [5489b160-ccf1-11f0-81f3-0bf1425738f5]: method: JpaQueueStatsDao.findByTenantIdQueueNameAndServiceId(..), calls: 1, failures: 0, exec time: 55
2025-12-07 16:29:45,819 [TB-Scheduling-16] INFO  o.t.s.dao.aspect.SqlDaoCallsAspect - [5489b160-ccf1-11f0-81f3-0bf1425738f5]: method: JpaAbstractDao.findById(..), calls: 1, failures: 0, exec time: 6
2025-12-07 16:29:45,819 [TB-Scheduling-16] INFO  o.t.s.dao.aspect.SqlDaoCallsAspect - [5489b160-ccf1-11f0-81f3-0bf1425738f5]: method: JpaUserCredentialsDao.findByUserId(..), calls: 1, failures: 0, exec time: 5
2025-12-07 16:29:45,835 [TB-Scheduling-2] INFO  o.t.s.c.t.s.DefaultTransportService - Transport Stats: openConnections [0]
2025-12-07 16:29:50,090 [sql-log-2-thread-1] INFO  o.t.s.dao.sql.TbSqlBlockingQueue - Queue-1 [TS] queueSize [0] totalAdded [4] totalSaved [4] totalFailed [0]
2025-12-07 16:29:50,130 [sql-log-2-thread-1] INFO  o.t.s.dao.sql.TbSqlBlockingQueue - Queue-1 [TS Latest] queueSize [0] totalAdded [4] totalSaved [4] totalFailed [0]
2025-12-07 16:30:00,090 [sql-log-2-thread-1] INFO  o.t.s.dao.sql.TbSqlBlockingQueue - Queue-1 [TS] queueSize [0] totalAdded [7] totalSaved [7] totalFailed [0]
2025-12-07 16:30:00,130 [sql-log-2-thread-1] INFO  o.t.s.dao.sql.TbSqlBlockingQueue - Queue-1 [TS Latest] queueSize [0] totalAdded [7] totalSaved [7] totalFailed [0]
2025-12-07 16:30:45,831 [TB-Scheduling-7] INFO  o.t.s.c.t.s.DefaultTransportService - Transport Stats: openConnections [0]
2025-12-07 16:30:50,085 [sql-log-2-thread-1] INFO  o.t.s.dao.sql.TbSqlBlockingQueue - Queue-1 [TS] queueSize [0] totalAdded [4] totalSaved [4] totalFailed [0]
2025-12-07 16:30:50,125 [sql-log-2-thread-1] INFO  o.t.s.dao.sql.TbSqlBlockingQueue - Queue-1 [TS Latest] queueSize [0] totalAdded [4] totalSaved [4] totalFailed [0]
2025-12-07 16:31:00,085 [sql-log-2-thread-1] INFO  o.t.s.dao.sql.TbSqlBlockingQueue - Queue-1 [TS] queueSize [0] totalAdded [7] totalSaved [7] totalFailed [0]
2025-12-07 16:31:00,125 [sql-log-2-thread-1] INFO  o.t.s.dao.sql.TbSqlBlockingQueue - Queue-1 [TS Latest] queueSize [0] totalAdded [7] totalSaved [7] totalFailed [0]
2025-12-07 16:31:45,810 [TB-Scheduling-11] INFO  o.t.s.dao.aspect.SqlDaoCallsAspect - Total timing statistics below:
2025-12-07 16:31:45,811 [TB-Scheduling-11] INFO  o.t.s.dao.aspect.SqlDaoCallsAspect - [5489b160-ccf1-11f0-81f3-0bf1425738f5]: calls: 2, failures: 0, exec time: 56 
2025-12-07 16:31:45,811 [TB-Scheduling-11] INFO  o.t.s.dao.aspect.SqlDaoCallsAspect - [5489b160-ccf1-11f0-81f3-0bf1425738f5] Top 3 methods by timing:
2025-12-07 16:31:45,811 [TB-Scheduling-11] INFO  o.t.s.dao.aspect.SqlDaoCallsAspect - [5489b160-ccf1-11f0-81f3-0bf1425738f5]: method: JpaAbstractDao.findById(..), calls: 1, failures: 0, exec time: 30
2025-12-07 16:31:45,811 [TB-Scheduling-11] INFO  o.t.s.dao.aspect.SqlDaoCallsAspect - [5489b160-ccf1-11f0-81f3-0bf1425738f5]: method: JpaUserCredentialsDao.findByUserId(..), calls: 1, failures: 0, exec time: 26
2025-12-07 16:31:45,826 [TB-Scheduling-5] INFO  o.t.s.c.t.s.DefaultTransportService - Transport Stats: openConnections [0]
2025-12-07 16:31:50,079 [sql-log-2-thread-1] INFO  o.t.s.dao.sql.TbSqlBlockingQueue - Queue-1 [TS] queueSize [0] totalAdded [4] totalSaved [4] totalFailed [0]
2025-12-07 16:31:50,119 [sql-log-2-thread-1] INFO  o.t.s.dao.sql.TbSqlBlockingQueue - Queue-1 [TS Latest] queueSize [0] totalAdded [4] totalSaved [4] totalFailed [0]
2025-12-07 16:32:10,079 [sql-log-2-thread-1] INFO  o.t.s.dao.sql.TbSqlBlockingQueue - Queue-1 [TS] queueSize [0] totalAdded [7] totalSaved [7] totalFailed [0]
2025-12-07 16:32:10,119 [sql-log-2-thread-1] INFO  o.t.s.dao.sql.TbSqlBlockingQueue - Queue-1 [TS Latest] queueSize [0] totalAdded [7] totalSaved [7] totalFailed [0]
2025-12-07 16:32:45,809 [TB-Scheduling-9] INFO  o.t.s.dao.aspect.SqlDaoCallsAspect - Total timing statistics below:
2025-12-07 16:32:45,810 [TB-Scheduling-9] INFO  o.t.s.dao.aspect.SqlDaoCallsAspect - [5489b160-ccf1-11f0-81f3-0bf1425738f5]: calls: 4, failures: 0, exec time: 45 
2025-12-07 16:32:45,810 [TB-Scheduling-9] INFO  o.t.s.dao.aspect.SqlDaoCallsAspect - [5489b160-ccf1-11f0-81f3-0bf1425738f5] Top 3 methods by timing:
2025-12-07 16:32:45,810 [TB-Scheduling-9] INFO  o.t.s.dao.aspect.SqlDaoCallsAspect - [5489b160-ccf1-11f0-81f3-0bf1425738f5]: method: JpaAbstractDao.findById(..), calls: 2, failures: 0, exec time: 33
2025-12-07 16:32:45,810 [TB-Scheduling-9] INFO  o.t.s.dao.aspect.SqlDaoCallsAspect - [5489b160-ccf1-11f0-81f3-0bf1425738f5]: method: JpaUserCredentialsDao.findByUserId(..), calls: 2, failures: 0, exec time: 12
2025-12-07 16:32:45,824 [TB-Scheduling-5] INFO  o.t.s.c.t.s.DefaultTransportService - Transport Stats: openConnections [0]
2025-12-07 16:32:50,076 [sql-log-2-thread-1] INFO  o.t.s.dao.sql.TbSqlBlockingQueue - Queue-1 [TS] queueSize [0] totalAdded [4] totalSaved [4] totalFailed [0]
2025-12-07 16:32:50,116 [sql-log-2-thread-1] INFO  o.t.s.dao.sql.TbSqlBlockingQueue - Queue-1 [TS Latest] queueSize [0] totalAdded [4] totalSaved [4] totalFailed [0]
2025-12-07 16:33:10,076 [sql-log-2-thread-1] INFO  o.t.s.dao.sql.TbSqlBlockingQueue - Queue-1 [TS] queueSize [0] totalAdded [7] totalSaved [7] totalFailed [0]
2025-12-07 16:33:10,116 [sql-log-2-thread-1] INFO  o.t.s.dao.sql.TbSqlBlockingQueue - Queue-1 [TS Latest] queueSize [0] totalAdded [7] totalSaved [7] totalFailed [0]
2025-12-07 16:33:45,805 [TB-Scheduling-3] INFO  o.t.s.dao.aspect.SqlDaoCallsAspect - Total timing statistics below:
2025-12-07 16:33:45,806 [TB-Scheduling-3] INFO  o.t.s.dao.aspect.SqlDaoCallsAspect - [5489b160-ccf1-11f0-81f3-0bf1425738f5]: calls: 2, failures: 0, exec time: 28 
2025-12-07 16:33:45,806 [TB-Scheduling-3] INFO  o.t.s.dao.aspect.SqlDaoCallsAspect - [5489b160-ccf1-11f0-81f3-0bf1425738f5] Top 3 methods by timing:
2025-12-07 16:33:45,807 [TB-Scheduling-3] INFO  o.t.s.dao.aspect.SqlDaoCallsAspect - [5489b160-ccf1-11f0-81f3-0bf1425738f5]: method: JpaAbstractDao.findById(..), calls: 1, failures: 0, exec time: 16
2025-12-07 16:33:45,808 [TB-Scheduling-3] INFO  o.t.s.dao.aspect.SqlDaoCallsAspect - [5489b160-ccf1-11f0-81f3-0bf1425738f5]: method: JpaUserCredentialsDao.findByUserId(..), calls: 1, failures: 0, exec time: 12
2025-12-07 16:33:45,821 [TB-Scheduling-16] INFO  o.t.s.c.t.s.DefaultTransportService - Transport Stats: openConnections [0]
2025-12-07 16:33:50,070 [sql-log-2-thread-1] INFO  o.t.s.dao.sql.TbSqlBlockingQueue - Queue-1 [TS] queueSize [0] totalAdded [4] totalSaved [4] totalFailed [0]
2025-12-07 16:33:50,110 [sql-log-2-thread-1] INFO  o.t.s.dao.sql.TbSqlBlockingQueue - Queue-1 [TS Latest] queueSize [0] totalAdded [4] totalSaved [4] totalFailed [0]
2025-12-07 16:34:10,070 [sql-log-2-thread-1] INFO  o.t.s.dao.sql.TbSqlBlockingQueue - Queue-1 [TS] queueSize [0] totalAdded [7] totalSaved [7] totalFailed [0]
2025-12-07 16:34:10,110 [sql-log-2-thread-1] INFO  o.t.s.dao.sql.TbSqlBlockingQueue - Queue-1 [TS Latest] queueSize [0] totalAdded [7] totalSaved [7] totalFailed [0]
2025-12-07 16:34:45,808 [TB-Scheduling-14] INFO  o.t.s.dao.aspect.SqlDaoCallsAspect - Total timing statistics below:
2025-12-07 16:34:45,809 [TB-Scheduling-14] INFO  o.t.s.dao.aspect.SqlDaoCallsAspect - [5489b160-ccf1-11f0-81f3-0bf1425738f5]: calls: 2, failures: 0, exec time: 9 
2025-12-07 16:34:45,809 [TB-Scheduling-14] INFO  o.t.s.dao.aspect.SqlDaoCallsAspect - [5489b160-ccf1-11f0-81f3-0bf1425738f5] Top 3 methods by timing:
2025-12-07 16:34:45,809 [TB-Scheduling-14] INFO  o.t.s.dao.aspect.SqlDaoCallsAspect - [5489b160-ccf1-11f0-81f3-0bf1425738f5]: method: JpaAbstractDao.findById(..), calls: 1, failures: 0, exec time: 5
2025-12-07 16:34:45,810 [TB-Scheduling-14] INFO  o.t.s.dao.aspect.SqlDaoCallsAspect - [5489b160-ccf1-11f0-81f3-0bf1425738f5]: method: JpaUserCredentialsDao.findByUserId(..), calls: 1, failures: 0, exec time: 4
2025-12-07 16:34:45,819 [TB-Scheduling-11] INFO  o.t.s.c.t.s.DefaultTransportService - Transport Stats: openConnections [0]
2025-12-07 16:34:50,066 [sql-log-2-thread-1] INFO  o.t.s.dao.sql.TbSqlBlockingQueue - Queue-1 [TS] queueSize [0] totalAdded [4] totalSaved [4] totalFailed [0]
2025-12-07 16:34:50,106 [sql-log-2-thread-1] INFO  o.t.s.dao.sql.TbSqlBlockingQueue - Queue-1 [TS Latest] queueSize [0] totalAdded [4] totalSaved [4] totalFailed [0]
2025-12-07 16:35:10,066 [sql-log-2-thread-1] INFO  o.t.s.dao.sql.TbSqlBlockingQueue - Queue-1 [TS] queueSize [0] totalAdded [7] totalSaved [7] totalFailed [0]
2025-12-07 16:35:10,106 [sql-log-2-thread-1] INFO  o.t.s.dao.sql.TbSqlBlockingQueue - Queue-1 [TS Latest] queueSize [0] totalAdded [7] totalSaved [7] totalFailed [0]
2025-12-07 16:35:11,180 [http-nio-0.0.0.0-9090-exec-3] WARN  o.t.s.s.s.TbEntityRemoteSubsInfo - [5489b160-ccf1-11f0-81f3-0bf1425738f5][2e112f10-ccf4-11f0-9325-87376abd1036] Duplicate subscription event received. Current: TbSubscriptionsInfo(notifications=false, alarms=true, tsAllKeys=false, tsKeys=null, attrAllKeys=false, attrKeys=[tankCapacity], seqNumber=2), Event: TbSubscriptionsInfo(notifications=false, alarms=true, tsAllKeys=false, tsKeys=null, attrAllKeys=false, attrKeys=null, seqNumber=1)
2025-12-07 16:35:15,857 [TB-Scheduling-16] INFO  o.t.s.s.s.DefaultTbEntityDataSubscriptionService - Stats: regularQueryInvocationCnt = [0], regularQueryInvocationTime = [0], dynamicQueryCnt = [0] dynamicQueryInvocationCnt = [0], dynamicQueryInvocationTime = [0], alarmQueryInvocationCnt = [2], alarmQueryInvocationTime = [38]
2025-12-07 16:35:45,806 [TB-Scheduling-15] INFO  o.t.s.dao.aspect.SqlDaoCallsAspect - Total timing statistics below:
2025-12-07 16:35:45,807 [TB-Scheduling-15] INFO  o.t.s.dao.aspect.SqlDaoCallsAspect - [5489b160-ccf1-11f0-81f3-0bf1425738f5]: calls: 28, failures: 0, exec time: 334 
2025-12-07 16:35:45,808 [TB-Scheduling-15] INFO  o.t.s.dao.aspect.SqlDaoCallsAspect - [5489b160-ccf1-11f0-81f3-0bf1425738f5] Top 3 methods by timing:
2025-12-07 16:35:45,808 [TB-Scheduling-15] INFO  o.t.s.dao.aspect.SqlDaoCallsAspect - [5489b160-ccf1-11f0-81f3-0bf1425738f5]: method: JpaAbstractDao.findById(..), calls: 8, failures: 0, exec time: 84
2025-12-07 16:35:45,809 [TB-Scheduling-15] INFO  o.t.s.dao.aspect.SqlDaoCallsAspect - [5489b160-ccf1-11f0-81f3-0bf1425738f5]: method: JpaAbstractDao.save(..), calls: 2, failures: 0, exec time: 48
2025-12-07 16:35:45,810 [TB-Scheduling-15] INFO  o.t.s.dao.aspect.SqlDaoCallsAspect - [5489b160-ccf1-11f0-81f3-0bf1425738f5]: method: JpaAlarmDao.findActiveOriginatorAlarms(..), calls: 2, failures: 0, exec time: 36
2025-12-07 16:35:45,811 [TB-Scheduling-1] INFO  o.t.s.s.queue.EdgeConsumerStats - Edge Stats: totalMsgs = [2] edgeNfs = [2] coreNfEdgeHPUpd = [0] coreNfEdgeUpd = [0] coreNfEdgeSyncReq = [0] coreNfEdgeSyncResp = [0] coreNfEdgeCompLfcl = [0] 
2025-12-07 16:35:45,815 [TB-Scheduling-3] INFO  o.t.s.c.t.s.DefaultTransportService - Transport Stats: openConnections [0]
2025-12-07 16:35:45,921 [TB-Scheduling-6] INFO  o.t.s.s.q.TbRuleEngineConsumerStats - [Main] Stats: totalMsgs = [1] successfulMsgs = [1] timeoutMsgs = [0] failedMsgs = [0] tmpTimeout = [0] tmpFailed = [0] successfulIterations = [1] failedIterations = [0] 
2025-12-07 16:35:50,060 [sql-log-2-thread-1] INFO  o.t.s.dao.sql.TbSqlBlockingQueue - Queue-0 [TS] queueSize [0] totalAdded [6] totalSaved [6] totalFailed [0]
2025-12-07 16:35:50,064 [sql-log-2-thread-1] INFO  o.t.s.dao.sql.TbSqlBlockingQueue - Queue-1 [TS] queueSize [0] totalAdded [4] totalSaved [4] totalFailed [0]
2025-12-07 16:35:50,100 [sql-log-2-thread-1] INFO  o.t.s.dao.sql.TbSqlBlockingQueue - Queue-0 [TS Latest] queueSize [0] totalAdded [6] totalSaved [6] totalFailed [0]
2025-12-07 16:35:50,101 [sql-log-2-thread-1] INFO  o.t.s.dao.sql.TbSqlBlockingQueue - Queue-1 [TS Latest] queueSize [0] totalAdded [4] totalSaved [4] totalFailed [0]
2025-12-07 16:36:10,061 [sql-log-2-thread-1] INFO  o.t.s.dao.sql.TbSqlBlockingQueue - Queue-1 [TS] queueSize [0] totalAdded [7] totalSaved [7] totalFailed [0]
2025-12-07 16:36:10,101 [sql-log-2-thread-1] INFO  o.t.s.dao.sql.TbSqlBlockingQueue - Queue-1 [TS Latest] queueSize [0] totalAdded [7] totalSaved [7] totalFailed [0]
2025-12-07 16:36:45,806 [TB-Scheduling-12] INFO  o.t.s.dao.aspect.SqlDaoCallsAspect - Total timing statistics below:
2025-12-07 16:36:45,806 [TB-Scheduling-12] INFO  o.t.s.dao.aspect.SqlDaoCallsAspect - [5489b160-ccf1-11f0-81f3-0bf1425738f5]: calls: 4, failures: 0, exec time: 35 
2025-12-07 16:36:45,807 [TB-Scheduling-12] INFO  o.t.s.dao.aspect.SqlDaoCallsAspect - [5489b160-ccf1-11f0-81f3-0bf1425738f5] Top 3 methods by timing:
2025-12-07 16:36:45,807 [TB-Scheduling-12] INFO  o.t.s.dao.aspect.SqlDaoCallsAspect - [5489b160-ccf1-11f0-81f3-0bf1425738f5]: method: JpaAbstractDao.findById(..), calls: 2, failures: 0, exec time: 22
2025-12-07 16:36:45,807 [TB-Scheduling-12] INFO  o.t.s.dao.aspect.SqlDaoCallsAspect - [5489b160-ccf1-11f0-81f3-0bf1425738f5]: method: JpaUserCredentialsDao.findByUserId(..), calls: 2, failures: 0, exec time: 13
2025-12-07 16:36:45,811 [TB-Scheduling-10] INFO  o.t.s.c.t.s.DefaultTransportService - Transport Stats: openConnections [0]
2025-12-07 16:36:50,057 [sql-log-2-thread-1] INFO  o.t.s.dao.sql.TbSqlBlockingQueue - Queue-1 [TS] queueSize [0] totalAdded [4] totalSaved [4] totalFailed [0]
2025-12-07 16:36:50,096 [sql-log-2-thread-1] INFO  o.t.s.dao.sql.TbSqlBlockingQueue - Queue-1 [TS Latest] queueSize [0] totalAdded [4] totalSaved [4] totalFailed [0]
2025-12-07 16:37:10,056 [sql-log-2-thread-1] INFO  o.t.s.dao.sql.TbSqlBlockingQueue - Queue-1 [TS] queueSize [0] totalAdded [7] totalSaved [7] totalFailed [0]
2025-12-07 16:37:10,096 [sql-log-2-thread-1] INFO  o.t.s.dao.sql.TbSqlBlockingQueue - Queue-1 [TS Latest] queueSize [0] totalAdded [7] totalSaved [7] totalFailed [0]
2025-12-07 16:37:45,807 [TB-Scheduling-15] INFO  o.t.s.c.t.s.DefaultTransportService - Transport Stats: openConnections [0]
2025-12-07 16:37:50,052 [sql-log-2-thread-1] INFO  o.t.s.dao.sql.TbSqlBlockingQueue - Queue-1 [TS] queueSize [0] totalAdded [4] totalSaved [4] totalFailed [0]
2025-12-07 16:37:50,091 [sql-log-2-thread-1] INFO  o.t.s.dao.sql.TbSqlBlockingQueue - Queue-1 [TS Latest] queueSize [0] totalAdded [4] totalSaved [4] totalFailed [0]
2025-12-07 16:38:10,052 [sql-log-2-thread-1] INFO  o.t.s.dao.sql.TbSqlBlockingQueue - Queue-1 [TS] queueSize [0] totalAdded [7] totalSaved [7] totalFailed [0]
2025-12-07 16:38:10,091 [sql-log-2-thread-1] INFO  o.t.s.dao.sql.TbSqlBlockingQueue - Queue-1 [TS Latest] queueSize [0] totalAdded [7] totalSaved [7] totalFailed [0]
2025-12-07 16:38:42,822 [access-validator-33-thread-1] WARN  o.t.s.s.s.TbEntityRemoteSubsInfo - [5489b160-ccf1-11f0-81f3-0bf1425738f5][2e112f10-ccf4-11f0-9325-87376abd1036] Duplicate subscription event received. Current: TbSubscriptionsInfo(notifications=false, alarms=true, tsAllKeys=false, tsKeys=null, attrAllKeys=false, attrKeys=[tankCapacity], seqNumber=2), Event: TbSubscriptionsInfo(notifications=false, alarms=false, tsAllKeys=false, tsKeys=null, attrAllKeys=false, attrKeys=[tankCapacity], seqNumber=1)
2025-12-07 16:38:45,798 [TB-Scheduling-8] INFO  o.t.s.s.queue.EdgeConsumerStats - Edge Stats: totalMsgs = [1] edgeNfs = [1] coreNfEdgeHPUpd = [0] coreNfEdgeUpd = [0] coreNfEdgeSyncReq = [0] coreNfEdgeSyncResp = [0] coreNfEdgeCompLfcl = [0] 
2025-12-07 16:38:45,799 [TB-Scheduling-13] INFO  o.t.s.dao.aspect.SqlDaoCallsAspect - Total timing statistics below:
2025-12-07 16:38:45,799 [TB-Scheduling-13] INFO  o.t.s.dao.aspect.SqlDaoCallsAspect - [5489b160-ccf1-11f0-81f3-0bf1425738f5]: calls: 17, failures: 0, exec time: 162 
2025-12-07 16:38:45,799 [TB-Scheduling-13] INFO  o.t.s.dao.aspect.SqlDaoCallsAspect - [5489b160-ccf1-11f0-81f3-0bf1425738f5] Top 3 methods by timing:
2025-12-07 16:38:45,799 [TB-Scheduling-13] INFO  o.t.s.dao.aspect.SqlDaoCallsAspect - [5489b160-ccf1-11f0-81f3-0bf1425738f5]: method: JpaAbstractDao.findById(..), calls: 6, failures: 0, exec time: 43
2025-12-07 16:38:45,799 [TB-Scheduling-13] INFO  o.t.s.dao.aspect.SqlDaoCallsAspect - [5489b160-ccf1-11f0-81f3-0bf1425738f5]: method: JpaAbstractDao.save(..), calls: 2, failures: 0, exec time: 37
2025-12-07 16:38:45,799 [TB-Scheduling-13] INFO  o.t.s.dao.aspect.SqlDaoCallsAspect - [5489b160-ccf1-11f0-81f3-0bf1425738f5]: method: JpaUserCredentialsDao.findByUserId(..), calls: 2, failures: 0, exec time: 21
2025-12-07 16:38:45,804 [TB-Scheduling-12] INFO  o.t.s.c.t.s.DefaultTransportService - Transport Stats: openConnections [0]
2025-12-07 16:38:45,852 [TB-Scheduling-10] INFO  o.t.s.s.s.DefaultTbEntityDataSubscriptionService - Stats: regularQueryInvocationCnt = [0], regularQueryInvocationTime = [0], dynamicQueryCnt = [0] dynamicQueryInvocationCnt = [0], dynamicQueryInvocationTime = [0], alarmQueryInvocationCnt = [2], alarmQueryInvocationTime = [16]
2025-12-07 16:38:45,912 [TB-Scheduling-6] INFO  o.t.s.s.q.TbRuleEngineConsumerStats - [Main] Stats: totalMsgs = [1] successfulMsgs = [1] timeoutMsgs = [0] failedMsgs = [0] tmpTimeout = [0] tmpFailed = [0] successfulIterations = [1] failedIterations = [0] 
2025-12-07 16:38:50,047 [sql-log-2-thread-1] INFO  o.t.s.dao.sql.TbSqlBlockingQueue - Queue-0 [TS] queueSize [0] totalAdded [6] totalSaved [6] totalFailed [0]
2025-12-07 16:38:50,047 [sql-log-2-thread-1] INFO  o.t.s.dao.sql.TbSqlBlockingQueue - Queue-1 [TS] queueSize [0] totalAdded [4] totalSaved [4] totalFailed [0]
2025-12-07 16:38:50,087 [sql-log-2-thread-1] INFO  o.t.s.dao.sql.TbSqlBlockingQueue - Queue-0 [TS Latest] queueSize [0] totalAdded [6] totalSaved [6] totalFailed [0]
2025-12-07 16:38:50,087 [sql-log-2-thread-1] INFO  o.t.s.dao.sql.TbSqlBlockingQueue - Queue-1 [TS Latest] queueSize [0] totalAdded [4] totalSaved [4] totalFailed [0]
2025-12-07 16:39:10,047 [sql-log-2-thread-1] INFO  o.t.s.dao.sql.TbSqlBlockingQueue - Queue-1 [TS] queueSize [0] totalAdded [7] totalSaved [7] totalFailed [0]
2025-12-07 16:39:10,087 [sql-log-2-thread-1] INFO  o.t.s.dao.sql.TbSqlBlockingQueue - Queue-1 [TS Latest] queueSize [0] totalAdded [7] totalSaved [7] totalFailed [0]
2025-12-07 16:39:14,336 [http-nio-0.0.0.0-9090-exec-3] INFO  o.t.s.c.plugin.TbWebSocketHandler - [5489b160-ccf1-11f0-81f3-0bf1425738f5][550b6480-ccf1-11f0-81f3-0bf1425738f5][160ff729-f1af-4ec6-902f-6ec64bb6c432] Session is closed
2025-12-07 16:39:45,795 [TB-Scheduling-5] INFO  o.t.s.s.queue.EdgeConsumerStats - Edge Stats: totalMsgs = [1] edgeNfs = [1] coreNfEdgeHPUpd = [0] coreNfEdgeUpd = [0] coreNfEdgeSyncReq = [0] coreNfEdgeSyncResp = [0] coreNfEdgeCompLfcl = [0] 
2025-12-07 16:39:45,795 [TB-Scheduling-8] INFO  o.t.s.dao.aspect.SqlDaoCallsAspect - Total timing statistics below:
2025-12-07 16:39:45,796 [TB-Scheduling-8] INFO  o.t.s.dao.aspect.SqlDaoCallsAspect - [5489b160-ccf1-11f0-81f3-0bf1425738f5]: calls: 7, failures: 0, exec time: 135 
2025-12-07 16:39:45,796 [TB-Scheduling-8] INFO  o.t.s.dao.aspect.SqlDaoCallsAspect - [5489b160-ccf1-11f0-81f3-0bf1425738f5] Top 3 methods by timing:
2025-12-07 16:39:45,796 [TB-Scheduling-8] INFO  o.t.s.dao.aspect.SqlDaoCallsAspect - [5489b160-ccf1-11f0-81f3-0bf1425738f5]: method: JpaAbstractDao.save(..), calls: 2, failures: 0, exec time: 58
2025-12-07 16:39:45,796 [TB-Scheduling-8] INFO  o.t.s.dao.aspect.SqlDaoCallsAspect - [5489b160-ccf1-11f0-81f3-0bf1425738f5]: method: JpaEdgeDao.findEdgeIdsByTenantIdAndEntityId(..), calls: 1, failures: 0, exec time: 46
2025-12-07 16:39:45,796 [TB-Scheduling-8] INFO  o.t.s.dao.aspect.SqlDaoCallsAspect - [5489b160-ccf1-11f0-81f3-0bf1425738f5]: method: JpaWidgetTypeDao.findWidgetTypesInfosByWidgetsBundleId(..), calls: 1, failures: 0, exec time: 15
2025-12-07 16:39:45,800 [TB-Scheduling-8] INFO  o.t.s.c.t.s.DefaultTransportService - Transport Stats: openConnections [0]
2025-12-07 16:39:45,910 [TB-Scheduling-3] INFO  o.t.s.s.q.TbRuleEngineConsumerStats - [Main] Stats: totalMsgs = [1] successfulMsgs = [1] timeoutMsgs = [0] failedMsgs = [0] tmpTimeout = [0] tmpFailed = [0] successfulIterations = [1] failedIterations = [0] 
2025-12-07 16:39:50,042 [sql-log-2-thread-1] INFO  o.t.s.dao.sql.TbSqlBlockingQueue - Queue-0 [TS] queueSize [0] totalAdded [6] totalSaved [6] totalFailed [0]
2025-12-07 16:39:50,043 [sql-log-2-thread-1] INFO  o.t.s.dao.sql.TbSqlBlockingQueue - Queue-1 [TS] queueSize [0] totalAdded [4] totalSaved [4] totalFailed [0]
2025-12-07 16:39:50,082 [sql-log-2-thread-1] INFO  o.t.s.dao.sql.TbSqlBlockingQueue - Queue-0 [TS Latest] queueSize [0] totalAdded [6] totalSaved [6] totalFailed [0]
2025-12-07 16:39:50,082 [sql-log-2-thread-1] INFO  o.t.s.dao.sql.TbSqlBlockingQueue - Queue-1 [TS Latest] queueSize [0] totalAdded [4] totalSaved [4] totalFailed [0]
2025-12-07 16:40:10,043 [sql-log-2-thread-1] INFO  o.t.s.dao.sql.TbSqlBlockingQueue - Queue-1 [TS] queueSize [0] totalAdded [7] totalSaved [7] totalFailed [0]
2025-12-07 16:40:10,082 [sql-log-2-thread-1] INFO  o.t.s.dao.sql.TbSqlBlockingQueue - Queue-1 [TS Latest] queueSize [0] totalAdded [7] totalSaved [7] totalFailed [0]
2025-12-07 16:40:10,901 [http-nio-0.0.0.0-9090-exec-1] INFO  o.t.s.c.plugin.TbWebSocketHandler - [5489b160-ccf1-11f0-81f3-0bf1425738f5][550b6480-ccf1-11f0-81f3-0bf1425738f5][4cea84b2-ad15-4c11-a379-a5c9ee1f5e40][16070b72-363d-cf00-aa68-79e21d979521] Session established from address: /172.18.0.1:40522
2025-12-07 16:40:15,853 [TB-Scheduling-4] INFO  o.t.s.s.s.DefaultTbEntityDataSubscriptionService - Stats: regularQueryInvocationCnt = [0], regularQueryInvocationTime = [0], dynamicQueryCnt = [0] dynamicQueryInvocationCnt = [0], dynamicQueryInvocationTime = [0], alarmQueryInvocationCnt = [2], alarmQueryInvocationTime = [7]
2025-12-07 16:40:45,791 [TB-Scheduling-7] INFO  o.t.s.s.queue.EdgeConsumerStats - Edge Stats: totalMsgs = [1] edgeNfs = [1] coreNfEdgeHPUpd = [0] coreNfEdgeUpd = [0] coreNfEdgeSyncReq = [0] coreNfEdgeSyncResp = [0] coreNfEdgeCompLfcl = [0] 
2025-12-07 16:40:45,792 [TB-Scheduling-2] INFO  o.t.s.dao.aspect.SqlDaoCallsAspect - Total timing statistics below:
2025-12-07 16:40:45,792 [TB-Scheduling-2] INFO  o.t.s.dao.aspect.SqlDaoCallsAspect - [5489b160-ccf1-11f0-81f3-0bf1425738f5]: calls: 21, failures: 0, exec time: 161 
2025-12-07 16:40:45,793 [TB-Scheduling-2] INFO  o.t.s.dao.aspect.SqlDaoCallsAspect - [5489b160-ccf1-11f0-81f3-0bf1425738f5] Top 3 methods by timing:
2025-12-07 16:40:45,793 [TB-Scheduling-2] INFO  o.t.s.dao.aspect.SqlDaoCallsAspect - [5489b160-ccf1-11f0-81f3-0bf1425738f5]: method: JpaAbstractDao.save(..), calls: 2, failures: 0, exec time: 50
2025-12-07 16:40:45,793 [TB-Scheduling-2] INFO  o.t.s.dao.aspect.SqlDaoCallsAspect - [5489b160-ccf1-11f0-81f3-0bf1425738f5]: method: JpaAbstractDao.findById(..), calls: 7, failures: 0, exec time: 48
2025-12-07 16:40:45,793 [TB-Scheduling-2] INFO  o.t.s.dao.aspect.SqlDaoCallsAspect - [5489b160-ccf1-11f0-81f3-0bf1425738f5]: method: JpaNotificationDao.countUnreadByDeliveryMethodAndRecipientId(..), calls: 1, failures: 0, exec time: 17
2025-12-07 16:40:45,797 [TB-Scheduling-1] INFO  o.t.s.c.t.s.DefaultTransportService - Transport Stats: openConnections [0]
2025-12-07 16:40:45,911 [TB-Scheduling-3] INFO  o.t.s.s.q.TbRuleEngineConsumerStats - [Main] Stats: totalMsgs = [1] successfulMsgs = [1] timeoutMsgs = [0] failedMsgs = [0] tmpTimeout = [0] tmpFailed = [0] successfulIterations = [1] failedIterations = [0] 
2025-12-07 16:40:50,038 [sql-log-2-thread-1] INFO  o.t.s.dao.sql.TbSqlBlockingQueue - Queue-0 [TS] queueSize [0] totalAdded [6] totalSaved [6] totalFailed [0]
2025-12-07 16:40:50,038 [sql-log-2-thread-1] INFO  o.t.s.dao.sql.TbSqlBlockingQueue - Queue-1 [TS] queueSize [0] totalAdded [4] totalSaved [4] totalFailed [0]
2025-12-07 16:40:50,077 [sql-log-2-thread-1] INFO  o.t.s.dao.sql.TbSqlBlockingQueue - Queue-0 [TS Latest] queueSize [0] totalAdded [6] totalSaved [6] totalFailed [0]
2025-12-07 16:40:50,078 [sql-log-2-thread-1] INFO  o.t.s.dao.sql.TbSqlBlockingQueue - Queue-1 [TS Latest] queueSize [0] totalAdded [4] totalSaved [4] totalFailed [0]
2025-12-07 16:40:53,255 [http-nio-0.0.0.0-9090-exec-8] INFO  o.t.s.c.plugin.TbWebSocketHandler - [5489b160-ccf1-11f0-81f3-0bf1425738f5][550b6480-ccf1-11f0-81f3-0bf1425738f5][4cea84b2-ad15-4c11-a379-a5c9ee1f5e40] Session is closed
2025-12-07 16:40:59,753 [http-nio-0.0.0.0-9090-exec-5] INFO  o.t.s.c.plugin.TbWebSocketHandler - [5489b160-ccf1-11f0-81f3-0bf1425738f5][550b6480-ccf1-11f0-81f3-0bf1425738f5][7aee6ed7-68d8-4663-887b-1be732f3b0ca][84618318-aac8-eb3c-9292-194444244e37] Session established from address: /172.18.0.1:35602
2025-12-07 16:41:10,038 [sql-log-2-thread-1] INFO  o.t.s.dao.sql.TbSqlBlockingQueue - Queue-1 [TS] queueSize [0] totalAdded [7] totalSaved [7] totalFailed [0]
2025-12-07 16:41:10,078 [sql-log-2-thread-1] INFO  o.t.s.dao.sql.TbSqlBlockingQueue - Queue-1 [TS Latest] queueSize [0] totalAdded [7] totalSaved [7] totalFailed [0]
2025-12-07 16:41:35,851 [TB-Scheduling-9] INFO  o.t.s.s.s.DefaultTbEntityDataSubscriptionService - Stats: regularQueryInvocationCnt = [0], regularQueryInvocationTime = [0], dynamicQueryCnt = [0] dynamicQueryInvocationCnt = [0], dynamicQueryInvocationTime = [0], alarmQueryInvocationCnt = [2], alarmQueryInvocationTime = [5]
2025-12-07 16:41:45,787 [TB-Scheduling-7] INFO  o.t.s.s.queue.EdgeConsumerStats - Edge Stats: totalMsgs = [1] edgeNfs = [1] coreNfEdgeHPUpd = [0] coreNfEdgeUpd = [0] coreNfEdgeSyncReq = [0] coreNfEdgeSyncResp = [0] coreNfEdgeCompLfcl = [0] 
2025-12-07 16:41:45,789 [TB-Scheduling-15] INFO  o.t.s.dao.aspect.SqlDaoCallsAspect - Total timing statistics below:
2025-12-07 16:41:45,789 [TB-Scheduling-15] INFO  o.t.s.dao.aspect.SqlDaoCallsAspect - [5489b160-ccf1-11f0-81f3-0bf1425738f5]: calls: 29, failures: 0, exec time: 126 
2025-12-07 16:41:45,789 [TB-Scheduling-15] INFO  o.t.s.dao.aspect.SqlDaoCallsAspect - [5489b160-ccf1-11f0-81f3-0bf1425738f5] Top 3 methods by timing:
2025-12-07 16:41:45,790 [TB-Scheduling-15] INFO  o.t.s.dao.aspect.SqlDaoCallsAspect - [5489b160-ccf1-11f0-81f3-0bf1425738f5]: method: JpaAbstractDao.findById(..), calls: 12, failures: 0, exec time: 50
2025-12-07 16:41:45,791 [TB-Scheduling-15] INFO  o.t.s.dao.aspect.SqlDaoCallsAspect - [5489b160-ccf1-11f0-81f3-0bf1425738f5]: method: JpaAbstractDao.save(..), calls: 2, failures: 0, exec time: 18
2025-12-07 16:41:45,792 [TB-Scheduling-15] INFO  o.t.s.dao.aspect.SqlDaoCallsAspect - [5489b160-ccf1-11f0-81f3-0bf1425738f5]: method: JpaUserCredentialsDao.findByUserId(..), calls: 4, failures: 0, exec time: 14
2025-12-07 16:41:45,793 [TB-Scheduling-1] INFO  o.t.s.c.t.s.DefaultTransportService - Transport Stats: openConnections [0]
2025-12-07 16:41:45,908 [TB-Scheduling-4] INFO  o.t.s.s.q.TbRuleEngineConsumerStats - [Main] Stats: totalMsgs = [1] successfulMsgs = [1] timeoutMsgs = [0] failedMsgs = [0] tmpTimeout = [0] tmpFailed = [0] successfulIterations = [1] failedIterations = [0] 
2025-12-07 16:41:50,033 [sql-log-2-thread-1] INFO  o.t.s.dao.sql.TbSqlBlockingQueue - Queue-0 [TS] queueSize [0] totalAdded [6] totalSaved [6] totalFailed [0]
2025-12-07 16:41:50,034 [sql-log-2-thread-1] INFO  o.t.s.dao.sql.TbSqlBlockingQueue - Queue-1 [TS] queueSize [0] totalAdded [4] totalSaved [4] totalFailed [0]
2025-12-07 16:41:50,073 [sql-log-2-thread-1] INFO  o.t.s.dao.sql.TbSqlBlockingQueue - Queue-0 [TS Latest] queueSize [0] totalAdded [6] totalSaved [6] totalFailed [0]
2025-12-07 16:41:50,073 [sql-log-2-thread-1] INFO  o.t.s.dao.sql.TbSqlBlockingQueue - Queue-1 [TS Latest] queueSize [0] totalAdded [4] totalSaved [4] totalFailed [0]
2025-12-07 16:42:20,031 [sql-log-2-thread-1] INFO  o.t.s.dao.sql.TbSqlBlockingQueue - Queue-1 [TS] queueSize [0] totalAdded [7] totalSaved [7] totalFailed [0]
2025-12-07 16:42:20,071 [sql-log-2-thread-1] INFO  o.t.s.dao.sql.TbSqlBlockingQueue - Queue-1 [TS Latest] queueSize [0] totalAdded [7] totalSaved [7] totalFailed [0]
2025-12-07 16:42:45,782 [TB-Scheduling-9] INFO  o.t.s.s.queue.EdgeConsumerStats - Edge Stats: totalMsgs = [1] edgeNfs = [1] coreNfEdgeHPUpd = [0] coreNfEdgeUpd = [0] coreNfEdgeSyncReq = [0] coreNfEdgeSyncResp = [0] coreNfEdgeCompLfcl = [0] 
2025-12-07 16:42:45,787 [TB-Scheduling-2] INFO  o.t.s.dao.aspect.SqlDaoCallsAspect - Total timing statistics below:
2025-12-07 16:42:45,787 [TB-Scheduling-2] INFO  o.t.s.dao.aspect.SqlDaoCallsAspect - [5489b160-ccf1-11f0-81f3-0bf1425738f5]: calls: 7, failures: 0, exec time: 19 
2025-12-07 16:42:45,787 [TB-Scheduling-2] INFO  o.t.s.dao.aspect.SqlDaoCallsAspect - [5489b160-ccf1-11f0-81f3-0bf1425738f5] Top 3 methods by timing:
2025-12-07 16:42:45,787 [TB-Scheduling-2] INFO  o.t.s.dao.aspect.SqlDaoCallsAspect - [5489b160-ccf1-11f0-81f3-0bf1425738f5]: method: JpaAbstractDao.findById(..), calls: 3, failures: 0, exec time: 9
2025-12-07 16:42:45,787 [TB-Scheduling-2] INFO  o.t.s.dao.aspect.SqlDaoCallsAspect - [5489b160-ccf1-11f0-81f3-0bf1425738f5]: method: JpaAbstractDao.save(..), calls: 2, failures: 0, exec time: 6
2025-12-07 16:42:45,787 [TB-Scheduling-2] INFO  o.t.s.dao.aspect.SqlDaoCallsAspect - [5489b160-ccf1-11f0-81f3-0bf1425738f5]: method: JpaUserCredentialsDao.findByUserId(..), calls: 1, failures: 0, exec time: 2
2025-12-07 16:42:45,789 [TB-Scheduling-1] INFO  o.t.s.c.t.s.DefaultTransportService - Transport Stats: openConnections [0]
2025-12-07 16:42:45,904 [TB-Scheduling-10] INFO  o.t.s.s.q.TbRuleEngineConsumerStats - [Main] Stats: totalMsgs = [1] successfulMsgs = [1] timeoutMsgs = [0] failedMsgs = [0] tmpTimeout = [0] tmpFailed = [0] successfulIterations = [1] failedIterations = [0] 
2025-12-07 16:42:50,027 [sql-log-2-thread-1] INFO  o.t.s.dao.sql.TbSqlBlockingQueue - Queue-0 [TS] queueSize [0] totalAdded [6] totalSaved [6] totalFailed [0]
2025-12-07 16:42:50,028 [sql-log-2-thread-1] INFO  o.t.s.dao.sql.TbSqlBlockingQueue - Queue-1 [TS] queueSize [0] totalAdded [4] totalSaved [4] totalFailed [0]
2025-12-07 16:42:50,067 [sql-log-2-thread-1] INFO  o.t.s.dao.sql.TbSqlBlockingQueue - Queue-0 [TS Latest] queueSize [0] totalAdded [6] totalSaved [6] totalFailed [0]
2025-12-07 16:42:50,068 [sql-log-2-thread-1] INFO  o.t.s.dao.sql.TbSqlBlockingQueue - Queue-1 [TS Latest] queueSize [0] totalAdded [4] totalSaved [4] totalFailed [0]
2025-12-07 16:43:20,026 [sql-log-2-thread-1] INFO  o.t.s.dao.sql.TbSqlBlockingQueue - Queue-1 [TS] queueSize [0] totalAdded [7] totalSaved [7] totalFailed [0]
2025-12-07 16:43:20,066 [sql-log-2-thread-1] INFO  o.t.s.dao.sql.TbSqlBlockingQueue - Queue-1 [TS Latest] queueSize [0] totalAdded [7] totalSaved [7] totalFailed [0]
2025-12-07 16:43:45,784 [TB-Scheduling-16] INFO  o.t.s.dao.aspect.SqlDaoCallsAspect - Total timing statistics below:
2025-12-07 16:43:45,785 [TB-Scheduling-16] INFO  o.t.s.dao.aspect.SqlDaoCallsAspect - [5489b160-ccf1-11f0-81f3-0bf1425738f5]: calls: 2, failures: 0, exec time: 7 
2025-12-07 16:43:45,785 [TB-Scheduling-16] INFO  o.t.s.dao.aspect.SqlDaoCallsAspect - [5489b160-ccf1-11f0-81f3-0bf1425738f5] Top 3 methods by timing:
2025-12-07 16:43:45,785 [TB-Scheduling-16] INFO  o.t.s.dao.aspect.SqlDaoCallsAspect - [5489b160-ccf1-11f0-81f3-0bf1425738f5]: method: JpaUserCredentialsDao.findByUserId(..), calls: 1, failures: 0, exec time: 4
2025-12-07 16:43:45,785 [TB-Scheduling-16] INFO  o.t.s.dao.aspect.SqlDaoCallsAspect - [5489b160-ccf1-11f0-81f3-0bf1425738f5]: method: JpaAbstractDao.findById(..), calls: 1, failures: 0, exec time: 3
2025-12-07 16:43:45,785 [TB-Scheduling-14] INFO  o.t.s.c.t.s.DefaultTransportService - Transport Stats: openConnections [0]
2025-12-07 16:43:50,024 [sql-log-2-thread-1] INFO  o.t.s.dao.sql.TbSqlBlockingQueue - Queue-1 [TS] queueSize [0] totalAdded [4] totalSaved [4] totalFailed [0]
2025-12-07 16:43:50,064 [sql-log-2-thread-1] INFO  o.t.s.dao.sql.TbSqlBlockingQueue - Queue-1 [TS Latest] queueSize [0] totalAdded [4] totalSaved [4] totalFailed [0]
2025-12-07 16:44:20,022 [sql-log-2-thread-1] INFO  o.t.s.dao.sql.TbSqlBlockingQueue - Queue-1 [TS] queueSize [0] totalAdded [7] totalSaved [7] totalFailed [0]
2025-12-07 16:44:20,062 [sql-log-2-thread-1] INFO  o.t.s.dao.sql.TbSqlBlockingQueue - Queue-1 [TS Latest] queueSize [0] totalAdded [7] totalSaved [7] totalFailed [0]
2025-12-07 16:44:45,781 [TB-Scheduling-2] INFO  o.t.s.dao.aspect.SqlDaoCallsAspect - Total timing statistics below:
2025-12-07 16:44:45,781 [TB-Scheduling-2] INFO  o.t.s.dao.aspect.SqlDaoCallsAspect - [5489b160-ccf1-11f0-81f3-0bf1425738f5]: calls: 4, failures: 0, exec time: 13 
2025-12-07 16:44:45,781 [TB-Scheduling-2] INFO  o.t.s.dao.aspect.SqlDaoCallsAspect - [5489b160-ccf1-11f0-81f3-0bf1425738f5] Top 3 methods by timing:
2025-12-07 16:44:45,781 [TB-Scheduling-2] INFO  o.t.s.dao.aspect.SqlDaoCallsAspect - [5489b160-ccf1-11f0-81f3-0bf1425738f5]: method: JpaUserCredentialsDao.findByUserId(..), calls: 2, failures: 0, exec time: 8
2025-12-07 16:44:45,781 [TB-Scheduling-7] INFO  o.t.s.c.t.s.DefaultTransportService - Transport Stats: openConnections [0]
2025-12-07 16:44:45,781 [TB-Scheduling-2] INFO  o.t.s.dao.aspect.SqlDaoCallsAspect - [5489b160-ccf1-11f0-81f3-0bf1425738f5]: method: JpaAbstractDao.findById(..), calls: 2, failures: 0, exec time: 5
2025-12-07 16:44:50,019 [sql-log-2-thread-1] INFO  o.t.s.dao.sql.TbSqlBlockingQueue - Queue-1 [TS] queueSize [0] totalAdded [4] totalSaved [4] totalFailed [0]
2025-12-07 16:44:50,059 [sql-log-2-thread-1] INFO  o.t.s.dao.sql.TbSqlBlockingQueue - Queue-1 [TS Latest] queueSize [0] totalAdded [4] totalSaved [4] totalFailed [0]
2025-12-07 16:45:20,017 [sql-log-2-thread-1] INFO  o.t.s.dao.sql.TbSqlBlockingQueue - Queue-1 [TS] queueSize [0] totalAdded [7] totalSaved [7] totalFailed [0]
2025-12-07 16:45:20,058 [sql-log-2-thread-1] INFO  o.t.s.dao.sql.TbSqlBlockingQueue - Queue-1 [TS Latest] queueSize [0] totalAdded [7] totalSaved [7] totalFailed [0]
2025-12-07 16:45:45,777 [TB-Scheduling-7] INFO  o.t.s.c.t.s.DefaultTransportService - Transport Stats: openConnections [0]
2025-12-07 16:45:45,777 [TB-Scheduling-9] INFO  o.t.s.dao.aspect.SqlDaoCallsAspect - Total timing statistics below:
2025-12-07 16:45:45,777 [TB-Scheduling-9] INFO  o.t.s.dao.aspect.SqlDaoCallsAspect - [5489b160-ccf1-11f0-81f3-0bf1425738f5]: calls: 8, failures: 0, exec time: 29 
2025-12-07 16:45:45,777 [TB-Scheduling-9] INFO  o.t.s.dao.aspect.SqlDaoCallsAspect - [5489b160-ccf1-11f0-81f3-0bf1425738f5] Top 3 methods by timing:
2025-12-07 16:45:45,778 [TB-Scheduling-9] INFO  o.t.s.dao.aspect.SqlDaoCallsAspect - [5489b160-ccf1-11f0-81f3-0bf1425738f5]: method: JpaUserCredentialsDao.findByUserId(..), calls: 4, failures: 0, exec time: 16
2025-12-07 16:45:45,778 [TB-Scheduling-9] INFO  o.t.s.dao.aspect.SqlDaoCallsAspect - [5489b160-ccf1-11f0-81f3-0bf1425738f5]: method: JpaAbstractDao.findById(..), calls: 4, failures: 0, exec time: 13
2025-12-07 16:45:50,015 [sql-log-2-thread-1] INFO  o.t.s.dao.sql.TbSqlBlockingQueue - Queue-1 [TS] queueSize [0] totalAdded [4] totalSaved [4] totalFailed [0]
2025-12-07 16:45:50,054 [sql-log-2-thread-1] INFO  o.t.s.dao.sql.TbSqlBlockingQueue - Queue-1 [TS Latest] queueSize [0] totalAdded [4] totalSaved [4] totalFailed [0]
2025-12-07 16:46:05,841 [TB-Scheduling-15] INFO  o.t.s.s.s.DefaultTbEntityDataSubscriptionService - Stats: regularQueryInvocationCnt = [0], regularQueryInvocationTime = [0], dynamicQueryCnt = [0] dynamicQueryInvocationCnt = [0], dynamicQueryInvocationTime = [0], alarmQueryInvocationCnt = [2], alarmQueryInvocationTime = [30]
2025-12-07 16:46:20,012 [sql-log-2-thread-1] INFO  o.t.s.dao.sql.TbSqlBlockingQueue - Queue-1 [TS] queueSize [0] totalAdded [7] totalSaved [7] totalFailed [0]
2025-12-07 16:46:20,052 [sql-log-2-thread-1] INFO  o.t.s.dao.sql.TbSqlBlockingQueue - Queue-1 [TS Latest] queueSize [0] totalAdded [7] totalSaved [7] totalFailed [0]
2025-12-07 16:46:45,766 [TB-Scheduling-10] INFO  o.t.s.s.queue.EdgeConsumerStats - Edge Stats: totalMsgs = [2] edgeNfs = [2] coreNfEdgeHPUpd = [0] coreNfEdgeUpd = [0] coreNfEdgeSyncReq = [0] coreNfEdgeSyncResp = [0] coreNfEdgeCompLfcl = [0] 
2025-12-07 16:46:45,773 [TB-Scheduling-8] INFO  o.t.s.c.t.s.DefaultTransportService - Transport Stats: openConnections [0]
2025-12-07 16:46:45,774 [TB-Scheduling-5] INFO  o.t.s.dao.aspect.SqlDaoCallsAspect - Total timing statistics below:
2025-12-07 16:46:45,775 [TB-Scheduling-5] INFO  o.t.s.dao.aspect.SqlDaoCallsAspect - [5489b160-ccf1-11f0-81f3-0bf1425738f5]: calls: 20, failures: 0, exec time: 148 
2025-12-07 16:46:45,775 [TB-Scheduling-5] INFO  o.t.s.dao.aspect.SqlDaoCallsAspect - [5489b160-ccf1-11f0-81f3-0bf1425738f5] Top 3 methods by timing:
2025-12-07 16:46:45,780 [TB-Scheduling-5] INFO  o.t.s.dao.aspect.SqlDaoCallsAspect - [5489b160-ccf1-11f0-81f3-0bf1425738f5]: method: JpaAbstractDao.save(..), calls: 4, failures: 0, exec time: 46
2025-12-07 16:46:45,781 [TB-Scheduling-5] INFO  o.t.s.dao.aspect.SqlDaoCallsAspect - [5489b160-ccf1-11f0-81f3-0bf1425738f5]: method: JpaAbstractDao.findById(..), calls: 6, failures: 0, exec time: 39
2025-12-07 16:46:45,781 [TB-Scheduling-5] INFO  o.t.s.dao.aspect.SqlDaoCallsAspect - [5489b160-ccf1-11f0-81f3-0bf1425738f5]: method: JpaAlarmDao.findActiveOriginatorAlarms(..), calls: 2, failures: 0, exec time: 30
2025-12-07 16:46:45,889 [TB-Scheduling-9] INFO  o.t.s.s.q.TbRuleEngineConsumerStats - [Main] Stats: totalMsgs = [2] successfulMsgs = [2] timeoutMsgs = [0] failedMsgs = [0] tmpTimeout = [0] tmpFailed = [0] successfulIterations = [2] failedIterations = [0] 
2025-12-07 16:46:47,628 [http-nio-0.0.0.0-9090-exec-1] INFO  o.t.s.c.plugin.TbWebSocketHandler - [5489b160-ccf1-11f0-81f3-0bf1425738f5][550b6480-ccf1-11f0-81f3-0bf1425738f5][7aee6ed7-68d8-4663-887b-1be732f3b0ca] Session is closed
2025-12-07 16:46:50,009 [sql-log-2-thread-1] INFO  o.t.s.dao.sql.TbSqlBlockingQueue - Queue-0 [TS] queueSize [0] totalAdded [6] totalSaved [6] totalFailed [0]
2025-12-07 16:46:50,010 [sql-log-2-thread-1] INFO  o.t.s.dao.sql.TbSqlBlockingQueue - Queue-1 [TS] queueSize [0] totalAdded [4] totalSaved [4] totalFailed [0]
2025-12-07 16:46:50,049 [sql-log-2-thread-1] INFO  o.t.s.dao.sql.TbSqlBlockingQueue - Queue-0 [TS Latest] queueSize [0] totalAdded [6] totalSaved [6] totalFailed [0]
2025-12-07 16:46:50,050 [sql-log-2-thread-1] INFO  o.t.s.dao.sql.TbSqlBlockingQueue - Queue-1 [TS Latest] queueSize [0] totalAdded [4] totalSaved [4] totalFailed [0]
2025-12-07 16:46:59,204 [http-nio-0.0.0.0-9090-exec-9] INFO  o.t.s.c.plugin.TbWebSocketHandler - [5489b160-ccf1-11f0-81f3-0bf1425738f5][550b6480-ccf1-11f0-81f3-0bf1425738f5][d17a32bf-39d3-48fb-ba01-115e935ab247][ba3f5363-e7a9-775e-2ab2-3757cfec9bff] Session established from address: /172.18.0.1:42136
2025-12-07 16:47:05,839 [TB-Scheduling-6] INFO  o.t.s.s.s.DefaultTbEntityDataSubscriptionService - Stats: regularQueryInvocationCnt = [0], regularQueryInvocationTime = [0], dynamicQueryCnt = [0] dynamicQueryInvocationCnt = [0], dynamicQueryInvocationTime = [0], alarmQueryInvocationCnt = [2], alarmQueryInvocationTime = [12]
2025-12-07 16:47:20,008 [sql-log-2-thread-1] INFO  o.t.s.dao.sql.TbSqlBlockingQueue - Queue-1 [TS] queueSize [0] totalAdded [7] totalSaved [7] totalFailed [0]
2025-12-07 16:47:20,047 [sql-log-2-thread-1] INFO  o.t.s.dao.sql.TbSqlBlockingQueue - Queue-1 [TS Latest] queueSize [0] totalAdded [7] totalSaved [7] totalFailed [0]
2025-12-07 16:47:45,770 [TB-Scheduling-10] INFO  o.t.s.c.t.s.DefaultTransportService - Transport Stats: openConnections [0]
2025-12-07 16:47:45,778 [TB-Scheduling-6] INFO  o.t.s.dao.aspect.SqlDaoCallsAspect - Total timing statistics below:
2025-12-07 16:47:45,778 [TB-Scheduling-6] INFO  o.t.s.dao.aspect.SqlDaoCallsAspect - [5489b160-ccf1-11f0-81f3-0bf1425738f5]: calls: 12, failures: 0, exec time: 108 
2025-12-07 16:47:45,778 [TB-Scheduling-6] INFO  o.t.s.dao.aspect.SqlDaoCallsAspect - [5489b160-ccf1-11f0-81f3-0bf1425738f5] Top 3 methods by timing:
2025-12-07 16:47:45,778 [TB-Scheduling-6] INFO  o.t.s.dao.aspect.SqlDaoCallsAspect - [5489b160-ccf1-11f0-81f3-0bf1425738f5]: method: JpaNotificationDao.countUnreadByDeliveryMethodAndRecipientId(..), calls: 1, failures: 0, exec time: 23
2025-12-07 16:47:45,778 [TB-Scheduling-6] INFO  o.t.s.dao.aspect.SqlDaoCallsAspect - [5489b160-ccf1-11f0-81f3-0bf1425738f5]: method: JpaUserCredentialsDao.findByUserId(..), calls: 1, failures: 0, exec time: 22
2025-12-07 16:47:45,778 [TB-Scheduling-6] INFO  o.t.s.dao.aspect.SqlDaoCallsAspect - [5489b160-ccf1-11f0-81f3-0bf1425738f5]: method: JpaAbstractDao.findById(..), calls: 3, failures: 0, exec time: 20
2025-12-07 16:47:50,006 [sql-log-2-thread-1] INFO  o.t.s.dao.sql.TbSqlBlockingQueue - Queue-1 [TS] queueSize [0] totalAdded [4] totalSaved [4] totalFailed [0]
2025-12-07 16:47:50,046 [sql-log-2-thread-1] INFO  o.t.s.dao.sql.TbSqlBlockingQueue - Queue-1 [TS Latest] queueSize [0] totalAdded [4] totalSaved [4] totalFailed [0]
2025-12-07 16:48:20,002 [sql-log-2-thread-1] INFO  o.t.s.dao.sql.TbSqlBlockingQueue - Queue-1 [TS] queueSize [0] totalAdded [7] totalSaved [7] totalFailed [0]
2025-12-07 16:48:20,042 [sql-log-2-thread-1] INFO  o.t.s.dao.sql.TbSqlBlockingQueue - Queue-1 [TS Latest] queueSize [0] totalAdded [7] totalSaved [7] totalFailed [0]
2025-12-07 16:48:45,767 [TB-Scheduling-5] INFO  o.t.s.c.t.s.DefaultTransportService - Transport Stats: openConnections [0]
2025-12-07 16:48:45,774 [TB-Scheduling-9] INFO  o.t.s.dao.aspect.SqlDaoCallsAspect - Total timing statistics below:
2025-12-07 16:48:45,775 [TB-Scheduling-9] INFO  o.t.s.dao.aspect.SqlDaoCallsAspect - [5489b160-ccf1-11f0-81f3-0bf1425738f5]: calls: 5, failures: 0, exec time: 21 
2025-12-07 16:48:45,775 [TB-Scheduling-9] INFO  o.t.s.dao.aspect.SqlDaoCallsAspect - [5489b160-ccf1-11f0-81f3-0bf1425738f5] Top 3 methods by timing:
2025-12-07 16:48:45,775 [TB-Scheduling-9] INFO  o.t.s.dao.aspect.SqlDaoCallsAspect - [5489b160-ccf1-11f0-81f3-0bf1425738f5]: method: JpaAbstractDao.findById(..), calls: 3, failures: 0, exec time: 12
2025-12-07 16:48:45,775 [TB-Scheduling-9] INFO  o.t.s.dao.aspect.SqlDaoCallsAspect - [5489b160-ccf1-11f0-81f3-0bf1425738f5]: method: JpaWidgetTypeDao.findWidgetTypesInfosByWidgetsBundleId(..), calls: 1, failures: 0, exec time: 5
2025-12-07 16:48:45,775 [TB-Scheduling-9] INFO  o.t.s.dao.aspect.SqlDaoCallsAspect - [5489b160-ccf1-11f0-81f3-0bf1425738f5]: method: JpaUserCredentialsDao.findByUserId(..), calls: 1, failures: 0, exec time: 4
2025-12-07 16:48:50,001 [sql-log-2-thread-1] INFO  o.t.s.dao.sql.TbSqlBlockingQueue - Queue-1 [TS] queueSize [0] totalAdded [4] totalSaved [4] totalFailed [0]
2025-12-07 16:48:50,041 [sql-log-2-thread-1] INFO  o.t.s.dao.sql.TbSqlBlockingQueue - Queue-1 [TS Latest] queueSize [0] totalAdded [4] totalSaved [4] totalFailed [0]
2025-12-07 16:49:19,998 [sql-log-2-thread-1] INFO  o.t.s.dao.sql.TbSqlBlockingQueue - Queue-1 [TS] queueSize [0] totalAdded [7] totalSaved [7] totalFailed [0]
2025-12-07 16:49:20,038 [sql-log-2-thread-1] INFO  o.t.s.dao.sql.TbSqlBlockingQueue - Queue-1 [TS Latest] queueSize [0] totalAdded [7] totalSaved [7] totalFailed [0]
2025-12-07 16:49:45,753 [TB-Scheduling-15] INFO  o.t.s.s.queue.EdgeConsumerStats - Edge Stats: totalMsgs = [2] edgeNfs = [2] coreNfEdgeHPUpd = [0] coreNfEdgeUpd = [0] coreNfEdgeSyncReq = [0] coreNfEdgeSyncResp = [0] coreNfEdgeCompLfcl = [0] 
2025-12-07 16:49:45,762 [TB-Scheduling-7] INFO  o.t.s.c.t.s.DefaultTransportService - Transport Stats: openConnections [0]
2025-12-07 16:49:45,770 [TB-Scheduling-4] INFO  o.t.s.dao.aspect.SqlDaoCallsAspect - Total timing statistics below:
2025-12-07 16:49:45,771 [TB-Scheduling-4] INFO  o.t.s.dao.aspect.SqlDaoCallsAspect - [5489b160-ccf1-11f0-81f3-0bf1425738f5]: calls: 22, failures: 0, exec time: 101 
2025-12-07 16:49:45,771 [TB-Scheduling-4] INFO  o.t.s.dao.aspect.SqlDaoCallsAspect - [5489b160-ccf1-11f0-81f3-0bf1425738f5] Top 3 methods by timing:
2025-12-07 16:49:45,771 [TB-Scheduling-4] INFO  o.t.s.dao.aspect.SqlDaoCallsAspect - [5489b160-ccf1-11f0-81f3-0bf1425738f5]: method: JpaAbstractDao.findById(..), calls: 7, failures: 0, exec time: 28
2025-12-07 16:49:45,771 [TB-Scheduling-4] INFO  o.t.s.dao.aspect.SqlDaoCallsAspect - [5489b160-ccf1-11f0-81f3-0bf1425738f5]: method: JpaAbstractDao.save(..), calls: 4, failures: 0, exec time: 27
2025-12-07 16:49:45,771 [TB-Scheduling-4] INFO  o.t.s.dao.aspect.SqlDaoCallsAspect - [5489b160-ccf1-11f0-81f3-0bf1425738f5]: method: JpaAlarmDao.findActiveOriginatorAlarms(..), calls: 2, failures: 0, exec time: 10
2025-12-07 16:49:45,832 [TB-Scheduling-12] INFO  o.t.s.s.s.DefaultTbEntityDataSubscriptionService - Stats: regularQueryInvocationCnt = [0], regularQueryInvocationTime = [0], dynamicQueryCnt = [0] dynamicQueryInvocationCnt = [0], dynamicQueryInvocationTime = [0], alarmQueryInvocationCnt = [2], alarmQueryInvocationTime = [10]
2025-12-07 16:49:45,878 [TB-Scheduling-3] INFO  o.t.s.s.q.TbRuleEngineConsumerStats - [Main] Stats: totalMsgs = [2] successfulMsgs = [2] timeoutMsgs = [0] failedMsgs = [0] tmpTimeout = [0] tmpFailed = [0] successfulIterations = [2] failedIterations = [0] 
2025-12-07 16:49:49,995 [sql-log-2-thread-1] INFO  o.t.s.dao.sql.TbSqlBlockingQueue - Queue-0 [TS] queueSize [0] totalAdded [6] totalSaved [6] totalFailed [0]
2025-12-07 16:49:49,996 [sql-log-2-thread-1] INFO  o.t.s.dao.sql.TbSqlBlockingQueue - Queue-1 [TS] queueSize [0] totalAdded [4] totalSaved [4] totalFailed [0]
2025-12-07 16:49:50,035 [sql-log-2-thread-1] INFO  o.t.s.dao.sql.TbSqlBlockingQueue - Queue-0 [TS Latest] queueSize [0] totalAdded [6] totalSaved [6] totalFailed [0]
2025-12-07 16:49:50,035 [sql-log-2-thread-1] INFO  o.t.s.dao.sql.TbSqlBlockingQueue - Queue-1 [TS Latest] queueSize [0] totalAdded [4] totalSaved [4] totalFailed [0]
2025-12-07 16:50:19,993 [sql-log-2-thread-1] INFO  o.t.s.dao.sql.TbSqlBlockingQueue - Queue-1 [TS] queueSize [0] totalAdded [7] totalSaved [7] totalFailed [0]
2025-12-07 16:50:20,033 [sql-log-2-thread-1] INFO  o.t.s.dao.sql.TbSqlBlockingQueue - Queue-1 [TS Latest] queueSize [0] totalAdded [7] totalSaved [7] totalFailed [0]
2025-12-07 16:50:45,759 [TB-Scheduling-16] INFO  o.t.s.c.t.s.DefaultTransportService - Transport Stats: openConnections [0]
2025-12-07 16:50:45,768 [TB-Scheduling-4] INFO  o.t.s.dao.aspect.SqlDaoCallsAspect - Total timing statistics below:
2025-12-07 16:50:45,768 [TB-Scheduling-4] INFO  o.t.s.dao.aspect.SqlDaoCallsAspect - [5489b160-ccf1-11f0-81f3-0bf1425738f5]: calls: 2, failures: 0, exec time: 10 
2025-12-07 16:50:45,769 [TB-Scheduling-4] INFO  o.t.s.dao.aspect.SqlDaoCallsAspect - [5489b160-ccf1-11f0-81f3-0bf1425738f5] Top 3 methods by timing:
2025-12-07 16:50:45,769 [TB-Scheduling-4] INFO  o.t.s.dao.aspect.SqlDaoCallsAspect - [5489b160-ccf1-11f0-81f3-0bf1425738f5]: method: JpaWidgetTypeDao.findWidgetTypesInfosByWidgetsBundleId(..), calls: 1, failures: 0, exec time: 7
2025-12-07 16:50:45,769 [TB-Scheduling-4] INFO  o.t.s.dao.aspect.SqlDaoCallsAspect - [5489b160-ccf1-11f0-81f3-0bf1425738f5]: method: JpaAbstractDao.findById(..), calls: 1, failures: 0, exec time: 3
2025-12-07 16:50:49,992 [sql-log-2-thread-1] INFO  o.t.s.dao.sql.TbSqlBlockingQueue - Queue-1 [TS] queueSize [0] totalAdded [4] totalSaved [4] totalFailed [0]
2025-12-07 16:50:50,032 [sql-log-2-thread-1] INFO  o.t.s.dao.sql.TbSqlBlockingQueue - Queue-1 [TS Latest] queueSize [0] totalAdded [4] totalSaved [4] totalFailed [0]
2025-12-07 16:51:19,990 [sql-log-2-thread-1] INFO  o.t.s.dao.sql.TbSqlBlockingQueue - Queue-1 [TS] queueSize [0] totalAdded [7] totalSaved [7] totalFailed [0]
2025-12-07 16:51:20,029 [sql-log-2-thread-1] INFO  o.t.s.dao.sql.TbSqlBlockingQueue - Queue-1 [TS Latest] queueSize [0] totalAdded [7] totalSaved [7] totalFailed [0]
2025-12-07 16:51:45,755 [TB-Scheduling-9] INFO  o.t.s.c.t.s.DefaultTransportService - Transport Stats: openConnections [0]
2025-12-07 16:51:45,765 [TB-Scheduling-6] INFO  o.t.s.dao.aspect.SqlDaoCallsAspect - Total timing statistics below:
2025-12-07 16:51:45,766 [TB-Scheduling-6] INFO  o.t.s.dao.aspect.SqlDaoCallsAspect - [5489b160-ccf1-11f0-81f3-0bf1425738f5]: calls: 5, failures: 0, exec time: 18 
2025-12-07 16:51:45,766 [TB-Scheduling-6] INFO  o.t.s.dao.aspect.SqlDaoCallsAspect - [5489b160-ccf1-11f0-81f3-0bf1425738f5] Top 3 methods by timing:
2025-12-07 16:51:45,766 [TB-Scheduling-6] INFO  o.t.s.dao.aspect.SqlDaoCallsAspect - [5489b160-ccf1-11f0-81f3-0bf1425738f5]: method: JpaUserCredentialsDao.findByUserId(..), calls: 2, failures: 0, exec time: 10
2025-12-07 16:51:45,766 [TB-Scheduling-6] INFO  o.t.s.dao.aspect.SqlDaoCallsAspect - [5489b160-ccf1-11f0-81f3-0bf1425738f5]: method: JpaAbstractDao.findById(..), calls: 3, failures: 0, exec time: 8
2025-12-07 16:51:49,987 [sql-log-2-thread-1] INFO  o.t.s.dao.sql.TbSqlBlockingQueue - Queue-1 [TS] queueSize [0] totalAdded [4] totalSaved [4] totalFailed [0]
2025-12-07 16:51:50,027 [sql-log-2-thread-1] INFO  o.t.s.dao.sql.TbSqlBlockingQueue - Queue-1 [TS Latest] queueSize [0] totalAdded [4] totalSaved [4] totalFailed [0]
2025-12-07 16:52:29,985 [sql-log-2-thread-1] INFO  o.t.s.dao.sql.TbSqlBlockingQueue - Queue-1 [TS] queueSize [0] totalAdded [7] totalSaved [7] totalFailed [0]
2025-12-07 16:52:30,025 [sql-log-2-thread-1] INFO  o.t.s.dao.sql.TbSqlBlockingQueue - Queue-1 [TS Latest] queueSize [0] totalAdded [7] totalSaved [7] totalFailed [0]
2025-12-07 16:52:45,752 [TB-Scheduling-15] INFO  o.t.s.c.t.s.DefaultTransportService - Transport Stats: openConnections [0]
2025-12-07 16:52:45,762 [TB-Scheduling-9] INFO  o.t.s.dao.aspect.SqlDaoCallsAspect - Total timing statistics below:
2025-12-07 16:52:45,763 [TB-Scheduling-9] INFO  o.t.s.dao.aspect.SqlDaoCallsAspect - [5489b160-ccf1-11f0-81f3-0bf1425738f5]: calls: 2, failures: 0, exec time: 7 
2025-12-07 16:52:45,763 [TB-Scheduling-9] INFO  o.t.s.dao.aspect.SqlDaoCallsAspect - [5489b160-ccf1-11f0-81f3-0bf1425738f5] Top 3 methods by timing:
2025-12-07 16:52:45,763 [TB-Scheduling-9] INFO  o.t.s.dao.aspect.SqlDaoCallsAspect - [5489b160-ccf1-11f0-81f3-0bf1425738f5]: method: JpaUserCredentialsDao.findByUserId(..), calls: 1, failures: 0, exec time: 4
2025-12-07 16:52:45,763 [TB-Scheduling-9] INFO  o.t.s.dao.aspect.SqlDaoCallsAspect - [5489b160-ccf1-11f0-81f3-0bf1425738f5]: method: JpaAbstractDao.findById(..), calls: 1, failures: 0, exec time: 3
2025-12-07 16:52:49,983 [sql-log-2-thread-1] INFO  o.t.s.dao.sql.TbSqlBlockingQueue - Queue-1 [TS] queueSize [0] totalAdded [4] totalSaved [4] totalFailed [0]
2025-12-07 16:52:50,023 [sql-log-2-thread-1] INFO  o.t.s.dao.sql.TbSqlBlockingQueue - Queue-1 [TS Latest] queueSize [0] totalAdded [4] totalSaved [4] totalFailed [0]
2025-12-07 16:53:29,980 [sql-log-2-thread-1] INFO  o.t.s.dao.sql.TbSqlBlockingQueue - Queue-1 [TS] queueSize [0] totalAdded [7] totalSaved [7] totalFailed [0]
2025-12-07 16:53:30,020 [sql-log-2-thread-1] INFO  o.t.s.dao.sql.TbSqlBlockingQueue - Queue-1 [TS Latest] queueSize [0] totalAdded [7] totalSaved [7] totalFailed [0]
2025-12-07 16:53:45,748 [TB-Scheduling-3] INFO  o.t.s.c.t.s.DefaultTransportService - Transport Stats: openConnections [0]
2025-12-07 16:53:49,978 [sql-log-2-thread-1] INFO  o.t.s.dao.sql.TbSqlBlockingQueue - Queue-1 [TS] queueSize [0] totalAdded [4] totalSaved [4] totalFailed [0]
2025-12-07 16:53:50,018 [sql-log-2-thread-1] INFO  o.t.s.dao.sql.TbSqlBlockingQueue - Queue-1 [TS Latest] queueSize [0] totalAdded [4] totalSaved [4] totalFailed [0]
2025-12-07 16:54:29,976 [sql-log-2-thread-1] INFO  o.t.s.dao.sql.TbSqlBlockingQueue - Queue-1 [TS] queueSize [0] totalAdded [7] totalSaved [7] totalFailed [0]
2025-12-07 16:54:30,016 [sql-log-2-thread-1] INFO  o.t.s.dao.sql.TbSqlBlockingQueue - Queue-1 [TS Latest] queueSize [0] totalAdded [7] totalSaved [7] totalFailed [0]
2025-12-07 16:54:45,742 [TB-Scheduling-10] INFO  o.t.s.c.t.s.DefaultTransportService - Transport Stats: openConnections [0]
2025-12-07 16:54:45,753 [TB-Scheduling-14] INFO  o.t.s.dao.aspect.SqlDaoCallsAspect - Total timing statistics below:
2025-12-07 16:54:45,756 [TB-Scheduling-14] INFO  o.t.s.dao.aspect.SqlDaoCallsAspect - [5489b160-ccf1-11f0-81f3-0bf1425738f5]: calls: 2, failures: 0, exec time: 9 
2025-12-07 16:54:45,756 [TB-Scheduling-14] INFO  o.t.s.dao.aspect.SqlDaoCallsAspect - [5489b160-ccf1-11f0-81f3-0bf1425738f5] Top 3 methods by timing:
2025-12-07 16:54:45,756 [TB-Scheduling-14] INFO  o.t.s.dao.aspect.SqlDaoCallsAspect - [5489b160-ccf1-11f0-81f3-0bf1425738f5]: method: JpaUserCredentialsDao.findByUserId(..), calls: 1, failures: 0, exec time: 5
2025-12-07 16:54:45,756 [TB-Scheduling-14] INFO  o.t.s.dao.aspect.SqlDaoCallsAspect - [5489b160-ccf1-11f0-81f3-0bf1425738f5]: method: JpaAbstractDao.findById(..), calls: 1, failures: 0, exec time: 4
2025-12-07 16:54:49,972 [sql-log-2-thread-1] INFO  o.t.s.dao.sql.TbSqlBlockingQueue - Queue-1 [TS] queueSize [0] totalAdded [4] totalSaved [4] totalFailed [0]
2025-12-07 16:54:50,011 [sql-log-2-thread-1] INFO  o.t.s.dao.sql.TbSqlBlockingQueue - Queue-1 [TS Latest] queueSize [0] totalAdded [4] totalSaved [4] totalFailed [0]
2025-12-07 16:55:29,967 [sql-log-2-thread-1] INFO  o.t.s.dao.sql.TbSqlBlockingQueue - Queue-1 [TS] queueSize [0] totalAdded [7] totalSaved [7] totalFailed [0]
2025-12-07 16:55:30,007 [sql-log-2-thread-1] INFO  o.t.s.dao.sql.TbSqlBlockingQueue - Queue-1 [TS Latest] queueSize [0] totalAdded [7] totalSaved [7] totalFailed [0]
2025-12-07 16:55:34,672 [access-validator-33-thread-1] WARN  o.t.s.s.s.TbEntityRemoteSubsInfo - [5489b160-ccf1-11f0-81f3-0bf1425738f5][2e112f10-ccf4-11f0-9325-87376abd1036] Duplicate subscription event received. Current: TbSubscriptionsInfo(notifications=false, alarms=true, tsAllKeys=false, tsKeys=null, attrAllKeys=false, attrKeys=[tankCapacity], seqNumber=2), Event: TbSubscriptionsInfo(notifications=false, alarms=false, tsAllKeys=false, tsKeys=null, attrAllKeys=false, attrKeys=[tankCapacity], seqNumber=1)
2025-12-07 16:55:35,819 [TB-Scheduling-9] INFO  o.t.s.s.s.DefaultTbEntityDataSubscriptionService - Stats: regularQueryInvocationCnt = [0], regularQueryInvocationTime = [0], dynamicQueryCnt = [0] dynamicQueryInvocationCnt = [0], dynamicQueryInvocationTime = [0], alarmQueryInvocationCnt = [2], alarmQueryInvocationTime = [17]
2025-12-07 16:55:45,726 [TB-Scheduling-14] INFO  o.t.s.s.queue.EdgeConsumerStats - Edge Stats: totalMsgs = [2] edgeNfs = [2] coreNfEdgeHPUpd = [0] coreNfEdgeUpd = [0] coreNfEdgeSyncReq = [0] coreNfEdgeSyncResp = [0] coreNfEdgeCompLfcl = [0] 
2025-12-07 16:55:45,738 [TB-Scheduling-15] INFO  o.t.s.c.t.s.DefaultTransportService - Transport Stats: openConnections [0]
2025-12-07 16:55:45,751 [TB-Scheduling-11] INFO  o.t.s.dao.aspect.SqlDaoCallsAspect - Total timing statistics below:
2025-12-07 16:55:45,752 [TB-Scheduling-11] INFO  o.t.s.dao.aspect.SqlDaoCallsAspect - [5489b160-ccf1-11f0-81f3-0bf1425738f5]: calls: 27, failures: 0, exec time: 213 
2025-12-07 16:55:45,752 [TB-Scheduling-11] INFO  o.t.s.dao.aspect.SqlDaoCallsAspect - [5489b160-ccf1-11f0-81f3-0bf1425738f5] Top 3 methods by timing:
2025-12-07 16:55:45,752 [TB-Scheduling-11] INFO  o.t.s.dao.aspect.SqlDaoCallsAspect - [5489b160-ccf1-11f0-81f3-0bf1425738f5]: method: JpaAbstractDao.save(..), calls: 4, failures: 0, exec time: 66
2025-12-07 16:55:45,752 [TB-Scheduling-11] INFO  o.t.s.dao.aspect.SqlDaoCallsAspect - [5489b160-ccf1-11f0-81f3-0bf1425738f5]: method: JpaAbstractDao.findById(..), calls: 9, failures: 0, exec time: 51
2025-12-07 16:55:45,753 [TB-Scheduling-11] INFO  o.t.s.dao.aspect.SqlDaoCallsAspect - [5489b160-ccf1-11f0-81f3-0bf1425738f5]: method: JpaUserSettingsDao.findById(..), calls: 1, failures: 0, exec time: 23
2025-12-07 16:55:45,851 [TB-Scheduling-3] INFO  o.t.s.s.q.TbRuleEngineConsumerStats - [Main] Stats: totalMsgs = [2] successfulMsgs = [2] timeoutMsgs = [0] failedMsgs = [0] tmpTimeout = [0] tmpFailed = [0] successfulIterations = [2] failedIterations = [0] 
2025-12-07 16:55:49,964 [sql-log-2-thread-1] INFO  o.t.s.dao.sql.TbSqlBlockingQueue - Queue-0 [TS] queueSize [0] totalAdded [6] totalSaved [6] totalFailed [0]
2025-12-07 16:55:49,965 [sql-log-2-thread-1] INFO  o.t.s.dao.sql.TbSqlBlockingQueue - Queue-1 [TS] queueSize [0] totalAdded [4] totalSaved [4] totalFailed [0]
2025-12-07 16:55:50,004 [sql-log-2-thread-1] INFO  o.t.s.dao.sql.TbSqlBlockingQueue - Queue-0 [TS Latest] queueSize [0] totalAdded [6] totalSaved [6] totalFailed [0]
2025-12-07 16:55:50,005 [sql-log-2-thread-1] INFO  o.t.s.dao.sql.TbSqlBlockingQueue - Queue-1 [TS Latest] queueSize [0] totalAdded [4] totalSaved [4] totalFailed [0]
2025-12-07 16:56:29,960 [sql-log-2-thread-1] INFO  o.t.s.dao.sql.TbSqlBlockingQueue - Queue-1 [TS] queueSize [0] totalAdded [7] totalSaved [7] totalFailed [0]
2025-12-07 16:56:30,000 [sql-log-2-thread-1] INFO  o.t.s.dao.sql.TbSqlBlockingQueue - Queue-1 [TS Latest] queueSize [0] totalAdded [7] totalSaved [7] totalFailed [0]
2025-12-07 16:56:45,732 [TB-Scheduling-12] INFO  o.t.s.c.t.s.DefaultTransportService - Transport Stats: openConnections [0]
2025-12-07 16:56:49,958 [sql-log-2-thread-1] INFO  o.t.s.dao.sql.TbSqlBlockingQueue - Queue-1 [TS] queueSize [0] totalAdded [4] totalSaved [4] totalFailed [0]
2025-12-07 16:56:49,998 [sql-log-2-thread-1] INFO  o.t.s.dao.sql.TbSqlBlockingQueue - Queue-1 [TS Latest] queueSize [0] totalAdded [4] totalSaved [4] totalFailed [0]
2025-12-07 16:57:29,954 [sql-log-2-thread-1] INFO  o.t.s.dao.sql.TbSqlBlockingQueue - Queue-1 [TS] queueSize [0] totalAdded [7] totalSaved [7] totalFailed [0]
2025-12-07 16:57:29,994 [sql-log-2-thread-1] INFO  o.t.s.dao.sql.TbSqlBlockingQueue - Queue-1 [TS Latest] queueSize [0] totalAdded [7] totalSaved [7] totalFailed [0]
2025-12-07 16:57:45,725 [TB-Scheduling-7] INFO  o.t.s.c.t.s.DefaultTransportService - Transport Stats: openConnections [0]
2025-12-07 16:57:49,951 [sql-log-2-thread-1] INFO  o.t.s.dao.sql.TbSqlBlockingQueue - Queue-1 [TS] queueSize [0] totalAdded [4] totalSaved [4] totalFailed [0]
2025-12-07 16:57:49,990 [sql-log-2-thread-1] INFO  o.t.s.dao.sql.TbSqlBlockingQueue - Queue-1 [TS Latest] queueSize [0] totalAdded [4] totalSaved [4] totalFailed [0]
2025-12-07 16:58:29,949 [sql-log-2-thread-1] INFO  o.t.s.dao.sql.TbSqlBlockingQueue - Queue-1 [TS] queueSize [0] totalAdded [7] totalSaved [7] totalFailed [0]
2025-12-07 16:58:29,988 [sql-log-2-thread-1] INFO  o.t.s.dao.sql.TbSqlBlockingQueue - Queue-1 [TS Latest] queueSize [0] totalAdded [7] totalSaved [7] totalFailed [0]
2025-12-07 16:58:45,719 [TB-Scheduling-2] INFO  o.t.s.c.t.s.DefaultTransportService - Transport Stats: openConnections [0]
2025-12-07 16:58:49,944 [sql-log-2-thread-1] INFO  o.t.s.dao.sql.TbSqlBlockingQueue - Queue-1 [TS] queueSize [0] totalAdded [4] totalSaved [4] totalFailed [0]
2025-12-07 16:58:49,984 [sql-log-2-thread-1] INFO  o.t.s.dao.sql.TbSqlBlockingQueue - Queue-1 [TS Latest] queueSize [0] totalAdded [4] totalSaved [4] totalFailed [0]
2025-12-07 16:59:29,940 [sql-log-2-thread-1] INFO  o.t.s.dao.sql.TbSqlBlockingQueue - Queue-1 [TS] queueSize [0] totalAdded [7] totalSaved [7] totalFailed [0]
2025-12-07 16:59:29,979 [sql-log-2-thread-1] INFO  o.t.s.dao.sql.TbSqlBlockingQueue - Queue-1 [TS Latest] queueSize [0] totalAdded [7] totalSaved [7] totalFailed [0]
2025-12-07 16:59:45,712 [TB-Scheduling-2] INFO  o.t.s.c.t.s.DefaultTransportService - Transport Stats: openConnections [0]
2025-12-07 16:59:49,936 [sql-log-2-thread-1] INFO  o.t.s.dao.sql.TbSqlBlockingQueue - Queue-1 [TS] queueSize [0] totalAdded [4] totalSaved [4] totalFailed [0]
2025-12-07 16:59:49,976 [sql-log-2-thread-1] INFO  o.t.s.dao.sql.TbSqlBlockingQueue - Queue-1 [TS Latest] queueSize [0] totalAdded [4] totalSaved [4] totalFailed [0]
2025-12-07 17:00:29,932 [sql-log-2-thread-1] INFO  o.t.s.dao.sql.TbSqlBlockingQueue - Queue-1 [TS] queueSize [0] totalAdded [7] totalSaved [7] totalFailed [0]
2025-12-07 17:00:29,972 [sql-log-2-thread-1] INFO  o.t.s.dao.sql.TbSqlBlockingQueue - Queue-1 [TS Latest] queueSize [0] totalAdded [7] totalSaved [7] totalFailed [0]
2025-12-07 17:00:45,706 [TB-Scheduling-3] INFO  o.t.s.c.t.s.DefaultTransportService - Transport Stats: openConnections [0]
2025-12-07 17:00:49,930 [sql-log-2-thread-1] INFO  o.t.s.dao.sql.TbSqlBlockingQueue - Queue-1 [TS] queueSize [0] totalAdded [6] totalSaved [6] totalFailed [0]
2025-12-07 17:00:49,969 [sql-log-2-thread-1] INFO  o.t.s.dao.sql.TbSqlBlockingQueue - Queue-1 [TS Latest] queueSize [0] totalAdded [6] totalSaved [6] totalFailed [0]
2025-12-07 17:01:14,216 [http-nio-0.0.0.0-9090-exec-3] INFO  o.t.s.c.plugin.TbWebSocketHandler - [5489b160-ccf1-11f0-81f3-0bf1425738f5][550b6480-ccf1-11f0-81f3-0bf1425738f5][d17a32bf-39d3-48fb-ba01-115e935ab247] Session is closed
2025-12-07 17:01:29,926 [sql-log-2-thread-1] INFO  o.t.s.dao.sql.TbSqlBlockingQueue - Queue-1 [TS] queueSize [0] totalAdded [7] totalSaved [7] totalFailed [0]
2025-12-07 17:01:29,966 [sql-log-2-thread-1] INFO  o.t.s.dao.sql.TbSqlBlockingQueue - Queue-1 [TS Latest] queueSize [0] totalAdded [7] totalSaved [7] totalFailed [0]
2025-12-07 23:31:00,149 [background-preinit] INFO  o.h.validator.internal.util.Version - HV000001: Hibernate Validator 8.0.3.Final
2025-12-07 23:31:00,324 [main] INFO  o.t.s.ThingsboardServerApplication - Starting ThingsboardServerApplication v4.2.1 using Java 17.0.16 with PID 22 (/usr/share/thingsboard/bin/thingsboard.jar started by thingsboard in /)
2025-12-07 23:31:00,327 [main] INFO  o.t.s.ThingsboardServerApplication - No active profile set, falling back to 1 default profile: "default"
2025-12-07 23:31:01,039 [main] WARN  o.s.c.a.AnnotationTypeMapping - Support for convention-based annotation attribute overrides is deprecated and will be removed in Spring Framework 7.0. Please annotate the following attributes in @org.thingsboard.server.config.annotations.ApiOperation with appropriate @AliasFor declarations: [hidden, requestBody, responses]
2025-12-07 23:31:07,474 [main] INFO  o.s.d.r.c.RepositoryConfigurationDelegate - Multiple Spring Data modules found, entering strict repository configuration mode
2025-12-07 23:31:07,475 [main] INFO  o.s.d.r.c.RepositoryConfigurationDelegate - Bootstrapping Spring Data JPA repositories in LAZY mode.
2025-12-07 23:31:07,878 [main] INFO  o.s.d.r.c.RepositoryConfigurationDelegate - Finished Spring Data repository scanning in 379 ms. Found 7 JPA repository interfaces.
2025-12-07 23:31:07,884 [main] INFO  o.s.d.r.c.RepositoryConfigurationDelegate - Multiple Spring Data modules found, entering strict repository configuration mode
2025-12-07 23:31:07,885 [main] INFO  o.s.d.r.c.RepositoryConfigurationDelegate - Bootstrapping Spring Data JPA repositories in LAZY mode.
2025-12-07 23:31:08,479 [main] INFO  o.s.d.r.c.RepositoryConfigurationDelegate - Finished Spring Data repository scanning in 590 ms. Found 57 JPA repository interfaces.
2025-12-07 23:31:08,485 [main] INFO  o.s.d.r.c.RepositoryConfigurationDelegate - Multiple Spring Data modules found, entering strict repository configuration mode
2025-12-07 23:31:08,486 [main] INFO  o.s.d.r.c.RepositoryConfigurationDelegate - Bootstrapping Spring Data JPA repositories in LAZY mode.
2025-12-07 23:31:08,514 [main] INFO  o.s.d.r.c.RepositoryConfigurationDelegate - Finished Spring Data repository scanning in 23 ms. Found 1 JPA repository interface.
2025-12-07 23:31:08,516 [main] INFO  o.s.d.r.c.RepositoryConfigurationDelegate - Multiple Spring Data modules found, entering strict repository configuration mode
2025-12-07 23:31:08,517 [main] INFO  o.s.d.r.c.RepositoryConfigurationDelegate - Bootstrapping Spring Data JPA repositories in LAZY mode.
2025-12-07 23:31:08,541 [main] INFO  o.s.d.r.c.RepositoryConfigurationDelegate - Finished Spring Data repository scanning in 20 ms. Found 1 JPA repository interface.
2025-12-07 23:31:10,616 [main] INFO  o.s.i.c.DefaultConfiguringBeanFactoryPostProcessor - No bean named 'errorChannel' has been explicitly defined. Therefore, a default PublishSubscribeChannel will be created.
2025-12-07 23:31:10,658 [main] INFO  o.s.i.c.DefaultConfiguringBeanFactoryPostProcessor - No bean named 'integrationHeaderChannelRegistry' has been explicitly defined. Therefore, a default DefaultHeaderChannelRegistry will be created.
2025-12-07 23:31:12,779 [main] INFO  o.t.s.q.d.DefaultTbServiceInfoProvider - Current Service ID: 7a74840d7ca7
2025-12-07 23:31:14,806 [main] INFO  o.h.jpa.internal.util.LogHelper - HHH000204: Processing PersistenceUnitInfo [name: default]
2025-12-07 23:31:15,132 [main] INFO  org.hibernate.Version - HHH000412: Hibernate ORM core version 6.6.29.Final
2025-12-07 23:31:15,250 [main] INFO  o.h.c.i.RegionFactoryInitiator - HHH000026: Second-level cache disabled
2025-12-07 23:31:15,625 [main] INFO  com.zaxxer.hikari.HikariDataSource - HikariPool-1 - Starting...
2025-12-07 23:31:15,964 [main] INFO  com.zaxxer.hikari.pool.HikariPool - HikariPool-1 - Added connection org.postgresql.jdbc.PgConnection@726e3907
2025-12-07 23:31:15,970 [main] INFO  com.zaxxer.hikari.HikariDataSource - HikariPool-1 - Start completed.
2025-12-07 23:31:16,136 [main] INFO  o.hibernate.orm.connections.pooling - HHH10001005: Database info:
	Database JDBC URL [Connecting through datasource 'HikariDataSource (HikariPool-1)']
	Database driver: undefined/unknown
	Database version: 12.0
	Autocommit mode: undefined/unknown
	Isolation level: undefined/unknown
	Minimum pool size: undefined/unknown
	Maximum pool size: undefined/unknown
2025-12-07 23:31:16,953 [main] INFO  o.s.o.j.p.SpringPersistenceUnitInfo - No LoadTimeWeaver setup: ignoring JPA class transformer
2025-12-07 23:31:22,411 [main] INFO  o.h.e.t.j.p.i.JtaPlatformInitiator - HHH000489: No JTA platform available (set 'hibernate.transaction.jta.platform' to enable JTA platform integration)
2025-12-07 23:31:22,440 [main] INFO  o.s.o.j.LocalContainerEntityManagerFactoryBean - Initialized JPA EntityManagerFactory for persistence unit 'default'
2025-12-07 23:31:23,444 [main] INFO  o.s.d.j.r.query.QueryEnhancerFactory - Hibernate is in classpath; If applicable, HQL parser will be used.
2025-12-07 23:31:29,565 [main] INFO  o.s.b.w.e.tomcat.TomcatWebServer - Tomcat initialized with port 9090 (http)
2025-12-07 23:31:29,604 [main] INFO  o.a.coyote.http11.Http11NioProtocol - The ["http-nio-0.0.0.0-9090"] connector has been configured to support HTTP upgrade to [h2c]
2025-12-07 23:31:29,605 [main] INFO  o.a.coyote.http11.Http11NioProtocol - Initializing ProtocolHandler ["http-nio-0.0.0.0-9090"]
2025-12-07 23:31:29,610 [main] INFO  o.a.catalina.core.StandardService - Starting service [Tomcat]
2025-12-07 23:31:29,611 [main] INFO  o.a.catalina.core.StandardEngine - Starting Servlet engine: [Apache Tomcat/10.1.46]
2025-12-07 23:31:29,711 [main] INFO  o.a.c.c.C.[Tomcat].[localhost].[/] - Initializing Spring embedded WebApplicationContext
2025-12-07 23:31:29,712 [main] INFO  o.s.b.w.s.c.ServletWebServerApplicationContext - Root WebApplicationContext: initialization completed in 29285 ms
2025-12-07 23:31:30,127 [main] INFO  o.t.s.d.a.CachedAttributesService - Going to use directExecutor for the local cache type caffeine
2025-12-07 23:31:31,513 [main] INFO  o.t.s.s.a.DefaultTbApiUsageStateService - Starting api usage service.
2025-12-07 23:31:31,526 [main] INFO  o.t.s.s.a.DefaultTbApiUsageStateService - Started api usage service.
2025-12-07 23:31:34,587 [main] INFO  o.t.s.t.h.config.PayloadSizeFilter - Initialized payload size filter with configuration: /api/image*/**=52428800;/api/resource/**=52428800;/api/**=16777216
2025-12-07 23:31:34,699 [main] INFO  o.t.s.t.h.config.PayloadSizeFilter - Initialized payload size filter with configuration: /api/v1/*/rpc/**=65536;/api/v1/**=52428800
2025-12-07 23:31:34,904 [main] INFO  o.t.s.q.e.EnvironmentLogService - ThingsBoard server environment: zookeeper.version=3.9.3-c26634f34490bb0ea7a09cc51e05ede3b4e320ee, built on 2024-10-17 23:21 UTC
2025-12-07 23:31:34,905 [main] INFO  o.t.s.q.e.EnvironmentLogService - ThingsBoard server environment: host.name=7a74840d7ca7
2025-12-07 23:31:34,905 [main] INFO  o.t.s.q.e.EnvironmentLogService - ThingsBoard server environment: java.version=17.0.16
2025-12-07 23:31:34,906 [main] INFO  o.t.s.q.e.EnvironmentLogService - ThingsBoard server environment: java.vendor=Debian
2025-12-07 23:31:34,906 [main] INFO  o.t.s.q.e.EnvironmentLogService - ThingsBoard server environment: java.home=/usr/lib/jvm/java-17-openjdk-amd64
2025-12-07 23:31:34,906 [main] INFO  o.t.s.q.e.EnvironmentLogService - ThingsBoard server environment: java.class.path=/usr/share/thingsboard/bin/thingsboard.jar
2025-12-07 23:31:34,907 [main] INFO  o.t.s.q.e.EnvironmentLogService - ThingsBoard server environment: java.library.path=/usr/java/packages/lib:/usr/lib/x86_64-linux-gnu/jni:/lib/x86_64-linux-gnu:/usr/lib/x86_64-linux-gnu:/usr/lib/jni:/lib:/usr/lib
2025-12-07 23:31:34,908 [main] INFO  o.t.s.q.e.EnvironmentLogService - ThingsBoard server environment: java.io.tmpdir=/tmp
2025-12-07 23:31:34,908 [main] INFO  o.t.s.q.e.EnvironmentLogService - ThingsBoard server environment: java.compiler=<NA>
2025-12-07 23:31:34,908 [main] INFO  o.t.s.q.e.EnvironmentLogService - ThingsBoard server environment: os.name=Linux
2025-12-07 23:31:34,908 [main] INFO  o.t.s.q.e.EnvironmentLogService - ThingsBoard server environment: os.arch=amd64
2025-12-07 23:31:34,908 [main] INFO  o.t.s.q.e.EnvironmentLogService - ThingsBoard server environment: os.version=6.6.87.2-microsoft-standard-WSL2
2025-12-07 23:31:34,908 [main] INFO  o.t.s.q.e.EnvironmentLogService - ThingsBoard server environment: user.name=thingsboard
2025-12-07 23:31:34,908 [main] INFO  o.t.s.q.e.EnvironmentLogService - ThingsBoard server environment: user.home=/home/thingsboard
2025-12-07 23:31:34,908 [main] INFO  o.t.s.q.e.EnvironmentLogService - ThingsBoard server environment: user.dir=/
2025-12-07 23:31:34,909 [main] INFO  o.t.s.q.e.EnvironmentLogService - ThingsBoard server environment: os.memory.free=152MB
2025-12-07 23:31:34,909 [main] INFO  o.t.s.q.e.EnvironmentLogService - ThingsBoard server environment: os.memory.max=1898MB
2025-12-07 23:31:34,910 [main] INFO  o.t.s.q.e.EnvironmentLogService - ThingsBoard server environment: os.memory.total=507MB
2025-12-07 23:31:35,144 [main] INFO  d.n.internal.NashornDetection - Delight-nashorn-sandbox detected that JDK Nashorn is absent and standalone Nashorn is present, and will use Standalone Nashorn
2025-12-07 23:31:37,389 [main] INFO  o.t.s.a.service.DefaultActorService - Initializing actor system.
2025-12-07 23:31:37,409 [main] INFO  o.t.s.a.service.DefaultActorService - Actor system initialized.
2025-12-07 23:31:38,805 [main] INFO  o.t.s.c.t.c.ssl.SslCredentialsConfig - LWM2M Server DTLS Credentials: Skipping initialization of disabled SSL credentials.
2025-12-07 23:31:38,816 [main] INFO  o.t.s.c.t.c.ssl.SslCredentialsConfig - LWM2M Trust Credentials: Skipping initialization of disabled SSL credentials.
2025-12-07 23:31:38,835 [main] INFO  o.t.s.c.t.c.ssl.SslCredentialsConfig - LWM2M Bootstrap DTLS Credentials: Skipping initialization of disabled SSL credentials.
2025-12-07 23:31:39,429 [main] INFO  o.t.s.c.SystemInfoController - System build info: {"version":"4.2.1","artifact":"application","name":"ThingsBoard Server Application","type":"CE"}
2025-12-07 23:31:40,537 [main] INFO  o.t.s.c.adaptor.JsonConverterConfig - JSON max string value length = 0
2025-12-07 23:31:40,537 [main] INFO  o.t.s.c.adaptor.JsonConverterConfig - JSON type cast enabled = true
2025-12-07 23:31:40,692 [main] INFO  o.t.s.t.mqtt.MqttTransportService - Setting resource leak detector level to DISABLED
2025-12-07 23:31:40,692 [main] INFO  o.t.s.t.mqtt.MqttTransportService - Starting MQTT transport...
2025-12-07 23:31:40,815 [main] INFO  o.t.s.t.mqtt.MqttTransportService - Mqtt transport started!
2025-12-07 23:31:40,955 [main] INFO  o.e.c.elements.config.Configuration - defaults added COAP.
2025-12-07 23:31:40,990 [main] INFO  o.e.c.elements.config.Configuration - defaults added UDP.
2025-12-07 23:31:40,994 [main] INFO  o.e.c.c.network.RandomTokenGenerator - using tokens of 8 bytes in length
2025-12-07 23:31:41,044 [main] INFO  org.eclipse.californium.ban - Started.
2025-12-07 23:31:41,047 [main] INFO  o.e.c.core.network.CoapEndpoint - coap CoapEndpoint uses udp context
2025-12-07 23:31:41,070 [main] INFO  o.e.c.elements.config.Configuration - defaults added SYS.
2025-12-07 23:31:41,071 [main] INFO  o.e.c.c.network.stack.BlockwiseLayer - coap BlockwiseLayer uses MAX_MESSAGE_SIZE=1024, PREFERRED_BLOCK_SIZE=1024, BLOCKWISE_STATUS_LIFETIME=300000, MAX_RESOURCE_BODY_SIZE=268435456, BLOCKWISE_STRICT_BLOCK2_OPTION=true
2025-12-07 23:31:41,091 [main] INFO  o.e.californium.core.CoapServer - Starting server
2025-12-07 23:31:41,125 [main] INFO  o.e.c.elements.UDPConnector - UDPConnector starts up 1 sender threads and 1 receiver threads
2025-12-07 23:31:41,135 [main] INFO  o.e.c.elements.UDPConnector - UDPConnector listening on /[0:0:0:0:0:0:0:0]:5683, recv buf = 106496, send buf = 106496, recv packet size = 2048
2025-12-07 23:31:41,137 [main] INFO  o.e.c.core.network.CoapEndpoint - coap Started endpoint at coap://[0:0:0:0:0:0:0:0]:5683
2025-12-07 23:31:41,140 [main] INFO  o.t.s.t.coap.CoapTransportService - Starting CoAP transport...
2025-12-07 23:31:41,152 [main] INFO  o.t.s.t.coap.CoapTransportService - CoAP transport started!
2025-12-07 23:31:41,293 [main] INFO  o.t.s.t.l.b.LwM2MTransportBootstrapService - Starting LwM2M transport bootstrap server...
2025-12-07 23:31:41,369 [main] INFO  o.e.c.elements.util.JceProviderUtil - JCE default setup
2025-12-07 23:31:41,412 [main] INFO  o.e.c.elements.util.JceProviderUtil - RSA: true, EC: true, AES: not restricted
2025-12-07 23:31:41,430 [main] INFO  o.e.c.elements.util.JceProviderUtil - EdDSA supported by SunEC, Ed25519: true, Ed448: true
2025-12-07 23:31:41,430 [main] INFO  o.e.c.elements.util.JceProviderUtil - JCE setup: SunEC version 17, ready.
2025-12-07 23:31:41,518 [main] INFO  o.e.c.elements.config.Configuration - defaults added DTLS.
2025-12-07 23:31:41,942 [main] WARN  o.e.l.s.b.LeshanBootstrapServerBuilder - configStore is set but you also provide a custom SessionManager so this store will not be used
2025-12-07 23:31:41,960 [main] INFO  o.e.c.c.network.RandomTokenGenerator - using tokens of 8 bytes in length
2025-12-07 23:31:41,960 [main] INFO  o.e.c.core.network.CoapEndpoint - [Bootstrap Server-coap://0.0.0.0:5687] CoapEndpoint uses udp context
2025-12-07 23:31:41,961 [main] INFO  o.e.c.c.network.stack.BlockwiseLayer - [Bootstrap Server-coap://0.0.0.0:5687] BlockwiseLayer uses MAX_MESSAGE_SIZE=1024, PREFERRED_BLOCK_SIZE=1024, BLOCKWISE_STATUS_LIFETIME=300000, MAX_RESOURCE_BODY_SIZE=268435456, BLOCKWISE_STRICT_BLOCK2_OPTION=true
2025-12-07 23:31:41,973 [main] INFO  o.t.s.t.l.b.LwM2MTransportBootstrapService - Unable to load X509 files for LWM2MServer
2025-12-07 23:31:41,977 [main] WARN  o.e.l.s.c.b.e.c.CoapsBootstrapServerEndpointFactory - PskStore should be automatically set by Leshan. Using a custom implementation is not advised.
2025-12-07 23:31:42,027 [main] INFO  o.e.c.s.d.InMemoryReadWriteLockConnectionStore - Created new InMemoryConnectionStore [capacity: 150000, connection expiration threshold: 1800s]
2025-12-07 23:31:42,034 [main] INFO  o.e.c.c.network.RandomTokenGenerator - using tokens of 8 bytes in length
2025-12-07 23:31:42,034 [main] INFO  o.e.c.core.network.CoapEndpoint - [Bootstrap Server-coaps://0.0.0.0:5688] CoapEndpoint uses lwm2m correlation
2025-12-07 23:31:42,035 [main] INFO  o.e.c.c.network.stack.BlockwiseLayer - [Bootstrap Server-coaps://0.0.0.0:5688] BlockwiseLayer uses MAX_MESSAGE_SIZE=1024, PREFERRED_BLOCK_SIZE=1024, BLOCKWISE_STATUS_LIFETIME=300000, MAX_RESOURCE_BODY_SIZE=268435456, BLOCKWISE_STRICT_BLOCK2_OPTION=true
2025-12-07 23:31:42,040 [main] INFO  o.e.californium.core.CoapServer - Starting server
2025-12-07 23:31:42,046 [main] INFO  o.e.c.elements.UDPConnector - UDPConnector starts up 2 sender threads and 2 receiver threads
2025-12-07 23:31:42,049 [main] INFO  o.e.c.elements.UDPConnector - UDPConnector listening on /[0:0:0:0:0:0:0:0]:5687, recv buf = 106496, send buf = 106496, recv packet size = 2048
2025-12-07 23:31:42,049 [main] INFO  o.e.c.core.network.CoapEndpoint - [Bootstrap Server-coap://0.0.0.0:5687] Started endpoint at coap://[0:0:0:0:0:0:0:0]:5687
2025-12-07 23:31:42,060 [main] INFO  o.e.c.scandium.DTLSConnector - multiple network interfaces, using smallest MTU [IPv4 1500, IPv6 1280]
2025-12-07 23:31:42,066 [DTLS-Receiver-0-/[0:0:0:0:0:0:0:0]:5688] INFO  o.e.c.scandium.DTLSConnector - Starting worker thread [DTLS-Receiver-0-/[0:0:0:0:0:0:0:0]:5688]
2025-12-07 23:31:42,066 [main] INFO  o.e.c.scandium.DTLSConnector - DTLSConnector listening on /[0:0:0:0:0:0:0:0]:5688, recv buf = 106496, send buf = 106496, recv packet size = 16490, MTU = IPv4 1500 / IPv6 1280
2025-12-07 23:31:42,067 [DTLS-Receiver-1-/[0:0:0:0:0:0:0:0]:5688] INFO  o.e.c.scandium.DTLSConnector - Starting worker thread [DTLS-Receiver-1-/[0:0:0:0:0:0:0:0]:5688]
2025-12-07 23:31:42,068 [main] INFO  o.e.c.core.network.CoapEndpoint - [Bootstrap Server-coaps://0.0.0.0:5688] Started endpoint at coaps://[0:0:0:0:0:0:0:0]:5688
2025-12-07 23:31:42,068 [main] INFO  o.e.l.s.b.LeshanBootstrapServer - Bootstrap server started.
2025-12-07 23:31:42,069 [main] INFO  o.e.l.s.b.LeshanBootstrapServer - CoAP over UDP endpoint based on Californium library available at coap://[0:0:0:0:0:0:0:0]:5687.
2025-12-07 23:31:42,070 [main] INFO  o.e.l.s.b.LeshanBootstrapServer - CoAP over DTLS endpoint based on Californium/Scandium library available at coaps://[0:0:0:0:0:0:0:0]:5688.
2025-12-07 23:31:42,071 [main] INFO  o.t.s.t.l.b.LwM2MTransportBootstrapService - Started LwM2M transport bootstrap server.
2025-12-07 23:31:42,509 [main] INFO  o.t.s.t.s.s.SnmpTransportService - SNMP transport service initialized
2025-12-07 23:31:42,558 [main] INFO  o.t.s.d.s.NamedParameterJdbcTemplateConfiguration - Set jdbcTemplate query timeout [30] second(s)
2025-12-07 23:31:43,246 [main] INFO  o.s.s.c.a.a.c.InitializeAuthenticationProviderBeanManagerConfigurer$InitializeAuthenticationProviderManagerConfigurer - Found 3 AuthenticationProvider beans, with names [jwtAuthenticationProvider, refreshTokenAuthenticationProvider, restAuthenticationProvider]. Global Authentication Manager will not be configured with AuthenticationProviders. Consider publishing a single AuthenticationProvider bean, or wiring your Providers directly using the DSL.
2025-12-07 23:31:43,639 [main] INFO  o.s.b.a.w.s.WelcomePageHandlerMapping - Adding welcome page: class path resource [public/index.html]
2025-12-07 23:31:44,942 [main] INFO  o.s.b.a.e.web.EndpointLinksResolver - Exposing 1 endpoint beneath base path '/actuator'
2025-12-07 23:31:47,547 [main] WARN  i.m.c.i.b.cache.CaffeineCacheMetrics - The cache 'relations' is not recording statistics. No meters except 'cache.size' will be registered. Call 'Caffeine#recordStats()' prior to building the cache for metrics to be recorded.
2025-12-07 23:31:47,550 [main] WARN  i.m.c.i.b.cache.CaffeineCacheMetrics - The cache 'deviceCredentials' is not recording statistics. No meters except 'cache.size' will be registered. Call 'Caffeine#recordStats()' prior to building the cache for metrics to be recorded.
2025-12-07 23:31:47,551 [main] WARN  i.m.c.i.b.cache.CaffeineCacheMetrics - The cache 'devices' is not recording statistics. No meters except 'cache.size' will be registered. Call 'Caffeine#recordStats()' prior to building the cache for metrics to be recorded.
2025-12-07 23:31:47,551 [main] WARN  i.m.c.i.b.cache.CaffeineCacheMetrics - The cache 'sessions' is not recording statistics. No meters except 'cache.size' will be registered. Call 'Caffeine#recordStats()' prior to building the cache for metrics to be recorded.
2025-12-07 23:31:47,552 [main] WARN  i.m.c.i.b.cache.CaffeineCacheMetrics - The cache 'assets' is not recording statistics. No meters except 'cache.size' will be registered. Call 'Caffeine#recordStats()' prior to building the cache for metrics to be recorded.
2025-12-07 23:31:47,553 [main] WARN  i.m.c.i.b.cache.CaffeineCacheMetrics - The cache 'customers' is not recording statistics. No meters except 'cache.size' will be registered. Call 'Caffeine#recordStats()' prior to building the cache for metrics to be recorded.
2025-12-07 23:31:47,554 [main] WARN  i.m.c.i.b.cache.CaffeineCacheMetrics - The cache 'users' is not recording statistics. No meters except 'cache.size' will be registered. Call 'Caffeine#recordStats()' prior to building the cache for metrics to be recorded.
2025-12-07 23:31:47,555 [main] WARN  i.m.c.i.b.cache.CaffeineCacheMetrics - The cache 'entityViews' is not recording statistics. No meters except 'cache.size' will be registered. Call 'Caffeine#recordStats()' prior to building the cache for metrics to be recorded.
2025-12-07 23:31:47,557 [main] WARN  i.m.c.i.b.cache.CaffeineCacheMetrics - The cache 'claimDevices' is not recording statistics. No meters except 'cache.size' will be registered. Call 'Caffeine#recordStats()' prior to building the cache for metrics to be recorded.
2025-12-07 23:31:47,558 [main] WARN  i.m.c.i.b.cache.CaffeineCacheMetrics - The cache 'securitySettings' is not recording statistics. No meters except 'cache.size' will be registered. Call 'Caffeine#recordStats()' prior to building the cache for metrics to be recorded.
2025-12-07 23:31:47,558 [main] WARN  i.m.c.i.b.cache.CaffeineCacheMetrics - The cache 'tenantProfiles' is not recording statistics. No meters except 'cache.size' will be registered. Call 'Caffeine#recordStats()' prior to building the cache for metrics to be recorded.
2025-12-07 23:31:47,559 [main] WARN  i.m.c.i.b.cache.CaffeineCacheMetrics - The cache 'tenants' is not recording statistics. No meters except 'cache.size' will be registered. Call 'Caffeine#recordStats()' prior to building the cache for metrics to be recorded.
2025-12-07 23:31:47,559 [main] WARN  i.m.c.i.b.cache.CaffeineCacheMetrics - The cache 'tenantsExist' is not recording statistics. No meters except 'cache.size' will be registered. Call 'Caffeine#recordStats()' prior to building the cache for metrics to be recorded.
2025-12-07 23:31:47,560 [main] WARN  i.m.c.i.b.cache.CaffeineCacheMetrics - The cache 'deviceProfiles' is not recording statistics. No meters except 'cache.size' will be registered. Call 'Caffeine#recordStats()' prior to building the cache for metrics to be recorded.
2025-12-07 23:31:47,560 [main] WARN  i.m.c.i.b.cache.CaffeineCacheMetrics - The cache 'assetProfiles' is not recording statistics. No meters except 'cache.size' will be registered. Call 'Caffeine#recordStats()' prior to building the cache for metrics to be recorded.
2025-12-07 23:31:47,561 [main] WARN  i.m.c.i.b.cache.CaffeineCacheMetrics - The cache 'notificationSettings' is not recording statistics. No meters except 'cache.size' will be registered. Call 'Caffeine#recordStats()' prior to building the cache for metrics to be recorded.
2025-12-07 23:31:47,562 [main] WARN  i.m.c.i.b.cache.CaffeineCacheMetrics - The cache 'sentNotifications' is not recording statistics. No meters except 'cache.size' will be registered. Call 'Caffeine#recordStats()' prior to building the cache for metrics to be recorded.
2025-12-07 23:31:47,562 [main] WARN  i.m.c.i.b.cache.CaffeineCacheMetrics - The cache 'attributes' is not recording statistics. No meters except 'cache.size' will be registered. Call 'Caffeine#recordStats()' prior to building the cache for metrics to be recorded.
2025-12-07 23:31:47,564 [main] WARN  i.m.c.i.b.cache.CaffeineCacheMetrics - The cache 'tsLatest' is not recording statistics. No meters except 'cache.size' will be registered. Call 'Caffeine#recordStats()' prior to building the cache for metrics to be recorded.
2025-12-07 23:31:47,565 [main] WARN  i.m.c.i.b.cache.CaffeineCacheMetrics - The cache 'userSessionsInvalidation' is not recording statistics. No meters except 'cache.size' will be registered. Call 'Caffeine#recordStats()' prior to building the cache for metrics to be recorded.
2025-12-07 23:31:47,566 [main] WARN  i.m.c.i.b.cache.CaffeineCacheMetrics - The cache 'otaPackages' is not recording statistics. No meters except 'cache.size' will be registered. Call 'Caffeine#recordStats()' prior to building the cache for metrics to be recorded.
2025-12-07 23:31:47,567 [main] WARN  i.m.c.i.b.cache.CaffeineCacheMetrics - The cache 'otaPackagesData' is not recording statistics. No meters except 'cache.size' will be registered. Call 'Caffeine#recordStats()' prior to building the cache for metrics to be recorded.
2025-12-07 23:31:47,569 [main] WARN  i.m.c.i.b.cache.CaffeineCacheMetrics - The cache 'edges' is not recording statistics. No meters except 'cache.size' will be registered. Call 'Caffeine#recordStats()' prior to building the cache for metrics to be recorded.
2025-12-07 23:31:47,569 [main] WARN  i.m.c.i.b.cache.CaffeineCacheMetrics - The cache 'edgeSessions' is not recording statistics. No meters except 'cache.size' will be registered. Call 'Caffeine#recordStats()' prior to building the cache for metrics to be recorded.
2025-12-07 23:31:47,570 [main] WARN  i.m.c.i.b.cache.CaffeineCacheMetrics - The cache 'relatedEdges' is not recording statistics. No meters except 'cache.size' will be registered. Call 'Caffeine#recordStats()' prior to building the cache for metrics to be recorded.
2025-12-07 23:31:47,570 [main] WARN  i.m.c.i.b.cache.CaffeineCacheMetrics - The cache 'repositorySettings' is not recording statistics. No meters except 'cache.size' will be registered. Call 'Caffeine#recordStats()' prior to building the cache for metrics to be recorded.
2025-12-07 23:31:47,571 [main] WARN  i.m.c.i.b.cache.CaffeineCacheMetrics - The cache 'autoCommitSettings' is not recording statistics. No meters except 'cache.size' will be registered. Call 'Caffeine#recordStats()' prior to building the cache for metrics to be recorded.
2025-12-07 23:31:47,571 [main] WARN  i.m.c.i.b.cache.CaffeineCacheMetrics - The cache 'twoFaVerificationCodes' is not recording statistics. No meters except 'cache.size' will be registered. Call 'Caffeine#recordStats()' prior to building the cache for metrics to be recorded.
2025-12-07 23:31:47,571 [main] WARN  i.m.c.i.b.cache.CaffeineCacheMetrics - The cache 'versionControlTask' is not recording statistics. No meters except 'cache.size' will be registered. Call 'Caffeine#recordStats()' prior to building the cache for metrics to be recorded.
2025-12-07 23:31:47,572 [main] WARN  i.m.c.i.b.cache.CaffeineCacheMetrics - The cache 'userSettings' is not recording statistics. No meters except 'cache.size' will be registered. Call 'Caffeine#recordStats()' prior to building the cache for metrics to be recorded.
2025-12-07 23:31:47,572 [main] WARN  i.m.c.i.b.cache.CaffeineCacheMetrics - The cache 'dashboardTitles' is not recording statistics. No meters except 'cache.size' will be registered. Call 'Caffeine#recordStats()' prior to building the cache for metrics to be recorded.
2025-12-07 23:31:47,572 [main] WARN  i.m.c.i.b.cache.CaffeineCacheMetrics - The cache 'entityCount' is not recording statistics. No meters except 'cache.size' will be registered. Call 'Caffeine#recordStats()' prior to building the cache for metrics to be recorded.
2025-12-07 23:31:47,573 [main] WARN  i.m.c.i.b.cache.CaffeineCacheMetrics - The cache 'resourceInfo' is not recording statistics. No meters except 'cache.size' will be registered. Call 'Caffeine#recordStats()' prior to building the cache for metrics to be recorded.
2025-12-07 23:31:47,573 [main] WARN  i.m.c.i.b.cache.CaffeineCacheMetrics - The cache 'alarmTypes' is not recording statistics. No meters except 'cache.size' will be registered. Call 'Caffeine#recordStats()' prior to building the cache for metrics to be recorded.
2025-12-07 23:31:47,573 [main] WARN  i.m.c.i.b.cache.CaffeineCacheMetrics - The cache 'qrCodeSettings' is not recording statistics. No meters except 'cache.size' will be registered. Call 'Caffeine#recordStats()' prior to building the cache for metrics to be recorded.
2025-12-07 23:31:47,573 [main] WARN  i.m.c.i.b.cache.CaffeineCacheMetrics - The cache 'mobileSecretKey' is not recording statistics. No meters except 'cache.size' will be registered. Call 'Caffeine#recordStats()' prior to building the cache for metrics to be recorded.
2025-12-07 23:31:47,574 [main] WARN  i.m.c.i.b.cache.CaffeineCacheMetrics - The cache 'trendzSettings' is not recording statistics. No meters except 'cache.size' will be registered. Call 'Caffeine#recordStats()' prior to building the cache for metrics to be recorded.
2025-12-07 23:31:47,574 [main] WARN  i.m.c.i.b.cache.CaffeineCacheMetrics - The cache 'aiModel' is not recording statistics. No meters except 'cache.size' will be registered. Call 'Caffeine#recordStats()' prior to building the cache for metrics to be recorded.
2025-12-07 23:31:48,189 [main] INFO  o.s.i.endpoint.EventDrivenConsumer - Adding {logging-channel-adapter:_org.springframework.integration.errorLogger} as a subscriber to the 'errorChannel' channel
2025-12-07 23:31:48,191 [main] INFO  o.s.i.c.PublishSubscribeChannel - Channel 'application.errorChannel' has 1 subscriber(s).
2025-12-07 23:31:48,193 [main] INFO  o.s.i.endpoint.EventDrivenConsumer - started bean '_org.springframework.integration.errorLogger'
2025-12-07 23:31:48,233 [main] INFO  o.a.coyote.http11.Http11NioProtocol - Starting ProtocolHandler ["http-nio-0.0.0.0-9090"]
2025-12-07 23:31:48,268 [main] INFO  o.s.b.w.e.tomcat.TomcatWebServer - Tomcat started on port 9090 (http) with context path '/'
2025-12-07 23:31:48,339 [main] INFO  o.t.s.ThingsboardServerApplication - Started ThingsboardServerApplication in 49.344 seconds (process running for 52.46)
2025-12-07 23:31:48,344 [TB-Scheduling-2] INFO  o.t.s.c.t.s.DefaultTransportService - Transport Stats: openConnections [0]
2025-12-07 23:31:48,370 [main] INFO  o.t.s.q.c.c.QueueConsumerManager - [TB Version Control] Launching consumer
2025-12-07 23:31:48,371 [main] INFO  o.t.s.q.d.HashPartitionService - Recalculating partitions
2025-12-07 23:31:48,372 [main] INFO  o.t.s.q.d.HashPartitionService - [7a74840d7ca7] Found common server: [TB_CORE, TB_RULE_ENGINE, TB_TRANSPORT, JS_EXECUTOR, TB_VC_EXECUTOR, EDQS, TASK_PROCESSOR]
2025-12-07 23:31:48,391 [main] INFO  o.t.s.q.d.HashPartitionService - Partitions changed: 
[QK(CalculatedFields,TB_RULE_ENGINE,system)] - [0, 1, 2, 3, 4, 5, 6, 7, 8, 9]
[QK(CalculatedFieldStates,TB_RULE_ENGINE,system)] - [0, 1, 2, 3, 4, 5, 6, 7, 8, 9]
[QK(HighPriority,TB_RULE_ENGINE,system)] - [0, 1, 2, 3, 4, 5, 6, 7, 8, 9]
[QK(SequentialByOriginator,TB_RULE_ENGINE,system)] - [0, 1, 2, 3, 4, 5, 6, 7, 8, 9]
[QK(Main,TB_RULE_ENGINE,system)] - [0, 1, 2, 3, 4, 5, 6, 7, 8, 9]
2025-12-07 23:31:48,393 [main] INFO  o.t.s.a.service.DefaultActorService - Received partition change event.
2025-12-07 23:31:48,395 [main] INFO  o.t.s.q.d.HashPartitionService - Partitions changed: 
[QK(Main,TB_VC_EXECUTOR,system)] - [0, 1, 2, 3, 4, 5, 6, 7, 8, 9]
2025-12-07 23:31:48,395 [main] INFO  o.t.s.q.d.HashPartitionService - Partitions changed: 
[QK(Main,EDQS,system)] - [0, 1, 10, 11, 2, 3, 4, 5, 6, 7, 8, 9]
2025-12-07 23:31:48,396 [main] INFO  o.t.s.q.d.HashPartitionService - Partitions changed: 
[QK(Main,TB_CORE,system)] - [0, 1, 2, 3, 4, 5, 6, 7, 8, 9]
[QK(Edge,TB_CORE,system)] - [0, 1, 2, 3, 4, 5, 6, 7, 8, 9]
2025-12-07 23:31:48,405 [api-usage-scheduled-19-thread-1] INFO  o.t.s.s.p.AbstractPartitionBasedService - [API Usage] CURRENT PARTITIONS: []
2025-12-07 23:31:48,405 [device-state-scheduled-21-thread-1] INFO  o.t.s.s.p.AbstractPartitionBasedService - [Device State] CURRENT PARTITIONS: []
2025-12-07 23:31:48,405 [api-usage-scheduled-19-thread-1] INFO  o.t.s.s.p.AbstractPartitionBasedService - [API Usage] NEW PARTITIONS: [tb_core.0, tb_core.2, tb_core.4, tb_core.6, tb_core.8, tb_core.1, tb_core.3, tb_core.5, tb_core.7, tb_core.9]
2025-12-07 23:31:48,405 [device-state-scheduled-21-thread-1] INFO  o.t.s.s.p.AbstractPartitionBasedService - [Device State] NEW PARTITIONS: [tb_core.0, tb_core.2, tb_core.4, tb_core.6, tb_core.8, tb_core.1, tb_core.3, tb_core.5, tb_core.7, tb_core.9]
2025-12-07 23:31:48,405 [device-state-scheduled-21-thread-1] INFO  o.t.s.s.p.AbstractPartitionBasedService - [Device State] ADDED PARTITIONS: [tb_core.0, tb_core.2, tb_core.4, tb_core.6, tb_core.8, tb_core.1, tb_core.3, tb_core.5, tb_core.7, tb_core.9]
2025-12-07 23:31:48,405 [main] INFO  o.t.s.a.service.DefaultActorService - Received partition change event.
2025-12-07 23:31:48,405 [device-state-scheduled-21-thread-1] INFO  o.t.s.s.p.AbstractPartitionBasedService - [Device State] REMOVED PARTITIONS: []
2025-12-07 23:31:48,405 [api-usage-scheduled-19-thread-1] INFO  o.t.s.s.p.AbstractPartitionBasedService - [API Usage] ADDED PARTITIONS: [tb_core.0, tb_core.2, tb_core.4, tb_core.6, tb_core.8, tb_core.1, tb_core.3, tb_core.5, tb_core.7, tb_core.9]
2025-12-07 23:31:48,406 [api-usage-scheduled-19-thread-1] INFO  o.t.s.s.p.AbstractPartitionBasedService - [API Usage] REMOVED PARTITIONS: []
2025-12-07 23:31:48,407 [api-usage-scheduled-19-thread-1] INFO  o.t.s.s.a.DefaultTbApiUsageStateService - Initializing tenant states.
2025-12-07 23:31:48,408 [notifications-scheduler-49-thread-1] INFO  o.t.s.s.p.AbstractPartitionBasedService - [Notifications scheduler] CURRENT PARTITIONS: []
2025-12-07 23:31:48,409 [notifications-scheduler-49-thread-1] INFO  o.t.s.s.p.AbstractPartitionBasedService - [Notifications scheduler] NEW PARTITIONS: [tb_core.0, tb_core.2, tb_core.4, tb_core.6, tb_core.8, tb_core.1, tb_core.3, tb_core.5, tb_core.7, tb_core.9]
2025-12-07 23:31:48,409 [notifications-scheduler-49-thread-1] INFO  o.t.s.s.p.AbstractPartitionBasedService - [Notifications scheduler] ADDED PARTITIONS: [tb_core.0, tb_core.2, tb_core.4, tb_core.6, tb_core.8, tb_core.1, tb_core.3, tb_core.5, tb_core.7, tb_core.9]
2025-12-07 23:31:48,409 [notifications-scheduler-49-thread-1] INFO  o.t.s.s.p.AbstractPartitionBasedService - [Notifications scheduler] REMOVED PARTITIONS: []
2025-12-07 23:31:48,412 [tb-core-mgmt-0-1] INFO  o.t.s.q.c.c.MainQueueConsumerManager - [QK(Main,TB_CORE,system)] Added partitions: [tb_core.0, tb_core.2, tb_core.4, tb_core.6, tb_core.8, tb_core.1, tb_core.3, tb_core.5, tb_core.7, tb_core.9], removed partitions: []
2025-12-07 23:31:48,413 [tb-edge-mgmt-0-1] INFO  o.t.s.q.c.c.MainQueueConsumerManager - [QK(Edge,TB_CORE,system)] New partitions: [tb_edge.0, tb_edge.2, tb_edge.4, tb_edge.6, tb_edge.8, tb_edge.1, tb_edge.3, tb_edge.5, tb_edge.7, tb_edge.9]
2025-12-07 23:31:48,413 [main] INFO  o.t.s.t.s.s.SnmpTransportBalancingService - Recalculating partitions for SNMP transports
2025-12-07 23:31:48,415 [main] INFO  o.t.s.t.s.s.SnmpTransportBalancingService - SNMP transports partitions have not changed
2025-12-07 23:31:48,415 [tb-edge-mgmt-0-1] INFO  o.t.s.q.c.c.MainQueueConsumerManager - [QK(Edge,TB_CORE,system)] Launching consumer
2025-12-07 23:31:48,415 [tb-core-mgmt-0-1] INFO  o.t.s.q.c.c.MainQueueConsumerManager - [QK(Main,TB_CORE,system)-0] Launching consumer
2025-12-07 23:31:48,416 [tb-core-mgmt-0-1] INFO  o.t.s.q.c.c.MainQueueConsumerManager - [QK(Main,TB_CORE,system)-2] Launching consumer
2025-12-07 23:31:48,419 [tb-core-mgmt-0-1] INFO  o.t.s.q.c.c.MainQueueConsumerManager - [QK(Main,TB_CORE,system)-4] Launching consumer
2025-12-07 23:31:48,420 [tb-core-mgmt-0-1] INFO  o.t.s.q.c.c.MainQueueConsumerManager - [QK(Main,TB_CORE,system)-6] Launching consumer
2025-12-07 23:31:48,420 [tb-core-mgmt-0-1] INFO  o.t.s.q.c.c.MainQueueConsumerManager - [QK(Main,TB_CORE,system)-8] Launching consumer
2025-12-07 23:31:48,421 [tb-core-mgmt-0-1] INFO  o.t.s.q.c.c.MainQueueConsumerManager - [QK(Main,TB_CORE,system)-1] Launching consumer
2025-12-07 23:31:48,422 [tb-core-mgmt-0-1] INFO  o.t.s.q.c.c.MainQueueConsumerManager - [QK(Main,TB_CORE,system)-3] Launching consumer
2025-12-07 23:31:48,423 [tb-core-mgmt-0-1] INFO  o.t.s.q.c.c.MainQueueConsumerManager - [QK(Main,TB_CORE,system)-5] Launching consumer
2025-12-07 23:31:48,424 [tb-core-mgmt-0-1] INFO  o.t.s.q.c.c.MainQueueConsumerManager - [QK(Main,TB_CORE,system)-7] Launching consumer
2025-12-07 23:31:48,425 [tb-core-mgmt-0-1] INFO  o.t.s.q.c.c.MainQueueConsumerManager - [QK(Main,TB_CORE,system)-9] Launching consumer
2025-12-07 23:31:48,727 [main] INFO  o.t.s.a.service.DefaultActorService - Received application ready event. Sending application init message to actor system
2025-12-07 23:31:48,728 [app-dispatcher-31-thread-1] INFO  o.t.server.actors.app.AppActor - Starting main system actor.
2025-12-07 23:31:48,750 [main] INFO  o.t.s.s.edge.rpc.EdgeGrpcService - Initializing Edge RPC service!
2025-12-07 23:31:48,763 [app-dispatcher-31-thread-1] INFO  o.t.server.actors.app.AppActor - Main system actor started.
2025-12-07 23:31:49,349 [notifications-scheduler-49-thread-1] INFO  o.t.s.s.p.AbstractPartitionBasedService - [Notifications scheduler] Managing following partitions:
2025-12-07 23:31:49,350 [notifications-scheduler-49-thread-1] INFO  o.t.s.s.p.AbstractPartitionBasedService - [Notifications scheduler][tb_core.4]: 0 entities
2025-12-07 23:31:49,350 [notifications-scheduler-49-thread-1] INFO  o.t.s.s.p.AbstractPartitionBasedService - [Notifications scheduler][tb_core.8]: 0 entities
2025-12-07 23:31:49,350 [notifications-scheduler-49-thread-1] INFO  o.t.s.s.p.AbstractPartitionBasedService - [Notifications scheduler][tb_core.0]: 0 entities
2025-12-07 23:31:49,350 [notifications-scheduler-49-thread-1] INFO  o.t.s.s.p.AbstractPartitionBasedService - [Notifications scheduler][tb_core.3]: 0 entities
2025-12-07 23:31:49,350 [notifications-scheduler-49-thread-1] INFO  o.t.s.s.p.AbstractPartitionBasedService - [Notifications scheduler][tb_core.7]: 0 entities
2025-12-07 23:31:49,350 [notifications-scheduler-49-thread-1] INFO  o.t.s.s.p.AbstractPartitionBasedService - [Notifications scheduler][tb_core.2]: 0 entities
2025-12-07 23:31:49,351 [notifications-scheduler-49-thread-1] INFO  o.t.s.s.p.AbstractPartitionBasedService - [Notifications scheduler][tb_core.6]: 0 entities
2025-12-07 23:31:49,351 [notifications-scheduler-49-thread-1] INFO  o.t.s.s.p.AbstractPartitionBasedService - [Notifications scheduler][tb_core.5]: 0 entities
2025-12-07 23:31:49,351 [notifications-scheduler-49-thread-1] INFO  o.t.s.s.p.AbstractPartitionBasedService - [Notifications scheduler][tb_core.1]: 0 entities
2025-12-07 23:31:49,351 [notifications-scheduler-49-thread-1] INFO  o.t.s.s.p.AbstractPartitionBasedService - [Notifications scheduler][tb_core.9]: 0 entities
2025-12-07 23:31:49,454 [device-state-scheduled-21-thread-1] INFO  o.t.s.s.s.DefaultDeviceStateService - [tb_core.6] Submit task for device states: 1
2025-12-07 23:31:49,456 [device-state-scheduled-21-thread-1] INFO  o.t.s.s.s.DefaultDeviceStateService - [tb_core.4] Submit task for device states: 1
2025-12-07 23:31:49,458 [device-state-scheduled-21-thread-1] INFO  o.t.s.s.s.DefaultDeviceStateService - [tb_core.7] Submit task for device states: 1
2025-12-07 23:31:49,458 [device-state-scheduled-21-thread-1] INFO  o.t.s.s.s.DefaultDeviceStateService - [tb_core.9] Submit task for device states: 3
2025-12-07 23:31:49,459 [device-state-scheduled-21-thread-1] INFO  o.t.s.s.s.DefaultDeviceStateService - [tb_core.5] Submit task for device states: 2
2025-12-07 23:31:49,459 [device-state-scheduled-21-thread-1] INFO  o.t.s.s.s.DefaultDeviceStateService - [tb_core.2] Submit task for device states: 2
2025-12-07 23:31:49,459 [device-state-scheduled-21-thread-1] INFO  o.t.s.s.s.DefaultDeviceStateService - [tb_core.1] Submit task for device states: 3
2025-12-07 23:31:49,544 [device-state-0-1] INFO  o.t.s.s.s.DefaultDeviceStateService - [6] Initialized 1 out of 1 device states
2025-12-07 23:31:49,545 [device-state-0-5] INFO  o.t.s.s.s.DefaultDeviceStateService - [5] Initialized 2 out of 2 device states
2025-12-07 23:31:49,544 [device-state-0-2] INFO  o.t.s.s.s.DefaultDeviceStateService - [4] Initialized 1 out of 1 device states
2025-12-07 23:31:49,545 [device-state-0-6] INFO  o.t.s.s.s.DefaultDeviceStateService - [2] Initialized 2 out of 2 device states
2025-12-07 23:31:49,545 [device-state-0-7] INFO  o.t.s.s.s.DefaultDeviceStateService - [1] Initialized 3 out of 3 device states
2025-12-07 23:31:49,545 [device-state-0-3] INFO  o.t.s.s.s.DefaultDeviceStateService - [7] Initialized 1 out of 1 device states
2025-12-07 23:31:49,545 [device-state-0-4] INFO  o.t.s.s.s.DefaultDeviceStateService - [9] Initialized 3 out of 3 device states
2025-12-07 23:31:49,546 [device-state-0-1] INFO  o.t.s.s.p.AbstractPartitionBasedService - [Device State] Managing following partitions:
2025-12-07 23:31:49,546 [device-state-0-1] INFO  o.t.s.s.p.AbstractPartitionBasedService - [Device State][tb_core.4]: 1 entities
2025-12-07 23:31:49,546 [device-state-0-1] INFO  o.t.s.s.p.AbstractPartitionBasedService - [Device State][tb_core.8]: 0 entities
2025-12-07 23:31:49,547 [device-state-0-1] INFO  o.t.s.s.p.AbstractPartitionBasedService - [Device State][tb_core.0]: 0 entities
2025-12-07 23:31:49,547 [device-state-0-1] INFO  o.t.s.s.p.AbstractPartitionBasedService - [Device State][tb_core.3]: 0 entities
2025-12-07 23:31:49,547 [device-state-0-1] INFO  o.t.s.s.p.AbstractPartitionBasedService - [Device State][tb_core.7]: 1 entities
2025-12-07 23:31:49,548 [device-state-0-1] INFO  o.t.s.s.p.AbstractPartitionBasedService - [Device State][tb_core.2]: 2 entities
2025-12-07 23:31:49,548 [device-state-0-1] INFO  o.t.s.s.p.AbstractPartitionBasedService - [Device State][tb_core.6]: 1 entities
2025-12-07 23:31:49,548 [device-state-0-1] INFO  o.t.s.s.p.AbstractPartitionBasedService - [Device State][tb_core.5]: 2 entities
2025-12-07 23:31:49,548 [device-state-0-1] INFO  o.t.s.s.p.AbstractPartitionBasedService - [Device State][tb_core.1]: 3 entities
2025-12-07 23:31:49,548 [device-state-0-1] INFO  o.t.s.s.p.AbstractPartitionBasedService - [Device State][tb_core.9]: 3 entities
2025-12-07 23:31:49,568 [main] INFO  o.t.s.s.edge.rpc.EdgeGrpcService - Going to start Edge RPC server using port: 7070
2025-12-07 23:31:49,774 [DbCallbackExecutorService-0-1] INFO  o.t.s.s.p.AbstractPartitionBasedService - [API Usage] Managing following partitions:
2025-12-07 23:31:49,774 [DbCallbackExecutorService-0-1] INFO  o.t.s.s.p.AbstractPartitionBasedService - [API Usage][tb_core.4]: 0 entities
2025-12-07 23:31:49,774 [DbCallbackExecutorService-0-1] INFO  o.t.s.s.p.AbstractPartitionBasedService - [API Usage][tb_core.8]: 0 entities
2025-12-07 23:31:49,774 [DbCallbackExecutorService-0-1] INFO  o.t.s.s.p.AbstractPartitionBasedService - [API Usage][tb_core.0]: 0 entities
2025-12-07 23:31:49,774 [DbCallbackExecutorService-0-1] INFO  o.t.s.s.p.AbstractPartitionBasedService - [API Usage][tb_core.3]: 1 entities
2025-12-07 23:31:49,774 [DbCallbackExecutorService-0-1] INFO  o.t.s.s.p.AbstractPartitionBasedService - [API Usage][tb_core.7]: 1 entities
2025-12-07 23:31:49,775 [DbCallbackExecutorService-0-1] INFO  o.t.s.s.p.AbstractPartitionBasedService - [API Usage][tb_core.2]: 0 entities
2025-12-07 23:31:49,775 [DbCallbackExecutorService-0-1] INFO  o.t.s.s.p.AbstractPartitionBasedService - [API Usage][tb_core.6]: 0 entities
2025-12-07 23:31:49,775 [DbCallbackExecutorService-0-1] INFO  o.t.s.s.p.AbstractPartitionBasedService - [API Usage][tb_core.5]: 0 entities
2025-12-07 23:31:49,775 [DbCallbackExecutorService-0-1] INFO  o.t.s.s.p.AbstractPartitionBasedService - [API Usage][tb_core.1]: 0 entities
2025-12-07 23:31:49,775 [DbCallbackExecutorService-0-1] INFO  o.t.s.s.p.AbstractPartitionBasedService - [API Usage][tb_core.9]: 0 entities
2025-12-07 23:31:49,779 [main] INFO  o.t.s.s.edge.rpc.EdgeGrpcService - Edge RPC service initialized!
2025-12-07 23:31:49,782 [main] INFO  o.t.s.q.c.c.QueueConsumerManager - [Housekeeper reprocessing] Launching consumer
2025-12-07 23:31:49,784 [main] INFO  o.t.s.q.c.c.QueueConsumerManager - [Housekeeper] Launching consumer
2025-12-07 23:31:49,785 [main] INFO  o.t.s.q.c.c.QueueConsumerManager - [job-stats] Launching consumer
2025-12-07 23:31:49,786 [main] INFO  o.t.s.q.c.c.QueueConsumerManager - [TB Rule Engine Notifications] Launching consumer
2025-12-07 23:31:49,790 [main] INFO  o.t.s.s.q.DefaultTbCalculatedFieldConsumerService - Handling partition change event: PartitionChangeEvent(super=TbApplicationEvent(sequenceNumber=1), serviceType=TB_RULE_ENGINE, newPartitions={QK(CalculatedFields,TB_RULE_ENGINE,system)=[tb_cf_event.1, tb_cf_event.3, tb_cf_event.5, tb_cf_event.7, tb_cf_event.9, tb_cf_event.0, tb_cf_event.2, tb_cf_event.4, tb_cf_event.6, tb_cf_event.8], QK(CalculatedFieldStates,TB_RULE_ENGINE,system)=[tb_cf_state.1, tb_cf_state.3, tb_cf_state.5, tb_cf_state.7, tb_cf_state.9, tb_cf_state.0, tb_cf_state.2, tb_cf_state.4, tb_cf_state.6, tb_cf_state.8], QK(HighPriority,TB_RULE_ENGINE,system)=[tb_rule_engine.hp.1, tb_rule_engine.hp.3, tb_rule_engine.hp.5, tb_rule_engine.hp.7, tb_rule_engine.hp.9, tb_rule_engine.hp.0, tb_rule_engine.hp.2, tb_rule_engine.hp.4, tb_rule_engine.hp.6, tb_rule_engine.hp.8], QK(SequentialByOriginator,TB_RULE_ENGINE,system)=[tb_rule_engine.sq.0, tb_rule_engine.sq.2, tb_rule_engine.sq.4, tb_rule_engine.sq.6, tb_rule_engine.sq.8, tb_rule_engine.sq.1, tb_rule_engine.sq.3, tb_rule_engine.sq.5, tb_rule_engine.sq.7, tb_rule_engine.sq.9], QK(Main,TB_RULE_ENGINE,system)=[tb_rule_engine.main.0, tb_rule_engine.main.2, tb_rule_engine.main.4, tb_rule_engine.main.6, tb_rule_engine.main.8, tb_rule_engine.main.1, tb_rule_engine.main.3, tb_rule_engine.main.5, tb_rule_engine.main.7, tb_rule_engine.main.9]}, oldPartitions={QK(CalculatedFields,TB_RULE_ENGINE,system)=[], QK(CalculatedFieldStates,TB_RULE_ENGINE,system)=[], QK(HighPriority,TB_RULE_ENGINE,system)=[], QK(SequentialByOriginator,TB_RULE_ENGINE,system)=[], QK(Main,TB_VC_EXECUTOR,system)=[], QK(Main,EDQS,system)=[], QK(Main,TB_CORE,system)=[], QK(Edge,TB_CORE,system)=[], QK(Main,TB_RULE_ENGINE,system)=[]})
2025-12-07 23:31:49,801 [main] INFO  o.t.s.q.c.c.QueueConsumerManager - [TB Core Notifications] Launching consumer
2025-12-07 23:31:49,802 [main] INFO  o.t.s.q.c.c.QueueConsumerManager - [TB Ota Package States] Launching consumer
2025-12-07 23:31:49,803 [main] INFO  o.t.s.q.c.c.QueueConsumerManager - [TB Usage Stats] Launching consumer
2025-12-07 23:31:49,803 [tb-cf-mgmt-0-1] INFO  o.t.s.q.c.c.PartitionedQueueConsumerManager - [QK(CalculatedFields,TB_RULE_ENGINE,system)] Added partitions: [tb_cf_event.1, tb_cf_event.3, tb_cf_event.5, tb_cf_event.7, tb_cf_event.9, tb_cf_event.0, tb_cf_event.2, tb_cf_event.4, tb_cf_event.6, tb_cf_event.8]
2025-12-07 23:31:49,803 [tb-cf-mgmt-0-1] INFO  o.t.s.q.c.c.MainQueueConsumerManager - [QK(CalculatedFields,TB_RULE_ENGINE,system)-1] Launching consumer
2025-12-07 23:31:49,804 [main] INFO  o.t.s.q.c.c.QueueConsumerManager - [TB Core Notifications] Launching consumer
2025-12-07 23:31:49,804 [tb-cf-mgmt-0-1] INFO  o.t.s.q.c.c.MainQueueConsumerManager - [QK(CalculatedFields,TB_RULE_ENGINE,system)-3] Launching consumer
2025-12-07 23:31:49,804 [main] INFO  o.t.s.q.c.c.QueueConsumerManager - [TB Rule Engine Notifications] Launching consumer
2025-12-07 23:31:49,805 [tb-cf-mgmt-0-1] INFO  o.t.s.q.c.c.MainQueueConsumerManager - [QK(CalculatedFields,TB_RULE_ENGINE,system)-5] Launching consumer
2025-12-07 23:31:49,806 [tb-cf-mgmt-0-1] INFO  o.t.s.q.c.c.MainQueueConsumerManager - [QK(CalculatedFields,TB_RULE_ENGINE,system)-7] Launching consumer
2025-12-07 23:31:49,806 [notifications-tb-core-consumer-52-thread-11] INFO  o.t.s.s.q.DefaultTbCoreConsumerService - [7a74840d7ca7] Processing core startup with partitions: [0, 1, 2, 3, 4, 5, 6, 7, 8, 9]
2025-12-07 23:31:49,807 [tb-cf-mgmt-0-1] INFO  o.t.s.q.c.c.MainQueueConsumerManager - [QK(CalculatedFields,TB_RULE_ENGINE,system)-9] Launching consumer
2025-12-07 23:31:49,808 [tb-cf-mgmt-0-1] INFO  o.t.s.q.c.c.MainQueueConsumerManager - [QK(CalculatedFields,TB_RULE_ENGINE,system)-0] Launching consumer
2025-12-07 23:31:49,809 [DefaultTbLocalSubscriptionService-0-1] INFO  o.t.s.s.s.DefaultTbLocalSubscriptionService - [7a74840d7ca7] Pushed 0 subscriptions to [7a74840d7ca7]
2025-12-07 23:31:49,809 [tb-cf-mgmt-0-1] INFO  o.t.s.q.c.c.MainQueueConsumerManager - [QK(CalculatedFields,TB_RULE_ENGINE,system)-2] Launching consumer
2025-12-07 23:31:49,810 [tb-cf-mgmt-0-1] INFO  o.t.s.q.c.c.MainQueueConsumerManager - [QK(CalculatedFields,TB_RULE_ENGINE,system)-4] Launching consumer
2025-12-07 23:31:49,811 [tb-cf-mgmt-0-1] INFO  o.t.s.q.c.c.MainQueueConsumerManager - [QK(CalculatedFields,TB_RULE_ENGINE,system)-6] Launching consumer
2025-12-07 23:31:49,813 [tb-cf-mgmt-0-1] INFO  o.t.s.q.c.c.MainQueueConsumerManager - [QK(CalculatedFields,TB_RULE_ENGINE,system)-8] Launching consumer
2025-12-07 23:31:49,816 [main] INFO  o.t.s.s.q.DefaultTbRuleEngineConsumerService - Handling partition change event: PartitionChangeEvent(super=TbApplicationEvent(sequenceNumber=1), serviceType=TB_RULE_ENGINE, newPartitions={QK(CalculatedFields,TB_RULE_ENGINE,system)=[tb_cf_event.1, tb_cf_event.3, tb_cf_event.5, tb_cf_event.7, tb_cf_event.9, tb_cf_event.0, tb_cf_event.2, tb_cf_event.4, tb_cf_event.6, tb_cf_event.8], QK(CalculatedFieldStates,TB_RULE_ENGINE,system)=[tb_cf_state.1, tb_cf_state.3, tb_cf_state.5, tb_cf_state.7, tb_cf_state.9, tb_cf_state.0, tb_cf_state.2, tb_cf_state.4, tb_cf_state.6, tb_cf_state.8], QK(HighPriority,TB_RULE_ENGINE,system)=[tb_rule_engine.hp.1, tb_rule_engine.hp.3, tb_rule_engine.hp.5, tb_rule_engine.hp.7, tb_rule_engine.hp.9, tb_rule_engine.hp.0, tb_rule_engine.hp.2, tb_rule_engine.hp.4, tb_rule_engine.hp.6, tb_rule_engine.hp.8], QK(SequentialByOriginator,TB_RULE_ENGINE,system)=[tb_rule_engine.sq.0, tb_rule_engine.sq.2, tb_rule_engine.sq.4, tb_rule_engine.sq.6, tb_rule_engine.sq.8, tb_rule_engine.sq.1, tb_rule_engine.sq.3, tb_rule_engine.sq.5, tb_rule_engine.sq.7, tb_rule_engine.sq.9], QK(Main,TB_RULE_ENGINE,system)=[tb_rule_engine.main.0, tb_rule_engine.main.2, tb_rule_engine.main.4, tb_rule_engine.main.6, tb_rule_engine.main.8, tb_rule_engine.main.1, tb_rule_engine.main.3, tb_rule_engine.main.5, tb_rule_engine.main.7, tb_rule_engine.main.9]}, oldPartitions={QK(CalculatedFields,TB_RULE_ENGINE,system)=[], QK(CalculatedFieldStates,TB_RULE_ENGINE,system)=[], QK(HighPriority,TB_RULE_ENGINE,system)=[], QK(SequentialByOriginator,TB_RULE_ENGINE,system)=[], QK(Main,TB_VC_EXECUTOR,system)=[], QK(Main,EDQS,system)=[], QK(Main,TB_CORE,system)=[], QK(Edge,TB_CORE,system)=[], QK(Main,TB_RULE_ENGINE,system)=[]})
2025-12-07 23:31:49,820 [tb-rule-engine-mgmt-0-1] INFO  o.t.s.q.c.c.MainQueueConsumerManager - [QK(HighPriority,TB_RULE_ENGINE,system)] Added partitions: [tb_rule_engine.hp.1, tb_rule_engine.hp.3, tb_rule_engine.hp.5, tb_rule_engine.hp.7, tb_rule_engine.hp.9, tb_rule_engine.hp.0, tb_rule_engine.hp.2, tb_rule_engine.hp.4, tb_rule_engine.hp.6, tb_rule_engine.hp.8], removed partitions: []
2025-12-07 23:31:49,820 [tb-rule-engine-mgmt-0-1] INFO  o.t.s.q.c.c.MainQueueConsumerManager - [QK(HighPriority,TB_RULE_ENGINE,system)-1] Launching consumer
2025-12-07 23:31:49,820 [main] INFO  o.t.s.s.t.TbCoreTransportApiService - Received application ready event. Starting polling for events.
2025-12-07 23:31:49,821 [tb-rule-engine-mgmt-0-2] INFO  o.t.s.q.c.c.MainQueueConsumerManager - [QK(SequentialByOriginator,TB_RULE_ENGINE,system)] Added partitions: [tb_rule_engine.sq.0, tb_rule_engine.sq.2, tb_rule_engine.sq.4, tb_rule_engine.sq.6, tb_rule_engine.sq.8, tb_rule_engine.sq.1, tb_rule_engine.sq.3, tb_rule_engine.sq.5, tb_rule_engine.sq.7, tb_rule_engine.sq.9], removed partitions: []
2025-12-07 23:31:49,821 [tb-rule-engine-mgmt-0-2] INFO  o.t.s.q.c.c.MainQueueConsumerManager - [QK(SequentialByOriginator,TB_RULE_ENGINE,system)-0] Launching consumer
2025-12-07 23:31:49,821 [tb-rule-engine-mgmt-0-3] INFO  o.t.s.q.c.c.MainQueueConsumerManager - [QK(Main,TB_RULE_ENGINE,system)] Added partitions: [tb_rule_engine.main.0, tb_rule_engine.main.2, tb_rule_engine.main.4, tb_rule_engine.main.6, tb_rule_engine.main.8, tb_rule_engine.main.1, tb_rule_engine.main.3, tb_rule_engine.main.5, tb_rule_engine.main.7, tb_rule_engine.main.9], removed partitions: []
2025-12-07 23:31:49,822 [tb-rule-engine-mgmt-0-1] INFO  o.t.s.q.c.c.MainQueueConsumerManager - [QK(HighPriority,TB_RULE_ENGINE,system)-3] Launching consumer
2025-12-07 23:31:49,822 [tb-rule-engine-mgmt-0-3] INFO  o.t.s.q.c.c.MainQueueConsumerManager - [QK(Main,TB_RULE_ENGINE,system)-0] Launching consumer
2025-12-07 23:31:49,823 [tb-rule-engine-mgmt-0-2] INFO  o.t.s.q.c.c.MainQueueConsumerManager - [QK(SequentialByOriginator,TB_RULE_ENGINE,system)-2] Launching consumer
2025-12-07 23:31:49,823 [tb-rule-engine-mgmt-0-1] INFO  o.t.s.q.c.c.MainQueueConsumerManager - [QK(HighPriority,TB_RULE_ENGINE,system)-5] Launching consumer
2025-12-07 23:31:49,824 [tb-rule-engine-mgmt-0-3] INFO  o.t.s.q.c.c.MainQueueConsumerManager - [QK(Main,TB_RULE_ENGINE,system)-2] Launching consumer
2025-12-07 23:31:49,824 [tb-rule-engine-mgmt-0-2] INFO  o.t.s.q.c.c.MainQueueConsumerManager - [QK(SequentialByOriginator,TB_RULE_ENGINE,system)-4] Launching consumer
2025-12-07 23:31:49,824 [tb-rule-engine-mgmt-0-1] INFO  o.t.s.q.c.c.MainQueueConsumerManager - [QK(HighPriority,TB_RULE_ENGINE,system)-7] Launching consumer
2025-12-07 23:31:49,825 [tb-rule-engine-mgmt-0-3] INFO  o.t.s.q.c.c.MainQueueConsumerManager - [QK(Main,TB_RULE_ENGINE,system)-4] Launching consumer
2025-12-07 23:31:49,825 [tb-rule-engine-mgmt-0-2] INFO  o.t.s.q.c.c.MainQueueConsumerManager - [QK(SequentialByOriginator,TB_RULE_ENGINE,system)-6] Launching consumer
2025-12-07 23:31:49,826 [main] INFO  o.t.s.q.c.c.QueueConsumerManager - [TB Transport] Launching consumer
2025-12-07 23:31:49,826 [tb-rule-engine-mgmt-0-1] INFO  o.t.s.q.c.c.MainQueueConsumerManager - [QK(HighPriority,TB_RULE_ENGINE,system)-9] Launching consumer
2025-12-07 23:31:49,827 [tb-rule-engine-mgmt-0-3] INFO  o.t.s.q.c.c.MainQueueConsumerManager - [QK(Main,TB_RULE_ENGINE,system)-6] Launching consumer
2025-12-07 23:31:49,828 [tb-rule-engine-mgmt-0-2] INFO  o.t.s.q.c.c.MainQueueConsumerManager - [QK(SequentialByOriginator,TB_RULE_ENGINE,system)-8] Launching consumer
2025-12-07 23:31:49,830 [tb-rule-engine-mgmt-0-1] INFO  o.t.s.q.c.c.MainQueueConsumerManager - [QK(HighPriority,TB_RULE_ENGINE,system)-0] Launching consumer
2025-12-07 23:31:49,831 [tb-rule-engine-mgmt-0-2] INFO  o.t.s.q.c.c.MainQueueConsumerManager - [QK(SequentialByOriginator,TB_RULE_ENGINE,system)-1] Launching consumer
2025-12-07 23:31:49,832 [tb-rule-engine-mgmt-0-3] INFO  o.t.s.q.c.c.MainQueueConsumerManager - [QK(Main,TB_RULE_ENGINE,system)-8] Launching consumer
2025-12-07 23:31:49,833 [tb-rule-engine-mgmt-0-3] INFO  o.t.s.q.c.c.MainQueueConsumerManager - [QK(Main,TB_RULE_ENGINE,system)-1] Launching consumer
2025-12-07 23:31:49,834 [tb-rule-engine-mgmt-0-2] INFO  o.t.s.q.c.c.MainQueueConsumerManager - [QK(SequentialByOriginator,TB_RULE_ENGINE,system)-3] Launching consumer
2025-12-07 23:31:49,834 [tb-rule-engine-mgmt-0-1] INFO  o.t.s.q.c.c.MainQueueConsumerManager - [QK(HighPriority,TB_RULE_ENGINE,system)-2] Launching consumer
2025-12-07 23:31:49,835 [tb-rule-engine-mgmt-0-3] INFO  o.t.s.q.c.c.MainQueueConsumerManager - [QK(Main,TB_RULE_ENGINE,system)-3] Launching consumer
2025-12-07 23:31:49,836 [tb-rule-engine-mgmt-0-2] INFO  o.t.s.q.c.c.MainQueueConsumerManager - [QK(SequentialByOriginator,TB_RULE_ENGINE,system)-5] Launching consumer
2025-12-07 23:31:49,836 [tb-rule-engine-mgmt-0-1] INFO  o.t.s.q.c.c.MainQueueConsumerManager - [QK(HighPriority,TB_RULE_ENGINE,system)-4] Launching consumer
2025-12-07 23:31:49,837 [tb-rule-engine-mgmt-0-3] INFO  o.t.s.q.c.c.MainQueueConsumerManager - [QK(Main,TB_RULE_ENGINE,system)-5] Launching consumer
2025-12-07 23:31:49,838 [tb-rule-engine-mgmt-0-1] INFO  o.t.s.q.c.c.MainQueueConsumerManager - [QK(HighPriority,TB_RULE_ENGINE,system)-6] Launching consumer
2025-12-07 23:31:49,838 [tb-rule-engine-mgmt-0-2] INFO  o.t.s.q.c.c.MainQueueConsumerManager - [QK(SequentialByOriginator,TB_RULE_ENGINE,system)-7] Launching consumer
2025-12-07 23:31:49,839 [tb-rule-engine-mgmt-0-3] INFO  o.t.s.q.c.c.MainQueueConsumerManager - [QK(Main,TB_RULE_ENGINE,system)-7] Launching consumer
2025-12-07 23:31:49,839 [tb-rule-engine-mgmt-0-1] INFO  o.t.s.q.c.c.MainQueueConsumerManager - [QK(HighPriority,TB_RULE_ENGINE,system)-8] Launching consumer
2025-12-07 23:31:49,839 [tb-rule-engine-mgmt-0-2] INFO  o.t.s.q.c.c.MainQueueConsumerManager - [QK(SequentialByOriginator,TB_RULE_ENGINE,system)-9] Launching consumer
2025-12-07 23:31:49,841 [tb-rule-engine-mgmt-0-3] INFO  o.t.s.q.c.c.MainQueueConsumerManager - [QK(Main,TB_RULE_ENGINE,system)-9] Launching consumer
2025-12-07 23:31:49,893 [main] INFO  o.e.c.c.network.RandomTokenGenerator - using tokens of 8 bytes in length
2025-12-07 23:31:49,893 [main] INFO  o.e.c.core.network.CoapEndpoint - [LWM2M Server-coap://0.0.0.0:5685] CoapEndpoint uses udp context
2025-12-07 23:31:49,893 [main] INFO  o.e.c.c.network.stack.BlockwiseLayer - [LWM2M Server-coap://0.0.0.0:5685] BlockwiseLayer uses MAX_MESSAGE_SIZE=1024, PREFERRED_BLOCK_SIZE=1024, BLOCKWISE_STATUS_LIFETIME=300000, MAX_RESOURCE_BODY_SIZE=268435456, BLOCKWISE_STRICT_BLOCK2_OPTION=true
2025-12-07 23:31:49,899 [main] INFO  o.t.s.t.l.s.DefaultLwM2mTransportService - Unable to load X509 files for LWM2MServer
2025-12-07 23:31:49,900 [main] WARN  o.e.l.s.c.e.c.CoapsServerEndpointFactory - PskStore should be automatically set by Leshan. Using a custom implementation is not advised.
2025-12-07 23:31:49,901 [main] INFO  o.e.c.s.d.InMemoryReadWriteLockConnectionStore - Created new InMemoryConnectionStore [capacity: 150000, connection expiration threshold: 1800s]
2025-12-07 23:31:49,902 [main] INFO  o.e.c.c.network.RandomTokenGenerator - using tokens of 8 bytes in length
2025-12-07 23:31:49,902 [main] INFO  o.e.c.core.network.CoapEndpoint - [LWM2M Server-coaps://0.0.0.0:5686] CoapEndpoint uses lwm2m correlation
2025-12-07 23:31:49,902 [main] INFO  o.e.c.c.network.stack.BlockwiseLayer - [LWM2M Server-coaps://0.0.0.0:5686] BlockwiseLayer uses MAX_MESSAGE_SIZE=1024, PREFERRED_BLOCK_SIZE=1024, BLOCKWISE_STATUS_LIFETIME=300000, MAX_RESOURCE_BODY_SIZE=268435456, BLOCKWISE_STRICT_BLOCK2_OPTION=true
2025-12-07 23:31:49,916 [main] INFO  o.t.s.t.l.s.DefaultLwM2mTransportService - Starting LwM2M transport server...
2025-12-07 23:31:49,917 [main] INFO  o.e.californium.core.CoapServer - Starting server
2025-12-07 23:31:49,922 [main] INFO  o.e.c.elements.UDPConnector - UDPConnector starts up 2 sender threads and 2 receiver threads
2025-12-07 23:31:49,925 [main] INFO  o.e.c.elements.UDPConnector - UDPConnector listening on /[0:0:0:0:0:0:0:0]:5685, recv buf = 106496, send buf = 106496, recv packet size = 2048
2025-12-07 23:31:49,925 [main] INFO  o.e.c.core.network.CoapEndpoint - [LWM2M Server-coap://0.0.0.0:5685] Started endpoint at coap://[0:0:0:0:0:0:0:0]:5685
2025-12-07 23:31:49,933 [main] INFO  o.e.c.scandium.DTLSConnector - multiple network interfaces, using smallest MTU [IPv4 1500, IPv6 1280]
2025-12-07 23:31:49,936 [DTLS-Receiver-0-/[0:0:0:0:0:0:0:0]:5686] INFO  o.e.c.scandium.DTLSConnector - Starting worker thread [DTLS-Receiver-0-/[0:0:0:0:0:0:0:0]:5686]
2025-12-07 23:31:49,936 [main] INFO  o.e.c.scandium.DTLSConnector - DTLSConnector listening on /[0:0:0:0:0:0:0:0]:5686, recv buf = 106496, send buf = 106496, recv packet size = 16490, MTU = IPv4 1500 / IPv6 1280
2025-12-07 23:31:49,936 [DTLS-Receiver-1-/[0:0:0:0:0:0:0:0]:5686] INFO  o.e.c.scandium.DTLSConnector - Starting worker thread [DTLS-Receiver-1-/[0:0:0:0:0:0:0:0]:5686]
2025-12-07 23:31:49,936 [main] INFO  o.e.c.core.network.CoapEndpoint - [LWM2M Server-coaps://0.0.0.0:5686] Started endpoint at coaps://[0:0:0:0:0:0:0:0]:5686
2025-12-07 23:31:49,936 [main] INFO  o.eclipse.leshan.server.LeshanServer - LWM2M server started.
2025-12-07 23:31:49,936 [main] INFO  o.eclipse.leshan.server.LeshanServer - CoAP over UDP endpoint based on Californium library available at coap://[0:0:0:0:0:0:0:0]:5685.
2025-12-07 23:31:49,937 [main] INFO  o.eclipse.leshan.server.LeshanServer - CoAP over DTLS endpoint based on Californium/Scandium library available at coaps://[0:0:0:0:0:0:0:0]:5686.
2025-12-07 23:31:49,942 [main] INFO  o.t.s.t.l.s.DefaultLwM2mTransportService - Started LwM2M transport server.
2025-12-07 23:31:49,943 [main] INFO  o.t.s.t.snmp.SnmpTransportContext - Initializing SNMP devices sessions
2025-12-07 23:31:50,773 [main] INFO  o.t.s.ThingsboardServerApplication - Started ThingsBoard in 52 seconds
2025-12-07 23:31:50,794 [sql-log-2-thread-1] INFO  o.t.s.dao.sql.TbSqlBlockingQueue - Queue-1 [TS] queueSize [1] totalAdded [2] totalSaved [0] totalFailed [0]
2025-12-07 23:31:50,828 [sql-log-2-thread-1] INFO  o.t.s.dao.sql.TbSqlBlockingQueue - Queue-1 [TS Latest] queueSize [2] totalAdded [3] totalSaved [0] totalFailed [0]
2025-12-07 23:31:51,048 [rule-dispatcher-0-5] INFO  o.t.s.d.s.i.s.SqlPartitioningRepository - Saving partition 1764806400000-1765411200000 for table lc_event
2025-12-07 23:31:51,397 [git-sync-43-thread-1] INFO  o.t.s.s.sync.DefaultGitSyncService - [gateways-dashboard] Initialized repository
2025-12-07 23:31:52,327 [rule-dispatcher-0-6] INFO  c.d.oss.driver.api.core.uuid.Uuids - PID obtained through native call to getpid(): 22
2025-12-07 23:31:53,409 [git-sync-43-thread-1] INFO  o.t.s.d.resource.BaseResourceService - Updating system resource gateway-management-extension.js
2025-12-07 23:31:53,427 [git-sync-43-thread-1] INFO  org.owasp.validator.html.Policy - Attempting to load AntiSamy policy from an input stream.
2025-12-07 23:31:53,618 [git-sync-43-thread-1] WARN  org.owasp.validator.html.Policy - The directive "noopenerAndNoreferrerAnchors" is enabled by default, but disabled in this policy. It is recommended to leave it enabled to prevent reverse tabnabbing attacks.
2025-12-07 23:31:53,845 [app-dispatcher-31-thread-1] WARN  o.t.server.actors.app.AppActor - Message has system tenant id: ComponentLifecycleMsg(tenantId=13814000-1dd2-11b2-8080-808080808080, entityId=54758d20-ccf1-11f0-81f3-0bf1425738f5, event=UPDATED, oldName=null, name=null, oldProfileId=null, profileId=null, info=null)
2025-12-07 23:31:54,223 [app-dispatcher-31-thread-1] WARN  o.t.server.actors.app.AppActor - Message has system tenant id: ComponentLifecycleMsg(tenantId=13814000-1dd2-11b2-8080-808080808080, entityId=5471bc90-ccf1-11f0-81f3-0bf1425738f5, event=UPDATED, oldName=null, name=null, oldProfileId=null, profileId=null, info=null)
2025-12-07 23:31:54,770 [git-sync-43-thread-1] INFO  o.t.s.d.resource.BaseResourceService - Updating system resource gateways_dashboard.json
2025-12-07 23:31:54,781 [git-sync-43-thread-1] INFO  o.t.s.s.e.d.DashboardSyncService - Gateways dashboard sync completed
2025-12-07 23:31:54,803 [app-dispatcher-31-thread-1] WARN  o.t.server.actors.app.AppActor - Message has system tenant id: ComponentLifecycleMsg(tenantId=13814000-1dd2-11b2-8080-808080808080, entityId=5485b9c0-ccf1-11f0-81f3-0bf1425738f5, event=UPDATED, oldName=null, name=null, oldProfileId=null, profileId=null, info=null)
2025-12-07 23:31:57,562 [http-nio-0.0.0.0-9090-exec-1] INFO  o.a.c.c.C.[Tomcat].[localhost].[/] - Initializing Spring DispatcherServlet 'dispatcherServlet'
2025-12-07 23:31:57,562 [http-nio-0.0.0.0-9090-exec-1] INFO  o.s.web.servlet.DispatcherServlet - Initializing Servlet 'dispatcherServlet'
2025-12-07 23:31:57,567 [http-nio-0.0.0.0-9090-exec-1] INFO  o.s.web.servlet.DispatcherServlet - Completed initialization in 5 ms
2025-12-07 23:31:58,136 [sql-log-2-thread-1] INFO  o.t.s.dao.sql.TbSqlBlockingQueue - Queue-0 [Events] queueSize [0] totalAdded [2] totalSaved [2] totalFailed [0]
2025-12-07 23:31:58,137 [sql-log-2-thread-1] INFO  o.t.s.dao.sql.TbSqlBlockingQueue - Queue-1 [Events] queueSize [0] totalAdded [9] totalSaved [9] totalFailed [0]
2025-12-07 23:31:58,138 [sql-log-2-thread-1] INFO  o.t.s.dao.sql.TbSqlBlockingQueue - Queue-2 [Events] queueSize [0] totalAdded [7] totalSaved [7] totalFailed [0]
2025-12-07 23:32:00,776 [sql-log-2-thread-1] INFO  o.t.s.dao.sql.TbSqlBlockingQueue - Queue-1 [TS] queueSize [0] totalAdded [5] totalSaved [7] totalFailed [0]
2025-12-07 23:32:00,814 [sql-log-2-thread-1] INFO  o.t.s.dao.sql.TbSqlBlockingQueue - Queue-1 [TS Latest] queueSize [0] totalAdded [4] totalSaved [7] totalFailed [0]
2025-12-07 23:32:02,794 [http-nio-0.0.0.0-9090-exec-2] INFO  o.t.s.c.plugin.TbWebSocketHandler - [5489b160-ccf1-11f0-81f3-0bf1425738f5][550b6480-ccf1-11f0-81f3-0bf1425738f5][cf312cc9-96f8-481a-94ce-17b6731fc764][347f6e01-44a3-6052-1d15-7a6634c460d3] Session established from address: /172.18.0.1:44870
2025-12-07 23:32:08,345 [TB-Scheduling-14] INFO  o.t.s.s.s.DefaultTbEntityDataSubscriptionService - Stats: regularQueryInvocationCnt = [7], regularQueryInvocationTime = [30], dynamicQueryCnt = [6] dynamicQueryInvocationCnt = [0], dynamicQueryInvocationTime = [0], alarmQueryInvocationCnt = [0], alarmQueryInvocationTime = [0]
2025-12-07 23:32:18,346 [TB-Scheduling-10] INFO  o.t.s.s.s.DefaultTbEntityDataSubscriptionService - Stats: regularQueryInvocationCnt = [0], regularQueryInvocationTime = [0], dynamicQueryCnt = [6] dynamicQueryInvocationCnt = [0], dynamicQueryInvocationTime = [0], alarmQueryInvocationCnt = [0], alarmQueryInvocationTime = [0]
2025-12-07 23:32:21,129 [rule-dispatcher-0-4] INFO  o.t.s.d.s.i.s.SqlPartitioningRepository - Saving partition 1764806400000-1765411200000 for table error_event
2025-12-07 23:32:21,132 [rule-dispatcher-0-4] INFO  o.t.server.actors.TbActorMailbox - [RULE_NODE|4ee21770-cf62-11f0-b928-f5b3ab8e93ac] Failed to init actor, attempt 1, going to retry in attempts in 5000ms
2025-12-07 23:32:28,133 [sql-log-2-thread-1] INFO  o.t.s.dao.sql.TbSqlBlockingQueue - Queue-1 [Events] queueSize [0] totalAdded [2] totalSaved [2] totalFailed [0]
2025-12-07 23:32:30,083 [DefaultWebSocketService-0-2] WARN  o.t.s.s.s.TbEntityRemoteSubsInfo - [5489b160-ccf1-11f0-81f3-0bf1425738f5][2e112f10-ccf4-11f0-9325-87376abd1036] Duplicate subscription event received. Current: TbSubscriptionsInfo(notifications=false, alarms=true, tsAllKeys=false, tsKeys=[percentage-2, percentage, flowRate], attrAllKeys=false, attrKeys=null, seqNumber=4), Event: TbSubscriptionsInfo(notifications=false, alarms=true, tsAllKeys=false, tsKeys=[percentage, flowRate], attrAllKeys=false, attrKeys=null, seqNumber=3)
2025-12-07 23:32:38,344 [TB-Scheduling-5] INFO  o.t.s.s.s.DefaultTbEntityDataSubscriptionService - Stats: regularQueryInvocationCnt = [0], regularQueryInvocationTime = [0], dynamicQueryCnt = [0] dynamicQueryInvocationCnt = [0], dynamicQueryInvocationTime = [0], alarmQueryInvocationCnt = [2], alarmQueryInvocationTime = [697]
2025-12-07 23:32:48,318 [TB-Scheduling-13] INFO  o.t.s.dao.aspect.SqlDaoCallsAspect - Total timing statistics below:
2025-12-07 23:32:48,320 [TB-Scheduling-13] INFO  o.t.s.dao.aspect.SqlDaoCallsAspect - [5489b160-ccf1-11f0-81f3-0bf1425738f5]: calls: 84, failures: 0, exec time: 8068 
2025-12-07 23:32:48,320 [TB-Scheduling-13] INFO  o.t.s.dao.aspect.SqlDaoCallsAspect - [5489b160-ccf1-11f0-81f3-0bf1425738f5] Top 3 methods by timing:
2025-12-07 23:32:48,321 [TB-Scheduling-13] INFO  o.t.s.dao.aspect.SqlDaoCallsAspect - [5489b160-ccf1-11f0-81f3-0bf1425738f5]: method: JpaRelationDao.findAllByFrom(..), calls: 3, failures: 0, exec time: 2646
2025-12-07 23:32:48,321 [TB-Scheduling-13] INFO  o.t.s.dao.aspect.SqlDaoCallsAspect - [5489b160-ccf1-11f0-81f3-0bf1425738f5]: method: JpaAbstractDao.findById(..), calls: 42, failures: 0, exec time: 1788
2025-12-07 23:32:48,321 [TB-Scheduling-13] INFO  o.t.s.dao.aspect.SqlDaoCallsAspect - [5489b160-ccf1-11f0-81f3-0bf1425738f5]: method: JpaAttributeDao.find(..), calls: 2, failures: 0, exec time: 745
2025-12-07 23:32:48,341 [TB-Scheduling-14] INFO  o.t.s.s.queue.TbCoreConsumerStats - Core Stats: totalMsgs = [4] sessionEvents = [0] getAttr = [0] subToAttr = [0] subToRpc = [0] toDevRpc = [0] subInfo = [0] claimDevice = [0] deviceState = [0] subMsgs = [0] deviceConnect = [0] deviceActivity = [0] deviceDisconnect = [0] deviceInactivity = [0] deviceInactivityTimeoutUpdate = [0] coreNfOther = [1] coreNfCompLfcl = [3] coreNfDevRpcRsp = [0] coreNfNfRlProc = [0] coreNfQueueUpd = [0] coreNfQueueDel = [0] coreNfSubSvc = [0] coreNfSubMgr = [0] coreNfVCRsp = [0] 
2025-12-07 23:32:48,341 [TB-Scheduling-9] INFO  o.t.s.c.t.s.DefaultTransportService - Transport Stats: openConnections [0]
2025-12-07 23:32:48,345 [TB-Scheduling-10] INFO  o.t.s.s.queue.EdgeConsumerStats - Edge Stats: totalMsgs = [14] edgeNfs = [14] coreNfEdgeHPUpd = [0] coreNfEdgeUpd = [0] coreNfEdgeSyncReq = [0] coreNfEdgeSyncResp = [0] coreNfEdgeCompLfcl = [0] 
2025-12-07 23:32:56,140 [rule-dispatcher-0-4] INFO  o.t.server.actors.TbActorMailbox - [RULE_NODE|4ee21770-cf62-11f0-b928-f5b3ab8e93ac] Failed to init actor, attempt 2, going to retry in attempts in 10000ms
2025-12-07 23:32:58,130 [sql-log-2-thread-1] INFO  o.t.s.dao.sql.TbSqlBlockingQueue - Queue-1 [Events] queueSize [0] totalAdded [2] totalSaved [2] totalFailed [0]
2025-12-07 23:32:58,346 [TB-Scheduling-2] INFO  o.t.s.s.s.DefaultTbEntityDataSubscriptionService - Stats: regularQueryInvocationCnt = [4], regularQueryInvocationTime = [13], dynamicQueryCnt = [0] dynamicQueryInvocationCnt = [0], dynamicQueryInvocationTime = [0], alarmQueryInvocationCnt = [4], alarmQueryInvocationTime = [14]
2025-12-07 23:33:00,770 [sql-log-2-thread-1] INFO  o.t.s.dao.sql.TbSqlBlockingQueue - Queue-1 [TS] queueSize [0] totalAdded [7] totalSaved [7] totalFailed [0]
2025-12-07 23:33:00,808 [sql-log-2-thread-1] INFO  o.t.s.dao.sql.TbSqlBlockingQueue - Queue-1 [TS Latest] queueSize [0] totalAdded [7] totalSaved [7] totalFailed [0]
2025-12-07 23:33:18,344 [TB-Scheduling-14] INFO  o.t.s.s.s.DefaultTbEntityDataSubscriptionService - Stats: regularQueryInvocationCnt = [4], regularQueryInvocationTime = [12], dynamicQueryCnt = [0] dynamicQueryInvocationCnt = [0], dynamicQueryInvocationTime = [0], alarmQueryInvocationCnt = [2], alarmQueryInvocationTime = [7]
2025-12-07 23:33:20,770 [sql-log-2-thread-1] INFO  o.t.s.dao.sql.TbSqlBlockingQueue - Queue-1 [TS] queueSize [0] totalAdded [4] totalSaved [4] totalFailed [0]
2025-12-07 23:33:20,808 [sql-log-2-thread-1] INFO  o.t.s.dao.sql.TbSqlBlockingQueue - Queue-1 [TS Latest] queueSize [0] totalAdded [4] totalSaved [4] totalFailed [0]
2025-12-07 23:33:28,345 [TB-Scheduling-10] INFO  o.t.s.s.s.DefaultTbEntityDataSubscriptionService - Stats: regularQueryInvocationCnt = [0], regularQueryInvocationTime = [0], dynamicQueryCnt = [0] dynamicQueryInvocationCnt = [0], dynamicQueryInvocationTime = [0], alarmQueryInvocationCnt = [6], alarmQueryInvocationTime = [11]
2025-12-07 23:33:36,141 [rule-dispatcher-0-4] INFO  o.t.server.actors.TbActorMailbox - [RULE_NODE|4ee21770-cf62-11f0-b928-f5b3ab8e93ac] Failed to init actor, attempt 3, going to retry in attempts in 15000ms
2025-12-07 23:33:38,124 [sql-log-2-thread-1] INFO  o.t.s.dao.sql.TbSqlBlockingQueue - Queue-1 [Events] queueSize [0] totalAdded [2] totalSaved [2] totalFailed [0]
2025-12-07 23:33:48,316 [TB-Scheduling-5] INFO  o.t.s.dao.aspect.SqlDaoCallsAspect - Total timing statistics below:
2025-12-07 23:33:48,316 [TB-Scheduling-5] INFO  o.t.s.dao.aspect.SqlDaoCallsAspect - [5489b160-ccf1-11f0-81f3-0bf1425738f5]: calls: 20, failures: 0, exec time: 63 
2025-12-07 23:33:48,316 [TB-Scheduling-5] INFO  o.t.s.dao.aspect.SqlDaoCallsAspect - [5489b160-ccf1-11f0-81f3-0bf1425738f5] Top 3 methods by timing:
2025-12-07 23:33:48,316 [TB-Scheduling-5] INFO  o.t.s.dao.aspect.SqlDaoCallsAspect - [5489b160-ccf1-11f0-81f3-0bf1425738f5]: method: JpaAlarmDao.findActiveOriginatorAlarms(..), calls: 16, failures: 0, exec time: 47
2025-12-07 23:33:48,316 [TB-Scheduling-5] INFO  o.t.s.dao.aspect.SqlDaoCallsAspect - [5489b160-ccf1-11f0-81f3-0bf1425738f5]: method: JpaDeviceDao.findDeviceByTenantIdAndId(..), calls: 1, failures: 0, exec time: 5
2025-12-07 23:33:48,316 [TB-Scheduling-5] INFO  o.t.s.dao.aspect.SqlDaoCallsAspect - [5489b160-ccf1-11f0-81f3-0bf1425738f5]: method: JpaDashboardInfoDao.findDashboardsByTenantId(..), calls: 1, failures: 0, exec time: 4
2025-12-07 23:33:48,336 [TB-Scheduling-9] INFO  o.t.s.c.t.s.DefaultTransportService - Transport Stats: openConnections [0]
2025-12-07 23:33:48,343 [TB-Scheduling-14] INFO  o.t.s.s.s.DefaultTbEntityDataSubscriptionService - Stats: regularQueryInvocationCnt = [4], regularQueryInvocationTime = [17], dynamicQueryCnt = [0] dynamicQueryInvocationCnt = [0], dynamicQueryInvocationTime = [0], alarmQueryInvocationCnt = [4], alarmQueryInvocationTime = [18]
2025-12-07 23:34:00,764 [sql-log-2-thread-1] INFO  o.t.s.dao.sql.TbSqlBlockingQueue - Queue-1 [TS] queueSize [0] totalAdded [7] totalSaved [7] totalFailed [0]
2025-12-07 23:34:00,802 [sql-log-2-thread-1] INFO  o.t.s.dao.sql.TbSqlBlockingQueue - Queue-1 [TS Latest] queueSize [0] totalAdded [7] totalSaved [7] totalFailed [0]
2025-12-07 23:34:20,764 [sql-log-2-thread-1] INFO  o.t.s.dao.sql.TbSqlBlockingQueue - Queue-1 [TS] queueSize [0] totalAdded [4] totalSaved [4] totalFailed [0]
2025-12-07 23:34:20,802 [sql-log-2-thread-1] INFO  o.t.s.dao.sql.TbSqlBlockingQueue - Queue-1 [TS Latest] queueSize [0] totalAdded [4] totalSaved [4] totalFailed [0]
2025-12-07 23:34:21,147 [rule-dispatcher-0-4] INFO  o.t.server.actors.TbActorMailbox - [RULE_NODE|4ee21770-cf62-11f0-b928-f5b3ab8e93ac] Failed to init actor, attempt 4, going to retry in attempts in 20000ms
2025-12-07 23:34:28,121 [sql-log-2-thread-1] INFO  o.t.s.dao.sql.TbSqlBlockingQueue - Queue-1 [Events] queueSize [0] totalAdded [2] totalSaved [2] totalFailed [0]
2025-12-07 23:34:48,310 [TB-Scheduling-16] INFO  o.t.s.dao.aspect.SqlDaoCallsAspect - Total timing statistics below:
2025-12-07 23:34:48,311 [TB-Scheduling-16] INFO  o.t.s.dao.aspect.SqlDaoCallsAspect - [5489b160-ccf1-11f0-81f3-0bf1425738f5]: calls: 2, failures: 0, exec time: 8 
2025-12-07 23:34:48,311 [TB-Scheduling-16] INFO  o.t.s.dao.aspect.SqlDaoCallsAspect - [5489b160-ccf1-11f0-81f3-0bf1425738f5] Top 3 methods by timing:
2025-12-07 23:34:48,311 [TB-Scheduling-16] INFO  o.t.s.dao.aspect.SqlDaoCallsAspect - [5489b160-ccf1-11f0-81f3-0bf1425738f5]: method: JpaAbstractDao.findById(..), calls: 2, failures: 0, exec time: 8
2025-12-07 23:34:48,330 [TB-Scheduling-9] INFO  o.t.s.c.t.s.DefaultTransportService - Transport Stats: openConnections [0]
2025-12-07 23:35:00,758 [sql-log-2-thread-1] INFO  o.t.s.dao.sql.TbSqlBlockingQueue - Queue-1 [TS] queueSize [0] totalAdded [7] totalSaved [7] totalFailed [0]
2025-12-07 23:35:00,796 [sql-log-2-thread-1] INFO  o.t.s.dao.sql.TbSqlBlockingQueue - Queue-1 [TS Latest] queueSize [0] totalAdded [7] totalSaved [7] totalFailed [0]
2025-12-07 23:35:11,152 [rule-dispatcher-0-4] INFO  o.t.server.actors.TbActorMailbox - [RULE_NODE|4ee21770-cf62-11f0-b928-f5b3ab8e93ac] Failed to init actor, attempt 5, going to retry in attempts in 25000ms
2025-12-07 23:35:18,115 [sql-log-2-thread-1] INFO  o.t.s.dao.sql.TbSqlBlockingQueue - Queue-1 [Events] queueSize [0] totalAdded [2] totalSaved [2] totalFailed [0]
2025-12-07 23:35:20,758 [sql-log-2-thread-1] INFO  o.t.s.dao.sql.TbSqlBlockingQueue - Queue-1 [TS] queueSize [0] totalAdded [4] totalSaved [4] totalFailed [0]
2025-12-07 23:35:20,796 [sql-log-2-thread-1] INFO  o.t.s.dao.sql.TbSqlBlockingQueue - Queue-1 [TS Latest] queueSize [0] totalAdded [4] totalSaved [4] totalFailed [0]
2025-12-07 23:35:48,306 [TB-Scheduling-16] INFO  o.t.s.dao.aspect.SqlDaoCallsAspect - Total timing statistics below:
2025-12-07 23:35:48,307 [TB-Scheduling-16] INFO  o.t.s.dao.aspect.SqlDaoCallsAspect - [5489b160-ccf1-11f0-81f3-0bf1425738f5]: calls: 1, failures: 0, exec time: 3 
2025-12-07 23:35:48,307 [TB-Scheduling-16] INFO  o.t.s.dao.aspect.SqlDaoCallsAspect - [5489b160-ccf1-11f0-81f3-0bf1425738f5] Top 3 methods by timing:
2025-12-07 23:35:48,307 [TB-Scheduling-16] INFO  o.t.s.dao.aspect.SqlDaoCallsAspect - [5489b160-ccf1-11f0-81f3-0bf1425738f5]: method: JpaAbstractDao.findById(..), calls: 1, failures: 0, exec time: 3
2025-12-07 23:35:48,326 [TB-Scheduling-1] INFO  o.t.s.c.t.s.DefaultTransportService - Transport Stats: openConnections [0]
2025-12-07 23:36:00,752 [sql-log-2-thread-1] INFO  o.t.s.dao.sql.TbSqlBlockingQueue - Queue-1 [TS] queueSize [0] totalAdded [7] totalSaved [7] totalFailed [0]
2025-12-07 23:36:00,789 [sql-log-2-thread-1] INFO  o.t.s.dao.sql.TbSqlBlockingQueue - Queue-1 [TS Latest] queueSize [0] totalAdded [7] totalSaved [7] totalFailed [0]
2025-12-07 23:36:06,152 [rule-dispatcher-0-4] INFO  o.t.server.actors.TbActorMailbox - [RULE_NODE|4ee21770-cf62-11f0-b928-f5b3ab8e93ac] Failed to init actor, attempt 6, going to retry in attempts in 30000ms
2025-12-07 23:36:08,109 [sql-log-2-thread-1] INFO  o.t.s.dao.sql.TbSqlBlockingQueue - Queue-1 [Events] queueSize [0] totalAdded [2] totalSaved [2] totalFailed [0]
2025-12-07 23:36:20,752 [sql-log-2-thread-1] INFO  o.t.s.dao.sql.TbSqlBlockingQueue - Queue-1 [TS] queueSize [0] totalAdded [4] totalSaved [4] totalFailed [0]
2025-12-07 23:36:20,789 [sql-log-2-thread-1] INFO  o.t.s.dao.sql.TbSqlBlockingQueue - Queue-1 [TS Latest] queueSize [0] totalAdded [4] totalSaved [4] totalFailed [0]
2025-12-07 23:36:48,302 [TB-Scheduling-12] INFO  o.t.s.dao.aspect.SqlDaoCallsAspect - Total timing statistics below:
2025-12-07 23:36:48,302 [TB-Scheduling-12] INFO  o.t.s.dao.aspect.SqlDaoCallsAspect - [5489b160-ccf1-11f0-81f3-0bf1425738f5]: calls: 1, failures: 0, exec time: 5 
2025-12-07 23:36:48,302 [TB-Scheduling-12] INFO  o.t.s.dao.aspect.SqlDaoCallsAspect - [5489b160-ccf1-11f0-81f3-0bf1425738f5] Top 3 methods by timing:
2025-12-07 23:36:48,302 [TB-Scheduling-12] INFO  o.t.s.dao.aspect.SqlDaoCallsAspect - [5489b160-ccf1-11f0-81f3-0bf1425738f5]: method: JpaAbstractDao.findById(..), calls: 1, failures: 0, exec time: 5
2025-12-07 23:36:48,320 [TB-Scheduling-11] INFO  o.t.s.c.t.s.DefaultTransportService - Transport Stats: openConnections [0]
2025-12-07 23:37:00,746 [sql-log-2-thread-1] INFO  o.t.s.dao.sql.TbSqlBlockingQueue - Queue-1 [TS] queueSize [0] totalAdded [7] totalSaved [7] totalFailed [0]
2025-12-07 23:37:00,784 [sql-log-2-thread-1] INFO  o.t.s.dao.sql.TbSqlBlockingQueue - Queue-1 [TS Latest] queueSize [0] totalAdded [7] totalSaved [7] totalFailed [0]
2025-12-07 23:37:06,157 [rule-dispatcher-0-4] INFO  o.t.server.actors.TbActorMailbox - [RULE_NODE|4ee21770-cf62-11f0-b928-f5b3ab8e93ac] Failed to init actor, attempt 7, going to retry in attempts in 35000ms
2025-12-07 23:37:08,103 [sql-log-2-thread-1] INFO  o.t.s.dao.sql.TbSqlBlockingQueue - Queue-1 [Events] queueSize [0] totalAdded [2] totalSaved [2] totalFailed [0]
2025-12-07 23:37:19,508 [TB-Scheduling-8] INFO  o.t.s.dao.sql.event.JpaBaseEventDao - Going to cleanup debug events with exp time: 1764545839506
2025-12-07 23:37:20,746 [sql-log-2-thread-1] INFO  o.t.s.dao.sql.TbSqlBlockingQueue - Queue-1 [TS] queueSize [0] totalAdded [5] totalSaved [5] totalFailed [0]
2025-12-07 23:37:20,783 [sql-log-2-thread-1] INFO  o.t.s.dao.sql.TbSqlBlockingQueue - Queue-1 [TS Latest] queueSize [0] totalAdded [5] totalSaved [5] totalFailed [0]
2025-12-07 23:37:48,298 [TB-Scheduling-2] INFO  o.t.s.dao.aspect.SqlDaoCallsAspect - Total timing statistics below:
2025-12-07 23:37:48,298 [TB-Scheduling-2] INFO  o.t.s.dao.aspect.SqlDaoCallsAspect - [5489b160-ccf1-11f0-81f3-0bf1425738f5]: calls: 1, failures: 0, exec time: 3 
2025-12-07 23:37:48,298 [TB-Scheduling-2] INFO  o.t.s.dao.aspect.SqlDaoCallsAspect - [5489b160-ccf1-11f0-81f3-0bf1425738f5] Top 3 methods by timing:
2025-12-07 23:37:48,298 [TB-Scheduling-2] INFO  o.t.s.dao.aspect.SqlDaoCallsAspect - [5489b160-ccf1-11f0-81f3-0bf1425738f5]: method: JpaAbstractDao.findById(..), calls: 1, failures: 0, exec time: 3
2025-12-07 23:37:48,315 [TB-Scheduling-13] INFO  o.t.s.c.t.s.DefaultTransportService - Transport Stats: openConnections [0]
2025-12-07 23:38:00,740 [sql-log-2-thread-1] INFO  o.t.s.dao.sql.TbSqlBlockingQueue - Queue-1 [TS] queueSize [0] totalAdded [7] totalSaved [7] totalFailed [0]
2025-12-07 23:38:00,778 [sql-log-2-thread-1] INFO  o.t.s.dao.sql.TbSqlBlockingQueue - Queue-1 [TS Latest] queueSize [0] totalAdded [7] totalSaved [7] totalFailed [0]
2025-12-07 23:38:11,158 [rule-dispatcher-0-4] INFO  o.t.server.actors.TbActorMailbox - [RULE_NODE|4ee21770-cf62-11f0-b928-f5b3ab8e93ac] Failed to init actor, attempt 8, going to retry in attempts in 40000ms
2025-12-07 23:41:51,060 [sql-log-2-thread-1] INFO  o.t.s.dao.sql.TbSqlBlockingQueue - Queue-1 [Events] queueSize [0] totalAdded [2] totalSaved [2] totalFailed [0]
2025-12-07 23:41:53,461 [DefaultWebSocketService-0-9] WARN  o.t.s.c.plugin.TbWebSocketHandler - [5489b160-ccf1-11f0-81f3-0bf1425738f5][550b6480-ccf1-11f0-81f3-0bf1425738f5][cf312cc9-96f8-481a-94ce-17b6731fc764] Closing session due to ping timeout
2025-12-07 23:41:53,468 [DefaultWebSocketService-0-9] INFO  o.t.s.c.plugin.TbWebSocketHandler - [5489b160-ccf1-11f0-81f3-0bf1425738f5][550b6480-ccf1-11f0-81f3-0bf1425738f5][cf312cc9-96f8-481a-94ce-17b6731fc764] Session is closed
2025-12-07 23:41:53,702 [sql-log-2-thread-1] INFO  o.t.s.dao.sql.TbSqlBlockingQueue - Queue-1 [TS] queueSize [0] totalAdded [4] totalSaved [4] totalFailed [0]
2025-12-07 23:41:53,740 [sql-log-2-thread-1] INFO  o.t.s.dao.sql.TbSqlBlockingQueue - Queue-1 [TS Latest] queueSize [0] totalAdded [4] totalSaved [4] totalFailed [0]
2025-12-07 23:41:56,156 [http-nio-0.0.0.0-9090-exec-8] INFO  o.t.s.c.plugin.TbWebSocketHandler - [5489b160-ccf1-11f0-81f3-0bf1425738f5][550b6480-ccf1-11f0-81f3-0bf1425738f5][3725255f-f2e4-4d7a-ae4c-bce3e041bcac][90e4b046-afff-646b-8ee1-510398243919] Session established from address: /172.18.0.1:39150
2025-12-07 23:42:01,294 [TB-Scheduling-15] INFO  o.t.s.s.s.DefaultTbEntityDataSubscriptionService - Stats: regularQueryInvocationCnt = [4], regularQueryInvocationTime = [20], dynamicQueryCnt = [0] dynamicQueryInvocationCnt = [0], dynamicQueryInvocationTime = [0], alarmQueryInvocationCnt = [4], alarmQueryInvocationTime = [17]
2025-12-07 23:42:21,255 [TB-Scheduling-3] INFO  o.t.s.dao.aspect.SqlDaoCallsAspect - Total timing statistics below:
2025-12-07 23:42:21,255 [TB-Scheduling-3] INFO  o.t.s.dao.aspect.SqlDaoCallsAspect - [5489b160-ccf1-11f0-81f3-0bf1425738f5]: calls: 5, failures: 0, exec time: 25 
2025-12-07 23:42:21,255 [TB-Scheduling-3] INFO  o.t.s.dao.aspect.SqlDaoCallsAspect - [5489b160-ccf1-11f0-81f3-0bf1425738f5] Top 3 methods by timing:
2025-12-07 23:42:21,255 [TB-Scheduling-3] INFO  o.t.s.dao.aspect.SqlDaoCallsAspect - [5489b160-ccf1-11f0-81f3-0bf1425738f5]: method: JpaAlarmDao.findActiveOriginatorAlarms(..), calls: 4, failures: 0, exec time: 17
2025-12-07 23:42:21,255 [TB-Scheduling-3] INFO  o.t.s.dao.aspect.SqlDaoCallsAspect - [5489b160-ccf1-11f0-81f3-0bf1425738f5]: method: JpaNotificationDao.countUnreadByDeliveryMethodAndRecipientId(..), calls: 1, failures: 0, exec time: 8
2025-12-07 23:42:21,272 [TB-Scheduling-6] INFO  o.t.s.c.t.s.DefaultTransportService - Transport Stats: openConnections [0]
2025-12-07 23:42:33,697 [sql-log-2-thread-1] INFO  o.t.s.dao.sql.TbSqlBlockingQueue - Queue-1 [TS] queueSize [0] totalAdded [7] totalSaved [7] totalFailed [0]
2025-12-07 23:42:33,735 [sql-log-2-thread-1] INFO  o.t.s.dao.sql.TbSqlBlockingQueue - Queue-1 [TS Latest] queueSize [0] totalAdded [7] totalSaved [7] totalFailed [0]
2025-12-07 23:42:53,697 [sql-log-2-thread-1] INFO  o.t.s.dao.sql.TbSqlBlockingQueue - Queue-1 [TS] queueSize [0] totalAdded [4] totalSaved [4] totalFailed [0]
2025-12-07 23:42:53,735 [sql-log-2-thread-1] INFO  o.t.s.dao.sql.TbSqlBlockingQueue - Queue-1 [TS Latest] queueSize [0] totalAdded [4] totalSaved [4] totalFailed [0]
2025-12-07 23:42:54,122 [rule-dispatcher-0-1] INFO  o.t.server.actors.TbActorMailbox - [RULE_NODE|4ee21770-cf62-11f0-b928-f5b3ab8e93ac] Failed to init actor, attempt 9, going to retry in attempts in 45000ms
2025-12-07 23:43:01,055 [sql-log-2-thread-1] INFO  o.t.s.dao.sql.TbSqlBlockingQueue - Queue-1 [Events] queueSize [0] totalAdded [2] totalSaved [2] totalFailed [0]
2025-12-07 23:43:21,252 [TB-Scheduling-6] INFO  o.t.s.dao.aspect.SqlDaoCallsAspect - Total timing statistics below:
2025-12-07 23:43:21,253 [TB-Scheduling-6] INFO  o.t.s.dao.aspect.SqlDaoCallsAspect - [5489b160-ccf1-11f0-81f3-0bf1425738f5]: calls: 1, failures: 0, exec time: 3 
2025-12-07 23:43:21,253 [TB-Scheduling-6] INFO  o.t.s.dao.aspect.SqlDaoCallsAspect - [5489b160-ccf1-11f0-81f3-0bf1425738f5] Top 3 methods by timing:
2025-12-07 23:43:21,253 [TB-Scheduling-6] INFO  o.t.s.dao.aspect.SqlDaoCallsAspect - [5489b160-ccf1-11f0-81f3-0bf1425738f5]: method: JpaAbstractDao.findById(..), calls: 1, failures: 0, exec time: 3
2025-12-07 23:43:21,269 [TB-Scheduling-11] INFO  o.t.s.c.t.s.DefaultTransportService - Transport Stats: openConnections [0]
2025-12-07 23:43:33,693 [sql-log-2-thread-1] INFO  o.t.s.dao.sql.TbSqlBlockingQueue - Queue-1 [TS] queueSize [0] totalAdded [7] totalSaved [7] totalFailed [0]
2025-12-07 23:43:33,731 [sql-log-2-thread-1] INFO  o.t.s.dao.sql.TbSqlBlockingQueue - Queue-1 [TS Latest] queueSize [0] totalAdded [7] totalSaved [7] totalFailed [0]
2025-12-07 23:43:53,693 [sql-log-2-thread-1] INFO  o.t.s.dao.sql.TbSqlBlockingQueue - Queue-1 [TS] queueSize [0] totalAdded [4] totalSaved [4] totalFailed [0]
2025-12-07 23:43:53,731 [sql-log-2-thread-1] INFO  o.t.s.dao.sql.TbSqlBlockingQueue - Queue-1 [TS Latest] queueSize [0] totalAdded [4] totalSaved [4] totalFailed [0]
2025-12-07 23:44:09,133 [rule-dispatcher-0-6] INFO  o.t.server.actors.TbActorMailbox - [RULE_NODE|4ee21770-cf62-11f0-b928-f5b3ab8e93ac] Failed to init actor, attempt 10, going to stop attempts.
org.thingsboard.server.actors.TbActorException: Failed to init actor
	at org.thingsboard.server.actors.service.ComponentActor.initProcessor(ComponentActor.java:76)
	at org.thingsboard.server.actors.service.ComponentActor.init(ComponentActor.java:61)
	at org.thingsboard.server.actors.TbActorMailbox.tryInit(TbActorMailbox.java:69)
	at org.thingsboard.server.actors.TbActorMailbox.lambda$tryInit$1(TbActorMailbox.java:91)
	at java.base/java.util.concurrent.ForkJoinTask$RunnableExecuteAction.exec(ForkJoinTask.java:1395)
	at java.base/java.util.concurrent.ForkJoinTask.doExec(ForkJoinTask.java:373)
	at java.base/java.util.concurrent.ForkJoinPool$WorkQueue.topLevelExec(ForkJoinPool.java:1182)
	at java.base/java.util.concurrent.ForkJoinPool.scan(ForkJoinPool.java:1655)
	at java.base/java.util.concurrent.ForkJoinPool.runWorker(ForkJoinPool.java:1622)
	at java.base/java.util.concurrent.ForkJoinWorkerThread.run(ForkJoinWorkerThread.java:165)
Caused by: org.thingsboard.rule.engine.api.TbNodeException: java.lang.RuntimeException: Failed to connect to MQTT broker at 192.168.126.86:8888.
	at org.thingsboard.rule.engine.mqtt.TbMqttNode.init(TbMqttNode.java:80)
	at org.thingsboard.server.actors.ruleChain.RuleNodeActorMessageProcessor.initComponent(RuleNodeActorMessageProcessor.java:182)
	at org.thingsboard.server.actors.ruleChain.RuleNodeActorMessageProcessor.start(RuleNodeActorMessageProcessor.java:68)
	at org.thingsboard.server.actors.service.ComponentActor.initProcessor(ComponentActor.java:67)
	... 9 common frames omitted
Caused by: java.lang.RuntimeException: Failed to connect to MQTT broker at 192.168.126.86:8888.
	at org.thingsboard.rule.engine.mqtt.TbMqttNode.initClient(TbMqttNode.java:146)
	at org.thingsboard.rule.engine.mqtt.TbMqttNode.init(TbMqttNode.java:76)
	... 12 common frames omitted
2025-12-07 23:44:09,654 [NotificationExecutorService-0-10] INFO  o.t.s.d.s.i.s.SqlPartitioningRepository - Saving partition 1764806400000-1765411200000 for table notification
2025-12-07 23:44:11,048 [sql-log-2-thread-1] INFO  o.t.s.dao.sql.TbSqlBlockingQueue - Queue-1 [Events] queueSize [0] totalAdded [3] totalSaved [3] totalFailed [0]
2025-12-07 23:44:21,250 [TB-Scheduling-6] INFO  o.t.s.dao.aspect.SqlDaoCallsAspect - Total timing statistics below:
2025-12-07 23:44:21,250 [TB-Scheduling-6] INFO  o.t.s.dao.aspect.SqlDaoCallsAspect - [5489b160-ccf1-11f0-81f3-0bf1425738f5]: calls: 9, failures: 0, exec time: 394 
2025-12-07 23:44:21,250 [TB-Scheduling-6] INFO  o.t.s.dao.aspect.SqlDaoCallsAspect - [5489b160-ccf1-11f0-81f3-0bf1425738f5] Top 3 methods by timing:
2025-12-07 23:44:21,250 [TB-Scheduling-6] INFO  o.t.s.dao.aspect.SqlDaoCallsAspect - [5489b160-ccf1-11f0-81f3-0bf1425738f5]: method: JpaAbstractDao.findById(..), calls: 3, failures: 0, exec time: 268
2025-12-07 23:44:21,250 [TB-Scheduling-6] INFO  o.t.s.dao.aspect.SqlDaoCallsAspect - [5489b160-ccf1-11f0-81f3-0bf1425738f5]: method: JpaAbstractDao.save(..), calls: 2, failures: 0, exec time: 72
2025-12-07 23:44:21,250 [TB-Scheduling-6] INFO  o.t.s.dao.aspect.SqlDaoCallsAspect - [5489b160-ccf1-11f0-81f3-0bf1425738f5]: method: JpaNotificationRequestDao.updateById(..), calls: 1, failures: 0, exec time: 34
2025-12-07 23:44:21,265 [TB-Scheduling-5] INFO  o.t.s.c.t.s.DefaultTransportService - Transport Stats: openConnections [0]
2025-12-07 23:44:33,689 [sql-log-2-thread-1] INFO  o.t.s.dao.sql.TbSqlBlockingQueue - Queue-1 [TS] queueSize [0] totalAdded [7] totalSaved [7] totalFailed [0]
2025-12-07 23:44:33,727 [sql-log-2-thread-1] INFO  o.t.s.dao.sql.TbSqlBlockingQueue - Queue-1 [TS Latest] queueSize [0] totalAdded [7] totalSaved [7] totalFailed [0]
2025-12-07 23:44:53,689 [sql-log-2-thread-1] INFO  o.t.s.dao.sql.TbSqlBlockingQueue - Queue-1 [TS] queueSize [0] totalAdded [4] totalSaved [4] totalFailed [0]
2025-12-07 23:44:53,727 [sql-log-2-thread-1] INFO  o.t.s.dao.sql.TbSqlBlockingQueue - Queue-1 [TS Latest] queueSize [0] totalAdded [4] totalSaved [4] totalFailed [0]
2025-12-07 23:45:21,262 [TB-Scheduling-8] INFO  o.t.s.c.t.s.DefaultTransportService - Transport Stats: openConnections [0]
2025-12-07 23:45:43,685 [sql-log-2-thread-1] INFO  o.t.s.dao.sql.TbSqlBlockingQueue - Queue-1 [TS] queueSize [0] totalAdded [7] totalSaved [7] totalFailed [0]
2025-12-07 23:45:43,723 [sql-log-2-thread-1] INFO  o.t.s.dao.sql.TbSqlBlockingQueue - Queue-1 [TS Latest] queueSize [0] totalAdded [7] totalSaved [7] totalFailed [0]
2025-12-07 23:45:53,685 [sql-log-2-thread-1] INFO  o.t.s.dao.sql.TbSqlBlockingQueue - Queue-1 [TS] queueSize [0] totalAdded [4] totalSaved [4] totalFailed [0]
2025-12-07 23:45:53,723 [sql-log-2-thread-1] INFO  o.t.s.dao.sql.TbSqlBlockingQueue - Queue-1 [TS Latest] queueSize [0] totalAdded [4] totalSaved [4] totalFailed [0]
2025-12-07 23:46:01,297 [TB-Scheduling-3] INFO  o.t.s.s.s.DefaultTbEntityDataSubscriptionService - Stats: regularQueryInvocationCnt = [0], regularQueryInvocationTime = [0], dynamicQueryCnt = [0] dynamicQueryInvocationCnt = [0], dynamicQueryInvocationTime = [0], alarmQueryInvocationCnt = [2], alarmQueryInvocationTime = [7]
2025-12-07 23:46:21,244 [TB-Scheduling-8] INFO  o.t.s.dao.aspect.SqlDaoCallsAspect - Total timing statistics below:
2025-12-07 23:46:21,244 [TB-Scheduling-8] INFO  o.t.s.dao.aspect.SqlDaoCallsAspect - [5489b160-ccf1-11f0-81f3-0bf1425738f5]: calls: 3, failures: 0, exec time: 144 
2025-12-07 23:46:21,244 [TB-Scheduling-8] INFO  o.t.s.dao.aspect.SqlDaoCallsAspect - [5489b160-ccf1-11f0-81f3-0bf1425738f5] Top 3 methods by timing:
2025-12-07 23:46:21,244 [TB-Scheduling-8] INFO  o.t.s.dao.aspect.SqlDaoCallsAspect - [5489b160-ccf1-11f0-81f3-0bf1425738f5]: method: JpaWidgetTypeDao.findWidgetTypesInfosByWidgetsBundleId(..), calls: 1, failures: 0, exec time: 137
2025-12-07 23:46:21,244 [TB-Scheduling-8] INFO  o.t.s.dao.aspect.SqlDaoCallsAspect - [5489b160-ccf1-11f0-81f3-0bf1425738f5]: method: JpaAlarmDao.findActiveOriginatorAlarms(..), calls: 2, failures: 0, exec time: 7
2025-12-07 23:46:21,259 [TB-Scheduling-11] INFO  o.t.s.c.t.s.DefaultTransportService - Transport Stats: openConnections [0]
2025-12-07 23:46:43,681 [sql-log-2-thread-1] INFO  o.t.s.dao.sql.TbSqlBlockingQueue - Queue-1 [TS] queueSize [0] totalAdded [7] totalSaved [7] totalFailed [0]
2025-12-07 23:46:43,719 [sql-log-2-thread-1] INFO  o.t.s.dao.sql.TbSqlBlockingQueue - Queue-1 [TS Latest] queueSize [0] totalAdded [7] totalSaved [7] totalFailed [0]
2025-12-07 23:46:53,681 [sql-log-2-thread-1] INFO  o.t.s.dao.sql.TbSqlBlockingQueue - Queue-1 [TS] queueSize [0] totalAdded [4] totalSaved [4] totalFailed [0]
2025-12-07 23:46:53,719 [sql-log-2-thread-1] INFO  o.t.s.dao.sql.TbSqlBlockingQueue - Queue-1 [TS Latest] queueSize [0] totalAdded [4] totalSaved [4] totalFailed [0]
2025-12-07 23:47:21,255 [TB-Scheduling-3] INFO  o.t.s.c.t.s.DefaultTransportService - Transport Stats: openConnections [0]
2025-12-07 23:47:43,677 [sql-log-2-thread-1] INFO  o.t.s.dao.sql.TbSqlBlockingQueue - Queue-1 [TS] queueSize [0] totalAdded [7] totalSaved [7] totalFailed [0]
2025-12-07 23:47:43,715 [sql-log-2-thread-1] INFO  o.t.s.dao.sql.TbSqlBlockingQueue - Queue-1 [TS Latest] queueSize [0] totalAdded [7] totalSaved [7] totalFailed [0]
2025-12-07 23:47:53,677 [sql-log-2-thread-1] INFO  o.t.s.dao.sql.TbSqlBlockingQueue - Queue-1 [TS] queueSize [0] totalAdded [4] totalSaved [4] totalFailed [0]
2025-12-07 23:47:53,715 [sql-log-2-thread-1] INFO  o.t.s.dao.sql.TbSqlBlockingQueue - Queue-1 [TS Latest] queueSize [0] totalAdded [4] totalSaved [4] totalFailed [0]
2025-12-07 23:48:08,697 [JpaExecutorService-0-4] INFO  o.t.s.d.s.i.s.SqlPartitioningRepository - Saving partition 1764806400000-1765411200000 for table audit_log
2025-12-07 23:48:08,731 [tb-rule-engine-consumer-57-thread-8 | QK(Main,TB_RULE_ENGINE,system)-2] INFO  o.t.s.s.q.r.TbRuleEngineQueueConsumerManager - [QK(Main,TB_RULE_ENGINE,system)] Failed to process [1] messages
2025-12-07 23:48:08,732 [tb-rule-engine-consumer-57-thread-8 | QK(Main,TB_RULE_ENGINE,system)-2] INFO  o.t.s.s.q.r.TbRuleEngineQueueConsumerManager - [5489b160-ccf1-11f0-81f3-0bf1425738f5] Failed to process message: TbMsg(queueName=Main, id=17a18cb3-7685-4104-8879-4647e8000c9d, ts=1765151288700, type=RPC_CALL_FROM_SERVER_TO_DEVICE, internalType=RPC_CALL_FROM_SERVER_TO_DEVICE, originator=2e112f10-ccf4-11f0-9325-87376abd1036, customerId=null, metaData=TbMsgMetaData(data={deviceType=esp32-1, originServiceId=7a74840d7ca7, requestUUID=f9b7f3bd-7096-4d1b-addf-f1005dd0a8c0, expirationTime=1765151288656, persistent=false, deviceName=ESP32-1, oneway=false}), dataType=JSON, data={"error":"NO_ACTIVE_CONNECTION"}, ruleChainId=54f32190-ccf1-11f0-81f3-0bf1425738f5, ruleNodeId=54ffa4b0-ccf1-11f0-81f3-0bf1425738f5, correlationId=null, partition=null, previousCalculatedFieldIds=[], ctx=org.thingsboard.server.common.msg.TbMsgProcessingCtx@1c459fe2, callback=org.thingsboard.server.common.msg.queue.TbMsgCallback$1@5589fe36), Last Rule Node: null
2025-12-07 23:48:21,237 [TB-Scheduling-3] INFO  o.t.s.dao.aspect.SqlDaoCallsAspect - Total timing statistics below:
2025-12-07 23:48:21,237 [TB-Scheduling-3] INFO  o.t.s.dao.aspect.SqlDaoCallsAspect - [5489b160-ccf1-11f0-81f3-0bf1425738f5]: calls: 4, failures: 0, exec time: 251 
2025-12-07 23:48:21,237 [TB-Scheduling-3] INFO  o.t.s.dao.aspect.SqlDaoCallsAspect - [5489b160-ccf1-11f0-81f3-0bf1425738f5] Top 3 methods by timing:
2025-12-07 23:48:21,237 [TB-Scheduling-3] INFO  o.t.s.dao.aspect.SqlDaoCallsAspect - [5489b160-ccf1-11f0-81f3-0bf1425738f5]: method: JpaAbstractDao.findById(..), calls: 1, failures: 0, exec time: 188
2025-12-07 23:48:21,237 [TB-Scheduling-3] INFO  o.t.s.dao.aspect.SqlDaoCallsAspect - [5489b160-ccf1-11f0-81f3-0bf1425738f5]: method: JpaRpcDao.findAllByDeviceIdAndStatus(..), calls: 1, failures: 0, exec time: 47
2025-12-07 23:48:21,237 [TB-Scheduling-3] INFO  o.t.s.dao.aspect.SqlDaoCallsAspect - [5489b160-ccf1-11f0-81f3-0bf1425738f5]: method: JpaRelationDao.findAllByToAndType(..), calls: 1, failures: 0, exec time: 10
2025-12-07 23:48:21,251 [TB-Scheduling-14] INFO  o.t.s.c.t.s.DefaultTransportService - Transport Stats: openConnections [0]
2025-12-07 23:48:21,252 [TB-Scheduling-7] INFO  o.t.s.s.q.TbRuleEngineConsumerStats - [Main] Stats: totalMsgs = [3] successfulMsgs = [2] timeoutMsgs = [0] failedMsgs = [1] tmpTimeout = [0] tmpFailed = [0] successfulIterations = [2] failedIterations = [1] 
2025-12-07 23:48:23,674 [sql-log-2-thread-1] INFO  o.t.s.dao.sql.TbSqlBlockingQueue - Queue-0 [TS] queueSize [0] totalAdded [7] totalSaved [7] totalFailed [0]
2025-12-07 23:48:23,712 [sql-log-2-thread-1] INFO  o.t.s.dao.sql.TbSqlBlockingQueue - Queue-0 [TS Latest] queueSize [0] totalAdded [7] totalSaved [7] totalFailed [0]
2025-12-07 23:48:26,227 [tb-rule-engine-consumer-57-thread-8 | QK(Main,TB_RULE_ENGINE,system)-2] INFO  o.t.s.s.q.r.TbRuleEngineQueueConsumerManager - [QK(Main,TB_RULE_ENGINE,system)] Failed to process [1] messages
2025-12-07 23:48:26,228 [tb-rule-engine-consumer-57-thread-8 | QK(Main,TB_RULE_ENGINE,system)-2] INFO  o.t.s.s.q.r.TbRuleEngineQueueConsumerManager - [5489b160-ccf1-11f0-81f3-0bf1425738f5] Failed to process message: TbMsg(queueName=Main, id=e2521a8b-b6f6-4b9d-8918-57b6df42c6cb, ts=1765151306224, type=RPC_CALL_FROM_SERVER_TO_DEVICE, internalType=RPC_CALL_FROM_SERVER_TO_DEVICE, originator=2e112f10-ccf4-11f0-9325-87376abd1036, customerId=null, metaData=TbMsgMetaData(data={deviceType=esp32-1, originServiceId=7a74840d7ca7, requestUUID=58439e35-d59e-4a5d-acb8-a36663365978, expirationTime=1765151306223, persistent=false, deviceName=ESP32-1, oneway=false}), dataType=JSON, data={"error":"NO_ACTIVE_CONNECTION"}, ruleChainId=54f32190-ccf1-11f0-81f3-0bf1425738f5, ruleNodeId=54ffa4b0-ccf1-11f0-81f3-0bf1425738f5, correlationId=null, partition=null, previousCalculatedFieldIds=[], ctx=org.thingsboard.server.common.msg.TbMsgProcessingCtx@551005e3, callback=org.thingsboard.server.common.msg.queue.TbMsgCallback$1@5589fe36), Last Rule Node: null
2025-12-07 23:48:43,672 [sql-log-2-thread-1] INFO  o.t.s.dao.sql.TbSqlBlockingQueue - Queue-1 [TS] queueSize [0] totalAdded [7] totalSaved [7] totalFailed [0]
2025-12-07 23:48:43,710 [sql-log-2-thread-1] INFO  o.t.s.dao.sql.TbSqlBlockingQueue - Queue-1 [TS Latest] queueSize [0] totalAdded [7] totalSaved [7] totalFailed [0]
2025-12-07 23:48:50,032 [tb-rule-engine-consumer-57-thread-8 | QK(Main,TB_RULE_ENGINE,system)-2] INFO  o.t.s.s.q.r.TbRuleEngineQueueConsumerManager - [QK(Main,TB_RULE_ENGINE,system)] Failed to process [1] messages
2025-12-07 23:48:50,033 [tb-rule-engine-consumer-57-thread-8 | QK(Main,TB_RULE_ENGINE,system)-2] INFO  o.t.s.s.q.r.TbRuleEngineQueueConsumerManager - [5489b160-ccf1-11f0-81f3-0bf1425738f5] Failed to process message: TbMsg(queueName=Main, id=25f18d1f-3c34-4154-bd65-3173e26d69bb, ts=1765151330008, type=RPC_CALL_FROM_SERVER_TO_DEVICE, internalType=RPC_CALL_FROM_SERVER_TO_DEVICE, originator=2e112f10-ccf4-11f0-9325-87376abd1036, customerId=null, metaData=TbMsgMetaData(data={deviceType=esp32-1, originServiceId=7a74840d7ca7, requestUUID=8cea9a29-fed1-44b3-88c5-068e56bc4c73, expirationTime=1765151330007, persistent=false, deviceName=ESP32-1, oneway=true}), dataType=JSON, data={"error":"NO_ACTIVE_CONNECTION"}, ruleChainId=54f32190-ccf1-11f0-81f3-0bf1425738f5, ruleNodeId=54ffa4b0-ccf1-11f0-81f3-0bf1425738f5, correlationId=null, partition=null, previousCalculatedFieldIds=[], ctx=org.thingsboard.server.common.msg.TbMsgProcessingCtx@1b32240d, callback=org.thingsboard.server.common.msg.queue.TbMsgCallback$1@5589fe36), Last Rule Node: null
2025-12-07 23:48:53,672 [sql-log-2-thread-1] INFO  o.t.s.dao.sql.TbSqlBlockingQueue - Queue-1 [TS] queueSize [0] totalAdded [4] totalSaved [4] totalFailed [0]
2025-12-07 23:48:53,710 [sql-log-2-thread-1] INFO  o.t.s.dao.sql.TbSqlBlockingQueue - Queue-1 [TS Latest] queueSize [0] totalAdded [4] totalSaved [4] totalFailed [0]
2025-12-07 23:48:57,657 [tb-rule-engine-consumer-57-thread-8 | QK(Main,TB_RULE_ENGINE,system)-2] INFO  o.t.s.s.q.r.TbRuleEngineQueueConsumerManager - [QK(Main,TB_RULE_ENGINE,system)] Failed to process [1] messages
2025-12-07 23:48:57,658 [tb-rule-engine-consumer-57-thread-8 | QK(Main,TB_RULE_ENGINE,system)-2] INFO  o.t.s.s.q.r.TbRuleEngineQueueConsumerManager - [5489b160-ccf1-11f0-81f3-0bf1425738f5] Failed to process message: TbMsg(queueName=Main, id=bcb8e0c4-68b6-4b06-bc1a-3d8810d2b646, ts=1765151337633, type=RPC_CALL_FROM_SERVER_TO_DEVICE, internalType=RPC_CALL_FROM_SERVER_TO_DEVICE, originator=2e112f10-ccf4-11f0-9325-87376abd1036, customerId=null, metaData=TbMsgMetaData(data={deviceType=esp32-1, originServiceId=7a74840d7ca7, requestUUID=57a9b16f-ddf0-41e3-9998-1a89273fd6db, expirationTime=1765151337631, persistent=false, deviceName=ESP32-1, oneway=true}), dataType=JSON, data={"error":"NO_ACTIVE_CONNECTION"}, ruleChainId=54f32190-ccf1-11f0-81f3-0bf1425738f5, ruleNodeId=54ffa4b0-ccf1-11f0-81f3-0bf1425738f5, correlationId=null, partition=null, previousCalculatedFieldIds=[], ctx=org.thingsboard.server.common.msg.TbMsgProcessingCtx@78a5e21a, callback=org.thingsboard.server.common.msg.queue.TbMsgCallback$1@5589fe36), Last Rule Node: null
2025-12-07 23:49:21,233 [TB-Scheduling-6] INFO  o.t.s.dao.aspect.SqlDaoCallsAspect - Total timing statistics below:
2025-12-07 23:49:21,234 [TB-Scheduling-6] INFO  o.t.s.dao.aspect.SqlDaoCallsAspect - [5489b160-ccf1-11f0-81f3-0bf1425738f5]: calls: 11, failures: 0, exec time: 179 
2025-12-07 23:49:21,234 [TB-Scheduling-6] INFO  o.t.s.dao.aspect.SqlDaoCallsAspect - [5489b160-ccf1-11f0-81f3-0bf1425738f5] Top 3 methods by timing:
2025-12-07 23:49:21,234 [TB-Scheduling-6] INFO  o.t.s.dao.aspect.SqlDaoCallsAspect - [5489b160-ccf1-11f0-81f3-0bf1425738f5]: method: JpaQueueStatsDao.findByTenantIdQueueNameAndServiceId(..), calls: 1, failures: 0, exec time: 80
2025-12-07 23:49:21,234 [TB-Scheduling-6] INFO  o.t.s.dao.aspect.SqlDaoCallsAspect - [5489b160-ccf1-11f0-81f3-0bf1425738f5]: method: JpaAbstractDao.save(..), calls: 5, failures: 0, exec time: 41
2025-12-07 23:49:21,234 [TB-Scheduling-6] INFO  o.t.s.dao.aspect.SqlDaoCallsAspect - [5489b160-ccf1-11f0-81f3-0bf1425738f5]: method: JpaNotificationRuleDao.findByTenantIdAndTriggerTypeAndEnabled(..), calls: 1, failures: 0, exec time: 15
2025-12-07 23:49:21,247 [TB-Scheduling-4] INFO  o.t.s.c.t.s.DefaultTransportService - Transport Stats: openConnections [0]
2025-12-07 23:49:21,248 [TB-Scheduling-4] INFO  o.t.s.s.queue.EdgeConsumerStats - Edge Stats: totalMsgs = [1] edgeNfs = [1] coreNfEdgeHPUpd = [0] coreNfEdgeUpd = [0] coreNfEdgeSyncReq = [0] coreNfEdgeSyncResp = [0] coreNfEdgeCompLfcl = [0] 
2025-12-07 23:49:21,358 [TB-Scheduling-10] INFO  o.t.s.s.q.TbRuleEngineConsumerStats - [Main] Stats: totalMsgs = [6] successfulMsgs = [3] timeoutMsgs = [0] failedMsgs = [3] tmpTimeout = [0] tmpFailed = [0] successfulIterations = [3] failedIterations = [3] 
2025-12-07 23:49:23,669 [sql-log-2-thread-1] INFO  o.t.s.dao.sql.TbSqlBlockingQueue - Queue-0 [TS] queueSize [0] totalAdded [7] totalSaved [7] totalFailed [0]
2025-12-07 23:49:23,707 [sql-log-2-thread-1] INFO  o.t.s.dao.sql.TbSqlBlockingQueue - Queue-0 [TS Latest] queueSize [0] totalAdded [7] totalSaved [7] totalFailed [0]
2025-12-07 23:49:43,668 [sql-log-2-thread-1] INFO  o.t.s.dao.sql.TbSqlBlockingQueue - Queue-1 [TS] queueSize [0] totalAdded [7] totalSaved [7] totalFailed [0]
2025-12-07 23:49:43,706 [sql-log-2-thread-1] INFO  o.t.s.dao.sql.TbSqlBlockingQueue - Queue-1 [TS Latest] queueSize [0] totalAdded [7] totalSaved [7] totalFailed [0]
2025-12-07 23:49:53,668 [sql-log-2-thread-1] INFO  o.t.s.dao.sql.TbSqlBlockingQueue - Queue-1 [TS] queueSize [0] totalAdded [4] totalSaved [4] totalFailed [0]
2025-12-07 23:49:53,706 [sql-log-2-thread-1] INFO  o.t.s.dao.sql.TbSqlBlockingQueue - Queue-1 [TS Latest] queueSize [0] totalAdded [4] totalSaved [4] totalFailed [0]
2025-12-07 23:50:21,245 [TB-Scheduling-12] INFO  o.t.s.c.t.s.DefaultTransportService - Transport Stats: openConnections [0]
2025-12-07 23:50:43,664 [sql-log-2-thread-1] INFO  o.t.s.dao.sql.TbSqlBlockingQueue - Queue-1 [TS] queueSize [0] totalAdded [7] totalSaved [7] totalFailed [0]
2025-12-07 23:50:43,702 [sql-log-2-thread-1] INFO  o.t.s.dao.sql.TbSqlBlockingQueue - Queue-1 [TS Latest] queueSize [0] totalAdded [7] totalSaved [7] totalFailed [0]
2025-12-07 23:50:53,664 [sql-log-2-thread-1] INFO  o.t.s.dao.sql.TbSqlBlockingQueue - Queue-1 [TS] queueSize [0] totalAdded [4] totalSaved [4] totalFailed [0]
2025-12-07 23:50:53,702 [sql-log-2-thread-1] INFO  o.t.s.dao.sql.TbSqlBlockingQueue - Queue-1 [TS Latest] queueSize [0] totalAdded [4] totalSaved [4] totalFailed [0]
2025-12-07 23:51:21,228 [TB-Scheduling-15] INFO  o.t.s.dao.aspect.SqlDaoCallsAspect - Total timing statistics below:
2025-12-07 23:51:21,228 [TB-Scheduling-15] INFO  o.t.s.dao.aspect.SqlDaoCallsAspect - [5489b160-ccf1-11f0-81f3-0bf1425738f5]: calls: 8, failures: 0, exec time: 142 
2025-12-07 23:51:21,228 [TB-Scheduling-15] INFO  o.t.s.dao.aspect.SqlDaoCallsAspect - [5489b160-ccf1-11f0-81f3-0bf1425738f5] Top 3 methods by timing:
2025-12-07 23:51:21,228 [TB-Scheduling-15] INFO  o.t.s.dao.aspect.SqlDaoCallsAspect - [5489b160-ccf1-11f0-81f3-0bf1425738f5]: method: JpaEntityViewDao.findEntityViewsByTenantIdAndEntityId(..), calls: 1, failures: 0, exec time: 102
2025-12-07 23:51:21,228 [TB-Scheduling-15] INFO  o.t.s.dao.aspect.SqlDaoCallsAspect - [5489b160-ccf1-11f0-81f3-0bf1425738f5]: method: JpaAbstractDao.save(..), calls: 5, failures: 0, exec time: 27
2025-12-07 23:51:21,228 [TB-Scheduling-15] INFO  o.t.s.dao.aspect.SqlDaoCallsAspect - [5489b160-ccf1-11f0-81f3-0bf1425738f5]: method: JpaAbstractDao.findById(..), calls: 1, failures: 0, exec time: 8
2025-12-07 23:51:21,241 [TB-Scheduling-9] INFO  o.t.s.s.queue.EdgeConsumerStats - Edge Stats: totalMsgs = [1] edgeNfs = [1] coreNfEdgeHPUpd = [0] coreNfEdgeUpd = [0] coreNfEdgeSyncReq = [0] coreNfEdgeSyncResp = [0] coreNfEdgeCompLfcl = [0] 
2025-12-07 23:51:21,241 [TB-Scheduling-16] INFO  o.t.s.c.t.s.DefaultTransportService - Transport Stats: openConnections [0]
2025-12-07 23:51:21,353 [TB-Scheduling-4] INFO  o.t.s.s.q.TbRuleEngineConsumerStats - [Main] Stats: totalMsgs = [4] successfulMsgs = [4] timeoutMsgs = [0] failedMsgs = [0] tmpTimeout = [0] tmpFailed = [0] successfulIterations = [4] failedIterations = [0] 
2025-12-07 23:51:23,661 [sql-log-2-thread-1] INFO  o.t.s.dao.sql.TbSqlBlockingQueue - Queue-0 [TS] queueSize [0] totalAdded [9] totalSaved [9] totalFailed [0]
2025-12-07 23:51:23,700 [sql-log-2-thread-1] INFO  o.t.s.dao.sql.TbSqlBlockingQueue - Queue-0 [TS Latest] queueSize [0] totalAdded [9] totalSaved [9] totalFailed [0]
2025-12-07 23:51:43,660 [sql-log-2-thread-1] INFO  o.t.s.dao.sql.TbSqlBlockingQueue - Queue-1 [TS] queueSize [0] totalAdded [7] totalSaved [7] totalFailed [0]
2025-12-07 23:51:43,698 [sql-log-2-thread-1] INFO  o.t.s.dao.sql.TbSqlBlockingQueue - Queue-1 [TS Latest] queueSize [0] totalAdded [7] totalSaved [7] totalFailed [0]
2025-12-07 23:51:53,660 [sql-log-2-thread-1] INFO  o.t.s.dao.sql.TbSqlBlockingQueue - Queue-1 [TS] queueSize [0] totalAdded [8] totalSaved [8] totalFailed [0]
2025-12-07 23:51:53,698 [sql-log-2-thread-1] INFO  o.t.s.dao.sql.TbSqlBlockingQueue - Queue-1 [TS Latest] queueSize [0] totalAdded [8] totalSaved [8] totalFailed [0]
2025-12-07 23:52:21,237 [TB-Scheduling-4] INFO  o.t.s.c.t.s.DefaultTransportService - Transport Stats: openConnections [0]
2025-12-07 23:52:43,656 [sql-log-2-thread-1] INFO  o.t.s.dao.sql.TbSqlBlockingQueue - Queue-1 [TS] queueSize [0] totalAdded [7] totalSaved [7] totalFailed [0]
2025-12-07 23:52:43,694 [sql-log-2-thread-1] INFO  o.t.s.dao.sql.TbSqlBlockingQueue - Queue-1 [TS Latest] queueSize [0] totalAdded [7] totalSaved [7] totalFailed [0]
2025-12-07 23:52:53,656 [sql-log-2-thread-1] INFO  o.t.s.dao.sql.TbSqlBlockingQueue - Queue-1 [TS] queueSize [0] totalAdded [4] totalSaved [4] totalFailed [0]
2025-12-07 23:52:53,694 [sql-log-2-thread-1] INFO  o.t.s.dao.sql.TbSqlBlockingQueue - Queue-1 [TS Latest] queueSize [0] totalAdded [4] totalSaved [4] totalFailed [0]
2025-12-07 23:53:09,540 [http-nio-0.0.0.0-9090-exec-1] INFO  o.t.s.c.plugin.TbWebSocketHandler - [5489b160-ccf1-11f0-81f3-0bf1425738f5][550b6480-ccf1-11f0-81f3-0bf1425738f5][f44d0ff0-727c-47d3-adc7-733adcba6968][38e0159c-9ce4-fae9-cb4d-cb84f7357b1c] Session established from address: /172.18.0.1:40474
2025-12-07 23:53:21,221 [TB-Scheduling-16] INFO  o.t.s.dao.aspect.SqlDaoCallsAspect - Total timing statistics below:
2025-12-07 23:53:21,222 [TB-Scheduling-16] INFO  o.t.s.dao.aspect.SqlDaoCallsAspect - [5489b160-ccf1-11f0-81f3-0bf1425738f5]: calls: 4, failures: 0, exec time: 53 
2025-12-07 23:53:21,222 [TB-Scheduling-16] INFO  o.t.s.dao.aspect.SqlDaoCallsAspect - [5489b160-ccf1-11f0-81f3-0bf1425738f5] Top 3 methods by timing:
2025-12-07 23:53:21,222 [TB-Scheduling-16] INFO  o.t.s.dao.aspect.SqlDaoCallsAspect - [5489b160-ccf1-11f0-81f3-0bf1425738f5]: method: JpaDeviceProfileDao.findDeviceProfiles(..), calls: 1, failures: 0, exec time: 34
2025-12-07 23:53:21,222 [TB-Scheduling-16] INFO  o.t.s.dao.aspect.SqlDaoCallsAspect - [5489b160-ccf1-11f0-81f3-0bf1425738f5]: method: JpaNotificationDao.countUnreadByDeliveryMethodAndRecipientId(..), calls: 1, failures: 0, exec time: 8
2025-12-07 23:53:21,222 [TB-Scheduling-16] INFO  o.t.s.dao.aspect.SqlDaoCallsAspect - [5489b160-ccf1-11f0-81f3-0bf1425738f5]: method: JpaUserCredentialsDao.findByUserId(..), calls: 1, failures: 0, exec time: 7
2025-12-07 23:53:21,234 [TB-Scheduling-12] INFO  o.t.s.c.t.s.DefaultTransportService - Transport Stats: openConnections [0]
2025-12-07 23:53:43,652 [sql-log-2-thread-1] INFO  o.t.s.dao.sql.TbSqlBlockingQueue - Queue-1 [TS] queueSize [0] totalAdded [7] totalSaved [7] totalFailed [0]
2025-12-07 23:53:43,690 [sql-log-2-thread-1] INFO  o.t.s.dao.sql.TbSqlBlockingQueue - Queue-1 [TS Latest] queueSize [0] totalAdded [7] totalSaved [7] totalFailed [0]
2025-12-07 23:53:53,652 [sql-log-2-thread-1] INFO  o.t.s.dao.sql.TbSqlBlockingQueue - Queue-1 [TS] queueSize [0] totalAdded [4] totalSaved [4] totalFailed [0]
2025-12-07 23:53:53,690 [sql-log-2-thread-1] INFO  o.t.s.dao.sql.TbSqlBlockingQueue - Queue-1 [TS Latest] queueSize [0] totalAdded [4] totalSaved [4] totalFailed [0]
2025-12-07 23:54:21,231 [TB-Scheduling-12] INFO  o.t.s.c.t.s.DefaultTransportService - Transport Stats: openConnections [0]
2025-12-07 23:54:43,647 [sql-log-2-thread-1] INFO  o.t.s.dao.sql.TbSqlBlockingQueue - Queue-1 [TS] queueSize [0] totalAdded [7] totalSaved [7] totalFailed [0]
2025-12-07 23:54:43,685 [sql-log-2-thread-1] INFO  o.t.s.dao.sql.TbSqlBlockingQueue - Queue-1 [TS Latest] queueSize [0] totalAdded [7] totalSaved [7] totalFailed [0]
2025-12-07 23:54:53,647 [sql-log-2-thread-1] INFO  o.t.s.dao.sql.TbSqlBlockingQueue - Queue-1 [TS] queueSize [0] totalAdded [4] totalSaved [4] totalFailed [0]
2025-12-07 23:54:53,685 [sql-log-2-thread-1] INFO  o.t.s.dao.sql.TbSqlBlockingQueue - Queue-1 [TS Latest] queueSize [0] totalAdded [4] totalSaved [4] totalFailed [0]
2025-12-07 23:55:21,228 [TB-Scheduling-12] INFO  o.t.s.c.t.s.DefaultTransportService - Transport Stats: openConnections [0]
2025-12-07 23:55:53,643 [sql-log-2-thread-1] INFO  o.t.s.dao.sql.TbSqlBlockingQueue - Queue-1 [TS] queueSize [0] totalAdded [11] totalSaved [11] totalFailed [0]
2025-12-07 23:55:53,681 [sql-log-2-thread-1] INFO  o.t.s.dao.sql.TbSqlBlockingQueue - Queue-1 [TS Latest] queueSize [0] totalAdded [11] totalSaved [11] totalFailed [0]
2025-12-07 23:56:21,225 [TB-Scheduling-10] INFO  o.t.s.c.t.s.DefaultTransportService - Transport Stats: openConnections [0]
2025-12-07 23:56:53,640 [sql-log-2-thread-1] INFO  o.t.s.dao.sql.TbSqlBlockingQueue - Queue-1 [TS] queueSize [0] totalAdded [11] totalSaved [11] totalFailed [0]
2025-12-07 23:56:53,677 [sql-log-2-thread-1] INFO  o.t.s.dao.sql.TbSqlBlockingQueue - Queue-1 [TS Latest] queueSize [0] totalAdded [11] totalSaved [11] totalFailed [0]
2025-12-07 23:57:21,223 [TB-Scheduling-6] INFO  o.t.s.c.t.s.DefaultTransportService - Transport Stats: openConnections [0]
2025-12-07 23:57:43,634 [sql-log-2-thread-1] INFO  o.t.s.dao.sql.TbSqlBlockingQueue - Queue-0 [TS] queueSize [0] totalAdded [1] totalSaved [1] totalFailed [0]
2025-12-07 23:57:43,672 [sql-log-2-thread-1] INFO  o.t.s.dao.sql.TbSqlBlockingQueue - Queue-0 [TS Latest] queueSize [0] totalAdded [1] totalSaved [1] totalFailed [0]
2025-12-07 23:57:53,635 [sql-log-2-thread-1] INFO  o.t.s.dao.sql.TbSqlBlockingQueue - Queue-1 [TS] queueSize [0] totalAdded [15] totalSaved [15] totalFailed [0]
2025-12-07 23:57:53,673 [sql-log-2-thread-1] INFO  o.t.s.dao.sql.TbSqlBlockingQueue - Queue-1 [TS Latest] queueSize [0] totalAdded [15] totalSaved [15] totalFailed [0]
2025-12-07 23:58:21,206 [TB-Scheduling-11] INFO  o.t.s.dao.aspect.SqlDaoCallsAspect - Total timing statistics below:
2025-12-07 23:58:21,206 [TB-Scheduling-11] INFO  o.t.s.dao.aspect.SqlDaoCallsAspect - [5489b160-ccf1-11f0-81f3-0bf1425738f5]: calls: 9, failures: 0, exec time: 117 
2025-12-07 23:58:21,206 [TB-Scheduling-11] INFO  o.t.s.dao.aspect.SqlDaoCallsAspect - [5489b160-ccf1-11f0-81f3-0bf1425738f5] Top 3 methods by timing:
2025-12-07 23:58:21,206 [TB-Scheduling-11] INFO  o.t.s.dao.aspect.SqlDaoCallsAspect - [5489b160-ccf1-11f0-81f3-0bf1425738f5]: method: JpaAbstractDao.save(..), calls: 5, failures: 0, exec time: 73
2025-12-07 23:58:21,207 [TB-Scheduling-11] INFO  o.t.s.dao.aspect.SqlDaoCallsAspect - [5489b160-ccf1-11f0-81f3-0bf1425738f5]: method: JpaAbstractDao.findById(..), calls: 2, failures: 0, exec time: 37
2025-12-07 23:58:21,207 [TB-Scheduling-11] INFO  o.t.s.dao.aspect.SqlDaoCallsAspect - [5489b160-ccf1-11f0-81f3-0bf1425738f5]: method: JpaDashboardInfoDao.findDashboardsByTenantId(..), calls: 2, failures: 0, exec time: 7
2025-12-07 23:58:21,215 [TB-Scheduling-16] INFO  o.t.s.s.queue.EdgeConsumerStats - Edge Stats: totalMsgs = [2] edgeNfs = [2] coreNfEdgeHPUpd = [0] coreNfEdgeUpd = [0] coreNfEdgeSyncReq = [0] coreNfEdgeSyncResp = [0] coreNfEdgeCompLfcl = [0] 
2025-12-07 23:58:21,219 [TB-Scheduling-14] INFO  o.t.s.c.t.s.DefaultTransportService - Transport Stats: openConnections [0]
2025-12-07 23:58:21,330 [TB-Scheduling-10] INFO  o.t.s.s.q.TbRuleEngineConsumerStats - [Main] Stats: totalMsgs = [3] successfulMsgs = [3] timeoutMsgs = [0] failedMsgs = [0] tmpTimeout = [0] tmpFailed = [0] successfulIterations = [3] failedIterations = [0] 
2025-12-07 23:58:23,632 [sql-log-2-thread-1] INFO  o.t.s.dao.sql.TbSqlBlockingQueue - Queue-0 [TS] queueSize [0] totalAdded [6] totalSaved [6] totalFailed [0]
2025-12-07 23:58:23,670 [sql-log-2-thread-1] INFO  o.t.s.dao.sql.TbSqlBlockingQueue - Queue-0 [TS Latest] queueSize [0] totalAdded [6] totalSaved [6] totalFailed [0]
2025-12-07 23:58:53,631 [sql-log-2-thread-1] INFO  o.t.s.dao.sql.TbSqlBlockingQueue - Queue-1 [TS] queueSize [0] totalAdded [11] totalSaved [11] totalFailed [0]
2025-12-07 23:58:53,669 [sql-log-2-thread-1] INFO  o.t.s.dao.sql.TbSqlBlockingQueue - Queue-1 [TS Latest] queueSize [0] totalAdded [11] totalSaved [11] totalFailed [0]
2025-12-07 23:59:21,216 [TB-Scheduling-1] INFO  o.t.s.c.t.s.DefaultTransportService - Transport Stats: openConnections [0]
2025-12-07 23:59:53,627 [sql-log-2-thread-1] INFO  o.t.s.dao.sql.TbSqlBlockingQueue - Queue-1 [TS] queueSize [0] totalAdded [11] totalSaved [11] totalFailed [0]
2025-12-07 23:59:53,665 [sql-log-2-thread-1] INFO  o.t.s.dao.sql.TbSqlBlockingQueue - Queue-1 [TS Latest] queueSize [0] totalAdded [11] totalSaved [11] totalFailed [0]
