2025-12-08 00:00:21,213 [TB-Scheduling-13] INFO  o.t.s.c.t.s.DefaultTransportService - Transport Stats: openConnections [0]
2025-12-08 00:00:53,623 [sql-log-2-thread-1] INFO  o.t.s.dao.sql.TbSqlBlockingQueue - Queue-1 [TS] queueSize [0] totalAdded [13] totalSaved [13] totalFailed [0]
2025-12-08 00:00:53,662 [sql-log-2-thread-1] INFO  o.t.s.dao.sql.TbSqlBlockingQueue - Queue-1 [TS Latest] queueSize [0] totalAdded [13] totalSaved [13] totalFailed [0]
2025-12-08 00:01:21,196 [TB-Scheduling-2] INFO  o.t.s.dao.aspect.SqlDaoCallsAspect - Total timing statistics below:
2025-12-08 00:01:21,197 [TB-Scheduling-2] INFO  o.t.s.dao.aspect.SqlDaoCallsAspect - [5489b160-ccf1-11f0-81f3-0bf1425738f5]: calls: 4, failures: 0, exec time: 69 
2025-12-08 00:01:21,197 [TB-Scheduling-2] INFO  o.t.s.dao.aspect.SqlDaoCallsAspect - [5489b160-ccf1-11f0-81f3-0bf1425738f5] Top 3 methods by timing:
2025-12-08 00:01:21,197 [TB-Scheduling-2] INFO  o.t.s.dao.aspect.SqlDaoCallsAspect - [5489b160-ccf1-11f0-81f3-0bf1425738f5]: method: JpaAttributeDao.save(..), calls: 3, failures: 0, exec time: 64
2025-12-08 00:01:21,197 [TB-Scheduling-2] INFO  o.t.s.dao.aspect.SqlDaoCallsAspect - [5489b160-ccf1-11f0-81f3-0bf1425738f5]: method: JpaNotificationRuleDao.findByTenantIdAndTriggerTypeAndEnabled(..), calls: 1, failures: 0, exec time: 5
2025-12-08 00:01:21,204 [TB-Scheduling-13] INFO  o.t.s.s.queue.TbCoreConsumerStats - Core Stats: totalMsgs = [2] sessionEvents = [1] getAttr = [0] subToAttr = [0] subToRpc = [1] toDevRpc = [0] subInfo = [0] claimDevice = [0] deviceState = [0] subMsgs = [0] deviceConnect = [0] deviceActivity = [0] deviceDisconnect = [0] deviceInactivity = [0] deviceInactivityTimeoutUpdate = [0] coreNfOther = [0] coreNfCompLfcl = [0] coreNfDevRpcRsp = [0] coreNfNfRlProc = [0] coreNfQueueUpd = [0] coreNfQueueDel = [0] coreNfSubSvc = [0] coreNfSubMgr = [0] coreNfVCRsp = [0] 
2025-12-08 00:01:21,230 [TB-Scheduling-5] INFO  o.t.s.c.t.s.DefaultTransportService - Transport Stats: openConnections [1]
2025-12-08 00:01:21,322 [TB-Scheduling-6] INFO  o.t.s.s.q.TbRuleEngineConsumerStats - [Main] Stats: totalMsgs = [2] successfulMsgs = [2] timeoutMsgs = [0] failedMsgs = [0] tmpTimeout = [0] tmpFailed = [0] successfulIterations = [2] failedIterations = [0] 
2025-12-08 00:01:22,940 [sql-log-2-thread-1] INFO  o.t.s.dao.sql.TbSqlBlockingQueue - Queue-0 [Attributes] queueSize [0] totalAdded [3] totalSaved [3] totalFailed [0]
2025-12-08 00:01:23,620 [sql-log-2-thread-1] INFO  o.t.s.dao.sql.TbSqlBlockingQueue - Queue-0 [TS] queueSize [0] totalAdded [6] totalSaved [6] totalFailed [0]
2025-12-08 00:01:23,658 [sql-log-2-thread-1] INFO  o.t.s.dao.sql.TbSqlBlockingQueue - Queue-0 [TS Latest] queueSize [0] totalAdded [6] totalSaved [6] totalFailed [0]
2025-12-08 00:01:37,218 [device-dispatcher-0-2] WARN  o.t.s.a.d.DeviceActorMessageProcessor - [2e112f10-ccf4-11f0-9325-87376abd1036][ad5b77d3-89de-4a79-9b15-65de495775bb][55a52387-df05-44d5-9f96-c56dd251795b][4] RPC has already been removed from pending map.
2025-12-08 00:01:41,645 [device-dispatcher-0-2] WARN  o.t.s.a.d.DeviceActorMessageProcessor - [2e112f10-ccf4-11f0-9325-87376abd1036][ad5b77d3-89de-4a79-9b15-65de495775bb][351a490a-6f6c-42e6-b19e-091d3f231a88][5] RPC has already been removed from pending map.
2025-12-08 00:01:43,618 [sql-log-2-thread-1] INFO  o.t.s.dao.sql.TbSqlBlockingQueue - Queue-0 [TS] queueSize [0] totalAdded [1] totalSaved [1] totalFailed [0]
2025-12-08 00:01:43,656 [sql-log-2-thread-1] INFO  o.t.s.dao.sql.TbSqlBlockingQueue - Queue-0 [TS Latest] queueSize [0] totalAdded [1] totalSaved [1] totalFailed [0]
2025-12-08 00:01:47,619 [device-dispatcher-0-2] WARN  o.t.s.a.d.DeviceActorMessageProcessor - [2e112f10-ccf4-11f0-9325-87376abd1036][ad5b77d3-89de-4a79-9b15-65de495775bb][ac215cc0-ad6b-4ac2-aa6a-d24bb76d80a5][6] RPC has already been removed from pending map.
2025-12-08 00:01:48,326 [device-dispatcher-0-2] WARN  o.t.s.a.d.DeviceActorMessageProcessor - [2e112f10-ccf4-11f0-9325-87376abd1036][ad5b77d3-89de-4a79-9b15-65de495775bb][5f43ea07-613d-4d9c-8a1f-b7f5f340b01e][7] RPC has already been removed from pending map.
2025-12-08 00:01:50,120 [device-dispatcher-0-1] WARN  o.t.s.a.d.DeviceActorMessageProcessor - [2e112f10-ccf4-11f0-9325-87376abd1036][ad5b77d3-89de-4a79-9b15-65de495775bb][ba68aecc-0c55-4345-b200-73d03b0544d0][8] RPC has already been removed from pending map.
2025-12-08 00:01:53,619 [sql-log-2-thread-1] INFO  o.t.s.dao.sql.TbSqlBlockingQueue - Queue-1 [TS] queueSize [0] totalAdded [23] totalSaved [23] totalFailed [0]
2025-12-08 00:01:53,657 [sql-log-2-thread-1] INFO  o.t.s.dao.sql.TbSqlBlockingQueue - Queue-1 [TS Latest] queueSize [0] totalAdded [23] totalSaved [23] totalFailed [0]
2025-12-08 00:02:21,194 [TB-Scheduling-3] INFO  o.t.s.dao.aspect.SqlDaoCallsAspect - Total timing statistics below:
2025-12-08 00:02:21,195 [TB-Scheduling-3] INFO  o.t.s.dao.aspect.SqlDaoCallsAspect - [5489b160-ccf1-11f0-81f3-0bf1425738f5]: calls: 10, failures: 0, exec time: 33 
2025-12-08 00:02:21,195 [TB-Scheduling-3] INFO  o.t.s.dao.aspect.SqlDaoCallsAspect - [5489b160-ccf1-11f0-81f3-0bf1425738f5] Top 3 methods by timing:
2025-12-08 00:02:21,195 [TB-Scheduling-3] INFO  o.t.s.dao.aspect.SqlDaoCallsAspect - [5489b160-ccf1-11f0-81f3-0bf1425738f5]: method: JpaAbstractDao.save(..), calls: 8, failures: 0, exec time: 23
2025-12-08 00:02:21,195 [TB-Scheduling-3] INFO  o.t.s.dao.aspect.SqlDaoCallsAspect - [5489b160-ccf1-11f0-81f3-0bf1425738f5]: method: JpaAbstractDao.findById(..), calls: 1, failures: 0, exec time: 7
2025-12-08 00:02:21,195 [TB-Scheduling-3] INFO  o.t.s.dao.aspect.SqlDaoCallsAspect - [5489b160-ccf1-11f0-81f3-0bf1425738f5]: method: JpaDashboardInfoDao.findDashboardsByTenantId(..), calls: 1, failures: 0, exec time: 3
2025-12-08 00:02:21,201 [TB-Scheduling-13] INFO  o.t.s.s.queue.TbCoreConsumerStats - Core Stats: totalMsgs = [6] sessionEvents = [0] getAttr = [0] subToAttr = [0] subToRpc = [0] toDevRpc = [0] subInfo = [1] claimDevice = [0] deviceState = [0] subMsgs = [0] deviceConnect = [0] deviceActivity = [0] deviceDisconnect = [0] deviceInactivity = [0] deviceInactivityTimeoutUpdate = [0] coreNfOther = [0] coreNfCompLfcl = [0] coreNfDevRpcRsp = [0] coreNfNfRlProc = [0] coreNfQueueUpd = [0] coreNfQueueDel = [0] coreNfSubSvc = [0] coreNfSubMgr = [0] coreNfVCRsp = [0] 
2025-12-08 00:02:21,201 [TB-Scheduling-2] INFO  o.t.s.s.queue.EdgeConsumerStats - Edge Stats: totalMsgs = [1] edgeNfs = [1] coreNfEdgeHPUpd = [0] coreNfEdgeUpd = [0] coreNfEdgeSyncReq = [0] coreNfEdgeSyncResp = [0] coreNfEdgeCompLfcl = [0] 
2025-12-08 00:02:21,227 [TB-Scheduling-14] INFO  o.t.s.c.t.s.DefaultTransportService - Transport Stats: openConnections [1]
2025-12-08 00:02:21,319 [TB-Scheduling-8] INFO  o.t.s.s.q.TbRuleEngineConsumerStats - [Main] Stats: totalMsgs = [12] successfulMsgs = [12] timeoutMsgs = [0] failedMsgs = [0] tmpTimeout = [0] tmpFailed = [0] successfulIterations = [12] failedIterations = [0] 
2025-12-08 00:02:22,936 [sql-log-2-thread-1] INFO  o.t.s.dao.sql.TbSqlBlockingQueue - Queue-0 [Attributes] queueSize [0] totalAdded [1] totalSaved [1] totalFailed [0]
2025-12-08 00:02:23,617 [sql-log-2-thread-1] INFO  o.t.s.dao.sql.TbSqlBlockingQueue - Queue-0 [TS] queueSize [0] totalAdded [6] totalSaved [6] totalFailed [0]
2025-12-08 00:02:23,655 [sql-log-2-thread-1] INFO  o.t.s.dao.sql.TbSqlBlockingQueue - Queue-0 [TS Latest] queueSize [0] totalAdded [6] totalSaved [6] totalFailed [0]
2025-12-08 00:02:52,373 [device-dispatcher-0-2] WARN  o.t.s.a.d.DeviceActorMessageProcessor - [2e112f10-ccf4-11f0-9325-87376abd1036][ad5b77d3-89de-4a79-9b15-65de495775bb][de3594d5-7a78-4468-87da-6af8c4b75990][9] RPC has already been removed from pending map.
2025-12-08 00:02:53,615 [sql-log-2-thread-1] INFO  o.t.s.dao.sql.TbSqlBlockingQueue - Queue-1 [TS] queueSize [0] totalAdded [19] totalSaved [19] totalFailed [0]
2025-12-08 00:02:53,653 [sql-log-2-thread-1] INFO  o.t.s.dao.sql.TbSqlBlockingQueue - Queue-1 [TS Latest] queueSize [0] totalAdded [19] totalSaved [19] totalFailed [0]
2025-12-08 00:02:57,053 [device-dispatcher-0-2] WARN  o.t.s.a.d.DeviceActorMessageProcessor - [2e112f10-ccf4-11f0-9325-87376abd1036][ad5b77d3-89de-4a79-9b15-65de495775bb][2dffb909-e997-449a-8fb3-99bdf95a057a][10] RPC has already been removed from pending map.
2025-12-08 00:02:58,705 [device-dispatcher-0-1] WARN  o.t.s.a.d.DeviceActorMessageProcessor - [2e112f10-ccf4-11f0-9325-87376abd1036][ad5b77d3-89de-4a79-9b15-65de495775bb][a18a19aa-bbaa-4e59-a747-00131c486593][11] RPC has already been removed from pending map.
2025-12-08 00:03:21,192 [TB-Scheduling-14] INFO  o.t.s.dao.aspect.SqlDaoCallsAspect - Total timing statistics below:
2025-12-08 00:03:21,193 [TB-Scheduling-14] INFO  o.t.s.dao.aspect.SqlDaoCallsAspect - [5489b160-ccf1-11f0-81f3-0bf1425738f5]: calls: 4, failures: 0, exec time: 8 
2025-12-08 00:03:21,193 [TB-Scheduling-14] INFO  o.t.s.dao.aspect.SqlDaoCallsAspect - [5489b160-ccf1-11f0-81f3-0bf1425738f5] Top 3 methods by timing:
2025-12-08 00:03:21,193 [TB-Scheduling-14] INFO  o.t.s.dao.aspect.SqlDaoCallsAspect - [5489b160-ccf1-11f0-81f3-0bf1425738f5]: method: JpaAttributeDao.save(..), calls: 1, failures: 0, exec time: 6
2025-12-08 00:03:21,193 [TB-Scheduling-14] INFO  o.t.s.dao.aspect.SqlDaoCallsAspect - [5489b160-ccf1-11f0-81f3-0bf1425738f5]: method: JpaAbstractDao.save(..), calls: 3, failures: 0, exec time: 2
2025-12-08 00:03:21,198 [TB-Scheduling-11] INFO  o.t.s.s.queue.TbCoreConsumerStats - Core Stats: totalMsgs = [4] sessionEvents = [0] getAttr = [0] subToAttr = [0] subToRpc = [0] toDevRpc = [0] subInfo = [1] claimDevice = [0] deviceState = [0] subMsgs = [0] deviceConnect = [0] deviceActivity = [0] deviceDisconnect = [0] deviceInactivity = [0] deviceInactivityTimeoutUpdate = [0] coreNfOther = [0] coreNfCompLfcl = [0] coreNfDevRpcRsp = [0] coreNfNfRlProc = [0] coreNfQueueUpd = [0] coreNfQueueDel = [0] coreNfSubSvc = [0] coreNfSubMgr = [0] coreNfVCRsp = [0] 
2025-12-08 00:03:21,224 [TB-Scheduling-5] INFO  o.t.s.c.t.s.DefaultTransportService - Transport Stats: openConnections [1]
2025-12-08 00:03:21,317 [TB-Scheduling-16] INFO  o.t.s.s.q.TbRuleEngineConsumerStats - [Main] Stats: totalMsgs = [6] successfulMsgs = [6] timeoutMsgs = [0] failedMsgs = [0] tmpTimeout = [0] tmpFailed = [0] successfulIterations = [6] failedIterations = [0] 
2025-12-08 00:03:22,932 [sql-log-2-thread-1] INFO  o.t.s.dao.sql.TbSqlBlockingQueue - Queue-0 [Attributes] queueSize [0] totalAdded [1] totalSaved [1] totalFailed [0]
2025-12-08 00:03:23,613 [sql-log-2-thread-1] INFO  o.t.s.dao.sql.TbSqlBlockingQueue - Queue-0 [TS] queueSize [0] totalAdded [6] totalSaved [6] totalFailed [0]
2025-12-08 00:03:23,651 [sql-log-2-thread-1] INFO  o.t.s.dao.sql.TbSqlBlockingQueue - Queue-0 [TS Latest] queueSize [0] totalAdded [6] totalSaved [6] totalFailed [0]
2025-12-08 00:03:53,611 [sql-log-2-thread-1] INFO  o.t.s.dao.sql.TbSqlBlockingQueue - Queue-1 [TS] queueSize [0] totalAdded [19] totalSaved [19] totalFailed [0]
2025-12-08 00:03:53,649 [sql-log-2-thread-1] INFO  o.t.s.dao.sql.TbSqlBlockingQueue - Queue-1 [TS Latest] queueSize [0] totalAdded [19] totalSaved [19] totalFailed [0]
2025-12-08 00:04:21,190 [TB-Scheduling-11] INFO  o.t.s.dao.aspect.SqlDaoCallsAspect - Total timing statistics below:
2025-12-08 00:04:21,190 [TB-Scheduling-11] INFO  o.t.s.dao.aspect.SqlDaoCallsAspect - [5489b160-ccf1-11f0-81f3-0bf1425738f5]: calls: 1, failures: 0, exec time: 11 
2025-12-08 00:04:21,190 [TB-Scheduling-11] INFO  o.t.s.dao.aspect.SqlDaoCallsAspect - [5489b160-ccf1-11f0-81f3-0bf1425738f5] Top 3 methods by timing:
2025-12-08 00:04:21,190 [TB-Scheduling-11] INFO  o.t.s.dao.aspect.SqlDaoCallsAspect - [5489b160-ccf1-11f0-81f3-0bf1425738f5]: method: JpaAttributeDao.save(..), calls: 1, failures: 0, exec time: 11
2025-12-08 00:04:21,195 [TB-Scheduling-15] INFO  o.t.s.s.queue.TbCoreConsumerStats - Core Stats: totalMsgs = [1] sessionEvents = [0] getAttr = [0] subToAttr = [0] subToRpc = [0] toDevRpc = [0] subInfo = [1] claimDevice = [0] deviceState = [0] subMsgs = [0] deviceConnect = [0] deviceActivity = [0] deviceDisconnect = [0] deviceInactivity = [0] deviceInactivityTimeoutUpdate = [0] coreNfOther = [0] coreNfCompLfcl = [0] coreNfDevRpcRsp = [0] coreNfNfRlProc = [0] coreNfQueueUpd = [0] coreNfQueueDel = [0] coreNfSubSvc = [0] coreNfSubMgr = [0] coreNfVCRsp = [0] 
2025-12-08 00:04:21,220 [TB-Scheduling-14] INFO  o.t.s.c.t.s.DefaultTransportService - Transport Stats: openConnections [1]
2025-12-08 00:04:22,928 [sql-log-2-thread-1] INFO  o.t.s.dao.sql.TbSqlBlockingQueue - Queue-0 [Attributes] queueSize [0] totalAdded [1] totalSaved [1] totalFailed [0]
2025-12-08 00:04:52,926 [sql-log-2-thread-1] INFO  o.t.s.dao.sql.TbSqlBlockingQueue - Queue-0 [Attributes] queueSize [0] totalAdded [2] totalSaved [2] totalFailed [0]
2025-12-08 00:04:53,607 [sql-log-2-thread-1] INFO  o.t.s.dao.sql.TbSqlBlockingQueue - Queue-1 [TS] queueSize [0] totalAdded [15] totalSaved [15] totalFailed [0]
2025-12-08 00:04:53,645 [sql-log-2-thread-1] INFO  o.t.s.dao.sql.TbSqlBlockingQueue - Queue-1 [TS Latest] queueSize [0] totalAdded [15] totalSaved [15] totalFailed [0]
2025-12-08 00:05:02,923 [sql-log-2-thread-1] INFO  o.t.s.dao.sql.TbSqlBlockingQueue - Queue-0 [Attributes] queueSize [0] totalAdded [2] totalSaved [2] totalFailed [0]
2025-12-08 00:05:05,666 [device-dispatcher-0-1] WARN  o.t.s.a.d.DeviceActorMessageProcessor - [2e112f10-ccf4-11f0-9325-87376abd1036][0ff085cc-fb1e-432c-8970-55b9d5c78865][ad1ab8ed-aa63-423c-8190-8520eff0c996][12] RPC has already been removed from pending map.
2025-12-08 00:05:21,186 [TB-Scheduling-13] INFO  o.t.s.dao.aspect.SqlDaoCallsAspect - Total timing statistics below:
2025-12-08 00:05:21,187 [TB-Scheduling-13] INFO  o.t.s.dao.aspect.SqlDaoCallsAspect - [5489b160-ccf1-11f0-81f3-0bf1425738f5]: calls: 6, failures: 0, exec time: 69 
2025-12-08 00:05:21,187 [TB-Scheduling-13] INFO  o.t.s.dao.aspect.SqlDaoCallsAspect - [5489b160-ccf1-11f0-81f3-0bf1425738f5] Top 3 methods by timing:
2025-12-08 00:05:21,187 [TB-Scheduling-13] INFO  o.t.s.dao.aspect.SqlDaoCallsAspect - [5489b160-ccf1-11f0-81f3-0bf1425738f5]: method: JpaAttributeDao.save(..), calls: 5, failures: 0, exec time: 68
2025-12-08 00:05:21,187 [TB-Scheduling-13] INFO  o.t.s.dao.aspect.SqlDaoCallsAspect - [5489b160-ccf1-11f0-81f3-0bf1425738f5]: method: JpaAbstractDao.save(..), calls: 1, failures: 0, exec time: 1
2025-12-08 00:05:21,192 [TB-Scheduling-6] INFO  o.t.s.s.queue.TbCoreConsumerStats - Core Stats: totalMsgs = [7] sessionEvents = [2] getAttr = [0] subToAttr = [0] subToRpc = [1] toDevRpc = [0] subInfo = [3] claimDevice = [0] deviceState = [0] subMsgs = [0] deviceConnect = [0] deviceActivity = [0] deviceDisconnect = [0] deviceInactivity = [0] deviceInactivityTimeoutUpdate = [0] coreNfOther = [0] coreNfCompLfcl = [0] coreNfDevRpcRsp = [0] coreNfNfRlProc = [0] coreNfQueueUpd = [0] coreNfQueueDel = [0] coreNfSubSvc = [0] coreNfSubMgr = [0] coreNfVCRsp = [0] 
2025-12-08 00:05:21,217 [TB-Scheduling-8] INFO  o.t.s.c.t.s.DefaultTransportService - Transport Stats: openConnections [1]
2025-12-08 00:05:21,310 [TB-Scheduling-5] INFO  o.t.s.s.q.TbRuleEngineConsumerStats - [Main] Stats: totalMsgs = [4] successfulMsgs = [4] timeoutMsgs = [0] failedMsgs = [0] tmpTimeout = [0] tmpFailed = [0] successfulIterations = [4] failedIterations = [0] 
2025-12-08 00:05:23,604 [sql-log-2-thread-1] INFO  o.t.s.dao.sql.TbSqlBlockingQueue - Queue-0 [TS] queueSize [0] totalAdded [6] totalSaved [6] totalFailed [0]
2025-12-08 00:05:23,642 [sql-log-2-thread-1] INFO  o.t.s.dao.sql.TbSqlBlockingQueue - Queue-0 [TS Latest] queueSize [0] totalAdded [6] totalSaved [6] totalFailed [0]
2025-12-08 00:05:53,604 [sql-log-2-thread-1] INFO  o.t.s.dao.sql.TbSqlBlockingQueue - Queue-1 [TS] queueSize [0] totalAdded [12] totalSaved [12] totalFailed [0]
2025-12-08 00:05:53,641 [sql-log-2-thread-1] INFO  o.t.s.dao.sql.TbSqlBlockingQueue - Queue-1 [TS Latest] queueSize [0] totalAdded [12] totalSaved [12] totalFailed [0]
2025-12-08 00:06:02,920 [sql-log-2-thread-1] INFO  o.t.s.dao.sql.TbSqlBlockingQueue - Queue-0 [Attributes] queueSize [0] totalAdded [1] totalSaved [1] totalFailed [0]
2025-12-08 00:06:03,601 [sql-log-2-thread-1] INFO  o.t.s.dao.sql.TbSqlBlockingQueue - Queue-1 [TS] queueSize [0] totalAdded [7] totalSaved [7] totalFailed [0]
2025-12-08 00:06:03,639 [sql-log-2-thread-1] INFO  o.t.s.dao.sql.TbSqlBlockingQueue - Queue-1 [TS Latest] queueSize [0] totalAdded [7] totalSaved [7] totalFailed [0]
2025-12-08 00:06:21,184 [TB-Scheduling-11] INFO  o.t.s.dao.aspect.SqlDaoCallsAspect - Total timing statistics below:
2025-12-08 00:06:21,185 [TB-Scheduling-11] INFO  o.t.s.dao.aspect.SqlDaoCallsAspect - [5489b160-ccf1-11f0-81f3-0bf1425738f5]: calls: 1, failures: 0, exec time: 5 
2025-12-08 00:06:21,185 [TB-Scheduling-11] INFO  o.t.s.dao.aspect.SqlDaoCallsAspect - [5489b160-ccf1-11f0-81f3-0bf1425738f5] Top 3 methods by timing:
2025-12-08 00:06:21,185 [TB-Scheduling-11] INFO  o.t.s.dao.aspect.SqlDaoCallsAspect - [5489b160-ccf1-11f0-81f3-0bf1425738f5]: method: JpaAttributeDao.save(..), calls: 1, failures: 0, exec time: 5
2025-12-08 00:06:21,189 [TB-Scheduling-6] INFO  o.t.s.s.queue.TbCoreConsumerStats - Core Stats: totalMsgs = [1] sessionEvents = [0] getAttr = [0] subToAttr = [0] subToRpc = [0] toDevRpc = [0] subInfo = [1] claimDevice = [0] deviceState = [0] subMsgs = [0] deviceConnect = [0] deviceActivity = [0] deviceDisconnect = [0] deviceInactivity = [0] deviceInactivityTimeoutUpdate = [0] coreNfOther = [0] coreNfCompLfcl = [0] coreNfDevRpcRsp = [0] coreNfNfRlProc = [0] coreNfQueueUpd = [0] coreNfQueueDel = [0] coreNfSubSvc = [0] coreNfSubMgr = [0] coreNfVCRsp = [0] 
2025-12-08 00:06:21,215 [TB-Scheduling-9] INFO  o.t.s.c.t.s.DefaultTransportService - Transport Stats: openConnections [1]
2025-12-08 00:06:53,599 [sql-log-2-thread-1] INFO  o.t.s.dao.sql.TbSqlBlockingQueue - Queue-1 [TS] queueSize [0] totalAdded [4] totalSaved [4] totalFailed [0]
2025-12-08 00:06:53,637 [sql-log-2-thread-1] INFO  o.t.s.dao.sql.TbSqlBlockingQueue - Queue-1 [TS Latest] queueSize [0] totalAdded [4] totalSaved [4] totalFailed [0]
2025-12-08 00:07:02,916 [sql-log-2-thread-1] INFO  o.t.s.dao.sql.TbSqlBlockingQueue - Queue-0 [Attributes] queueSize [0] totalAdded [1] totalSaved [1] totalFailed [0]
2025-12-08 00:07:03,598 [sql-log-2-thread-1] INFO  o.t.s.dao.sql.TbSqlBlockingQueue - Queue-1 [TS] queueSize [0] totalAdded [7] totalSaved [7] totalFailed [0]
2025-12-08 00:07:03,635 [sql-log-2-thread-1] INFO  o.t.s.dao.sql.TbSqlBlockingQueue - Queue-1 [TS Latest] queueSize [0] totalAdded [7] totalSaved [7] totalFailed [0]
2025-12-08 00:07:21,182 [TB-Scheduling-10] INFO  o.t.s.dao.aspect.SqlDaoCallsAspect - Total timing statistics below:
2025-12-08 00:07:21,182 [TB-Scheduling-10] INFO  o.t.s.dao.aspect.SqlDaoCallsAspect - [5489b160-ccf1-11f0-81f3-0bf1425738f5]: calls: 1, failures: 0, exec time: 6 
2025-12-08 00:07:21,182 [TB-Scheduling-10] INFO  o.t.s.dao.aspect.SqlDaoCallsAspect - [5489b160-ccf1-11f0-81f3-0bf1425738f5] Top 3 methods by timing:
2025-12-08 00:07:21,182 [TB-Scheduling-10] INFO  o.t.s.dao.aspect.SqlDaoCallsAspect - [5489b160-ccf1-11f0-81f3-0bf1425738f5]: method: JpaAttributeDao.save(..), calls: 1, failures: 0, exec time: 6
2025-12-08 00:07:21,186 [TB-Scheduling-7] INFO  o.t.s.s.queue.TbCoreConsumerStats - Core Stats: totalMsgs = [1] sessionEvents = [0] getAttr = [0] subToAttr = [0] subToRpc = [0] toDevRpc = [0] subInfo = [1] claimDevice = [0] deviceState = [0] subMsgs = [0] deviceConnect = [0] deviceActivity = [0] deviceDisconnect = [0] deviceInactivity = [0] deviceInactivityTimeoutUpdate = [0] coreNfOther = [0] coreNfCompLfcl = [0] coreNfDevRpcRsp = [0] coreNfNfRlProc = [0] coreNfQueueUpd = [0] coreNfQueueDel = [0] coreNfSubSvc = [0] coreNfSubMgr = [0] coreNfVCRsp = [0] 
2025-12-08 00:07:21,212 [TB-Scheduling-4] INFO  o.t.s.c.t.s.DefaultTransportService - Transport Stats: openConnections [1]
2025-12-08 00:07:53,595 [sql-log-2-thread-1] INFO  o.t.s.dao.sql.TbSqlBlockingQueue - Queue-1 [TS] queueSize [0] totalAdded [4] totalSaved [4] totalFailed [0]
2025-12-08 00:07:53,633 [sql-log-2-thread-1] INFO  o.t.s.dao.sql.TbSqlBlockingQueue - Queue-1 [TS Latest] queueSize [0] totalAdded [4] totalSaved [4] totalFailed [0]
2025-12-08 00:08:02,913 [sql-log-2-thread-1] INFO  o.t.s.dao.sql.TbSqlBlockingQueue - Queue-0 [Attributes] queueSize [0] totalAdded [1] totalSaved [1] totalFailed [0]
2025-12-08 00:08:03,593 [sql-log-2-thread-1] INFO  o.t.s.dao.sql.TbSqlBlockingQueue - Queue-1 [TS] queueSize [0] totalAdded [7] totalSaved [7] totalFailed [0]
2025-12-08 00:08:03,631 [sql-log-2-thread-1] INFO  o.t.s.dao.sql.TbSqlBlockingQueue - Queue-1 [TS Latest] queueSize [0] totalAdded [7] totalSaved [7] totalFailed [0]
2025-12-08 00:08:21,179 [TB-Scheduling-13] INFO  o.t.s.dao.aspect.SqlDaoCallsAspect - Total timing statistics below:
2025-12-08 00:08:21,179 [TB-Scheduling-13] INFO  o.t.s.dao.aspect.SqlDaoCallsAspect - [5489b160-ccf1-11f0-81f3-0bf1425738f5]: calls: 5, failures: 0, exec time: 80 
2025-12-08 00:08:21,180 [TB-Scheduling-13] INFO  o.t.s.dao.aspect.SqlDaoCallsAspect - [5489b160-ccf1-11f0-81f3-0bf1425738f5] Top 3 methods by timing:
2025-12-08 00:08:21,180 [TB-Scheduling-13] INFO  o.t.s.dao.aspect.SqlDaoCallsAspect - [5489b160-ccf1-11f0-81f3-0bf1425738f5]: method: JpaAbstractDao.save(..), calls: 2, failures: 0, exec time: 61
2025-12-08 00:08:21,180 [TB-Scheduling-13] INFO  o.t.s.dao.aspect.SqlDaoCallsAspect - [5489b160-ccf1-11f0-81f3-0bf1425738f5]: method: JpaAbstractDao.findById(..), calls: 1, failures: 0, exec time: 9
2025-12-08 00:08:21,180 [TB-Scheduling-13] INFO  o.t.s.dao.aspect.SqlDaoCallsAspect - [5489b160-ccf1-11f0-81f3-0bf1425738f5]: method: JpaAttributeDao.save(..), calls: 1, failures: 0, exec time: 6
2025-12-08 00:08:21,180 [TB-Scheduling-13] INFO  o.t.s.s.queue.EdgeConsumerStats - Edge Stats: totalMsgs = [1] edgeNfs = [1] coreNfEdgeHPUpd = [0] coreNfEdgeUpd = [0] coreNfEdgeSyncReq = [0] coreNfEdgeSyncResp = [0] coreNfEdgeCompLfcl = [0] 
2025-12-08 00:08:21,183 [TB-Scheduling-7] INFO  o.t.s.s.queue.TbCoreConsumerStats - Core Stats: totalMsgs = [1] sessionEvents = [0] getAttr = [0] subToAttr = [0] subToRpc = [0] toDevRpc = [0] subInfo = [1] claimDevice = [0] deviceState = [0] subMsgs = [0] deviceConnect = [0] deviceActivity = [0] deviceDisconnect = [0] deviceInactivity = [0] deviceInactivityTimeoutUpdate = [0] coreNfOther = [0] coreNfCompLfcl = [0] coreNfDevRpcRsp = [0] coreNfNfRlProc = [0] coreNfQueueUpd = [0] coreNfQueueDel = [0] coreNfSubSvc = [0] coreNfSubMgr = [0] coreNfVCRsp = [0] 
2025-12-08 00:08:21,208 [TB-Scheduling-12] INFO  o.t.s.c.t.s.DefaultTransportService - Transport Stats: openConnections [1]
2025-12-08 00:08:21,302 [TB-Scheduling-6] INFO  o.t.s.s.q.TbRuleEngineConsumerStats - [Main] Stats: totalMsgs = [1] successfulMsgs = [1] timeoutMsgs = [0] failedMsgs = [0] tmpTimeout = [0] tmpFailed = [0] successfulIterations = [1] failedIterations = [0] 
2025-12-08 00:08:23,592 [sql-log-2-thread-1] INFO  o.t.s.dao.sql.TbSqlBlockingQueue - Queue-0 [TS] queueSize [0] totalAdded [6] totalSaved [6] totalFailed [0]
2025-12-08 00:08:23,631 [sql-log-2-thread-1] INFO  o.t.s.dao.sql.TbSqlBlockingQueue - Queue-0 [TS Latest] queueSize [0] totalAdded [6] totalSaved [6] totalFailed [0]
2025-12-08 00:08:53,589 [sql-log-2-thread-1] INFO  o.t.s.dao.sql.TbSqlBlockingQueue - Queue-1 [TS] queueSize [0] totalAdded [4] totalSaved [4] totalFailed [0]
2025-12-08 00:08:53,627 [sql-log-2-thread-1] INFO  o.t.s.dao.sql.TbSqlBlockingQueue - Queue-1 [TS Latest] queueSize [0] totalAdded [4] totalSaved [4] totalFailed [0]
2025-12-08 00:09:02,905 [sql-log-2-thread-1] INFO  o.t.s.dao.sql.TbSqlBlockingQueue - Queue-0 [Attributes] queueSize [0] totalAdded [1] totalSaved [1] totalFailed [0]
2025-12-08 00:09:03,586 [sql-log-2-thread-1] INFO  o.t.s.dao.sql.TbSqlBlockingQueue - Queue-1 [TS] queueSize [0] totalAdded [7] totalSaved [7] totalFailed [0]
2025-12-08 00:09:03,624 [sql-log-2-thread-1] INFO  o.t.s.dao.sql.TbSqlBlockingQueue - Queue-1 [TS Latest] queueSize [0] totalAdded [7] totalSaved [7] totalFailed [0]
2025-12-08 00:09:17,882 [device-dispatcher-0-2] WARN  o.t.s.a.d.DeviceActorMessageProcessor - [2e112f10-ccf4-11f0-9325-87376abd1036][0ff085cc-fb1e-432c-8970-55b9d5c78865][a7826f3a-2d7e-425c-834d-269e2f9d2b45][13] RPC has already been removed from pending map.
2025-12-08 00:09:21,173 [TB-Scheduling-13] INFO  o.t.s.dao.aspect.SqlDaoCallsAspect - Total timing statistics below:
2025-12-08 00:09:21,173 [TB-Scheduling-13] INFO  o.t.s.dao.aspect.SqlDaoCallsAspect - [5489b160-ccf1-11f0-81f3-0bf1425738f5]: calls: 2, failures: 0, exec time: 7 
2025-12-08 00:09:21,173 [TB-Scheduling-13] INFO  o.t.s.dao.aspect.SqlDaoCallsAspect - [5489b160-ccf1-11f0-81f3-0bf1425738f5] Top 3 methods by timing:
2025-12-08 00:09:21,173 [TB-Scheduling-13] INFO  o.t.s.dao.aspect.SqlDaoCallsAspect - [5489b160-ccf1-11f0-81f3-0bf1425738f5]: method: JpaAttributeDao.save(..), calls: 1, failures: 0, exec time: 6
2025-12-08 00:09:21,173 [TB-Scheduling-13] INFO  o.t.s.dao.aspect.SqlDaoCallsAspect - [5489b160-ccf1-11f0-81f3-0bf1425738f5]: method: JpaAbstractDao.save(..), calls: 1, failures: 0, exec time: 1
2025-12-08 00:09:21,175 [TB-Scheduling-15] INFO  o.t.s.s.queue.TbCoreConsumerStats - Core Stats: totalMsgs = [2] sessionEvents = [0] getAttr = [0] subToAttr = [0] subToRpc = [0] toDevRpc = [0] subInfo = [1] claimDevice = [0] deviceState = [0] subMsgs = [0] deviceConnect = [0] deviceActivity = [0] deviceDisconnect = [0] deviceInactivity = [0] deviceInactivityTimeoutUpdate = [0] coreNfOther = [0] coreNfCompLfcl = [0] coreNfDevRpcRsp = [0] coreNfNfRlProc = [0] coreNfQueueUpd = [0] coreNfQueueDel = [0] coreNfSubSvc = [0] coreNfSubMgr = [0] coreNfVCRsp = [0] 
2025-12-08 00:09:21,202 [TB-Scheduling-3] INFO  o.t.s.c.t.s.DefaultTransportService - Transport Stats: openConnections [1]
2025-12-08 00:09:21,296 [TB-Scheduling-4] INFO  o.t.s.s.q.TbRuleEngineConsumerStats - [Main] Stats: totalMsgs = [2] successfulMsgs = [2] timeoutMsgs = [0] failedMsgs = [0] tmpTimeout = [0] tmpFailed = [0] successfulIterations = [2] failedIterations = [0] 
2025-12-08 00:09:23,585 [sql-log-2-thread-1] INFO  o.t.s.dao.sql.TbSqlBlockingQueue - Queue-0 [TS] queueSize [0] totalAdded [6] totalSaved [6] totalFailed [0]
2025-12-08 00:09:23,623 [sql-log-2-thread-1] INFO  o.t.s.dao.sql.TbSqlBlockingQueue - Queue-0 [TS Latest] queueSize [0] totalAdded [6] totalSaved [6] totalFailed [0]
2025-12-08 00:09:53,587 [sql-log-2-thread-1] INFO  o.t.s.dao.sql.TbSqlBlockingQueue - Queue-1 [TS] queueSize [0] totalAdded [12] totalSaved [12] totalFailed [0]
2025-12-08 00:09:53,624 [sql-log-2-thread-1] INFO  o.t.s.dao.sql.TbSqlBlockingQueue - Queue-1 [TS Latest] queueSize [0] totalAdded [12] totalSaved [12] totalFailed [0]
2025-12-08 00:10:02,904 [sql-log-2-thread-1] INFO  o.t.s.dao.sql.TbSqlBlockingQueue - Queue-0 [Attributes] queueSize [0] totalAdded [1] totalSaved [1] totalFailed [0]
2025-12-08 00:10:03,586 [sql-log-2-thread-1] INFO  o.t.s.dao.sql.TbSqlBlockingQueue - Queue-1 [TS] queueSize [0] totalAdded [7] totalSaved [7] totalFailed [0]
2025-12-08 00:10:03,624 [sql-log-2-thread-1] INFO  o.t.s.dao.sql.TbSqlBlockingQueue - Queue-1 [TS Latest] queueSize [0] totalAdded [7] totalSaved [7] totalFailed [0]
2025-12-08 00:10:21,174 [TB-Scheduling-3] INFO  o.t.s.dao.aspect.SqlDaoCallsAspect - Total timing statistics below:
2025-12-08 00:10:21,175 [TB-Scheduling-3] INFO  o.t.s.dao.aspect.SqlDaoCallsAspect - [5489b160-ccf1-11f0-81f3-0bf1425738f5]: calls: 1, failures: 0, exec time: 6 
2025-12-08 00:10:21,176 [TB-Scheduling-15] INFO  o.t.s.s.queue.TbCoreConsumerStats - Core Stats: totalMsgs = [1] sessionEvents = [0] getAttr = [0] subToAttr = [0] subToRpc = [0] toDevRpc = [0] subInfo = [1] claimDevice = [0] deviceState = [0] subMsgs = [0] deviceConnect = [0] deviceActivity = [0] deviceDisconnect = [0] deviceInactivity = [0] deviceInactivityTimeoutUpdate = [0] coreNfOther = [0] coreNfCompLfcl = [0] coreNfDevRpcRsp = [0] coreNfNfRlProc = [0] coreNfQueueUpd = [0] coreNfQueueDel = [0] coreNfSubSvc = [0] coreNfSubMgr = [0] coreNfVCRsp = [0] 
2025-12-08 00:10:21,177 [TB-Scheduling-3] INFO  o.t.s.dao.aspect.SqlDaoCallsAspect - [5489b160-ccf1-11f0-81f3-0bf1425738f5] Top 3 methods by timing:
2025-12-08 00:10:21,178 [TB-Scheduling-3] INFO  o.t.s.dao.aspect.SqlDaoCallsAspect - [5489b160-ccf1-11f0-81f3-0bf1425738f5]: method: JpaAttributeDao.save(..), calls: 1, failures: 0, exec time: 6
2025-12-08 00:10:21,203 [TB-Scheduling-13] INFO  o.t.s.c.t.s.DefaultTransportService - Transport Stats: openConnections [1]
2025-12-08 00:10:53,581 [sql-log-2-thread-1] INFO  o.t.s.dao.sql.TbSqlBlockingQueue - Queue-1 [TS] queueSize [0] totalAdded [4] totalSaved [4] totalFailed [0]
2025-12-08 00:10:53,619 [sql-log-2-thread-1] INFO  o.t.s.dao.sql.TbSqlBlockingQueue - Queue-1 [TS Latest] queueSize [0] totalAdded [4] totalSaved [4] totalFailed [0]
2025-12-08 00:11:02,901 [sql-log-2-thread-1] INFO  o.t.s.dao.sql.TbSqlBlockingQueue - Queue-0 [Attributes] queueSize [0] totalAdded [1] totalSaved [1] totalFailed [0]
2025-12-08 00:11:03,583 [sql-log-2-thread-1] INFO  o.t.s.dao.sql.TbSqlBlockingQueue - Queue-1 [TS] queueSize [0] totalAdded [7] totalSaved [7] totalFailed [0]
2025-12-08 00:11:03,621 [sql-log-2-thread-1] INFO  o.t.s.dao.sql.TbSqlBlockingQueue - Queue-1 [TS Latest] queueSize [0] totalAdded [7] totalSaved [7] totalFailed [0]
2025-12-08 00:11:21,175 [TB-Scheduling-15] INFO  o.t.s.s.queue.TbCoreConsumerStats - Core Stats: totalMsgs = [1] sessionEvents = [0] getAttr = [0] subToAttr = [0] subToRpc = [0] toDevRpc = [0] subInfo = [1] claimDevice = [0] deviceState = [0] subMsgs = [0] deviceConnect = [0] deviceActivity = [0] deviceDisconnect = [0] deviceInactivity = [0] deviceInactivityTimeoutUpdate = [0] coreNfOther = [0] coreNfCompLfcl = [0] coreNfDevRpcRsp = [0] coreNfNfRlProc = [0] coreNfQueueUpd = [0] coreNfQueueDel = [0] coreNfSubSvc = [0] coreNfSubMgr = [0] coreNfVCRsp = [0] 
2025-12-08 00:11:21,175 [TB-Scheduling-3] INFO  o.t.s.dao.aspect.SqlDaoCallsAspect - Total timing statistics below:
2025-12-08 00:11:21,176 [TB-Scheduling-3] INFO  o.t.s.dao.aspect.SqlDaoCallsAspect - [5489b160-ccf1-11f0-81f3-0bf1425738f5]: calls: 1, failures: 0, exec time: 6 
2025-12-08 00:11:21,176 [TB-Scheduling-3] INFO  o.t.s.dao.aspect.SqlDaoCallsAspect - [5489b160-ccf1-11f0-81f3-0bf1425738f5] Top 3 methods by timing:
2025-12-08 00:11:21,176 [TB-Scheduling-3] INFO  o.t.s.dao.aspect.SqlDaoCallsAspect - [5489b160-ccf1-11f0-81f3-0bf1425738f5]: method: JpaAttributeDao.save(..), calls: 1, failures: 0, exec time: 6
2025-12-08 00:11:21,201 [TB-Scheduling-9] INFO  o.t.s.c.t.s.DefaultTransportService - Transport Stats: openConnections [1]
2025-12-08 00:11:53,581 [sql-log-2-thread-1] INFO  o.t.s.dao.sql.TbSqlBlockingQueue - Queue-1 [TS] queueSize [0] totalAdded [4] totalSaved [4] totalFailed [0]
2025-12-08 00:11:53,619 [sql-log-2-thread-1] INFO  o.t.s.dao.sql.TbSqlBlockingQueue - Queue-1 [TS Latest] queueSize [0] totalAdded [4] totalSaved [4] totalFailed [0]
2025-12-08 00:12:02,898 [sql-log-2-thread-1] INFO  o.t.s.dao.sql.TbSqlBlockingQueue - Queue-0 [Attributes] queueSize [0] totalAdded [1] totalSaved [1] totalFailed [0]
2025-12-08 00:12:03,580 [sql-log-2-thread-1] INFO  o.t.s.dao.sql.TbSqlBlockingQueue - Queue-1 [TS] queueSize [0] totalAdded [7] totalSaved [7] totalFailed [0]
2025-12-08 00:12:03,618 [sql-log-2-thread-1] INFO  o.t.s.dao.sql.TbSqlBlockingQueue - Queue-1 [TS Latest] queueSize [0] totalAdded [7] totalSaved [7] totalFailed [0]
2025-12-08 00:12:21,173 [TB-Scheduling-2] INFO  o.t.s.s.queue.TbCoreConsumerStats - Core Stats: totalMsgs = [1] sessionEvents = [0] getAttr = [0] subToAttr = [0] subToRpc = [0] toDevRpc = [0] subInfo = [1] claimDevice = [0] deviceState = [0] subMsgs = [0] deviceConnect = [0] deviceActivity = [0] deviceDisconnect = [0] deviceInactivity = [0] deviceInactivityTimeoutUpdate = [0] coreNfOther = [0] coreNfCompLfcl = [0] coreNfDevRpcRsp = [0] coreNfNfRlProc = [0] coreNfQueueUpd = [0] coreNfQueueDel = [0] coreNfSubSvc = [0] coreNfSubMgr = [0] coreNfVCRsp = [0] 
2025-12-08 00:12:21,173 [TB-Scheduling-5] INFO  o.t.s.dao.aspect.SqlDaoCallsAspect - Total timing statistics below:
2025-12-08 00:12:21,173 [TB-Scheduling-5] INFO  o.t.s.dao.aspect.SqlDaoCallsAspect - [5489b160-ccf1-11f0-81f3-0bf1425738f5]: calls: 1, failures: 0, exec time: 8 
2025-12-08 00:12:21,173 [TB-Scheduling-5] INFO  o.t.s.dao.aspect.SqlDaoCallsAspect - [5489b160-ccf1-11f0-81f3-0bf1425738f5] Top 3 methods by timing:
2025-12-08 00:12:21,173 [TB-Scheduling-5] INFO  o.t.s.dao.aspect.SqlDaoCallsAspect - [5489b160-ccf1-11f0-81f3-0bf1425738f5]: method: JpaAttributeDao.save(..), calls: 1, failures: 0, exec time: 8
2025-12-08 00:12:21,198 [TB-Scheduling-16] INFO  o.t.s.c.t.s.DefaultTransportService - Transport Stats: openConnections [1]
2025-12-08 00:12:31,284 [TB-Scheduling-10] INFO  o.t.s.s.s.DefaultTbEntityDataSubscriptionService - Stats: regularQueryInvocationCnt = [4], regularQueryInvocationTime = [16], dynamicQueryCnt = [0] dynamicQueryInvocationCnt = [0], dynamicQueryInvocationTime = [0], alarmQueryInvocationCnt = [0], alarmQueryInvocationTime = [0]
2025-12-08 00:12:41,283 [TB-Scheduling-15] INFO  o.t.s.s.s.DefaultTbEntityDataSubscriptionService - Stats: regularQueryInvocationCnt = [0], regularQueryInvocationTime = [0], dynamicQueryCnt = [0] dynamicQueryInvocationCnt = [0], dynamicQueryInvocationTime = [0], alarmQueryInvocationCnt = [4], alarmQueryInvocationTime = [22]
2025-12-08 00:12:53,578 [sql-log-2-thread-1] INFO  o.t.s.dao.sql.TbSqlBlockingQueue - Queue-1 [TS] queueSize [0] totalAdded [4] totalSaved [4] totalFailed [0]
2025-12-08 00:12:53,616 [sql-log-2-thread-1] INFO  o.t.s.dao.sql.TbSqlBlockingQueue - Queue-1 [TS Latest] queueSize [0] totalAdded [4] totalSaved [4] totalFailed [0]
2025-12-08 00:13:02,895 [sql-log-2-thread-1] INFO  o.t.s.dao.sql.TbSqlBlockingQueue - Queue-0 [Attributes] queueSize [0] totalAdded [1] totalSaved [1] totalFailed [0]
2025-12-08 00:13:03,576 [sql-log-2-thread-1] INFO  o.t.s.dao.sql.TbSqlBlockingQueue - Queue-1 [TS] queueSize [0] totalAdded [7] totalSaved [7] totalFailed [0]
2025-12-08 00:13:03,614 [sql-log-2-thread-1] INFO  o.t.s.dao.sql.TbSqlBlockingQueue - Queue-1 [TS Latest] queueSize [0] totalAdded [7] totalSaved [7] totalFailed [0]
2025-12-08 00:13:21,171 [TB-Scheduling-15] INFO  o.t.s.s.queue.TbCoreConsumerStats - Core Stats: totalMsgs = [1] sessionEvents = [0] getAttr = [0] subToAttr = [0] subToRpc = [0] toDevRpc = [0] subInfo = [1] claimDevice = [0] deviceState = [0] subMsgs = [0] deviceConnect = [0] deviceActivity = [0] deviceDisconnect = [0] deviceInactivity = [0] deviceInactivityTimeoutUpdate = [0] coreNfOther = [0] coreNfCompLfcl = [0] coreNfDevRpcRsp = [0] coreNfNfRlProc = [0] coreNfQueueUpd = [0] coreNfQueueDel = [0] coreNfSubSvc = [0] coreNfSubMgr = [0] coreNfVCRsp = [0] 
2025-12-08 00:13:21,171 [TB-Scheduling-3] INFO  o.t.s.dao.aspect.SqlDaoCallsAspect - Total timing statistics below:
2025-12-08 00:13:21,171 [TB-Scheduling-3] INFO  o.t.s.dao.aspect.SqlDaoCallsAspect - [5489b160-ccf1-11f0-81f3-0bf1425738f5]: calls: 7, failures: 0, exec time: 29 
2025-12-08 00:13:21,171 [TB-Scheduling-3] INFO  o.t.s.dao.aspect.SqlDaoCallsAspect - [5489b160-ccf1-11f0-81f3-0bf1425738f5] Top 3 methods by timing:
2025-12-08 00:13:21,171 [TB-Scheduling-3] INFO  o.t.s.dao.aspect.SqlDaoCallsAspect - [5489b160-ccf1-11f0-81f3-0bf1425738f5]: method: JpaAlarmDao.findActiveOriginatorAlarms(..), calls: 6, failures: 0, exec time: 23
2025-12-08 00:13:21,171 [TB-Scheduling-3] INFO  o.t.s.dao.aspect.SqlDaoCallsAspect - [5489b160-ccf1-11f0-81f3-0bf1425738f5]: method: JpaAttributeDao.save(..), calls: 1, failures: 0, exec time: 6
2025-12-08 00:13:21,197 [TB-Scheduling-5] INFO  o.t.s.c.t.s.DefaultTransportService - Transport Stats: openConnections [1]
2025-12-08 00:13:21,284 [TB-Scheduling-16] INFO  o.t.s.s.s.DefaultTbEntityDataSubscriptionService - Stats: regularQueryInvocationCnt = [0], regularQueryInvocationTime = [0], dynamicQueryCnt = [0] dynamicQueryInvocationCnt = [0], dynamicQueryInvocationTime = [0], alarmQueryInvocationCnt = [2], alarmQueryInvocationTime = [4]
2025-12-08 00:13:39,138 [device-dispatcher-0-1] WARN  o.t.s.a.d.DeviceActorMessageProcessor - [2e112f10-ccf4-11f0-9325-87376abd1036][0ff085cc-fb1e-432c-8970-55b9d5c78865][ea38fdd9-07c7-4dec-b7d1-c79623b350ee][14] RPC has already been removed from pending map.
2025-12-08 00:13:43,574 [sql-log-2-thread-1] INFO  o.t.s.dao.sql.TbSqlBlockingQueue - Queue-0 [TS] queueSize [0] totalAdded [5] totalSaved [5] totalFailed [0]
2025-12-08 00:13:43,613 [sql-log-2-thread-1] INFO  o.t.s.dao.sql.TbSqlBlockingQueue - Queue-0 [TS Latest] queueSize [0] totalAdded [5] totalSaved [5] totalFailed [0]
2025-12-08 00:13:44,852 [device-dispatcher-0-1] WARN  o.t.s.a.d.DeviceActorMessageProcessor - [2e112f10-ccf4-11f0-9325-87376abd1036][0ff085cc-fb1e-432c-8970-55b9d5c78865][518c5ee9-81e9-4010-949d-09ace8b60cbb][15] RPC has already been removed from pending map.
2025-12-08 00:13:53,574 [sql-log-2-thread-1] INFO  o.t.s.dao.sql.TbSqlBlockingQueue - Queue-0 [TS] queueSize [0] totalAdded [3] totalSaved [3] totalFailed [0]
2025-12-08 00:13:53,575 [sql-log-2-thread-1] INFO  o.t.s.dao.sql.TbSqlBlockingQueue - Queue-1 [TS] queueSize [0] totalAdded [16] totalSaved [16] totalFailed [0]
2025-12-08 00:13:53,612 [sql-log-2-thread-1] INFO  o.t.s.dao.sql.TbSqlBlockingQueue - Queue-0 [TS Latest] queueSize [0] totalAdded [3] totalSaved [3] totalFailed [0]
2025-12-08 00:13:53,613 [sql-log-2-thread-1] INFO  o.t.s.dao.sql.TbSqlBlockingQueue - Queue-1 [TS Latest] queueSize [0] totalAdded [16] totalSaved [16] totalFailed [0]
2025-12-08 00:14:02,892 [sql-log-2-thread-1] INFO  o.t.s.dao.sql.TbSqlBlockingQueue - Queue-0 [Attributes] queueSize [0] totalAdded [1] totalSaved [1] totalFailed [0]
2025-12-08 00:14:03,572 [sql-log-2-thread-1] INFO  o.t.s.dao.sql.TbSqlBlockingQueue - Queue-0 [TS] queueSize [0] totalAdded [7] totalSaved [7] totalFailed [0]
2025-12-08 00:14:03,573 [sql-log-2-thread-1] INFO  o.t.s.dao.sql.TbSqlBlockingQueue - Queue-1 [TS] queueSize [0] totalAdded [7] totalSaved [7] totalFailed [0]
2025-12-08 00:14:03,610 [sql-log-2-thread-1] INFO  o.t.s.dao.sql.TbSqlBlockingQueue - Queue-0 [TS Latest] queueSize [0] totalAdded [7] totalSaved [7] totalFailed [0]
2025-12-08 00:14:03,611 [sql-log-2-thread-1] INFO  o.t.s.dao.sql.TbSqlBlockingQueue - Queue-1 [TS Latest] queueSize [0] totalAdded [7] totalSaved [7] totalFailed [0]
2025-12-08 00:14:21,169 [TB-Scheduling-5] INFO  o.t.s.s.queue.TbCoreConsumerStats - Core Stats: totalMsgs = [3] sessionEvents = [0] getAttr = [0] subToAttr = [0] subToRpc = [0] toDevRpc = [0] subInfo = [1] claimDevice = [0] deviceState = [0] subMsgs = [0] deviceConnect = [0] deviceActivity = [0] deviceDisconnect = [0] deviceInactivity = [0] deviceInactivityTimeoutUpdate = [0] coreNfOther = [0] coreNfCompLfcl = [0] coreNfDevRpcRsp = [0] coreNfNfRlProc = [0] coreNfQueueUpd = [0] coreNfQueueDel = [0] coreNfSubSvc = [0] coreNfSubMgr = [0] coreNfVCRsp = [0] 
2025-12-08 00:14:21,169 [TB-Scheduling-6] INFO  o.t.s.dao.aspect.SqlDaoCallsAspect - Total timing statistics below:
2025-12-08 00:14:21,169 [TB-Scheduling-6] INFO  o.t.s.dao.aspect.SqlDaoCallsAspect - [5489b160-ccf1-11f0-81f3-0bf1425738f5]: calls: 18, failures: 0, exec time: 14 
2025-12-08 00:14:21,169 [TB-Scheduling-6] INFO  o.t.s.dao.aspect.SqlDaoCallsAspect - [5489b160-ccf1-11f0-81f3-0bf1425738f5] Top 3 methods by timing:
2025-12-08 00:14:21,169 [TB-Scheduling-6] INFO  o.t.s.dao.aspect.SqlDaoCallsAspect - [5489b160-ccf1-11f0-81f3-0bf1425738f5]: method: JpaAbstractDao.save(..), calls: 17, failures: 0, exec time: 11
2025-12-08 00:14:21,169 [TB-Scheduling-6] INFO  o.t.s.dao.aspect.SqlDaoCallsAspect - [5489b160-ccf1-11f0-81f3-0bf1425738f5]: method: JpaAttributeDao.save(..), calls: 1, failures: 0, exec time: 3
2025-12-08 00:14:21,194 [TB-Scheduling-9] INFO  o.t.s.c.t.s.DefaultTransportService - Transport Stats: openConnections [1]
2025-12-08 00:14:21,288 [TB-Scheduling-12] INFO  o.t.s.s.q.TbRuleEngineConsumerStats - [Main] Stats: totalMsgs = [19] successfulMsgs = [19] timeoutMsgs = [0] failedMsgs = [0] tmpTimeout = [0] tmpFailed = [0] successfulIterations = [19] failedIterations = [0] 
2025-12-08 00:14:23,572 [sql-log-2-thread-1] INFO  o.t.s.dao.sql.TbSqlBlockingQueue - Queue-0 [TS] queueSize [0] totalAdded [6] totalSaved [6] totalFailed [0]
2025-12-08 00:14:23,610 [sql-log-2-thread-1] INFO  o.t.s.dao.sql.TbSqlBlockingQueue - Queue-0 [TS Latest] queueSize [0] totalAdded [6] totalSaved [6] totalFailed [0]
2025-12-08 00:14:53,571 [sql-log-2-thread-1] INFO  o.t.s.dao.sql.TbSqlBlockingQueue - Queue-0 [TS] queueSize [0] totalAdded [2] totalSaved [2] totalFailed [0]
2025-12-08 00:14:53,572 [sql-log-2-thread-1] INFO  o.t.s.dao.sql.TbSqlBlockingQueue - Queue-1 [TS] queueSize [0] totalAdded [8] totalSaved [8] totalFailed [0]
2025-12-08 00:14:53,609 [sql-log-2-thread-1] INFO  o.t.s.dao.sql.TbSqlBlockingQueue - Queue-0 [TS Latest] queueSize [0] totalAdded [2] totalSaved [2] totalFailed [0]
2025-12-08 00:14:53,610 [sql-log-2-thread-1] INFO  o.t.s.dao.sql.TbSqlBlockingQueue - Queue-1 [TS Latest] queueSize [0] totalAdded [8] totalSaved [8] totalFailed [0]
2025-12-08 00:15:02,889 [sql-log-2-thread-1] INFO  o.t.s.dao.sql.TbSqlBlockingQueue - Queue-0 [Attributes] queueSize [0] totalAdded [1] totalSaved [1] totalFailed [0]
2025-12-08 00:15:03,570 [sql-log-2-thread-1] INFO  o.t.s.dao.sql.TbSqlBlockingQueue - Queue-1 [TS] queueSize [0] totalAdded [7] totalSaved [7] totalFailed [0]
2025-12-08 00:15:03,608 [sql-log-2-thread-1] INFO  o.t.s.dao.sql.TbSqlBlockingQueue - Queue-1 [TS Latest] queueSize [0] totalAdded [7] totalSaved [7] totalFailed [0]
2025-12-08 00:15:21,163 [TB-Scheduling-5] INFO  o.t.s.s.queue.EdgeConsumerStats - Edge Stats: totalMsgs = [1] edgeNfs = [1] coreNfEdgeHPUpd = [0] coreNfEdgeUpd = [0] coreNfEdgeSyncReq = [0] coreNfEdgeSyncResp = [0] coreNfEdgeCompLfcl = [0] 
2025-12-08 00:15:21,167 [TB-Scheduling-16] INFO  o.t.s.s.queue.TbCoreConsumerStats - Core Stats: totalMsgs = [1] sessionEvents = [0] getAttr = [0] subToAttr = [0] subToRpc = [0] toDevRpc = [0] subInfo = [1] claimDevice = [0] deviceState = [0] subMsgs = [0] deviceConnect = [0] deviceActivity = [0] deviceDisconnect = [0] deviceInactivity = [0] deviceInactivityTimeoutUpdate = [0] coreNfOther = [0] coreNfCompLfcl = [0] coreNfDevRpcRsp = [0] coreNfNfRlProc = [0] coreNfQueueUpd = [0] coreNfQueueDel = [0] coreNfSubSvc = [0] coreNfSubMgr = [0] coreNfVCRsp = [0] 
2025-12-08 00:15:21,167 [TB-Scheduling-9] INFO  o.t.s.dao.aspect.SqlDaoCallsAspect - Total timing statistics below:
2025-12-08 00:15:21,167 [TB-Scheduling-9] INFO  o.t.s.dao.aspect.SqlDaoCallsAspect - [5489b160-ccf1-11f0-81f3-0bf1425738f5]: calls: 7, failures: 0, exec time: 35 
2025-12-08 00:15:21,167 [TB-Scheduling-9] INFO  o.t.s.dao.aspect.SqlDaoCallsAspect - [5489b160-ccf1-11f0-81f3-0bf1425738f5] Top 3 methods by timing:
2025-12-08 00:15:21,167 [TB-Scheduling-9] INFO  o.t.s.dao.aspect.SqlDaoCallsAspect - [5489b160-ccf1-11f0-81f3-0bf1425738f5]: method: JpaAbstractDao.save(..), calls: 4, failures: 0, exec time: 17
2025-12-08 00:15:21,167 [TB-Scheduling-9] INFO  o.t.s.dao.aspect.SqlDaoCallsAspect - [5489b160-ccf1-11f0-81f3-0bf1425738f5]: method: JpaAbstractDao.findById(..), calls: 1, failures: 0, exec time: 8
2025-12-08 00:15:21,168 [TB-Scheduling-9] INFO  o.t.s.dao.aspect.SqlDaoCallsAspect - [5489b160-ccf1-11f0-81f3-0bf1425738f5]: method: JpaAttributeDao.save(..), calls: 1, failures: 0, exec time: 6
2025-12-08 00:15:21,193 [TB-Scheduling-16] INFO  o.t.s.c.t.s.DefaultTransportService - Transport Stats: openConnections [1]
2025-12-08 00:15:21,287 [TB-Scheduling-10] INFO  o.t.s.s.q.TbRuleEngineConsumerStats - [Main] Stats: totalMsgs = [3] successfulMsgs = [3] timeoutMsgs = [0] failedMsgs = [0] tmpTimeout = [0] tmpFailed = [0] successfulIterations = [3] failedIterations = [0] 
2025-12-08 00:15:23,570 [sql-log-2-thread-1] INFO  o.t.s.dao.sql.TbSqlBlockingQueue - Queue-0 [TS] queueSize [0] totalAdded [6] totalSaved [6] totalFailed [0]
2025-12-08 00:15:23,607 [sql-log-2-thread-1] INFO  o.t.s.dao.sql.TbSqlBlockingQueue - Queue-0 [TS Latest] queueSize [0] totalAdded [6] totalSaved [6] totalFailed [0]
2025-12-08 00:15:53,569 [sql-log-2-thread-1] INFO  o.t.s.dao.sql.TbSqlBlockingQueue - Queue-1 [TS] queueSize [0] totalAdded [8] totalSaved [8] totalFailed [0]
2025-12-08 00:15:53,607 [sql-log-2-thread-1] INFO  o.t.s.dao.sql.TbSqlBlockingQueue - Queue-1 [TS Latest] queueSize [0] totalAdded [8] totalSaved [8] totalFailed [0]
2025-12-08 00:16:02,885 [sql-log-2-thread-1] INFO  o.t.s.dao.sql.TbSqlBlockingQueue - Queue-0 [Attributes] queueSize [0] totalAdded [1] totalSaved [1] totalFailed [0]
2025-12-08 00:16:13,567 [sql-log-2-thread-1] INFO  o.t.s.dao.sql.TbSqlBlockingQueue - Queue-1 [TS] queueSize [0] totalAdded [7] totalSaved [7] totalFailed [0]
2025-12-08 00:16:13,605 [sql-log-2-thread-1] INFO  o.t.s.dao.sql.TbSqlBlockingQueue - Queue-1 [TS Latest] queueSize [0] totalAdded [7] totalSaved [7] totalFailed [0]
2025-12-08 00:16:21,165 [TB-Scheduling-3] INFO  o.t.s.dao.aspect.SqlDaoCallsAspect - Total timing statistics below:
2025-12-08 00:16:21,164 [TB-Scheduling-7] INFO  o.t.s.s.queue.TbCoreConsumerStats - Core Stats: totalMsgs = [1] sessionEvents = [0] getAttr = [0] subToAttr = [0] subToRpc = [0] toDevRpc = [0] subInfo = [1] claimDevice = [0] deviceState = [0] subMsgs = [0] deviceConnect = [0] deviceActivity = [0] deviceDisconnect = [0] deviceInactivity = [0] deviceInactivityTimeoutUpdate = [0] coreNfOther = [0] coreNfCompLfcl = [0] coreNfDevRpcRsp = [0] coreNfNfRlProc = [0] coreNfQueueUpd = [0] coreNfQueueDel = [0] coreNfSubSvc = [0] coreNfSubMgr = [0] coreNfVCRsp = [0] 
2025-12-08 00:16:21,166 [TB-Scheduling-3] INFO  o.t.s.dao.aspect.SqlDaoCallsAspect - [5489b160-ccf1-11f0-81f3-0bf1425738f5]: calls: 1, failures: 0, exec time: 5 
2025-12-08 00:16:21,166 [TB-Scheduling-3] INFO  o.t.s.dao.aspect.SqlDaoCallsAspect - [5489b160-ccf1-11f0-81f3-0bf1425738f5] Top 3 methods by timing:
2025-12-08 00:16:21,166 [TB-Scheduling-3] INFO  o.t.s.dao.aspect.SqlDaoCallsAspect - [5489b160-ccf1-11f0-81f3-0bf1425738f5]: method: JpaAttributeDao.save(..), calls: 1, failures: 0, exec time: 5
2025-12-08 00:16:21,190 [TB-Scheduling-16] INFO  o.t.s.c.t.s.DefaultTransportService - Transport Stats: openConnections [1]
2025-12-08 00:16:53,566 [sql-log-2-thread-1] INFO  o.t.s.dao.sql.TbSqlBlockingQueue - Queue-1 [TS] queueSize [0] totalAdded [4] totalSaved [4] totalFailed [0]
2025-12-08 00:16:53,604 [sql-log-2-thread-1] INFO  o.t.s.dao.sql.TbSqlBlockingQueue - Queue-1 [TS Latest] queueSize [0] totalAdded [4] totalSaved [4] totalFailed [0]
2025-12-08 00:17:02,883 [sql-log-2-thread-1] INFO  o.t.s.dao.sql.TbSqlBlockingQueue - Queue-0 [Attributes] queueSize [0] totalAdded [1] totalSaved [1] totalFailed [0]
2025-12-08 00:17:13,564 [sql-log-2-thread-1] INFO  o.t.s.dao.sql.TbSqlBlockingQueue - Queue-1 [TS] queueSize [0] totalAdded [7] totalSaved [7] totalFailed [0]
2025-12-08 00:17:13,602 [sql-log-2-thread-1] INFO  o.t.s.dao.sql.TbSqlBlockingQueue - Queue-1 [TS Latest] queueSize [0] totalAdded [7] totalSaved [7] totalFailed [0]
2025-12-08 00:17:21,164 [TB-Scheduling-4] INFO  o.t.s.s.queue.TbCoreConsumerStats - Core Stats: totalMsgs = [1] sessionEvents = [0] getAttr = [0] subToAttr = [0] subToRpc = [0] toDevRpc = [0] subInfo = [1] claimDevice = [0] deviceState = [0] subMsgs = [0] deviceConnect = [0] deviceActivity = [0] deviceDisconnect = [0] deviceInactivity = [0] deviceInactivityTimeoutUpdate = [0] coreNfOther = [0] coreNfCompLfcl = [0] coreNfDevRpcRsp = [0] coreNfNfRlProc = [0] coreNfQueueUpd = [0] coreNfQueueDel = [0] coreNfSubSvc = [0] coreNfSubMgr = [0] coreNfVCRsp = [0] 
2025-12-08 00:17:21,164 [TB-Scheduling-15] INFO  o.t.s.dao.aspect.SqlDaoCallsAspect - Total timing statistics below:
2025-12-08 00:17:21,164 [TB-Scheduling-15] INFO  o.t.s.dao.aspect.SqlDaoCallsAspect - [5489b160-ccf1-11f0-81f3-0bf1425738f5]: calls: 1, failures: 0, exec time: 5 
2025-12-08 00:17:21,165 [TB-Scheduling-15] INFO  o.t.s.dao.aspect.SqlDaoCallsAspect - [5489b160-ccf1-11f0-81f3-0bf1425738f5] Top 3 methods by timing:
2025-12-08 00:17:21,165 [TB-Scheduling-15] INFO  o.t.s.dao.aspect.SqlDaoCallsAspect - [5489b160-ccf1-11f0-81f3-0bf1425738f5]: method: JpaAttributeDao.save(..), calls: 1, failures: 0, exec time: 5
2025-12-08 00:17:21,189 [TB-Scheduling-8] INFO  o.t.s.c.t.s.DefaultTransportService - Transport Stats: openConnections [1]
2025-12-08 00:17:53,563 [sql-log-2-thread-1] INFO  o.t.s.dao.sql.TbSqlBlockingQueue - Queue-1 [TS] queueSize [0] totalAdded [4] totalSaved [4] totalFailed [0]
2025-12-08 00:17:53,600 [sql-log-2-thread-1] INFO  o.t.s.dao.sql.TbSqlBlockingQueue - Queue-1 [TS Latest] queueSize [0] totalAdded [4] totalSaved [4] totalFailed [0]
2025-12-08 00:18:02,879 [sql-log-2-thread-1] INFO  o.t.s.dao.sql.TbSqlBlockingQueue - Queue-0 [Attributes] queueSize [0] totalAdded [1] totalSaved [1] totalFailed [0]
2025-12-08 00:18:13,561 [sql-log-2-thread-1] INFO  o.t.s.dao.sql.TbSqlBlockingQueue - Queue-1 [TS] queueSize [0] totalAdded [7] totalSaved [7] totalFailed [0]
2025-12-08 00:18:13,598 [sql-log-2-thread-1] INFO  o.t.s.dao.sql.TbSqlBlockingQueue - Queue-1 [TS Latest] queueSize [0] totalAdded [7] totalSaved [7] totalFailed [0]
2025-12-08 00:18:13,809 [http-nio-0.0.0.0-9090-exec-10] INFO  o.t.s.c.plugin.TbWebSocketHandler - [5489b160-ccf1-11f0-81f3-0bf1425738f5][550b6480-ccf1-11f0-81f3-0bf1425738f5][3725255f-f2e4-4d7a-ae4c-bce3e041bcac] Session is closed
2025-12-08 00:31:48,032 [http-nio-0.0.0.0-9090-exec-1] INFO  o.t.s.c.plugin.TbWebSocketHandler - [5489b160-ccf1-11f0-81f3-0bf1425738f5][550b6480-ccf1-11f0-81f3-0bf1425738f5][f44d0ff0-727c-47d3-adc7-733adcba6968] Session is closed
2025-12-08 00:31:52,770 [http-nio-0.0.0.0-9090-exec-7] INFO  o.t.s.c.plugin.TbWebSocketHandler - [5489b160-ccf1-11f0-81f3-0bf1425738f5][550b6480-ccf1-11f0-81f3-0bf1425738f5][f934bbe7-1344-462e-98a7-a5dc97f32015][f112fbcd-1379-9db3-9f68-cc588cc5d137] Session established from address: /172.18.0.1:39174
2025-12-08 01:00:15,343 [TB-Scheduling-8] INFO  o.t.s.s.queue.TbCoreConsumerStats - Core Stats: totalMsgs = [5] sessionEvents = [2] getAttr = [0] subToAttr = [0] subToRpc = [1] toDevRpc = [0] subInfo = [2] claimDevice = [0] deviceState = [0] subMsgs = [0] deviceConnect = [0] deviceActivity = [0] deviceDisconnect = [0] deviceInactivity = [0] deviceInactivityTimeoutUpdate = [0] coreNfOther = [0] coreNfCompLfcl = [0] coreNfDevRpcRsp = [0] coreNfNfRlProc = [0] coreNfQueueUpd = [0] coreNfQueueDel = [0] coreNfSubSvc = [0] coreNfSubMgr = [0] coreNfVCRsp = [0] 
2025-12-08 01:00:15,343 [TB-Scheduling-14] INFO  o.t.s.dao.aspect.SqlDaoCallsAspect - Total timing statistics below:
2025-12-08 01:00:15,343 [TB-Scheduling-14] INFO  o.t.s.dao.aspect.SqlDaoCallsAspect - [5489b160-ccf1-11f0-81f3-0bf1425738f5]: calls: 8, failures: 0, exec time: 157 
2025-12-08 01:00:15,343 [TB-Scheduling-14] INFO  o.t.s.dao.aspect.SqlDaoCallsAspect - [5489b160-ccf1-11f0-81f3-0bf1425738f5] Top 3 methods by timing:
2025-12-08 01:00:15,343 [TB-Scheduling-14] INFO  o.t.s.dao.aspect.SqlDaoCallsAspect - [5489b160-ccf1-11f0-81f3-0bf1425738f5]: method: JpaAttributeDao.save(..), calls: 7, failures: 0, exec time: 146
2025-12-08 01:00:15,343 [TB-Scheduling-14] INFO  o.t.s.dao.aspect.SqlDaoCallsAspect - [5489b160-ccf1-11f0-81f3-0bf1425738f5]: method: JpaNotificationDao.countUnreadByDeliveryMethodAndRecipientId(..), calls: 1, failures: 0, exec time: 11
2025-12-08 01:00:15,368 [TB-Scheduling-3] INFO  o.t.s.c.t.s.DefaultTransportService - Transport Stats: openConnections [1]
2025-12-08 01:00:15,462 [TB-Scheduling-16] INFO  o.t.s.s.q.TbRuleEngineConsumerStats - [Main] Stats: totalMsgs = [3] successfulMsgs = [3] timeoutMsgs = [0] failedMsgs = [0] tmpTimeout = [0] tmpFailed = [0] successfulIterations = [3] failedIterations = [0] 
2025-12-08 01:00:17,061 [sql-log-2-thread-1] INFO  o.t.s.dao.sql.TbSqlBlockingQueue - Queue-0 [Attributes] queueSize [0] totalAdded [6] totalSaved [6] totalFailed [0]
2025-12-08 01:00:17,596 [DefaultWebSocketService-0-8] WARN  o.t.s.c.plugin.TbWebSocketHandler - [5489b160-ccf1-11f0-81f3-0bf1425738f5][550b6480-ccf1-11f0-81f3-0bf1425738f5][f934bbe7-1344-462e-98a7-a5dc97f32015] Closing session due to ping timeout
2025-12-08 01:00:17,597 [DefaultWebSocketService-0-8] INFO  o.t.s.c.plugin.TbWebSocketHandler - [5489b160-ccf1-11f0-81f3-0bf1425738f5][550b6480-ccf1-11f0-81f3-0bf1425738f5][f934bbe7-1344-462e-98a7-a5dc97f32015] Session is closed
2025-12-08 01:00:17,741 [sql-log-2-thread-1] INFO  o.t.s.dao.sql.TbSqlBlockingQueue - Queue-0 [TS] queueSize [0] totalAdded [6] totalSaved [6] totalFailed [0]
2025-12-08 01:00:17,779 [sql-log-2-thread-1] INFO  o.t.s.dao.sql.TbSqlBlockingQueue - Queue-0 [TS Latest] queueSize [0] totalAdded [6] totalSaved [6] totalFailed [0]
2025-12-08 01:00:19,634 [http-nio-0.0.0.0-9090-exec-9] INFO  o.t.s.c.plugin.TbWebSocketHandler - [5489b160-ccf1-11f0-81f3-0bf1425738f5][550b6480-ccf1-11f0-81f3-0bf1425738f5][955f54ac-29b2-4888-b0df-1b1d31792a65][1afe13d9-90ce-9c18-d485-32e7c354fc90] Session established from address: /172.18.0.1:39180
2025-12-08 01:00:25,885 [http-nio-0.0.0.0-9090-exec-2] INFO  o.t.s.c.plugin.TbWebSocketHandler - [5489b160-ccf1-11f0-81f3-0bf1425738f5][550b6480-ccf1-11f0-81f3-0bf1425738f5][467459fa-0f49-429d-8111-7c276ab37f77][4568e941-08ac-289a-e846-8036db85aab0] Session established from address: /172.18.0.1:39286
2025-12-08 01:00:35,471 [TB-Scheduling-8] INFO  o.t.s.s.s.DefaultTbEntityDataSubscriptionService - Stats: regularQueryInvocationCnt = [0], regularQueryInvocationTime = [0], dynamicQueryCnt = [0] dynamicQueryInvocationCnt = [0], dynamicQueryInvocationTime = [0], alarmQueryInvocationCnt = [2], alarmQueryInvocationTime = [9]
2025-12-08 01:00:47,741 [sql-log-2-thread-1] INFO  o.t.s.dao.sql.TbSqlBlockingQueue - Queue-1 [TS] queueSize [0] totalAdded [14] totalSaved [14] totalFailed [0]
2025-12-08 01:00:47,779 [sql-log-2-thread-1] INFO  o.t.s.dao.sql.TbSqlBlockingQueue - Queue-1 [TS Latest] queueSize [0] totalAdded [14] totalSaved [14] totalFailed [0]
2025-12-08 01:01:07,739 [sql-log-2-thread-1] INFO  o.t.s.dao.sql.TbSqlBlockingQueue - Queue-1 [TS] queueSize [0] totalAdded [7] totalSaved [7] totalFailed [0]
2025-12-08 01:01:07,777 [sql-log-2-thread-1] INFO  o.t.s.dao.sql.TbSqlBlockingQueue - Queue-1 [TS Latest] queueSize [0] totalAdded [7] totalSaved [7] totalFailed [0]
2025-12-08 01:01:15,340 [TB-Scheduling-14] INFO  o.t.s.s.queue.TbCoreConsumerStats - Core Stats: totalMsgs = [2] sessionEvents = [0] getAttr = [0] subToAttr = [0] subToRpc = [0] toDevRpc = [0] subInfo = [2] claimDevice = [0] deviceState = [0] subMsgs = [0] deviceConnect = [0] deviceActivity = [0] deviceDisconnect = [0] deviceInactivity = [0] deviceInactivityTimeoutUpdate = [0] coreNfOther = [0] coreNfCompLfcl = [0] coreNfDevRpcRsp = [0] coreNfNfRlProc = [0] coreNfQueueUpd = [0] coreNfQueueDel = [0] coreNfSubSvc = [0] coreNfSubMgr = [0] coreNfVCRsp = [0] 
2025-12-08 01:01:15,341 [TB-Scheduling-14] INFO  o.t.s.dao.aspect.SqlDaoCallsAspect - Total timing statistics below:
2025-12-08 01:01:15,341 [TB-Scheduling-14] INFO  o.t.s.dao.aspect.SqlDaoCallsAspect - [5489b160-ccf1-11f0-81f3-0bf1425738f5]: calls: 4, failures: 0, exec time: 17 
2025-12-08 01:01:15,341 [TB-Scheduling-14] INFO  o.t.s.dao.aspect.SqlDaoCallsAspect - [5489b160-ccf1-11f0-81f3-0bf1425738f5] Top 3 methods by timing:
2025-12-08 01:01:15,341 [TB-Scheduling-14] INFO  o.t.s.dao.aspect.SqlDaoCallsAspect - [5489b160-ccf1-11f0-81f3-0bf1425738f5]: method: JpaAlarmDao.findActiveOriginatorAlarms(..), calls: 2, failures: 0, exec time: 9
2025-12-08 01:01:15,341 [TB-Scheduling-14] INFO  o.t.s.dao.aspect.SqlDaoCallsAspect - [5489b160-ccf1-11f0-81f3-0bf1425738f5]: method: JpaNotificationDao.countUnreadByDeliveryMethodAndRecipientId(..), calls: 2, failures: 0, exec time: 8
2025-12-08 01:01:15,366 [TB-Scheduling-8] INFO  o.t.s.c.t.s.DefaultTransportService - Transport Stats: openConnections [1]
2025-12-08 01:01:17,058 [sql-log-2-thread-1] INFO  o.t.s.dao.sql.TbSqlBlockingQueue - Queue-0 [Attributes] queueSize [0] totalAdded [2] totalSaved [2] totalFailed [0]
2025-12-08 01:01:47,737 [sql-log-2-thread-1] INFO  o.t.s.dao.sql.TbSqlBlockingQueue - Queue-1 [TS] queueSize [0] totalAdded [4] totalSaved [4] totalFailed [0]
2025-12-08 01:01:47,775 [sql-log-2-thread-1] INFO  o.t.s.dao.sql.TbSqlBlockingQueue - Queue-1 [TS Latest] queueSize [0] totalAdded [4] totalSaved [4] totalFailed [0]
2025-12-08 01:02:07,736 [sql-log-2-thread-1] INFO  o.t.s.dao.sql.TbSqlBlockingQueue - Queue-1 [TS] queueSize [0] totalAdded [7] totalSaved [7] totalFailed [0]
2025-12-08 01:02:07,774 [sql-log-2-thread-1] INFO  o.t.s.dao.sql.TbSqlBlockingQueue - Queue-1 [TS Latest] queueSize [0] totalAdded [7] totalSaved [7] totalFailed [0]
2025-12-08 01:02:15,338 [TB-Scheduling-14] INFO  o.t.s.s.queue.TbCoreConsumerStats - Core Stats: totalMsgs = [1] sessionEvents = [0] getAttr = [0] subToAttr = [0] subToRpc = [0] toDevRpc = [0] subInfo = [1] claimDevice = [0] deviceState = [0] subMsgs = [0] deviceConnect = [0] deviceActivity = [0] deviceDisconnect = [0] deviceInactivity = [0] deviceInactivityTimeoutUpdate = [0] coreNfOther = [0] coreNfCompLfcl = [0] coreNfDevRpcRsp = [0] coreNfNfRlProc = [0] coreNfQueueUpd = [0] coreNfQueueDel = [0] coreNfSubSvc = [0] coreNfSubMgr = [0] coreNfVCRsp = [0] 
2025-12-08 01:02:15,338 [TB-Scheduling-14] INFO  o.t.s.dao.aspect.SqlDaoCallsAspect - Total timing statistics below:
2025-12-08 01:02:15,338 [TB-Scheduling-14] INFO  o.t.s.dao.aspect.SqlDaoCallsAspect - [5489b160-ccf1-11f0-81f3-0bf1425738f5]: calls: 2, failures: 0, exec time: 10 
2025-12-08 01:02:15,338 [TB-Scheduling-14] INFO  o.t.s.dao.aspect.SqlDaoCallsAspect - [5489b160-ccf1-11f0-81f3-0bf1425738f5] Top 3 methods by timing:
2025-12-08 01:02:15,338 [TB-Scheduling-14] INFO  o.t.s.dao.aspect.SqlDaoCallsAspect - [5489b160-ccf1-11f0-81f3-0bf1425738f5]: method: JpaAttributeDao.save(..), calls: 2, failures: 0, exec time: 10
2025-12-08 01:02:15,364 [TB-Scheduling-16] INFO  o.t.s.c.t.s.DefaultTransportService - Transport Stats: openConnections [1]
2025-12-08 01:02:15,457 [TB-Scheduling-7] INFO  o.t.s.s.q.TbRuleEngineConsumerStats - [Main] Stats: totalMsgs = [1] successfulMsgs = [1] timeoutMsgs = [0] failedMsgs = [0] tmpTimeout = [0] tmpFailed = [0] successfulIterations = [1] failedIterations = [0] 
2025-12-08 01:02:17,055 [sql-log-2-thread-1] INFO  o.t.s.dao.sql.TbSqlBlockingQueue - Queue-0 [Attributes] queueSize [0] totalAdded [1] totalSaved [1] totalFailed [0]
2025-12-08 01:02:17,735 [sql-log-2-thread-1] INFO  o.t.s.dao.sql.TbSqlBlockingQueue - Queue-0 [TS] queueSize [0] totalAdded [6] totalSaved [6] totalFailed [0]
2025-12-08 01:02:17,773 [sql-log-2-thread-1] INFO  o.t.s.dao.sql.TbSqlBlockingQueue - Queue-0 [TS Latest] queueSize [0] totalAdded [6] totalSaved [6] totalFailed [0]
2025-12-08 01:02:47,735 [sql-log-2-thread-1] INFO  o.t.s.dao.sql.TbSqlBlockingQueue - Queue-1 [TS] queueSize [0] totalAdded [4] totalSaved [4] totalFailed [0]
2025-12-08 01:02:47,772 [sql-log-2-thread-1] INFO  o.t.s.dao.sql.TbSqlBlockingQueue - Queue-1 [TS Latest] queueSize [0] totalAdded [4] totalSaved [4] totalFailed [0]
2025-12-08 01:03:07,733 [sql-log-2-thread-1] INFO  o.t.s.dao.sql.TbSqlBlockingQueue - Queue-1 [TS] queueSize [0] totalAdded [7] totalSaved [7] totalFailed [0]
2025-12-08 01:03:07,771 [sql-log-2-thread-1] INFO  o.t.s.dao.sql.TbSqlBlockingQueue - Queue-1 [TS Latest] queueSize [0] totalAdded [7] totalSaved [7] totalFailed [0]
2025-12-08 01:03:15,335 [TB-Scheduling-2] INFO  o.t.s.s.queue.TbCoreConsumerStats - Core Stats: totalMsgs = [1] sessionEvents = [0] getAttr = [0] subToAttr = [0] subToRpc = [0] toDevRpc = [0] subInfo = [1] claimDevice = [0] deviceState = [0] subMsgs = [0] deviceConnect = [0] deviceActivity = [0] deviceDisconnect = [0] deviceInactivity = [0] deviceInactivityTimeoutUpdate = [0] coreNfOther = [0] coreNfCompLfcl = [0] coreNfDevRpcRsp = [0] coreNfNfRlProc = [0] coreNfQueueUpd = [0] coreNfQueueDel = [0] coreNfSubSvc = [0] coreNfSubMgr = [0] coreNfVCRsp = [0] 
2025-12-08 01:03:15,336 [TB-Scheduling-6] INFO  o.t.s.dao.aspect.SqlDaoCallsAspect - Total timing statistics below:
2025-12-08 01:03:15,336 [TB-Scheduling-6] INFO  o.t.s.dao.aspect.SqlDaoCallsAspect - [5489b160-ccf1-11f0-81f3-0bf1425738f5]: calls: 1, failures: 0, exec time: 2 
2025-12-08 01:03:15,336 [TB-Scheduling-6] INFO  o.t.s.dao.aspect.SqlDaoCallsAspect - [5489b160-ccf1-11f0-81f3-0bf1425738f5] Top 3 methods by timing:
2025-12-08 01:03:15,336 [TB-Scheduling-6] INFO  o.t.s.dao.aspect.SqlDaoCallsAspect - [5489b160-ccf1-11f0-81f3-0bf1425738f5]: method: JpaAttributeDao.save(..), calls: 1, failures: 0, exec time: 2
2025-12-08 01:03:15,361 [TB-Scheduling-14] INFO  o.t.s.c.t.s.DefaultTransportService - Transport Stats: openConnections [1]
2025-12-08 01:03:17,052 [sql-log-2-thread-1] INFO  o.t.s.dao.sql.TbSqlBlockingQueue - Queue-0 [Attributes] queueSize [0] totalAdded [1] totalSaved [1] totalFailed [0]
2025-12-08 01:03:47,731 [sql-log-2-thread-1] INFO  o.t.s.dao.sql.TbSqlBlockingQueue - Queue-1 [TS] queueSize [0] totalAdded [4] totalSaved [4] totalFailed [0]
2025-12-08 01:03:47,769 [sql-log-2-thread-1] INFO  o.t.s.dao.sql.TbSqlBlockingQueue - Queue-1 [TS Latest] queueSize [0] totalAdded [4] totalSaved [4] totalFailed [0]
2025-12-08 01:04:07,730 [sql-log-2-thread-1] INFO  o.t.s.dao.sql.TbSqlBlockingQueue - Queue-1 [TS] queueSize [0] totalAdded [7] totalSaved [7] totalFailed [0]
2025-12-08 01:04:07,768 [sql-log-2-thread-1] INFO  o.t.s.dao.sql.TbSqlBlockingQueue - Queue-1 [TS Latest] queueSize [0] totalAdded [7] totalSaved [7] totalFailed [0]
2025-12-08 01:04:15,333 [TB-Scheduling-6] INFO  o.t.s.s.queue.TbCoreConsumerStats - Core Stats: totalMsgs = [1] sessionEvents = [0] getAttr = [0] subToAttr = [0] subToRpc = [0] toDevRpc = [0] subInfo = [1] claimDevice = [0] deviceState = [0] subMsgs = [0] deviceConnect = [0] deviceActivity = [0] deviceDisconnect = [0] deviceInactivity = [0] deviceInactivityTimeoutUpdate = [0] coreNfOther = [0] coreNfCompLfcl = [0] coreNfDevRpcRsp = [0] coreNfNfRlProc = [0] coreNfQueueUpd = [0] coreNfQueueDel = [0] coreNfSubSvc = [0] coreNfSubMgr = [0] coreNfVCRsp = [0] 
2025-12-08 01:04:15,333 [TB-Scheduling-14] INFO  o.t.s.dao.aspect.SqlDaoCallsAspect - Total timing statistics below:
2025-12-08 01:04:15,333 [TB-Scheduling-14] INFO  o.t.s.dao.aspect.SqlDaoCallsAspect - [5489b160-ccf1-11f0-81f3-0bf1425738f5]: calls: 1, failures: 0, exec time: 3 
2025-12-08 01:04:15,333 [TB-Scheduling-14] INFO  o.t.s.dao.aspect.SqlDaoCallsAspect - [5489b160-ccf1-11f0-81f3-0bf1425738f5] Top 3 methods by timing:
2025-12-08 01:04:15,333 [TB-Scheduling-14] INFO  o.t.s.dao.aspect.SqlDaoCallsAspect - [5489b160-ccf1-11f0-81f3-0bf1425738f5]: method: JpaAttributeDao.save(..), calls: 1, failures: 0, exec time: 3
2025-12-08 01:04:15,359 [TB-Scheduling-15] INFO  o.t.s.c.t.s.DefaultTransportService - Transport Stats: openConnections [1]
2025-12-08 01:04:17,048 [sql-log-2-thread-1] INFO  o.t.s.dao.sql.TbSqlBlockingQueue - Queue-0 [Attributes] queueSize [0] totalAdded [1] totalSaved [1] totalFailed [0]
2025-12-08 01:04:47,728 [sql-log-2-thread-1] INFO  o.t.s.dao.sql.TbSqlBlockingQueue - Queue-1 [TS] queueSize [0] totalAdded [6] totalSaved [6] totalFailed [0]
2025-12-08 01:04:47,766 [sql-log-2-thread-1] INFO  o.t.s.dao.sql.TbSqlBlockingQueue - Queue-1 [TS Latest] queueSize [0] totalAdded [6] totalSaved [6] totalFailed [0]
2025-12-08 01:05:07,727 [sql-log-2-thread-1] INFO  o.t.s.dao.sql.TbSqlBlockingQueue - Queue-1 [TS] queueSize [0] totalAdded [7] totalSaved [7] totalFailed [0]
2025-12-08 01:05:07,765 [sql-log-2-thread-1] INFO  o.t.s.dao.sql.TbSqlBlockingQueue - Queue-1 [TS Latest] queueSize [0] totalAdded [7] totalSaved [7] totalFailed [0]
2025-12-08 01:05:15,330 [TB-Scheduling-3] INFO  o.t.s.s.queue.TbCoreConsumerStats - Core Stats: totalMsgs = [1] sessionEvents = [0] getAttr = [0] subToAttr = [0] subToRpc = [0] toDevRpc = [0] subInfo = [1] claimDevice = [0] deviceState = [0] subMsgs = [0] deviceConnect = [0] deviceActivity = [0] deviceDisconnect = [0] deviceInactivity = [0] deviceInactivityTimeoutUpdate = [0] coreNfOther = [0] coreNfCompLfcl = [0] coreNfDevRpcRsp = [0] coreNfNfRlProc = [0] coreNfQueueUpd = [0] coreNfQueueDel = [0] coreNfSubSvc = [0] coreNfSubMgr = [0] coreNfVCRsp = [0] 
2025-12-08 01:05:15,331 [TB-Scheduling-3] INFO  o.t.s.dao.aspect.SqlDaoCallsAspect - Total timing statistics below:
2025-12-08 01:05:15,331 [TB-Scheduling-3] INFO  o.t.s.dao.aspect.SqlDaoCallsAspect - [5489b160-ccf1-11f0-81f3-0bf1425738f5]: calls: 1, failures: 0, exec time: 2 
2025-12-08 01:05:15,331 [TB-Scheduling-3] INFO  o.t.s.dao.aspect.SqlDaoCallsAspect - [5489b160-ccf1-11f0-81f3-0bf1425738f5] Top 3 methods by timing:
2025-12-08 01:05:15,331 [TB-Scheduling-3] INFO  o.t.s.dao.aspect.SqlDaoCallsAspect - [5489b160-ccf1-11f0-81f3-0bf1425738f5]: method: JpaAttributeDao.save(..), calls: 1, failures: 0, exec time: 2
2025-12-08 01:05:15,357 [TB-Scheduling-15] INFO  o.t.s.c.t.s.DefaultTransportService - Transport Stats: openConnections [1]
2025-12-08 01:05:17,046 [sql-log-2-thread-1] INFO  o.t.s.dao.sql.TbSqlBlockingQueue - Queue-0 [Attributes] queueSize [0] totalAdded [1] totalSaved [1] totalFailed [0]
2025-12-08 01:05:47,724 [sql-log-2-thread-1] INFO  o.t.s.dao.sql.TbSqlBlockingQueue - Queue-1 [TS] queueSize [0] totalAdded [4] totalSaved [4] totalFailed [0]
2025-12-08 01:05:47,762 [sql-log-2-thread-1] INFO  o.t.s.dao.sql.TbSqlBlockingQueue - Queue-1 [TS Latest] queueSize [0] totalAdded [4] totalSaved [4] totalFailed [0]
2025-12-08 01:06:07,724 [sql-log-2-thread-1] INFO  o.t.s.dao.sql.TbSqlBlockingQueue - Queue-1 [TS] queueSize [0] totalAdded [7] totalSaved [7] totalFailed [0]
2025-12-08 01:06:07,762 [sql-log-2-thread-1] INFO  o.t.s.dao.sql.TbSqlBlockingQueue - Queue-1 [TS Latest] queueSize [0] totalAdded [7] totalSaved [7] totalFailed [0]
2025-12-08 01:06:15,328 [TB-Scheduling-14] INFO  o.t.s.s.queue.TbCoreConsumerStats - Core Stats: totalMsgs = [1] sessionEvents = [0] getAttr = [0] subToAttr = [0] subToRpc = [0] toDevRpc = [0] subInfo = [1] claimDevice = [0] deviceState = [0] subMsgs = [0] deviceConnect = [0] deviceActivity = [0] deviceDisconnect = [0] deviceInactivity = [0] deviceInactivityTimeoutUpdate = [0] coreNfOther = [0] coreNfCompLfcl = [0] coreNfDevRpcRsp = [0] coreNfNfRlProc = [0] coreNfQueueUpd = [0] coreNfQueueDel = [0] coreNfSubSvc = [0] coreNfSubMgr = [0] coreNfVCRsp = [0] 
2025-12-08 01:06:15,328 [TB-Scheduling-15] INFO  o.t.s.dao.aspect.SqlDaoCallsAspect - Total timing statistics below:
2025-12-08 01:06:15,328 [TB-Scheduling-15] INFO  o.t.s.dao.aspect.SqlDaoCallsAspect - [5489b160-ccf1-11f0-81f3-0bf1425738f5]: calls: 1, failures: 0, exec time: 3 
2025-12-08 01:06:15,328 [TB-Scheduling-15] INFO  o.t.s.dao.aspect.SqlDaoCallsAspect - [5489b160-ccf1-11f0-81f3-0bf1425738f5] Top 3 methods by timing:
2025-12-08 01:06:15,328 [TB-Scheduling-15] INFO  o.t.s.dao.aspect.SqlDaoCallsAspect - [5489b160-ccf1-11f0-81f3-0bf1425738f5]: method: JpaAttributeDao.save(..), calls: 1, failures: 0, exec time: 3
2025-12-08 01:06:15,354 [TB-Scheduling-3] INFO  o.t.s.c.t.s.DefaultTransportService - Transport Stats: openConnections [1]
2025-12-08 01:06:17,042 [sql-log-2-thread-1] INFO  o.t.s.dao.sql.TbSqlBlockingQueue - Queue-0 [Attributes] queueSize [0] totalAdded [1] totalSaved [1] totalFailed [0]
2025-12-08 01:06:48,751 [sql-log-2-thread-1] INFO  o.t.s.dao.sql.TbSqlBlockingQueue - Queue-1 [TS] queueSize [0] totalAdded [4] totalSaved [4] totalFailed [0]
2025-12-08 01:06:48,788 [sql-log-2-thread-1] INFO  o.t.s.dao.sql.TbSqlBlockingQueue - Queue-1 [TS Latest] queueSize [0] totalAdded [4] totalSaved [4] totalFailed [0]
2025-12-08 01:07:08,749 [sql-log-2-thread-1] INFO  o.t.s.dao.sql.TbSqlBlockingQueue - Queue-1 [TS] queueSize [0] totalAdded [7] totalSaved [7] totalFailed [0]
2025-12-08 01:07:08,786 [sql-log-2-thread-1] INFO  o.t.s.dao.sql.TbSqlBlockingQueue - Queue-1 [TS Latest] queueSize [0] totalAdded [7] totalSaved [7] totalFailed [0]
2025-12-08 01:07:16,353 [TB-Scheduling-6] INFO  o.t.s.dao.aspect.SqlDaoCallsAspect - Total timing statistics below:
2025-12-08 01:07:16,353 [TB-Scheduling-15] INFO  o.t.s.s.queue.TbCoreConsumerStats - Core Stats: totalMsgs = [1] sessionEvents = [0] getAttr = [0] subToAttr = [0] subToRpc = [0] toDevRpc = [0] subInfo = [1] claimDevice = [0] deviceState = [0] subMsgs = [0] deviceConnect = [0] deviceActivity = [0] deviceDisconnect = [0] deviceInactivity = [0] deviceInactivityTimeoutUpdate = [0] coreNfOther = [0] coreNfCompLfcl = [0] coreNfDevRpcRsp = [0] coreNfNfRlProc = [0] coreNfQueueUpd = [0] coreNfQueueDel = [0] coreNfSubSvc = [0] coreNfSubMgr = [0] coreNfVCRsp = [0] 
2025-12-08 01:07:16,354 [TB-Scheduling-6] INFO  o.t.s.dao.aspect.SqlDaoCallsAspect - [5489b160-ccf1-11f0-81f3-0bf1425738f5]: calls: 1, failures: 0, exec time: 3 
2025-12-08 01:07:16,354 [TB-Scheduling-6] INFO  o.t.s.dao.aspect.SqlDaoCallsAspect - [5489b160-ccf1-11f0-81f3-0bf1425738f5] Top 3 methods by timing:
2025-12-08 01:07:16,354 [TB-Scheduling-6] INFO  o.t.s.dao.aspect.SqlDaoCallsAspect - [5489b160-ccf1-11f0-81f3-0bf1425738f5]: method: JpaAttributeDao.save(..), calls: 1, failures: 0, exec time: 3
2025-12-08 01:07:16,381 [TB-Scheduling-10] INFO  o.t.s.c.t.s.DefaultTransportService - Transport Stats: openConnections [1]
2025-12-08 01:07:18,067 [sql-log-2-thread-1] INFO  o.t.s.dao.sql.TbSqlBlockingQueue - Queue-0 [Attributes] queueSize [0] totalAdded [1] totalSaved [1] totalFailed [0]
2025-12-08 01:07:48,747 [sql-log-2-thread-1] INFO  o.t.s.dao.sql.TbSqlBlockingQueue - Queue-1 [TS] queueSize [0] totalAdded [4] totalSaved [4] totalFailed [0]
2025-12-08 01:07:48,785 [sql-log-2-thread-1] INFO  o.t.s.dao.sql.TbSqlBlockingQueue - Queue-1 [TS Latest] queueSize [0] totalAdded [4] totalSaved [4] totalFailed [0]
2025-12-08 01:08:16,351 [TB-Scheduling-15] INFO  o.t.s.s.queue.TbCoreConsumerStats - Core Stats: totalMsgs = [1] sessionEvents = [0] getAttr = [0] subToAttr = [0] subToRpc = [0] toDevRpc = [0] subInfo = [1] claimDevice = [0] deviceState = [0] subMsgs = [0] deviceConnect = [0] deviceActivity = [0] deviceDisconnect = [0] deviceInactivity = [0] deviceInactivityTimeoutUpdate = [0] coreNfOther = [0] coreNfCompLfcl = [0] coreNfDevRpcRsp = [0] coreNfNfRlProc = [0] coreNfQueueUpd = [0] coreNfQueueDel = [0] coreNfSubSvc = [0] coreNfSubMgr = [0] coreNfVCRsp = [0] 
2025-12-08 01:08:16,351 [TB-Scheduling-6] INFO  o.t.s.dao.aspect.SqlDaoCallsAspect - Total timing statistics below:
2025-12-08 01:08:16,351 [TB-Scheduling-6] INFO  o.t.s.dao.aspect.SqlDaoCallsAspect - [5489b160-ccf1-11f0-81f3-0bf1425738f5]: calls: 1, failures: 0, exec time: 3 
2025-12-08 01:08:16,351 [TB-Scheduling-6] INFO  o.t.s.dao.aspect.SqlDaoCallsAspect - [5489b160-ccf1-11f0-81f3-0bf1425738f5] Top 3 methods by timing:
2025-12-08 01:08:16,351 [TB-Scheduling-6] INFO  o.t.s.dao.aspect.SqlDaoCallsAspect - [5489b160-ccf1-11f0-81f3-0bf1425738f5]: method: JpaAttributeDao.save(..), calls: 1, failures: 0, exec time: 3
2025-12-08 01:08:16,378 [TB-Scheduling-2] INFO  o.t.s.c.t.s.DefaultTransportService - Transport Stats: openConnections [1]
2025-12-08 01:08:18,064 [sql-log-2-thread-1] INFO  o.t.s.dao.sql.TbSqlBlockingQueue - Queue-0 [Attributes] queueSize [0] totalAdded [1] totalSaved [1] totalFailed [0]
2025-12-08 01:08:18,745 [sql-log-2-thread-1] INFO  o.t.s.dao.sql.TbSqlBlockingQueue - Queue-1 [TS] queueSize [0] totalAdded [7] totalSaved [7] totalFailed [0]
2025-12-08 01:08:18,783 [sql-log-2-thread-1] INFO  o.t.s.dao.sql.TbSqlBlockingQueue - Queue-1 [TS Latest] queueSize [0] totalAdded [7] totalSaved [7] totalFailed [0]
2025-12-08 01:08:48,744 [sql-log-2-thread-1] INFO  o.t.s.dao.sql.TbSqlBlockingQueue - Queue-1 [TS] queueSize [0] totalAdded [4] totalSaved [4] totalFailed [0]
2025-12-08 01:08:48,782 [sql-log-2-thread-1] INFO  o.t.s.dao.sql.TbSqlBlockingQueue - Queue-1 [TS Latest] queueSize [0] totalAdded [4] totalSaved [4] totalFailed [0]
2025-12-08 01:09:16,349 [TB-Scheduling-6] INFO  o.t.s.s.queue.TbCoreConsumerStats - Core Stats: totalMsgs = [1] sessionEvents = [0] getAttr = [0] subToAttr = [0] subToRpc = [0] toDevRpc = [0] subInfo = [1] claimDevice = [0] deviceState = [0] subMsgs = [0] deviceConnect = [0] deviceActivity = [0] deviceDisconnect = [0] deviceInactivity = [0] deviceInactivityTimeoutUpdate = [0] coreNfOther = [0] coreNfCompLfcl = [0] coreNfDevRpcRsp = [0] coreNfNfRlProc = [0] coreNfQueueUpd = [0] coreNfQueueDel = [0] coreNfSubSvc = [0] coreNfSubMgr = [0] coreNfVCRsp = [0] 
2025-12-08 01:09:16,350 [TB-Scheduling-6] INFO  o.t.s.dao.aspect.SqlDaoCallsAspect - Total timing statistics below:
2025-12-08 01:09:16,350 [TB-Scheduling-6] INFO  o.t.s.dao.aspect.SqlDaoCallsAspect - [5489b160-ccf1-11f0-81f3-0bf1425738f5]: calls: 1, failures: 0, exec time: 2 
2025-12-08 01:09:16,350 [TB-Scheduling-6] INFO  o.t.s.dao.aspect.SqlDaoCallsAspect - [5489b160-ccf1-11f0-81f3-0bf1425738f5] Top 3 methods by timing:
2025-12-08 01:09:16,350 [TB-Scheduling-6] INFO  o.t.s.dao.aspect.SqlDaoCallsAspect - [5489b160-ccf1-11f0-81f3-0bf1425738f5]: method: JpaAttributeDao.save(..), calls: 1, failures: 0, exec time: 2
2025-12-08 01:09:16,376 [TB-Scheduling-4] INFO  o.t.s.c.t.s.DefaultTransportService - Transport Stats: openConnections [1]
2025-12-08 01:09:18,061 [sql-log-2-thread-1] INFO  o.t.s.dao.sql.TbSqlBlockingQueue - Queue-0 [Attributes] queueSize [0] totalAdded [1] totalSaved [1] totalFailed [0]
2025-12-08 01:09:18,743 [sql-log-2-thread-1] INFO  o.t.s.dao.sql.TbSqlBlockingQueue - Queue-1 [TS] queueSize [0] totalAdded [7] totalSaved [7] totalFailed [0]
2025-12-08 01:09:18,781 [sql-log-2-thread-1] INFO  o.t.s.dao.sql.TbSqlBlockingQueue - Queue-1 [TS Latest] queueSize [0] totalAdded [7] totalSaved [7] totalFailed [0]
2025-12-08 01:09:48,741 [sql-log-2-thread-1] INFO  o.t.s.dao.sql.TbSqlBlockingQueue - Queue-1 [TS] queueSize [0] totalAdded [4] totalSaved [4] totalFailed [0]
2025-12-08 01:09:48,779 [sql-log-2-thread-1] INFO  o.t.s.dao.sql.TbSqlBlockingQueue - Queue-1 [TS Latest] queueSize [0] totalAdded [4] totalSaved [4] totalFailed [0]
2025-12-08 01:10:08,056 [sql-log-2-thread-1] INFO  o.t.s.dao.sql.TbSqlBlockingQueue - Queue-0 [Attributes] queueSize [0] totalAdded [2] totalSaved [2] totalFailed [0]
2025-12-08 01:10:16,344 [TB-Scheduling-14] INFO  o.t.s.s.queue.TbCoreConsumerStats - Core Stats: totalMsgs = [3] sessionEvents = [1] getAttr = [0] subToAttr = [0] subToRpc = [0] toDevRpc = [0] subInfo = [2] claimDevice = [0] deviceState = [0] subMsgs = [0] deviceConnect = [0] deviceActivity = [0] deviceDisconnect = [0] deviceInactivity = [0] deviceInactivityTimeoutUpdate = [0] coreNfOther = [0] coreNfCompLfcl = [0] coreNfDevRpcRsp = [0] coreNfNfRlProc = [0] coreNfQueueUpd = [0] coreNfQueueDel = [0] coreNfSubSvc = [0] coreNfSubMgr = [0] coreNfVCRsp = [0] 
2025-12-08 01:10:16,345 [TB-Scheduling-10] INFO  o.t.s.dao.aspect.SqlDaoCallsAspect - Total timing statistics below:
2025-12-08 01:10:16,346 [TB-Scheduling-10] INFO  o.t.s.dao.aspect.SqlDaoCallsAspect - [5489b160-ccf1-11f0-81f3-0bf1425738f5]: calls: 3, failures: 0, exec time: 9 
2025-12-08 01:10:16,346 [TB-Scheduling-10] INFO  o.t.s.dao.aspect.SqlDaoCallsAspect - [5489b160-ccf1-11f0-81f3-0bf1425738f5] Top 3 methods by timing:
2025-12-08 01:10:16,346 [TB-Scheduling-10] INFO  o.t.s.dao.aspect.SqlDaoCallsAspect - [5489b160-ccf1-11f0-81f3-0bf1425738f5]: method: JpaAttributeDao.save(..), calls: 3, failures: 0, exec time: 9
2025-12-08 01:10:16,372 [TB-Scheduling-3] INFO  o.t.s.c.t.s.DefaultTransportService - Transport Stats: openConnections [0]
2025-12-08 01:10:16,463 [TB-Scheduling-16] INFO  o.t.s.s.q.TbRuleEngineConsumerStats - [Main] Stats: totalMsgs = [1] successfulMsgs = [1] timeoutMsgs = [0] failedMsgs = [0] tmpTimeout = [0] tmpFailed = [0] successfulIterations = [1] failedIterations = [0] 
2025-12-08 01:10:18,737 [sql-log-2-thread-1] INFO  o.t.s.dao.sql.TbSqlBlockingQueue - Queue-0 [TS] queueSize [0] totalAdded [6] totalSaved [6] totalFailed [0]
2025-12-08 01:10:18,738 [sql-log-2-thread-1] INFO  o.t.s.dao.sql.TbSqlBlockingQueue - Queue-1 [TS] queueSize [0] totalAdded [7] totalSaved [7] totalFailed [0]
2025-12-08 01:10:18,775 [sql-log-2-thread-1] INFO  o.t.s.dao.sql.TbSqlBlockingQueue - Queue-0 [TS Latest] queueSize [0] totalAdded [6] totalSaved [6] totalFailed [0]
2025-12-08 01:10:18,775 [sql-log-2-thread-1] INFO  o.t.s.dao.sql.TbSqlBlockingQueue - Queue-1 [TS Latest] queueSize [0] totalAdded [7] totalSaved [7] totalFailed [0]
2025-12-08 01:10:22,040 [http-nio-0.0.0.0-9090-exec-2] INFO  o.t.s.c.plugin.TbWebSocketHandler - [5489b160-ccf1-11f0-81f3-0bf1425738f5][550b6480-ccf1-11f0-81f3-0bf1425738f5][955f54ac-29b2-4888-b0df-1b1d31792a65] Session is closed
2025-12-08 01:10:24,087 [http-nio-0.0.0.0-9090-exec-5] INFO  o.t.s.c.plugin.TbWebSocketHandler - [5489b160-ccf1-11f0-81f3-0bf1425738f5][550b6480-ccf1-11f0-81f3-0bf1425738f5][467459fa-0f49-429d-8111-7c276ab37f77] Session is closed
2025-12-08 01:10:43,771 [background-preinit] INFO  o.h.validator.internal.util.Version - HV000001: Hibernate Validator 8.0.3.Final
2025-12-08 01:10:43,952 [main] INFO  o.t.s.ThingsboardServerApplication - Starting ThingsboardServerApplication v4.2.1 using Java 17.0.16 with PID 22 (/usr/share/thingsboard/bin/thingsboard.jar started by thingsboard in /)
2025-12-08 01:10:43,954 [main] INFO  o.t.s.ThingsboardServerApplication - No active profile set, falling back to 1 default profile: "default"
2025-12-08 01:10:44,546 [main] WARN  o.s.c.a.AnnotationTypeMapping - Support for convention-based annotation attribute overrides is deprecated and will be removed in Spring Framework 7.0. Please annotate the following attributes in @org.thingsboard.server.config.annotations.ApiOperation with appropriate @AliasFor declarations: [hidden, requestBody, responses]
2025-12-08 01:10:49,336 [main] INFO  o.s.d.r.c.RepositoryConfigurationDelegate - Multiple Spring Data modules found, entering strict repository configuration mode
2025-12-08 01:10:49,336 [main] INFO  o.s.d.r.c.RepositoryConfigurationDelegate - Bootstrapping Spring Data JPA repositories in LAZY mode.
2025-12-08 01:10:49,620 [main] INFO  o.s.d.r.c.RepositoryConfigurationDelegate - Finished Spring Data repository scanning in 263 ms. Found 7 JPA repository interfaces.
2025-12-08 01:10:49,625 [main] INFO  o.s.d.r.c.RepositoryConfigurationDelegate - Multiple Spring Data modules found, entering strict repository configuration mode
2025-12-08 01:10:49,626 [main] INFO  o.s.d.r.c.RepositoryConfigurationDelegate - Bootstrapping Spring Data JPA repositories in LAZY mode.
2025-12-08 01:10:49,954 [main] INFO  o.s.d.r.c.RepositoryConfigurationDelegate - Finished Spring Data repository scanning in 325 ms. Found 57 JPA repository interfaces.
2025-12-08 01:10:49,956 [main] INFO  o.s.d.r.c.RepositoryConfigurationDelegate - Multiple Spring Data modules found, entering strict repository configuration mode
2025-12-08 01:10:49,956 [main] INFO  o.s.d.r.c.RepositoryConfigurationDelegate - Bootstrapping Spring Data JPA repositories in LAZY mode.
2025-12-08 01:10:49,968 [main] INFO  o.s.d.r.c.RepositoryConfigurationDelegate - Finished Spring Data repository scanning in 9 ms. Found 1 JPA repository interface.
2025-12-08 01:10:49,969 [main] INFO  o.s.d.r.c.RepositoryConfigurationDelegate - Multiple Spring Data modules found, entering strict repository configuration mode
2025-12-08 01:10:49,969 [main] INFO  o.s.d.r.c.RepositoryConfigurationDelegate - Bootstrapping Spring Data JPA repositories in LAZY mode.
2025-12-08 01:10:49,983 [main] INFO  o.s.d.r.c.RepositoryConfigurationDelegate - Finished Spring Data repository scanning in 10 ms. Found 1 JPA repository interface.
2025-12-08 01:10:51,141 [main] INFO  o.s.i.c.DefaultConfiguringBeanFactoryPostProcessor - No bean named 'errorChannel' has been explicitly defined. Therefore, a default PublishSubscribeChannel will be created.
2025-12-08 01:10:51,167 [main] INFO  o.s.i.c.DefaultConfiguringBeanFactoryPostProcessor - No bean named 'integrationHeaderChannelRegistry' has been explicitly defined. Therefore, a default DefaultHeaderChannelRegistry will be created.
2025-12-08 01:10:52,841 [main] INFO  o.t.s.q.d.DefaultTbServiceInfoProvider - Current Service ID: 7a74840d7ca7
2025-12-08 03:32:52,248 [background-preinit] INFO  o.h.validator.internal.util.Version - HV000001: Hibernate Validator 8.0.3.Final
2025-12-08 03:32:52,414 [main] INFO  o.t.s.ThingsboardServerApplication - Starting ThingsboardServerApplication v4.2.1 using Java 17.0.16 with PID 22 (/usr/share/thingsboard/bin/thingsboard.jar started by thingsboard in /)
2025-12-08 03:32:52,416 [main] INFO  o.t.s.ThingsboardServerApplication - No active profile set, falling back to 1 default profile: "default"
2025-12-08 03:32:53,026 [main] WARN  o.s.c.a.AnnotationTypeMapping - Support for convention-based annotation attribute overrides is deprecated and will be removed in Spring Framework 7.0. Please annotate the following attributes in @org.thingsboard.server.config.annotations.ApiOperation with appropriate @AliasFor declarations: [hidden, requestBody, responses]
2025-12-08 03:32:57,570 [main] INFO  o.s.d.r.c.RepositoryConfigurationDelegate - Multiple Spring Data modules found, entering strict repository configuration mode
2025-12-08 03:32:57,570 [main] INFO  o.s.d.r.c.RepositoryConfigurationDelegate - Bootstrapping Spring Data JPA repositories in LAZY mode.
2025-12-08 03:32:57,899 [main] INFO  o.s.d.r.c.RepositoryConfigurationDelegate - Finished Spring Data repository scanning in 310 ms. Found 7 JPA repository interfaces.
2025-12-08 03:32:57,903 [main] INFO  o.s.d.r.c.RepositoryConfigurationDelegate - Multiple Spring Data modules found, entering strict repository configuration mode
2025-12-08 03:32:57,904 [main] INFO  o.s.d.r.c.RepositoryConfigurationDelegate - Bootstrapping Spring Data JPA repositories in LAZY mode.
2025-12-08 03:32:58,297 [main] INFO  o.s.d.r.c.RepositoryConfigurationDelegate - Finished Spring Data repository scanning in 388 ms. Found 57 JPA repository interfaces.
2025-12-08 03:32:58,300 [main] INFO  o.s.d.r.c.RepositoryConfigurationDelegate - Multiple Spring Data modules found, entering strict repository configuration mode
2025-12-08 03:32:58,301 [main] INFO  o.s.d.r.c.RepositoryConfigurationDelegate - Bootstrapping Spring Data JPA repositories in LAZY mode.
2025-12-08 03:32:58,318 [main] INFO  o.s.d.r.c.RepositoryConfigurationDelegate - Finished Spring Data repository scanning in 15 ms. Found 1 JPA repository interface.
2025-12-08 03:32:58,320 [main] INFO  o.s.d.r.c.RepositoryConfigurationDelegate - Multiple Spring Data modules found, entering strict repository configuration mode
2025-12-08 03:32:58,320 [main] INFO  o.s.d.r.c.RepositoryConfigurationDelegate - Bootstrapping Spring Data JPA repositories in LAZY mode.
2025-12-08 03:32:58,331 [main] INFO  o.s.d.r.c.RepositoryConfigurationDelegate - Finished Spring Data repository scanning in 8 ms. Found 1 JPA repository interface.
2025-12-08 03:32:59,744 [main] INFO  o.s.i.c.DefaultConfiguringBeanFactoryPostProcessor - No bean named 'errorChannel' has been explicitly defined. Therefore, a default PublishSubscribeChannel will be created.
2025-12-08 03:32:59,790 [main] INFO  o.s.i.c.DefaultConfiguringBeanFactoryPostProcessor - No bean named 'integrationHeaderChannelRegistry' has been explicitly defined. Therefore, a default DefaultHeaderChannelRegistry will be created.
2025-12-08 03:33:01,449 [main] INFO  o.t.s.q.d.DefaultTbServiceInfoProvider - Current Service ID: 552891e8d690
2025-12-08 03:33:03,348 [main] INFO  o.h.jpa.internal.util.LogHelper - HHH000204: Processing PersistenceUnitInfo [name: default]
2025-12-08 03:33:03,535 [main] INFO  org.hibernate.Version - HHH000412: Hibernate ORM core version 6.6.29.Final
2025-12-08 03:33:03,667 [main] INFO  o.h.c.i.RegionFactoryInitiator - HHH000026: Second-level cache disabled
2025-12-08 03:33:03,947 [main] INFO  com.zaxxer.hikari.HikariDataSource - HikariPool-1 - Starting...
2025-12-08 03:33:04,277 [main] INFO  com.zaxxer.hikari.pool.HikariPool - HikariPool-1 - Added connection org.postgresql.jdbc.PgConnection@46c22d8e
2025-12-08 03:33:04,282 [main] INFO  com.zaxxer.hikari.HikariDataSource - HikariPool-1 - Start completed.
2025-12-08 03:33:04,440 [main] INFO  o.hibernate.orm.connections.pooling - HHH10001005: Database info:
	Database JDBC URL [Connecting through datasource 'HikariDataSource (HikariPool-1)']
	Database driver: undefined/unknown
	Database version: 12.0
	Autocommit mode: undefined/unknown
	Isolation level: undefined/unknown
	Minimum pool size: undefined/unknown
	Maximum pool size: undefined/unknown
2025-12-08 03:33:05,167 [main] INFO  o.s.o.j.p.SpringPersistenceUnitInfo - No LoadTimeWeaver setup: ignoring JPA class transformer
2025-12-08 03:33:09,832 [main] INFO  o.h.e.t.j.p.i.JtaPlatformInitiator - HHH000489: No JTA platform available (set 'hibernate.transaction.jta.platform' to enable JTA platform integration)
2025-12-08 03:33:09,859 [main] INFO  o.s.o.j.LocalContainerEntityManagerFactoryBean - Initialized JPA EntityManagerFactory for persistence unit 'default'
2025-12-08 03:33:10,754 [main] INFO  o.s.d.j.r.query.QueryEnhancerFactory - Hibernate is in classpath; If applicable, HQL parser will be used.
2025-12-08 03:33:16,160 [main] INFO  o.s.b.w.e.tomcat.TomcatWebServer - Tomcat initialized with port 9090 (http)
2025-12-08 03:33:16,191 [main] INFO  o.a.coyote.http11.Http11NioProtocol - The ["http-nio-0.0.0.0-9090"] connector has been configured to support HTTP upgrade to [h2c]
2025-12-08 03:33:16,191 [main] INFO  o.a.coyote.http11.Http11NioProtocol - Initializing ProtocolHandler ["http-nio-0.0.0.0-9090"]
2025-12-08 03:33:16,197 [main] INFO  o.a.catalina.core.StandardService - Starting service [Tomcat]
2025-12-08 03:33:16,198 [main] INFO  o.a.catalina.core.StandardEngine - Starting Servlet engine: [Apache Tomcat/10.1.46]
2025-12-08 03:33:16,284 [main] INFO  o.a.c.c.C.[Tomcat].[localhost].[/] - Initializing Spring embedded WebApplicationContext
2025-12-08 03:33:16,285 [main] INFO  o.s.b.w.s.c.ServletWebServerApplicationContext - Root WebApplicationContext: initialization completed in 23790 ms
2025-12-08 03:33:16,673 [main] INFO  o.t.s.d.a.CachedAttributesService - Going to use directExecutor for the local cache type caffeine
2025-12-08 03:33:17,948 [main] INFO  o.t.s.s.a.DefaultTbApiUsageStateService - Starting api usage service.
2025-12-08 03:33:17,969 [main] INFO  o.t.s.s.a.DefaultTbApiUsageStateService - Started api usage service.
2025-12-08 03:33:20,851 [main] INFO  o.t.s.t.h.config.PayloadSizeFilter - Initialized payload size filter with configuration: /api/image*/**=52428800;/api/resource/**=52428800;/api/**=16777216
2025-12-08 03:33:20,941 [main] INFO  o.t.s.t.h.config.PayloadSizeFilter - Initialized payload size filter with configuration: /api/v1/*/rpc/**=65536;/api/v1/**=52428800
2025-12-08 03:33:21,120 [main] INFO  o.t.s.q.e.EnvironmentLogService - ThingsBoard server environment: zookeeper.version=3.9.3-c26634f34490bb0ea7a09cc51e05ede3b4e320ee, built on 2024-10-17 23:21 UTC
2025-12-08 03:33:21,121 [main] INFO  o.t.s.q.e.EnvironmentLogService - ThingsBoard server environment: host.name=552891e8d690
2025-12-08 03:33:21,121 [main] INFO  o.t.s.q.e.EnvironmentLogService - ThingsBoard server environment: java.version=17.0.16
2025-12-08 03:33:21,121 [main] INFO  o.t.s.q.e.EnvironmentLogService - ThingsBoard server environment: java.vendor=Debian
2025-12-08 03:33:21,121 [main] INFO  o.t.s.q.e.EnvironmentLogService - ThingsBoard server environment: java.home=/usr/lib/jvm/java-17-openjdk-amd64
2025-12-08 03:33:21,121 [main] INFO  o.t.s.q.e.EnvironmentLogService - ThingsBoard server environment: java.class.path=/usr/share/thingsboard/bin/thingsboard.jar
2025-12-08 03:33:21,121 [main] INFO  o.t.s.q.e.EnvironmentLogService - ThingsBoard server environment: java.library.path=/usr/java/packages/lib:/usr/lib/x86_64-linux-gnu/jni:/lib/x86_64-linux-gnu:/usr/lib/x86_64-linux-gnu:/usr/lib/jni:/lib:/usr/lib
2025-12-08 03:33:21,121 [main] INFO  o.t.s.q.e.EnvironmentLogService - ThingsBoard server environment: java.io.tmpdir=/tmp
2025-12-08 03:33:21,122 [main] INFO  o.t.s.q.e.EnvironmentLogService - ThingsBoard server environment: java.compiler=<NA>
2025-12-08 03:33:21,122 [main] INFO  o.t.s.q.e.EnvironmentLogService - ThingsBoard server environment: os.name=Linux
2025-12-08 03:33:21,122 [main] INFO  o.t.s.q.e.EnvironmentLogService - ThingsBoard server environment: os.arch=amd64
2025-12-08 03:33:21,122 [main] INFO  o.t.s.q.e.EnvironmentLogService - ThingsBoard server environment: os.version=6.6.87.2-microsoft-standard-WSL2
2025-12-08 03:33:21,122 [main] INFO  o.t.s.q.e.EnvironmentLogService - ThingsBoard server environment: user.name=thingsboard
2025-12-08 03:33:21,122 [main] INFO  o.t.s.q.e.EnvironmentLogService - ThingsBoard server environment: user.home=/home/thingsboard
2025-12-08 03:33:21,122 [main] INFO  o.t.s.q.e.EnvironmentLogService - ThingsBoard server environment: user.dir=/
2025-12-08 03:33:21,122 [main] INFO  o.t.s.q.e.EnvironmentLogService - ThingsBoard server environment: os.memory.free=97MB
2025-12-08 03:33:21,122 [main] INFO  o.t.s.q.e.EnvironmentLogService - ThingsBoard server environment: os.memory.max=1898MB
2025-12-08 03:33:21,123 [main] INFO  o.t.s.q.e.EnvironmentLogService - ThingsBoard server environment: os.memory.total=402MB
2025-12-08 03:33:21,371 [main] INFO  d.n.internal.NashornDetection - Delight-nashorn-sandbox detected that JDK Nashorn is absent and standalone Nashorn is present, and will use Standalone Nashorn
2025-12-08 03:33:23,254 [main] INFO  o.t.s.a.service.DefaultActorService - Initializing actor system.
2025-12-08 03:33:23,271 [main] INFO  o.t.s.a.service.DefaultActorService - Actor system initialized.
2025-12-08 03:33:24,423 [main] INFO  o.t.s.c.t.c.ssl.SslCredentialsConfig - LWM2M Server DTLS Credentials: Skipping initialization of disabled SSL credentials.
2025-12-08 03:33:24,433 [main] INFO  o.t.s.c.t.c.ssl.SslCredentialsConfig - LWM2M Trust Credentials: Skipping initialization of disabled SSL credentials.
2025-12-08 03:33:24,448 [main] INFO  o.t.s.c.t.c.ssl.SslCredentialsConfig - LWM2M Bootstrap DTLS Credentials: Skipping initialization of disabled SSL credentials.
2025-12-08 03:33:24,927 [main] INFO  o.t.s.c.SystemInfoController - System build info: {"version":"4.2.1","artifact":"application","name":"ThingsBoard Server Application","type":"CE"}
2025-12-08 03:33:25,736 [main] INFO  o.t.s.c.adaptor.JsonConverterConfig - JSON max string value length = 0
2025-12-08 03:33:25,737 [main] INFO  o.t.s.c.adaptor.JsonConverterConfig - JSON type cast enabled = true
2025-12-08 03:33:25,853 [main] INFO  o.t.s.t.mqtt.MqttTransportService - Setting resource leak detector level to DISABLED
2025-12-08 03:33:25,854 [main] INFO  o.t.s.t.mqtt.MqttTransportService - Starting MQTT transport...
2025-12-08 03:33:25,949 [main] INFO  o.t.s.t.mqtt.MqttTransportService - Mqtt transport started!
2025-12-08 03:33:26,049 [main] INFO  o.e.c.elements.config.Configuration - defaults added COAP.
2025-12-08 03:33:26,070 [main] INFO  o.e.c.elements.config.Configuration - defaults added UDP.
2025-12-08 03:33:26,072 [main] INFO  o.e.c.c.network.RandomTokenGenerator - using tokens of 8 bytes in length
2025-12-08 03:33:26,100 [main] INFO  org.eclipse.californium.ban - Started.
2025-12-08 03:33:26,103 [main] INFO  o.e.c.core.network.CoapEndpoint - coap CoapEndpoint uses udp context
2025-12-08 03:33:26,118 [main] INFO  o.e.c.elements.config.Configuration - defaults added SYS.
2025-12-08 03:33:26,118 [main] INFO  o.e.c.c.network.stack.BlockwiseLayer - coap BlockwiseLayer uses MAX_MESSAGE_SIZE=1024, PREFERRED_BLOCK_SIZE=1024, BLOCKWISE_STATUS_LIFETIME=300000, MAX_RESOURCE_BODY_SIZE=268435456, BLOCKWISE_STRICT_BLOCK2_OPTION=true
2025-12-08 03:33:26,133 [main] INFO  o.e.californium.core.CoapServer - Starting server
2025-12-08 03:33:26,154 [main] INFO  o.e.c.elements.UDPConnector - UDPConnector starts up 1 sender threads and 1 receiver threads
2025-12-08 03:33:26,160 [main] INFO  o.e.c.elements.UDPConnector - UDPConnector listening on /[0:0:0:0:0:0:0:0]:5683, recv buf = 106496, send buf = 106496, recv packet size = 2048
2025-12-08 03:33:26,162 [main] INFO  o.e.c.core.network.CoapEndpoint - coap Started endpoint at coap://[0:0:0:0:0:0:0:0]:5683
2025-12-08 03:33:26,165 [main] INFO  o.t.s.t.coap.CoapTransportService - Starting CoAP transport...
2025-12-08 03:33:26,173 [main] INFO  o.t.s.t.coap.CoapTransportService - CoAP transport started!
2025-12-08 03:33:26,247 [main] INFO  o.t.s.t.l.b.LwM2MTransportBootstrapService - Starting LwM2M transport bootstrap server...
2025-12-08 03:33:26,282 [main] INFO  o.e.c.elements.util.JceProviderUtil - JCE default setup
2025-12-08 03:33:26,314 [main] INFO  o.e.c.elements.util.JceProviderUtil - RSA: true, EC: true, AES: not restricted
2025-12-08 03:33:26,324 [main] INFO  o.e.c.elements.util.JceProviderUtil - EdDSA supported by SunEC, Ed25519: true, Ed448: true
2025-12-08 03:33:26,325 [main] INFO  o.e.c.elements.util.JceProviderUtil - JCE setup: SunEC version 17, ready.
2025-12-08 03:33:26,391 [main] INFO  o.e.c.elements.config.Configuration - defaults added DTLS.
2025-12-08 03:33:26,697 [main] WARN  o.e.l.s.b.LeshanBootstrapServerBuilder - configStore is set but you also provide a custom SessionManager so this store will not be used
2025-12-08 03:33:26,707 [main] INFO  o.e.c.c.network.RandomTokenGenerator - using tokens of 8 bytes in length
2025-12-08 03:33:26,707 [main] INFO  o.e.c.core.network.CoapEndpoint - [Bootstrap Server-coap://0.0.0.0:5687] CoapEndpoint uses udp context
2025-12-08 03:33:26,707 [main] INFO  o.e.c.c.network.stack.BlockwiseLayer - [Bootstrap Server-coap://0.0.0.0:5687] BlockwiseLayer uses MAX_MESSAGE_SIZE=1024, PREFERRED_BLOCK_SIZE=1024, BLOCKWISE_STATUS_LIFETIME=300000, MAX_RESOURCE_BODY_SIZE=268435456, BLOCKWISE_STRICT_BLOCK2_OPTION=true
2025-12-08 03:33:26,720 [main] INFO  o.t.s.t.l.b.LwM2MTransportBootstrapService - Unable to load X509 files for LWM2MServer
2025-12-08 03:33:26,725 [main] WARN  o.e.l.s.c.b.e.c.CoapsBootstrapServerEndpointFactory - PskStore should be automatically set by Leshan. Using a custom implementation is not advised.
2025-12-08 03:33:26,769 [main] INFO  o.e.c.s.d.InMemoryReadWriteLockConnectionStore - Created new InMemoryConnectionStore [capacity: 150000, connection expiration threshold: 1800s]
2025-12-08 03:33:26,774 [main] INFO  o.e.c.c.network.RandomTokenGenerator - using tokens of 8 bytes in length
2025-12-08 03:33:26,775 [main] INFO  o.e.c.core.network.CoapEndpoint - [Bootstrap Server-coaps://0.0.0.0:5688] CoapEndpoint uses lwm2m correlation
2025-12-08 03:33:26,775 [main] INFO  o.e.c.c.network.stack.BlockwiseLayer - [Bootstrap Server-coaps://0.0.0.0:5688] BlockwiseLayer uses MAX_MESSAGE_SIZE=1024, PREFERRED_BLOCK_SIZE=1024, BLOCKWISE_STATUS_LIFETIME=300000, MAX_RESOURCE_BODY_SIZE=268435456, BLOCKWISE_STRICT_BLOCK2_OPTION=true
2025-12-08 03:33:26,780 [main] INFO  o.e.californium.core.CoapServer - Starting server
2025-12-08 03:33:26,788 [main] INFO  o.e.c.elements.UDPConnector - UDPConnector starts up 2 sender threads and 2 receiver threads
2025-12-08 03:33:26,790 [main] INFO  o.e.c.elements.UDPConnector - UDPConnector listening on /[0:0:0:0:0:0:0:0]:5687, recv buf = 106496, send buf = 106496, recv packet size = 2048
2025-12-08 03:33:26,791 [main] INFO  o.e.c.core.network.CoapEndpoint - [Bootstrap Server-coap://0.0.0.0:5687] Started endpoint at coap://[0:0:0:0:0:0:0:0]:5687
2025-12-08 03:33:26,805 [main] INFO  o.e.c.scandium.DTLSConnector - multiple network interfaces, using smallest MTU [IPv4 1500, IPv6 1280]
2025-12-08 03:33:26,816 [DTLS-Receiver-0-/[0:0:0:0:0:0:0:0]:5688] INFO  o.e.c.scandium.DTLSConnector - Starting worker thread [DTLS-Receiver-0-/[0:0:0:0:0:0:0:0]:5688]
2025-12-08 03:33:26,816 [main] INFO  o.e.c.scandium.DTLSConnector - DTLSConnector listening on /[0:0:0:0:0:0:0:0]:5688, recv buf = 106496, send buf = 106496, recv packet size = 16490, MTU = IPv4 1500 / IPv6 1280
2025-12-08 03:33:26,818 [main] INFO  o.e.c.core.network.CoapEndpoint - [Bootstrap Server-coaps://0.0.0.0:5688] Started endpoint at coaps://[0:0:0:0:0:0:0:0]:5688
2025-12-08 03:33:26,818 [main] INFO  o.e.l.s.b.LeshanBootstrapServer - Bootstrap server started.
2025-12-08 03:33:26,818 [main] INFO  o.e.l.s.b.LeshanBootstrapServer - CoAP over UDP endpoint based on Californium library available at coap://[0:0:0:0:0:0:0:0]:5687.
2025-12-08 03:33:26,818 [main] INFO  o.e.l.s.b.LeshanBootstrapServer - CoAP over DTLS endpoint based on Californium/Scandium library available at coaps://[0:0:0:0:0:0:0:0]:5688.
2025-12-08 03:33:26,818 [main] INFO  o.t.s.t.l.b.LwM2MTransportBootstrapService - Started LwM2M transport bootstrap server.
2025-12-08 03:33:26,820 [DTLS-Receiver-1-/[0:0:0:0:0:0:0:0]:5688] INFO  o.e.c.scandium.DTLSConnector - Starting worker thread [DTLS-Receiver-1-/[0:0:0:0:0:0:0:0]:5688]
2025-12-08 03:33:27,105 [main] INFO  o.t.s.t.s.s.SnmpTransportService - SNMP transport service initialized
2025-12-08 03:33:27,146 [main] INFO  o.t.s.d.s.NamedParameterJdbcTemplateConfiguration - Set jdbcTemplate query timeout [30] second(s)
2025-12-08 03:33:27,647 [main] INFO  o.s.s.c.a.a.c.InitializeAuthenticationProviderBeanManagerConfigurer$InitializeAuthenticationProviderManagerConfigurer - Found 3 AuthenticationProvider beans, with names [jwtAuthenticationProvider, refreshTokenAuthenticationProvider, restAuthenticationProvider]. Global Authentication Manager will not be configured with AuthenticationProviders. Consider publishing a single AuthenticationProvider bean, or wiring your Providers directly using the DSL.
2025-12-08 03:33:27,856 [main] INFO  o.s.b.a.w.s.WelcomePageHandlerMapping - Adding welcome page: class path resource [public/index.html]
2025-12-08 03:33:28,534 [main] INFO  o.s.b.a.e.web.EndpointLinksResolver - Exposing 1 endpoint beneath base path '/actuator'
2025-12-08 03:33:30,523 [main] WARN  i.m.c.i.b.cache.CaffeineCacheMetrics - The cache 'relations' is not recording statistics. No meters except 'cache.size' will be registered. Call 'Caffeine#recordStats()' prior to building the cache for metrics to be recorded.
2025-12-08 03:33:30,526 [main] WARN  i.m.c.i.b.cache.CaffeineCacheMetrics - The cache 'deviceCredentials' is not recording statistics. No meters except 'cache.size' will be registered. Call 'Caffeine#recordStats()' prior to building the cache for metrics to be recorded.
2025-12-08 03:33:30,526 [main] WARN  i.m.c.i.b.cache.CaffeineCacheMetrics - The cache 'devices' is not recording statistics. No meters except 'cache.size' will be registered. Call 'Caffeine#recordStats()' prior to building the cache for metrics to be recorded.
2025-12-08 03:33:30,527 [main] WARN  i.m.c.i.b.cache.CaffeineCacheMetrics - The cache 'sessions' is not recording statistics. No meters except 'cache.size' will be registered. Call 'Caffeine#recordStats()' prior to building the cache for metrics to be recorded.
2025-12-08 03:33:30,527 [main] WARN  i.m.c.i.b.cache.CaffeineCacheMetrics - The cache 'assets' is not recording statistics. No meters except 'cache.size' will be registered. Call 'Caffeine#recordStats()' prior to building the cache for metrics to be recorded.
2025-12-08 03:33:30,530 [main] WARN  i.m.c.i.b.cache.CaffeineCacheMetrics - The cache 'customers' is not recording statistics. No meters except 'cache.size' will be registered. Call 'Caffeine#recordStats()' prior to building the cache for metrics to be recorded.
2025-12-08 03:33:30,530 [main] WARN  i.m.c.i.b.cache.CaffeineCacheMetrics - The cache 'users' is not recording statistics. No meters except 'cache.size' will be registered. Call 'Caffeine#recordStats()' prior to building the cache for metrics to be recorded.
2025-12-08 03:33:30,530 [main] WARN  i.m.c.i.b.cache.CaffeineCacheMetrics - The cache 'entityViews' is not recording statistics. No meters except 'cache.size' will be registered. Call 'Caffeine#recordStats()' prior to building the cache for metrics to be recorded.
2025-12-08 03:33:30,532 [main] WARN  i.m.c.i.b.cache.CaffeineCacheMetrics - The cache 'claimDevices' is not recording statistics. No meters except 'cache.size' will be registered. Call 'Caffeine#recordStats()' prior to building the cache for metrics to be recorded.
2025-12-08 03:33:30,534 [main] WARN  i.m.c.i.b.cache.CaffeineCacheMetrics - The cache 'securitySettings' is not recording statistics. No meters except 'cache.size' will be registered. Call 'Caffeine#recordStats()' prior to building the cache for metrics to be recorded.
2025-12-08 03:33:30,535 [main] WARN  i.m.c.i.b.cache.CaffeineCacheMetrics - The cache 'tenantProfiles' is not recording statistics. No meters except 'cache.size' will be registered. Call 'Caffeine#recordStats()' prior to building the cache for metrics to be recorded.
2025-12-08 03:33:30,535 [main] WARN  i.m.c.i.b.cache.CaffeineCacheMetrics - The cache 'tenants' is not recording statistics. No meters except 'cache.size' will be registered. Call 'Caffeine#recordStats()' prior to building the cache for metrics to be recorded.
2025-12-08 03:33:30,536 [main] WARN  i.m.c.i.b.cache.CaffeineCacheMetrics - The cache 'tenantsExist' is not recording statistics. No meters except 'cache.size' will be registered. Call 'Caffeine#recordStats()' prior to building the cache for metrics to be recorded.
2025-12-08 03:33:30,536 [main] WARN  i.m.c.i.b.cache.CaffeineCacheMetrics - The cache 'deviceProfiles' is not recording statistics. No meters except 'cache.size' will be registered. Call 'Caffeine#recordStats()' prior to building the cache for metrics to be recorded.
2025-12-08 03:33:30,536 [main] WARN  i.m.c.i.b.cache.CaffeineCacheMetrics - The cache 'assetProfiles' is not recording statistics. No meters except 'cache.size' will be registered. Call 'Caffeine#recordStats()' prior to building the cache for metrics to be recorded.
2025-12-08 03:33:30,536 [main] WARN  i.m.c.i.b.cache.CaffeineCacheMetrics - The cache 'notificationSettings' is not recording statistics. No meters except 'cache.size' will be registered. Call 'Caffeine#recordStats()' prior to building the cache for metrics to be recorded.
2025-12-08 03:33:30,537 [main] WARN  i.m.c.i.b.cache.CaffeineCacheMetrics - The cache 'sentNotifications' is not recording statistics. No meters except 'cache.size' will be registered. Call 'Caffeine#recordStats()' prior to building the cache for metrics to be recorded.
2025-12-08 03:33:30,537 [main] WARN  i.m.c.i.b.cache.CaffeineCacheMetrics - The cache 'attributes' is not recording statistics. No meters except 'cache.size' will be registered. Call 'Caffeine#recordStats()' prior to building the cache for metrics to be recorded.
2025-12-08 03:33:30,537 [main] WARN  i.m.c.i.b.cache.CaffeineCacheMetrics - The cache 'tsLatest' is not recording statistics. No meters except 'cache.size' will be registered. Call 'Caffeine#recordStats()' prior to building the cache for metrics to be recorded.
2025-12-08 03:33:30,537 [main] WARN  i.m.c.i.b.cache.CaffeineCacheMetrics - The cache 'userSessionsInvalidation' is not recording statistics. No meters except 'cache.size' will be registered. Call 'Caffeine#recordStats()' prior to building the cache for metrics to be recorded.
2025-12-08 03:33:30,537 [main] WARN  i.m.c.i.b.cache.CaffeineCacheMetrics - The cache 'otaPackages' is not recording statistics. No meters except 'cache.size' will be registered. Call 'Caffeine#recordStats()' prior to building the cache for metrics to be recorded.
2025-12-08 03:33:30,537 [main] WARN  i.m.c.i.b.cache.CaffeineCacheMetrics - The cache 'otaPackagesData' is not recording statistics. No meters except 'cache.size' will be registered. Call 'Caffeine#recordStats()' prior to building the cache for metrics to be recorded.
2025-12-08 03:33:30,537 [main] WARN  i.m.c.i.b.cache.CaffeineCacheMetrics - The cache 'edges' is not recording statistics. No meters except 'cache.size' will be registered. Call 'Caffeine#recordStats()' prior to building the cache for metrics to be recorded.
2025-12-08 03:33:30,538 [main] WARN  i.m.c.i.b.cache.CaffeineCacheMetrics - The cache 'edgeSessions' is not recording statistics. No meters except 'cache.size' will be registered. Call 'Caffeine#recordStats()' prior to building the cache for metrics to be recorded.
2025-12-08 03:33:30,538 [main] WARN  i.m.c.i.b.cache.CaffeineCacheMetrics - The cache 'relatedEdges' is not recording statistics. No meters except 'cache.size' will be registered. Call 'Caffeine#recordStats()' prior to building the cache for metrics to be recorded.
2025-12-08 03:33:30,539 [main] WARN  i.m.c.i.b.cache.CaffeineCacheMetrics - The cache 'repositorySettings' is not recording statistics. No meters except 'cache.size' will be registered. Call 'Caffeine#recordStats()' prior to building the cache for metrics to be recorded.
2025-12-08 03:33:30,539 [main] WARN  i.m.c.i.b.cache.CaffeineCacheMetrics - The cache 'autoCommitSettings' is not recording statistics. No meters except 'cache.size' will be registered. Call 'Caffeine#recordStats()' prior to building the cache for metrics to be recorded.
2025-12-08 03:33:30,539 [main] WARN  i.m.c.i.b.cache.CaffeineCacheMetrics - The cache 'twoFaVerificationCodes' is not recording statistics. No meters except 'cache.size' will be registered. Call 'Caffeine#recordStats()' prior to building the cache for metrics to be recorded.
2025-12-08 03:33:30,540 [main] WARN  i.m.c.i.b.cache.CaffeineCacheMetrics - The cache 'versionControlTask' is not recording statistics. No meters except 'cache.size' will be registered. Call 'Caffeine#recordStats()' prior to building the cache for metrics to be recorded.
2025-12-08 03:33:30,540 [main] WARN  i.m.c.i.b.cache.CaffeineCacheMetrics - The cache 'userSettings' is not recording statistics. No meters except 'cache.size' will be registered. Call 'Caffeine#recordStats()' prior to building the cache for metrics to be recorded.
2025-12-08 03:33:30,540 [main] WARN  i.m.c.i.b.cache.CaffeineCacheMetrics - The cache 'dashboardTitles' is not recording statistics. No meters except 'cache.size' will be registered. Call 'Caffeine#recordStats()' prior to building the cache for metrics to be recorded.
2025-12-08 03:33:30,540 [main] WARN  i.m.c.i.b.cache.CaffeineCacheMetrics - The cache 'entityCount' is not recording statistics. No meters except 'cache.size' will be registered. Call 'Caffeine#recordStats()' prior to building the cache for metrics to be recorded.
2025-12-08 03:33:30,541 [main] WARN  i.m.c.i.b.cache.CaffeineCacheMetrics - The cache 'resourceInfo' is not recording statistics. No meters except 'cache.size' will be registered. Call 'Caffeine#recordStats()' prior to building the cache for metrics to be recorded.
2025-12-08 03:33:30,541 [main] WARN  i.m.c.i.b.cache.CaffeineCacheMetrics - The cache 'alarmTypes' is not recording statistics. No meters except 'cache.size' will be registered. Call 'Caffeine#recordStats()' prior to building the cache for metrics to be recorded.
2025-12-08 03:33:30,541 [main] WARN  i.m.c.i.b.cache.CaffeineCacheMetrics - The cache 'qrCodeSettings' is not recording statistics. No meters except 'cache.size' will be registered. Call 'Caffeine#recordStats()' prior to building the cache for metrics to be recorded.
2025-12-08 03:33:30,542 [main] WARN  i.m.c.i.b.cache.CaffeineCacheMetrics - The cache 'mobileSecretKey' is not recording statistics. No meters except 'cache.size' will be registered. Call 'Caffeine#recordStats()' prior to building the cache for metrics to be recorded.
2025-12-08 03:33:30,542 [main] WARN  i.m.c.i.b.cache.CaffeineCacheMetrics - The cache 'trendzSettings' is not recording statistics. No meters except 'cache.size' will be registered. Call 'Caffeine#recordStats()' prior to building the cache for metrics to be recorded.
2025-12-08 03:33:30,543 [main] WARN  i.m.c.i.b.cache.CaffeineCacheMetrics - The cache 'aiModel' is not recording statistics. No meters except 'cache.size' will be registered. Call 'Caffeine#recordStats()' prior to building the cache for metrics to be recorded.
2025-12-08 03:33:31,165 [main] INFO  o.s.i.endpoint.EventDrivenConsumer - Adding {logging-channel-adapter:_org.springframework.integration.errorLogger} as a subscriber to the 'errorChannel' channel
2025-12-08 03:33:31,167 [main] INFO  o.s.i.c.PublishSubscribeChannel - Channel 'application.errorChannel' has 1 subscriber(s).
2025-12-08 03:33:31,169 [main] INFO  o.s.i.endpoint.EventDrivenConsumer - started bean '_org.springframework.integration.errorLogger'
2025-12-08 03:33:31,202 [main] INFO  o.a.coyote.http11.Http11NioProtocol - Starting ProtocolHandler ["http-nio-0.0.0.0-9090"]
2025-12-08 03:33:31,232 [main] INFO  o.s.b.w.e.tomcat.TomcatWebServer - Tomcat started on port 9090 (http) with context path '/'
2025-12-08 03:33:31,290 [TB-Scheduling-2] INFO  o.t.s.c.t.s.DefaultTransportService - Transport Stats: openConnections [0]
2025-12-08 03:33:31,292 [main] INFO  o.t.s.ThingsboardServerApplication - Started ThingsboardServerApplication in 40.034 seconds (process running for 42.99)
2025-12-08 03:33:31,313 [main] INFO  o.t.s.q.c.c.QueueConsumerManager - [TB Version Control] Launching consumer
2025-12-08 03:33:31,315 [main] INFO  o.t.s.q.d.HashPartitionService - Recalculating partitions
2025-12-08 03:33:31,315 [main] INFO  o.t.s.q.d.HashPartitionService - [552891e8d690] Found common server: [TB_CORE, TB_RULE_ENGINE, TB_TRANSPORT, JS_EXECUTOR, TB_VC_EXECUTOR, EDQS, TASK_PROCESSOR]
2025-12-08 03:33:31,332 [main] INFO  o.t.s.q.d.HashPartitionService - Partitions changed: 
[QK(CalculatedFieldStates,TB_RULE_ENGINE,system)] - [0, 1, 2, 3, 4, 5, 6, 7, 8, 9]
[QK(SequentialByOriginator,TB_RULE_ENGINE,system)] - [0, 1, 2, 3, 4, 5, 6, 7, 8, 9]
[QK(CalculatedFields,TB_RULE_ENGINE,system)] - [0, 1, 2, 3, 4, 5, 6, 7, 8, 9]
[QK(Main,TB_RULE_ENGINE,system)] - [0, 1, 2, 3, 4, 5, 6, 7, 8, 9]
[QK(HighPriority,TB_RULE_ENGINE,system)] - [0, 1, 2, 3, 4, 5, 6, 7, 8, 9]
2025-12-08 03:33:31,335 [main] INFO  o.t.s.a.service.DefaultActorService - Received partition change event.
2025-12-08 03:33:31,336 [main] INFO  o.t.s.q.d.HashPartitionService - Partitions changed: 
[QK(Main,TB_CORE,system)] - [0, 1, 2, 3, 4, 5, 6, 7, 8, 9]
[QK(Edge,TB_CORE,system)] - [0, 1, 2, 3, 4, 5, 6, 7, 8, 9]
2025-12-08 03:33:31,343 [device-state-scheduled-21-thread-1] INFO  o.t.s.s.p.AbstractPartitionBasedService - [Device State] CURRENT PARTITIONS: []
2025-12-08 03:33:31,343 [api-usage-scheduled-19-thread-1] INFO  o.t.s.s.p.AbstractPartitionBasedService - [API Usage] CURRENT PARTITIONS: []
2025-12-08 03:33:31,343 [device-state-scheduled-21-thread-1] INFO  o.t.s.s.p.AbstractPartitionBasedService - [Device State] NEW PARTITIONS: [tb_core.0, tb_core.2, tb_core.4, tb_core.6, tb_core.8, tb_core.1, tb_core.3, tb_core.5, tb_core.7, tb_core.9]
2025-12-08 03:33:31,343 [api-usage-scheduled-19-thread-1] INFO  o.t.s.s.p.AbstractPartitionBasedService - [API Usage] NEW PARTITIONS: [tb_core.0, tb_core.2, tb_core.4, tb_core.6, tb_core.8, tb_core.1, tb_core.3, tb_core.5, tb_core.7, tb_core.9]
2025-12-08 03:33:31,343 [device-state-scheduled-21-thread-1] INFO  o.t.s.s.p.AbstractPartitionBasedService - [Device State] ADDED PARTITIONS: [tb_core.0, tb_core.2, tb_core.4, tb_core.6, tb_core.8, tb_core.1, tb_core.3, tb_core.5, tb_core.7, tb_core.9]
2025-12-08 03:33:31,343 [device-state-scheduled-21-thread-1] INFO  o.t.s.s.p.AbstractPartitionBasedService - [Device State] REMOVED PARTITIONS: []
2025-12-08 03:33:31,343 [main] INFO  o.t.s.a.service.DefaultActorService - Received partition change event.
2025-12-08 03:33:31,345 [api-usage-scheduled-19-thread-1] INFO  o.t.s.s.p.AbstractPartitionBasedService - [API Usage] ADDED PARTITIONS: [tb_core.0, tb_core.2, tb_core.4, tb_core.6, tb_core.8, tb_core.1, tb_core.3, tb_core.5, tb_core.7, tb_core.9]
2025-12-08 03:33:31,345 [api-usage-scheduled-19-thread-1] INFO  o.t.s.s.p.AbstractPartitionBasedService - [API Usage] REMOVED PARTITIONS: []
2025-12-08 03:33:31,346 [api-usage-scheduled-19-thread-1] INFO  o.t.s.s.a.DefaultTbApiUsageStateService - Initializing tenant states.
2025-12-08 03:33:31,349 [notifications-scheduler-49-thread-1] INFO  o.t.s.s.p.AbstractPartitionBasedService - [Notifications scheduler] CURRENT PARTITIONS: []
2025-12-08 03:33:31,349 [notifications-scheduler-49-thread-1] INFO  o.t.s.s.p.AbstractPartitionBasedService - [Notifications scheduler] NEW PARTITIONS: [tb_core.0, tb_core.2, tb_core.4, tb_core.6, tb_core.8, tb_core.1, tb_core.3, tb_core.5, tb_core.7, tb_core.9]
2025-12-08 03:33:31,349 [notifications-scheduler-49-thread-1] INFO  o.t.s.s.p.AbstractPartitionBasedService - [Notifications scheduler] ADDED PARTITIONS: [tb_core.0, tb_core.2, tb_core.4, tb_core.6, tb_core.8, tb_core.1, tb_core.3, tb_core.5, tb_core.7, tb_core.9]
2025-12-08 03:33:31,349 [notifications-scheduler-49-thread-1] INFO  o.t.s.s.p.AbstractPartitionBasedService - [Notifications scheduler] REMOVED PARTITIONS: []
2025-12-08 03:33:31,351 [tb-core-mgmt-0-1] INFO  o.t.s.q.c.c.MainQueueConsumerManager - [QK(Main,TB_CORE,system)] Added partitions: [tb_core.0, tb_core.2, tb_core.4, tb_core.6, tb_core.8, tb_core.1, tb_core.3, tb_core.5, tb_core.7, tb_core.9], removed partitions: []
2025-12-08 03:33:31,352 [main] INFO  o.t.s.q.d.HashPartitionService - Partitions changed: 
[QK(Main,TB_VC_EXECUTOR,system)] - [0, 1, 2, 3, 4, 5, 6, 7, 8, 9]
2025-12-08 03:33:31,352 [tb-edge-mgmt-0-1] INFO  o.t.s.q.c.c.MainQueueConsumerManager - [QK(Edge,TB_CORE,system)] New partitions: [tb_edge.0, tb_edge.2, tb_edge.4, tb_edge.6, tb_edge.8, tb_edge.1, tb_edge.3, tb_edge.5, tb_edge.7, tb_edge.9]
2025-12-08 03:33:31,353 [main] INFO  o.t.s.q.d.HashPartitionService - Partitions changed: 
[QK(Main,EDQS,system)] - [0, 1, 10, 11, 2, 3, 4, 5, 6, 7, 8, 9]
2025-12-08 03:33:31,353 [main] INFO  o.t.s.t.s.s.SnmpTransportBalancingService - Recalculating partitions for SNMP transports
2025-12-08 03:33:31,355 [tb-edge-mgmt-0-1] INFO  o.t.s.q.c.c.MainQueueConsumerManager - [QK(Edge,TB_CORE,system)] Launching consumer
2025-12-08 03:33:31,360 [main] INFO  o.t.s.t.s.s.SnmpTransportBalancingService - SNMP transports partitions have not changed
2025-12-08 03:33:31,360 [tb-core-mgmt-0-1] INFO  o.t.s.q.c.c.MainQueueConsumerManager - [QK(Main,TB_CORE,system)-0] Launching consumer
2025-12-08 03:33:31,363 [tb-core-mgmt-0-1] INFO  o.t.s.q.c.c.MainQueueConsumerManager - [QK(Main,TB_CORE,system)-2] Launching consumer
2025-12-08 03:33:31,364 [tb-core-mgmt-0-1] INFO  o.t.s.q.c.c.MainQueueConsumerManager - [QK(Main,TB_CORE,system)-4] Launching consumer
2025-12-08 03:33:31,366 [tb-core-mgmt-0-1] INFO  o.t.s.q.c.c.MainQueueConsumerManager - [QK(Main,TB_CORE,system)-6] Launching consumer
2025-12-08 03:33:31,370 [tb-core-mgmt-0-1] INFO  o.t.s.q.c.c.MainQueueConsumerManager - [QK(Main,TB_CORE,system)-8] Launching consumer
2025-12-08 03:33:31,372 [tb-core-mgmt-0-1] INFO  o.t.s.q.c.c.MainQueueConsumerManager - [QK(Main,TB_CORE,system)-1] Launching consumer
2025-12-08 03:33:31,374 [tb-core-mgmt-0-1] INFO  o.t.s.q.c.c.MainQueueConsumerManager - [QK(Main,TB_CORE,system)-3] Launching consumer
2025-12-08 03:33:31,376 [tb-core-mgmt-0-1] INFO  o.t.s.q.c.c.MainQueueConsumerManager - [QK(Main,TB_CORE,system)-5] Launching consumer
2025-12-08 03:33:31,377 [tb-core-mgmt-0-1] INFO  o.t.s.q.c.c.MainQueueConsumerManager - [QK(Main,TB_CORE,system)-7] Launching consumer
2025-12-08 03:33:31,378 [tb-core-mgmt-0-1] INFO  o.t.s.q.c.c.MainQueueConsumerManager - [QK(Main,TB_CORE,system)-9] Launching consumer
2025-12-08 03:33:31,636 [main] INFO  o.t.s.a.service.DefaultActorService - Received application ready event. Sending application init message to actor system
2025-12-08 03:33:31,637 [app-dispatcher-31-thread-1] INFO  o.t.server.actors.app.AppActor - Starting main system actor.
2025-12-08 03:33:31,654 [app-dispatcher-31-thread-1] INFO  o.t.server.actors.app.AppActor - Main system actor started.
2025-12-08 03:33:31,658 [main] INFO  o.t.s.s.edge.rpc.EdgeGrpcService - Initializing Edge RPC service!
2025-12-08 03:33:32,197 [notifications-scheduler-49-thread-1] INFO  o.t.s.s.p.AbstractPartitionBasedService - [Notifications scheduler] Managing following partitions:
2025-12-08 03:33:32,198 [notifications-scheduler-49-thread-1] INFO  o.t.s.s.p.AbstractPartitionBasedService - [Notifications scheduler][tb_core.4]: 0 entities
2025-12-08 03:33:32,198 [notifications-scheduler-49-thread-1] INFO  o.t.s.s.p.AbstractPartitionBasedService - [Notifications scheduler][tb_core.8]: 0 entities
2025-12-08 03:33:32,198 [notifications-scheduler-49-thread-1] INFO  o.t.s.s.p.AbstractPartitionBasedService - [Notifications scheduler][tb_core.0]: 0 entities
2025-12-08 03:33:32,198 [notifications-scheduler-49-thread-1] INFO  o.t.s.s.p.AbstractPartitionBasedService - [Notifications scheduler][tb_core.3]: 0 entities
2025-12-08 03:33:32,198 [notifications-scheduler-49-thread-1] INFO  o.t.s.s.p.AbstractPartitionBasedService - [Notifications scheduler][tb_core.7]: 0 entities
2025-12-08 03:33:32,198 [notifications-scheduler-49-thread-1] INFO  o.t.s.s.p.AbstractPartitionBasedService - [Notifications scheduler][tb_core.2]: 0 entities
2025-12-08 03:33:32,198 [notifications-scheduler-49-thread-1] INFO  o.t.s.s.p.AbstractPartitionBasedService - [Notifications scheduler][tb_core.6]: 0 entities
2025-12-08 03:33:32,198 [notifications-scheduler-49-thread-1] INFO  o.t.s.s.p.AbstractPartitionBasedService - [Notifications scheduler][tb_core.5]: 0 entities
2025-12-08 03:33:32,198 [notifications-scheduler-49-thread-1] INFO  o.t.s.s.p.AbstractPartitionBasedService - [Notifications scheduler][tb_core.1]: 0 entities
2025-12-08 03:33:32,198 [notifications-scheduler-49-thread-1] INFO  o.t.s.s.p.AbstractPartitionBasedService - [Notifications scheduler][tb_core.9]: 0 entities
2025-12-08 03:33:32,322 [device-state-scheduled-21-thread-1] INFO  o.t.s.s.s.DefaultDeviceStateService - [tb_core.6] Submit task for device states: 1
2025-12-08 03:33:32,324 [device-state-scheduled-21-thread-1] INFO  o.t.s.s.s.DefaultDeviceStateService - [tb_core.4] Submit task for device states: 1
2025-12-08 03:33:32,326 [device-state-scheduled-21-thread-1] INFO  o.t.s.s.s.DefaultDeviceStateService - [tb_core.7] Submit task for device states: 1
2025-12-08 03:33:32,328 [device-state-scheduled-21-thread-1] INFO  o.t.s.s.s.DefaultDeviceStateService - [tb_core.9] Submit task for device states: 3
2025-12-08 03:33:32,329 [device-state-scheduled-21-thread-1] INFO  o.t.s.s.s.DefaultDeviceStateService - [tb_core.5] Submit task for device states: 2
2025-12-08 03:33:32,330 [device-state-scheduled-21-thread-1] INFO  o.t.s.s.s.DefaultDeviceStateService - [tb_core.2] Submit task for device states: 2
2025-12-08 03:33:32,330 [device-state-scheduled-21-thread-1] INFO  o.t.s.s.s.DefaultDeviceStateService - [tb_core.1] Submit task for device states: 3
2025-12-08 03:33:32,384 [device-state-0-7] INFO  o.t.s.s.s.DefaultDeviceStateService - [1] Initialized 3 out of 3 device states
2025-12-08 03:33:32,384 [device-state-0-5] INFO  o.t.s.s.s.DefaultDeviceStateService - [5] Initialized 2 out of 2 device states
2025-12-08 03:33:32,384 [device-state-0-4] INFO  o.t.s.s.s.DefaultDeviceStateService - [9] Initialized 3 out of 3 device states
2025-12-08 03:33:32,384 [device-state-0-2] INFO  o.t.s.s.s.DefaultDeviceStateService - [4] Initialized 1 out of 1 device states
2025-12-08 03:33:32,384 [device-state-0-1] INFO  o.t.s.s.s.DefaultDeviceStateService - [6] Initialized 1 out of 1 device states
2025-12-08 03:33:32,384 [device-state-0-3] INFO  o.t.s.s.s.DefaultDeviceStateService - [7] Initialized 1 out of 1 device states
2025-12-08 03:33:32,397 [device-state-0-6] INFO  org.owasp.validator.html.Policy - Attempting to load AntiSamy policy from an input stream.
2025-12-08 03:33:32,431 [main] INFO  o.t.s.s.edge.rpc.EdgeGrpcService - Going to start Edge RPC server using port: 7070
2025-12-08 03:33:32,616 [device-state-0-6] WARN  org.owasp.validator.html.Policy - The directive "noopenerAndNoreferrerAnchors" is enabled by default, but disabled in this policy. It is recommended to leave it enabled to prevent reverse tabnabbing attacks.
2025-12-08 03:33:32,646 [main] INFO  o.t.s.s.edge.rpc.EdgeGrpcService - Edge RPC service initialized!
2025-12-08 03:33:32,649 [main] INFO  o.t.s.q.c.c.QueueConsumerManager - [Housekeeper reprocessing] Launching consumer
2025-12-08 03:33:32,650 [main] INFO  o.t.s.q.c.c.QueueConsumerManager - [Housekeeper] Launching consumer
2025-12-08 03:33:32,650 [DbCallbackExecutorService-0-1] INFO  o.t.s.s.p.AbstractPartitionBasedService - [API Usage] Managing following partitions:
2025-12-08 03:33:32,650 [DbCallbackExecutorService-0-1] INFO  o.t.s.s.p.AbstractPartitionBasedService - [API Usage][tb_core.4]: 0 entities
2025-12-08 03:33:32,650 [main] INFO  o.t.s.q.c.c.QueueConsumerManager - [job-stats] Launching consumer
2025-12-08 03:33:32,651 [DbCallbackExecutorService-0-1] INFO  o.t.s.s.p.AbstractPartitionBasedService - [API Usage][tb_core.8]: 0 entities
2025-12-08 03:33:32,651 [main] INFO  o.t.s.q.c.c.QueueConsumerManager - [TB Rule Engine Notifications] Launching consumer
2025-12-08 03:33:32,651 [DbCallbackExecutorService-0-1] INFO  o.t.s.s.p.AbstractPartitionBasedService - [API Usage][tb_core.0]: 0 entities
2025-12-08 03:33:32,652 [DbCallbackExecutorService-0-1] INFO  o.t.s.s.p.AbstractPartitionBasedService - [API Usage][tb_core.3]: 1 entities
2025-12-08 03:33:32,652 [DbCallbackExecutorService-0-1] INFO  o.t.s.s.p.AbstractPartitionBasedService - [API Usage][tb_core.7]: 1 entities
2025-12-08 03:33:32,652 [DbCallbackExecutorService-0-1] INFO  o.t.s.s.p.AbstractPartitionBasedService - [API Usage][tb_core.2]: 0 entities
2025-12-08 03:33:32,652 [DbCallbackExecutorService-0-1] INFO  o.t.s.s.p.AbstractPartitionBasedService - [API Usage][tb_core.6]: 0 entities
2025-12-08 03:33:32,652 [DbCallbackExecutorService-0-1] INFO  o.t.s.s.p.AbstractPartitionBasedService - [API Usage][tb_core.5]: 0 entities
2025-12-08 03:33:32,652 [DbCallbackExecutorService-0-1] INFO  o.t.s.s.p.AbstractPartitionBasedService - [API Usage][tb_core.1]: 0 entities
2025-12-08 03:33:32,653 [DbCallbackExecutorService-0-1] INFO  o.t.s.s.p.AbstractPartitionBasedService - [API Usage][tb_core.9]: 0 entities
2025-12-08 03:33:32,654 [main] INFO  o.t.s.s.q.DefaultTbCalculatedFieldConsumerService - Handling partition change event: PartitionChangeEvent(super=TbApplicationEvent(sequenceNumber=1), serviceType=TB_RULE_ENGINE, newPartitions={QK(CalculatedFieldStates,TB_RULE_ENGINE,system)=[tb_cf_state.1, tb_cf_state.3, tb_cf_state.5, tb_cf_state.7, tb_cf_state.9, tb_cf_state.0, tb_cf_state.2, tb_cf_state.4, tb_cf_state.6, tb_cf_state.8], QK(SequentialByOriginator,TB_RULE_ENGINE,system)=[tb_rule_engine.sq.0, tb_rule_engine.sq.2, tb_rule_engine.sq.4, tb_rule_engine.sq.6, tb_rule_engine.sq.8, tb_rule_engine.sq.1, tb_rule_engine.sq.3, tb_rule_engine.sq.5, tb_rule_engine.sq.7, tb_rule_engine.sq.9], QK(CalculatedFields,TB_RULE_ENGINE,system)=[tb_cf_event.1, tb_cf_event.3, tb_cf_event.5, tb_cf_event.7, tb_cf_event.9, tb_cf_event.0, tb_cf_event.2, tb_cf_event.4, tb_cf_event.6, tb_cf_event.8], QK(Main,TB_RULE_ENGINE,system)=[tb_rule_engine.main.0, tb_rule_engine.main.2, tb_rule_engine.main.4, tb_rule_engine.main.6, tb_rule_engine.main.8, tb_rule_engine.main.1, tb_rule_engine.main.3, tb_rule_engine.main.5, tb_rule_engine.main.7, tb_rule_engine.main.9], QK(HighPriority,TB_RULE_ENGINE,system)=[tb_rule_engine.hp.1, tb_rule_engine.hp.3, tb_rule_engine.hp.5, tb_rule_engine.hp.7, tb_rule_engine.hp.9, tb_rule_engine.hp.0, tb_rule_engine.hp.2, tb_rule_engine.hp.4, tb_rule_engine.hp.6, tb_rule_engine.hp.8]}, oldPartitions={QK(Main,TB_VC_EXECUTOR,system)=[], QK(CalculatedFieldStates,TB_RULE_ENGINE,system)=[], QK(SequentialByOriginator,TB_RULE_ENGINE,system)=[], QK(CalculatedFields,TB_RULE_ENGINE,system)=[], QK(Main,EDQS,system)=[], QK(Main,TB_RULE_ENGINE,system)=[], QK(Main,TB_CORE,system)=[], QK(Edge,TB_CORE,system)=[], QK(HighPriority,TB_RULE_ENGINE,system)=[]})
2025-12-08 03:33:32,665 [main] INFO  o.t.s.q.c.c.QueueConsumerManager - [TB Core Notifications] Launching consumer
2025-12-08 03:33:32,665 [tb-cf-mgmt-0-1] INFO  o.t.s.q.c.c.PartitionedQueueConsumerManager - [QK(CalculatedFields,TB_RULE_ENGINE,system)] Added partitions: [tb_cf_event.1, tb_cf_event.3, tb_cf_event.5, tb_cf_event.7, tb_cf_event.9, tb_cf_event.0, tb_cf_event.2, tb_cf_event.4, tb_cf_event.6, tb_cf_event.8]
2025-12-08 03:33:32,665 [tb-cf-mgmt-0-1] INFO  o.t.s.q.c.c.MainQueueConsumerManager - [QK(CalculatedFields,TB_RULE_ENGINE,system)-1] Launching consumer
2025-12-08 03:33:32,665 [main] INFO  o.t.s.q.c.c.QueueConsumerManager - [TB Ota Package States] Launching consumer
2025-12-08 03:33:32,666 [tb-cf-mgmt-0-1] INFO  o.t.s.q.c.c.MainQueueConsumerManager - [QK(CalculatedFields,TB_RULE_ENGINE,system)-3] Launching consumer
2025-12-08 03:33:32,666 [main] INFO  o.t.s.q.c.c.QueueConsumerManager - [TB Usage Stats] Launching consumer
2025-12-08 03:33:32,667 [tb-cf-mgmt-0-1] INFO  o.t.s.q.c.c.MainQueueConsumerManager - [QK(CalculatedFields,TB_RULE_ENGINE,system)-5] Launching consumer
2025-12-08 03:33:32,667 [main] INFO  o.t.s.q.c.c.QueueConsumerManager - [TB Core Notifications] Launching consumer
2025-12-08 03:33:32,668 [main] INFO  o.t.s.q.c.c.QueueConsumerManager - [TB Rule Engine Notifications] Launching consumer
2025-12-08 03:33:32,669 [notifications-tb-core-consumer-52-thread-11] INFO  o.t.s.s.q.DefaultTbCoreConsumerService - [552891e8d690] Processing core startup with partitions: [0, 1, 2, 3, 4, 5, 6, 7, 8, 9]
2025-12-08 03:33:32,668 [tb-cf-mgmt-0-1] INFO  o.t.s.q.c.c.MainQueueConsumerManager - [QK(CalculatedFields,TB_RULE_ENGINE,system)-7] Launching consumer
2025-12-08 03:33:32,671 [tb-cf-mgmt-0-1] INFO  o.t.s.q.c.c.MainQueueConsumerManager - [QK(CalculatedFields,TB_RULE_ENGINE,system)-9] Launching consumer
2025-12-08 03:33:32,673 [DefaultTbLocalSubscriptionService-0-1] INFO  o.t.s.s.s.DefaultTbLocalSubscriptionService - [552891e8d690] Pushed 0 subscriptions to [552891e8d690]
2025-12-08 03:33:32,673 [tb-cf-mgmt-0-1] INFO  o.t.s.q.c.c.MainQueueConsumerManager - [QK(CalculatedFields,TB_RULE_ENGINE,system)-0] Launching consumer
2025-12-08 03:33:32,675 [tb-cf-mgmt-0-1] INFO  o.t.s.q.c.c.MainQueueConsumerManager - [QK(CalculatedFields,TB_RULE_ENGINE,system)-2] Launching consumer
2025-12-08 03:33:32,675 [tb-cf-mgmt-0-1] INFO  o.t.s.q.c.c.MainQueueConsumerManager - [QK(CalculatedFields,TB_RULE_ENGINE,system)-4] Launching consumer
2025-12-08 03:33:32,677 [tb-cf-mgmt-0-1] INFO  o.t.s.q.c.c.MainQueueConsumerManager - [QK(CalculatedFields,TB_RULE_ENGINE,system)-6] Launching consumer
2025-12-08 03:33:32,678 [tb-cf-mgmt-0-1] INFO  o.t.s.q.c.c.MainQueueConsumerManager - [QK(CalculatedFields,TB_RULE_ENGINE,system)-8] Launching consumer
2025-12-08 03:33:32,681 [main] INFO  o.t.s.s.q.DefaultTbRuleEngineConsumerService - Handling partition change event: PartitionChangeEvent(super=TbApplicationEvent(sequenceNumber=1), serviceType=TB_RULE_ENGINE, newPartitions={QK(CalculatedFieldStates,TB_RULE_ENGINE,system)=[tb_cf_state.1, tb_cf_state.3, tb_cf_state.5, tb_cf_state.7, tb_cf_state.9, tb_cf_state.0, tb_cf_state.2, tb_cf_state.4, tb_cf_state.6, tb_cf_state.8], QK(SequentialByOriginator,TB_RULE_ENGINE,system)=[tb_rule_engine.sq.0, tb_rule_engine.sq.2, tb_rule_engine.sq.4, tb_rule_engine.sq.6, tb_rule_engine.sq.8, tb_rule_engine.sq.1, tb_rule_engine.sq.3, tb_rule_engine.sq.5, tb_rule_engine.sq.7, tb_rule_engine.sq.9], QK(CalculatedFields,TB_RULE_ENGINE,system)=[tb_cf_event.1, tb_cf_event.3, tb_cf_event.5, tb_cf_event.7, tb_cf_event.9, tb_cf_event.0, tb_cf_event.2, tb_cf_event.4, tb_cf_event.6, tb_cf_event.8], QK(Main,TB_RULE_ENGINE,system)=[tb_rule_engine.main.0, tb_rule_engine.main.2, tb_rule_engine.main.4, tb_rule_engine.main.6, tb_rule_engine.main.8, tb_rule_engine.main.1, tb_rule_engine.main.3, tb_rule_engine.main.5, tb_rule_engine.main.7, tb_rule_engine.main.9], QK(HighPriority,TB_RULE_ENGINE,system)=[tb_rule_engine.hp.1, tb_rule_engine.hp.3, tb_rule_engine.hp.5, tb_rule_engine.hp.7, tb_rule_engine.hp.9, tb_rule_engine.hp.0, tb_rule_engine.hp.2, tb_rule_engine.hp.4, tb_rule_engine.hp.6, tb_rule_engine.hp.8]}, oldPartitions={QK(Main,TB_VC_EXECUTOR,system)=[], QK(CalculatedFieldStates,TB_RULE_ENGINE,system)=[], QK(SequentialByOriginator,TB_RULE_ENGINE,system)=[], QK(CalculatedFields,TB_RULE_ENGINE,system)=[], QK(Main,EDQS,system)=[], QK(Main,TB_RULE_ENGINE,system)=[], QK(Main,TB_CORE,system)=[], QK(Edge,TB_CORE,system)=[], QK(HighPriority,TB_RULE_ENGINE,system)=[]})
2025-12-08 03:33:32,684 [tb-rule-engine-mgmt-0-1] INFO  o.t.s.q.c.c.MainQueueConsumerManager - [QK(SequentialByOriginator,TB_RULE_ENGINE,system)] Added partitions: [tb_rule_engine.sq.0, tb_rule_engine.sq.2, tb_rule_engine.sq.4, tb_rule_engine.sq.6, tb_rule_engine.sq.8, tb_rule_engine.sq.1, tb_rule_engine.sq.3, tb_rule_engine.sq.5, tb_rule_engine.sq.7, tb_rule_engine.sq.9], removed partitions: []
2025-12-08 03:33:32,684 [main] INFO  o.t.s.s.t.TbCoreTransportApiService - Received application ready event. Starting polling for events.
2025-12-08 03:33:32,684 [tb-rule-engine-mgmt-0-1] INFO  o.t.s.q.c.c.MainQueueConsumerManager - [QK(SequentialByOriginator,TB_RULE_ENGINE,system)-0] Launching consumer
2025-12-08 03:33:32,684 [tb-rule-engine-mgmt-0-2] INFO  o.t.s.q.c.c.MainQueueConsumerManager - [QK(Main,TB_RULE_ENGINE,system)] Added partitions: [tb_rule_engine.main.0, tb_rule_engine.main.2, tb_rule_engine.main.4, tb_rule_engine.main.6, tb_rule_engine.main.8, tb_rule_engine.main.1, tb_rule_engine.main.3, tb_rule_engine.main.5, tb_rule_engine.main.7, tb_rule_engine.main.9], removed partitions: []
2025-12-08 03:33:32,685 [tb-rule-engine-mgmt-0-3] INFO  o.t.s.q.c.c.MainQueueConsumerManager - [QK(HighPriority,TB_RULE_ENGINE,system)] Added partitions: [tb_rule_engine.hp.1, tb_rule_engine.hp.3, tb_rule_engine.hp.5, tb_rule_engine.hp.7, tb_rule_engine.hp.9, tb_rule_engine.hp.0, tb_rule_engine.hp.2, tb_rule_engine.hp.4, tb_rule_engine.hp.6, tb_rule_engine.hp.8], removed partitions: []
2025-12-08 03:33:32,685 [tb-rule-engine-mgmt-0-2] INFO  o.t.s.q.c.c.MainQueueConsumerManager - [QK(Main,TB_RULE_ENGINE,system)-0] Launching consumer
2025-12-08 03:33:32,685 [tb-rule-engine-mgmt-0-3] INFO  o.t.s.q.c.c.MainQueueConsumerManager - [QK(HighPriority,TB_RULE_ENGINE,system)-1] Launching consumer
2025-12-08 03:33:32,685 [tb-rule-engine-mgmt-0-3] INFO  o.t.s.q.c.c.MainQueueConsumerManager - [QK(HighPriority,TB_RULE_ENGINE,system)-3] Launching consumer
2025-12-08 03:33:32,686 [tb-rule-engine-mgmt-0-2] INFO  o.t.s.q.c.c.MainQueueConsumerManager - [QK(Main,TB_RULE_ENGINE,system)-2] Launching consumer
2025-12-08 03:33:32,686 [tb-rule-engine-mgmt-0-1] INFO  o.t.s.q.c.c.MainQueueConsumerManager - [QK(SequentialByOriginator,TB_RULE_ENGINE,system)-2] Launching consumer
2025-12-08 03:33:32,687 [tb-rule-engine-mgmt-0-3] INFO  o.t.s.q.c.c.MainQueueConsumerManager - [QK(HighPriority,TB_RULE_ENGINE,system)-5] Launching consumer
2025-12-08 03:33:32,687 [tb-rule-engine-mgmt-0-2] INFO  o.t.s.q.c.c.MainQueueConsumerManager - [QK(Main,TB_RULE_ENGINE,system)-4] Launching consumer
2025-12-08 03:33:32,687 [tb-rule-engine-mgmt-0-1] INFO  o.t.s.q.c.c.MainQueueConsumerManager - [QK(SequentialByOriginator,TB_RULE_ENGINE,system)-4] Launching consumer
2025-12-08 03:33:32,688 [tb-rule-engine-mgmt-0-3] INFO  o.t.s.q.c.c.MainQueueConsumerManager - [QK(HighPriority,TB_RULE_ENGINE,system)-7] Launching consumer
2025-12-08 03:33:32,689 [tb-rule-engine-mgmt-0-2] INFO  o.t.s.q.c.c.MainQueueConsumerManager - [QK(Main,TB_RULE_ENGINE,system)-6] Launching consumer
2025-12-08 03:33:32,689 [main] INFO  o.t.s.q.c.c.QueueConsumerManager - [TB Transport] Launching consumer
2025-12-08 03:33:32,689 [tb-rule-engine-mgmt-0-1] INFO  o.t.s.q.c.c.MainQueueConsumerManager - [QK(SequentialByOriginator,TB_RULE_ENGINE,system)-6] Launching consumer
2025-12-08 03:33:32,690 [tb-rule-engine-mgmt-0-3] INFO  o.t.s.q.c.c.MainQueueConsumerManager - [QK(HighPriority,TB_RULE_ENGINE,system)-9] Launching consumer
2025-12-08 03:33:32,690 [tb-rule-engine-mgmt-0-2] INFO  o.t.s.q.c.c.MainQueueConsumerManager - [QK(Main,TB_RULE_ENGINE,system)-8] Launching consumer
2025-12-08 03:33:32,691 [tb-rule-engine-mgmt-0-1] INFO  o.t.s.q.c.c.MainQueueConsumerManager - [QK(SequentialByOriginator,TB_RULE_ENGINE,system)-8] Launching consumer
2025-12-08 03:33:32,691 [tb-rule-engine-mgmt-0-3] INFO  o.t.s.q.c.c.MainQueueConsumerManager - [QK(HighPriority,TB_RULE_ENGINE,system)-0] Launching consumer
2025-12-08 03:33:32,692 [tb-rule-engine-mgmt-0-2] INFO  o.t.s.q.c.c.MainQueueConsumerManager - [QK(Main,TB_RULE_ENGINE,system)-1] Launching consumer
2025-12-08 03:33:32,692 [tb-rule-engine-mgmt-0-2] INFO  o.t.s.q.c.c.MainQueueConsumerManager - [QK(Main,TB_RULE_ENGINE,system)-3] Launching consumer
2025-12-08 03:33:32,693 [tb-rule-engine-mgmt-0-1] INFO  o.t.s.q.c.c.MainQueueConsumerManager - [QK(SequentialByOriginator,TB_RULE_ENGINE,system)-1] Launching consumer
2025-12-08 03:33:32,693 [tb-rule-engine-mgmt-0-3] INFO  o.t.s.q.c.c.MainQueueConsumerManager - [QK(HighPriority,TB_RULE_ENGINE,system)-2] Launching consumer
2025-12-08 03:33:32,694 [tb-rule-engine-mgmt-0-2] INFO  o.t.s.q.c.c.MainQueueConsumerManager - [QK(Main,TB_RULE_ENGINE,system)-5] Launching consumer
2025-12-08 03:33:32,694 [tb-rule-engine-mgmt-0-1] INFO  o.t.s.q.c.c.MainQueueConsumerManager - [QK(SequentialByOriginator,TB_RULE_ENGINE,system)-3] Launching consumer
2025-12-08 03:33:32,695 [tb-rule-engine-mgmt-0-3] INFO  o.t.s.q.c.c.MainQueueConsumerManager - [QK(HighPriority,TB_RULE_ENGINE,system)-4] Launching consumer
2025-12-08 03:33:32,695 [tb-rule-engine-mgmt-0-2] INFO  o.t.s.q.c.c.MainQueueConsumerManager - [QK(Main,TB_RULE_ENGINE,system)-7] Launching consumer
2025-12-08 03:33:32,696 [tb-rule-engine-mgmt-0-1] INFO  o.t.s.q.c.c.MainQueueConsumerManager - [QK(SequentialByOriginator,TB_RULE_ENGINE,system)-5] Launching consumer
2025-12-08 03:33:32,696 [tb-rule-engine-mgmt-0-3] INFO  o.t.s.q.c.c.MainQueueConsumerManager - [QK(HighPriority,TB_RULE_ENGINE,system)-6] Launching consumer
2025-12-08 03:33:32,696 [tb-rule-engine-mgmt-0-2] INFO  o.t.s.q.c.c.MainQueueConsumerManager - [QK(Main,TB_RULE_ENGINE,system)-9] Launching consumer
2025-12-08 03:33:32,697 [tb-rule-engine-mgmt-0-1] INFO  o.t.s.q.c.c.MainQueueConsumerManager - [QK(SequentialByOriginator,TB_RULE_ENGINE,system)-7] Launching consumer
2025-12-08 03:33:32,698 [tb-rule-engine-mgmt-0-1] INFO  o.t.s.q.c.c.MainQueueConsumerManager - [QK(SequentialByOriginator,TB_RULE_ENGINE,system)-9] Launching consumer
2025-12-08 03:33:32,698 [tb-rule-engine-mgmt-0-3] INFO  o.t.s.q.c.c.MainQueueConsumerManager - [QK(HighPriority,TB_RULE_ENGINE,system)-8] Launching consumer
2025-12-08 03:33:32,726 [main] INFO  o.e.c.c.network.RandomTokenGenerator - using tokens of 8 bytes in length
2025-12-08 03:33:32,726 [main] INFO  o.e.c.core.network.CoapEndpoint - [LWM2M Server-coap://0.0.0.0:5685] CoapEndpoint uses udp context
2025-12-08 03:33:32,727 [main] INFO  o.e.c.c.network.stack.BlockwiseLayer - [LWM2M Server-coap://0.0.0.0:5685] BlockwiseLayer uses MAX_MESSAGE_SIZE=1024, PREFERRED_BLOCK_SIZE=1024, BLOCKWISE_STATUS_LIFETIME=300000, MAX_RESOURCE_BODY_SIZE=268435456, BLOCKWISE_STRICT_BLOCK2_OPTION=true
2025-12-08 03:33:32,730 [main] INFO  o.t.s.t.l.s.DefaultLwM2mTransportService - Unable to load X509 files for LWM2MServer
2025-12-08 03:33:32,732 [main] WARN  o.e.l.s.c.e.c.CoapsServerEndpointFactory - PskStore should be automatically set by Leshan. Using a custom implementation is not advised.
2025-12-08 03:33:32,732 [main] INFO  o.e.c.s.d.InMemoryReadWriteLockConnectionStore - Created new InMemoryConnectionStore [capacity: 150000, connection expiration threshold: 1800s]
2025-12-08 03:33:32,733 [main] INFO  o.e.c.c.network.RandomTokenGenerator - using tokens of 8 bytes in length
2025-12-08 03:33:32,733 [main] INFO  o.e.c.core.network.CoapEndpoint - [LWM2M Server-coaps://0.0.0.0:5686] CoapEndpoint uses lwm2m correlation
2025-12-08 03:33:32,733 [main] INFO  o.e.c.c.network.stack.BlockwiseLayer - [LWM2M Server-coaps://0.0.0.0:5686] BlockwiseLayer uses MAX_MESSAGE_SIZE=1024, PREFERRED_BLOCK_SIZE=1024, BLOCKWISE_STATUS_LIFETIME=300000, MAX_RESOURCE_BODY_SIZE=268435456, BLOCKWISE_STRICT_BLOCK2_OPTION=true
2025-12-08 03:33:32,745 [main] INFO  o.t.s.t.l.s.DefaultLwM2mTransportService - Starting LwM2M transport server...
2025-12-08 03:33:32,746 [main] INFO  o.e.californium.core.CoapServer - Starting server
2025-12-08 03:33:32,752 [main] INFO  o.e.c.elements.UDPConnector - UDPConnector starts up 2 sender threads and 2 receiver threads
2025-12-08 03:33:32,754 [main] INFO  o.e.c.elements.UDPConnector - UDPConnector listening on /[0:0:0:0:0:0:0:0]:5685, recv buf = 106496, send buf = 106496, recv packet size = 2048
2025-12-08 03:33:32,754 [main] INFO  o.e.c.core.network.CoapEndpoint - [LWM2M Server-coap://0.0.0.0:5685] Started endpoint at coap://[0:0:0:0:0:0:0:0]:5685
2025-12-08 03:33:32,763 [main] INFO  o.e.c.scandium.DTLSConnector - multiple network interfaces, using smallest MTU [IPv4 1500, IPv6 1280]
2025-12-08 03:33:32,765 [DTLS-Receiver-0-/[0:0:0:0:0:0:0:0]:5686] INFO  o.e.c.scandium.DTLSConnector - Starting worker thread [DTLS-Receiver-0-/[0:0:0:0:0:0:0:0]:5686]
2025-12-08 03:33:32,765 [main] INFO  o.e.c.scandium.DTLSConnector - DTLSConnector listening on /[0:0:0:0:0:0:0:0]:5686, recv buf = 106496, send buf = 106496, recv packet size = 16490, MTU = IPv4 1500 / IPv6 1280
2025-12-08 03:33:32,765 [DTLS-Receiver-1-/[0:0:0:0:0:0:0:0]:5686] INFO  o.e.c.scandium.DTLSConnector - Starting worker thread [DTLS-Receiver-1-/[0:0:0:0:0:0:0:0]:5686]
2025-12-08 03:33:32,765 [main] INFO  o.e.c.core.network.CoapEndpoint - [LWM2M Server-coaps://0.0.0.0:5686] Started endpoint at coaps://[0:0:0:0:0:0:0:0]:5686
2025-12-08 03:33:32,765 [main] INFO  o.eclipse.leshan.server.LeshanServer - LWM2M server started.
2025-12-08 03:33:32,765 [main] INFO  o.eclipse.leshan.server.LeshanServer - CoAP over UDP endpoint based on Californium library available at coap://[0:0:0:0:0:0:0:0]:5685.
2025-12-08 03:33:32,766 [main] INFO  o.eclipse.leshan.server.LeshanServer - CoAP over DTLS endpoint based on Californium/Scandium library available at coaps://[0:0:0:0:0:0:0:0]:5686.
2025-12-08 03:33:32,771 [main] INFO  o.t.s.t.l.s.DefaultLwM2mTransportService - Started LwM2M transport server.
2025-12-08 03:33:32,771 [main] INFO  o.t.s.t.snmp.SnmpTransportContext - Initializing SNMP devices sessions
2025-12-08 03:33:32,973 [device-state-0-6] INFO  o.t.s.s.s.DefaultDeviceStateService - [2] Initialized 2 out of 2 device states
2025-12-08 03:33:32,974 [device-state-0-6] INFO  o.t.s.s.p.AbstractPartitionBasedService - [Device State] Managing following partitions:
2025-12-08 03:33:32,974 [device-state-0-6] INFO  o.t.s.s.p.AbstractPartitionBasedService - [Device State][tb_core.4]: 1 entities
2025-12-08 03:33:32,974 [device-state-0-6] INFO  o.t.s.s.p.AbstractPartitionBasedService - [Device State][tb_core.8]: 0 entities
2025-12-08 03:33:32,974 [device-state-0-6] INFO  o.t.s.s.p.AbstractPartitionBasedService - [Device State][tb_core.0]: 0 entities
2025-12-08 03:33:32,974 [device-state-0-6] INFO  o.t.s.s.p.AbstractPartitionBasedService - [Device State][tb_core.3]: 0 entities
2025-12-08 03:33:32,974 [device-state-0-6] INFO  o.t.s.s.p.AbstractPartitionBasedService - [Device State][tb_core.7]: 1 entities
2025-12-08 03:33:32,974 [device-state-0-6] INFO  o.t.s.s.p.AbstractPartitionBasedService - [Device State][tb_core.2]: 2 entities
2025-12-08 03:33:32,974 [device-state-0-6] INFO  o.t.s.s.p.AbstractPartitionBasedService - [Device State][tb_core.6]: 1 entities
2025-12-08 03:33:32,974 [device-state-0-6] INFO  o.t.s.s.p.AbstractPartitionBasedService - [Device State][tb_core.5]: 2 entities
2025-12-08 03:33:32,974 [device-state-0-6] INFO  o.t.s.s.p.AbstractPartitionBasedService - [Device State][tb_core.1]: 3 entities
2025-12-08 03:33:32,974 [device-state-0-6] INFO  o.t.s.s.p.AbstractPartitionBasedService - [Device State][tb_core.9]: 3 entities
2025-12-08 03:33:34,096 [main] INFO  o.t.s.ThingsboardServerApplication - Started ThingsBoard in 43 seconds
2025-12-08 03:33:34,193 [rule-dispatcher-0-6] INFO  o.t.s.d.s.i.s.SqlPartitioningRepository - Saving partition 1764806400000-1765411200000 for table lc_event
2025-12-08 03:33:34,844 [sql-log-2-thread-1] INFO  o.t.s.dao.sql.TbSqlBlockingQueue - Queue-0 [Events] queueSize [0] totalAdded [7] totalSaved [7] totalFailed [0]
2025-12-08 03:33:34,845 [sql-log-2-thread-1] INFO  o.t.s.dao.sql.TbSqlBlockingQueue - Queue-1 [Events] queueSize [0] totalAdded [7] totalSaved [7] totalFailed [0]
2025-12-08 03:33:34,846 [sql-log-2-thread-1] INFO  o.t.s.dao.sql.TbSqlBlockingQueue - Queue-2 [Events] queueSize [0] totalAdded [3] totalSaved [3] totalFailed [0]
2025-12-08 03:33:34,861 [rule-dispatcher-0-7] INFO  c.d.oss.driver.api.core.uuid.Uuids - PID obtained through native call to getpid(): 22
2025-12-08 03:33:36,645 [sql-log-2-thread-1] INFO  o.t.s.dao.sql.TbSqlBlockingQueue - Queue-0 [Attributes] queueSize [0] totalAdded [2] totalSaved [2] totalFailed [0]
2025-12-08 03:33:36,973 [http-nio-0.0.0.0-9090-exec-1] INFO  o.a.c.c.C.[Tomcat].[localhost].[/] - Initializing Spring DispatcherServlet 'dispatcherServlet'
2025-12-08 03:33:36,974 [http-nio-0.0.0.0-9090-exec-1] INFO  o.s.web.servlet.DispatcherServlet - Initializing Servlet 'dispatcherServlet'
2025-12-08 03:33:36,981 [http-nio-0.0.0.0-9090-exec-1] INFO  o.s.web.servlet.DispatcherServlet - Completed initialization in 7 ms
2025-12-08 03:33:37,259 [sql-log-2-thread-1] INFO  o.t.s.dao.sql.TbSqlBlockingQueue - Queue-1 [TS] queueSize [0] totalAdded [7] totalSaved [7] totalFailed [0]
2025-12-08 03:33:37,304 [sql-log-2-thread-1] INFO  o.t.s.dao.sql.TbSqlBlockingQueue - Queue-1 [TS Latest] queueSize [0] totalAdded [7] totalSaved [7] totalFailed [0]
2025-12-08 03:33:42,831 [http-nio-0.0.0.0-9090-exec-7] INFO  o.t.s.c.plugin.TbWebSocketHandler - [5489b160-ccf1-11f0-81f3-0bf1425738f5][550b6480-ccf1-11f0-81f3-0bf1425738f5][d9d6e96b-d52d-4a52-b27d-9006253b36c2][99f571b9-288b-a32b-3d34-93d2142f31fb] Session established from address: /172.18.0.1:58108
2025-12-08 03:33:44,845 [sql-log-2-thread-1] INFO  o.t.s.dao.sql.TbSqlBlockingQueue - Queue-2 [Events] queueSize [0] totalAdded [1] totalSaved [1] totalFailed [0]
2025-12-08 03:33:48,155 [git-sync-43-thread-1] INFO  o.t.s.s.sync.DefaultGitSyncService - [gateways-dashboard] Initialized repository
2025-12-08 03:33:48,914 [git-sync-43-thread-1] INFO  o.t.s.d.resource.BaseResourceService - Updating system resource gateway-management-extension.js
2025-12-08 03:33:49,017 [app-dispatcher-31-thread-1] WARN  o.t.server.actors.app.AppActor - Message has system tenant id: ComponentLifecycleMsg(tenantId=13814000-1dd2-11b2-8080-808080808080, entityId=54758d20-ccf1-11f0-81f3-0bf1425738f5, event=UPDATED, oldName=null, name=null, oldProfileId=null, profileId=null, info=null)
2025-12-08 03:33:49,219 [app-dispatcher-31-thread-1] WARN  o.t.server.actors.app.AppActor - Message has system tenant id: ComponentLifecycleMsg(tenantId=13814000-1dd2-11b2-8080-808080808080, entityId=5471bc90-ccf1-11f0-81f3-0bf1425738f5, event=UPDATED, oldName=null, name=null, oldProfileId=null, profileId=null, info=null)
2025-12-08 03:33:49,666 [git-sync-43-thread-1] INFO  o.t.s.d.resource.BaseResourceService - Updating system resource gateways_dashboard.json
2025-12-08 03:33:49,686 [git-sync-43-thread-1] INFO  o.t.s.s.e.d.DashboardSyncService - Gateways dashboard sync completed
2025-12-08 03:33:49,698 [app-dispatcher-31-thread-1] WARN  o.t.server.actors.app.AppActor - Message has system tenant id: ComponentLifecycleMsg(tenantId=13814000-1dd2-11b2-8080-808080808080, entityId=5485b9c0-ccf1-11f0-81f3-0bf1425738f5, event=UPDATED, oldName=null, name=null, oldProfileId=null, profileId=null, info=null)
2025-12-08 03:33:51,288 [TB-Scheduling-13] INFO  o.t.s.s.s.DefaultTbEntityDataSubscriptionService - Stats: regularQueryInvocationCnt = [7], regularQueryInvocationTime = [28], dynamicQueryCnt = [0] dynamicQueryInvocationCnt = [0], dynamicQueryInvocationTime = [0], alarmQueryInvocationCnt = [2], alarmQueryInvocationTime = [531]
2025-12-08 03:34:01,688 [JpaExecutorService-0-3] INFO  o.t.s.d.s.i.s.SqlPartitioningRepository - Saving partition 1764806400000-1765411200000 for table audit_log
2025-12-08 03:34:03,957 [tb-rule-engine-consumer-57-thread-7 | QK(Main,TB_RULE_ENGINE,system)-2] INFO  o.t.s.s.q.r.TbRuleEngineQueueConsumerManager - [QK(Main,TB_RULE_ENGINE,system)] Failed to process [1] messages
2025-12-08 03:34:03,957 [tb-rule-engine-consumer-57-thread-7 | QK(Main,TB_RULE_ENGINE,system)-2] INFO  o.t.s.s.q.r.TbRuleEngineQueueConsumerManager - [5489b160-ccf1-11f0-81f3-0bf1425738f5] Failed to process message: TbMsg(queueName=Main, id=d4f108c6-3fc1-4621-bd6c-d38ca157110a, ts=1765164843934, type=RPC_CALL_FROM_SERVER_TO_DEVICE, internalType=RPC_CALL_FROM_SERVER_TO_DEVICE, originator=2e112f10-ccf4-11f0-9325-87376abd1036, customerId=null, metaData=TbMsgMetaData(data={deviceType=esp32-1, originServiceId=552891e8d690, requestUUID=c64c195f-c21c-42d8-a45e-84079b06a0df, expirationTime=1765164843925, persistent=false, deviceName=ESP32-1, oneway=true}), dataType=JSON, data={"error":"NO_ACTIVE_CONNECTION"}, ruleChainId=54f32190-ccf1-11f0-81f3-0bf1425738f5, ruleNodeId=54ffa4b0-ccf1-11f0-81f3-0bf1425738f5, correlationId=null, partition=null, previousCalculatedFieldIds=[], ctx=org.thingsboard.server.common.msg.TbMsgProcessingCtx@1abff5d0, callback=org.thingsboard.server.common.msg.queue.TbMsgCallback$1@589c02d), Last Rule Node: null
2025-12-08 03:34:04,263 [rule-dispatcher-0-4] INFO  o.t.s.d.s.i.s.SqlPartitioningRepository - Saving partition 1764806400000-1765411200000 for table error_event
2025-12-08 03:34:04,266 [rule-dispatcher-0-4] INFO  o.t.server.actors.TbActorMailbox - [RULE_NODE|4ee21770-cf62-11f0-b928-f5b3ab8e93ac] Failed to init actor, attempt 1, going to retry in attempts in 5000ms
2025-12-08 03:34:04,844 [sql-log-2-thread-1] INFO  o.t.s.dao.sql.TbSqlBlockingQueue - Queue-2 [Events] queueSize [0] totalAdded [2] totalSaved [2] totalFailed [0]
2025-12-08 03:34:07,257 [sql-log-2-thread-1] INFO  o.t.s.dao.sql.TbSqlBlockingQueue - Queue-0 [TS] queueSize [0] totalAdded [2] totalSaved [2] totalFailed [0]
2025-12-08 03:34:07,257 [sql-log-2-thread-1] INFO  o.t.s.dao.sql.TbSqlBlockingQueue - Queue-1 [TS] queueSize [0] totalAdded [8] totalSaved [8] totalFailed [0]
2025-12-08 03:34:07,302 [sql-log-2-thread-1] INFO  o.t.s.dao.sql.TbSqlBlockingQueue - Queue-0 [TS Latest] queueSize [0] totalAdded [2] totalSaved [2] totalFailed [0]
2025-12-08 03:34:07,302 [sql-log-2-thread-1] INFO  o.t.s.dao.sql.TbSqlBlockingQueue - Queue-1 [TS Latest] queueSize [0] totalAdded [8] totalSaved [8] totalFailed [0]
2025-12-08 03:34:31,272 [TB-Scheduling-16] INFO  o.t.s.dao.aspect.SqlDaoCallsAspect - Total timing statistics below:
2025-12-08 03:34:31,273 [TB-Scheduling-16] INFO  o.t.s.dao.aspect.SqlDaoCallsAspect - [5489b160-ccf1-11f0-81f3-0bf1425738f5]: calls: 103, failures: 0, exec time: 12076 
2025-12-08 03:34:31,274 [TB-Scheduling-16] INFO  o.t.s.dao.aspect.SqlDaoCallsAspect - [5489b160-ccf1-11f0-81f3-0bf1425738f5] Top 3 methods by timing:
2025-12-08 03:34:31,275 [TB-Scheduling-16] INFO  o.t.s.dao.aspect.SqlDaoCallsAspect - [5489b160-ccf1-11f0-81f3-0bf1425738f5]: method: JpaRelationDao.findAllByFrom(..), calls: 3, failures: 0, exec time: 3543
2025-12-08 03:34:31,275 [TB-Scheduling-16] INFO  o.t.s.dao.aspect.SqlDaoCallsAspect - [5489b160-ccf1-11f0-81f3-0bf1425738f5]: method: JpaDeviceDao.findDeviceByTenantIdAndId(..), calls: 3, failures: 0, exec time: 3379
2025-12-08 03:34:31,275 [TB-Scheduling-16] INFO  o.t.s.dao.aspect.SqlDaoCallsAspect - [5489b160-ccf1-11f0-81f3-0bf1425738f5]: method: JpaAbstractDao.findById(..), calls: 44, failures: 0, exec time: 1731
2025-12-08 03:34:31,286 [TB-Scheduling-9] INFO  o.t.s.s.queue.TbCoreConsumerStats - Core Stats: totalMsgs = [4] sessionEvents = [0] getAttr = [0] subToAttr = [0] subToRpc = [0] toDevRpc = [0] subInfo = [0] claimDevice = [0] deviceState = [0] subMsgs = [0] deviceConnect = [0] deviceActivity = [0] deviceDisconnect = [0] deviceInactivity = [0] deviceInactivityTimeoutUpdate = [0] coreNfOther = [1] coreNfCompLfcl = [3] coreNfDevRpcRsp = [0] coreNfNfRlProc = [0] coreNfQueueUpd = [0] coreNfQueueDel = [0] coreNfSubSvc = [0] coreNfSubMgr = [0] coreNfVCRsp = [0] 
2025-12-08 03:34:31,286 [TB-Scheduling-7] INFO  o.t.s.s.queue.EdgeConsumerStats - Edge Stats: totalMsgs = [15] edgeNfs = [15] coreNfEdgeHPUpd = [0] coreNfEdgeUpd = [0] coreNfEdgeSyncReq = [0] coreNfEdgeSyncResp = [0] coreNfEdgeCompLfcl = [0] 
2025-12-08 03:34:31,287 [TB-Scheduling-13] INFO  o.t.s.s.q.TbRuleEngineConsumerStats - [Main] Stats: totalMsgs = [6] successfulMsgs = [5] timeoutMsgs = [0] failedMsgs = [1] tmpTimeout = [0] tmpFailed = [0] successfulIterations = [5] failedIterations = [1] 
2025-12-08 03:34:31,288 [TB-Scheduling-14] INFO  o.t.s.c.t.s.DefaultTransportService - Transport Stats: openConnections [0]
2025-12-08 03:34:37,255 [sql-log-2-thread-1] INFO  o.t.s.dao.sql.TbSqlBlockingQueue - Queue-1 [TS] queueSize [0] totalAdded [14] totalSaved [14] totalFailed [0]
2025-12-08 03:34:37,300 [sql-log-2-thread-1] INFO  o.t.s.dao.sql.TbSqlBlockingQueue - Queue-1 [TS Latest] queueSize [0] totalAdded [14] totalSaved [14] totalFailed [0]
2025-12-08 03:34:39,277 [rule-dispatcher-0-4] INFO  o.t.server.actors.TbActorMailbox - [RULE_NODE|4ee21770-cf62-11f0-b928-f5b3ab8e93ac] Failed to init actor, attempt 2, going to retry in attempts in 10000ms
2025-12-08 03:34:44,841 [sql-log-2-thread-1] INFO  o.t.s.dao.sql.TbSqlBlockingQueue - Queue-2 [Events] queueSize [0] totalAdded [2] totalSaved [2] totalFailed [0]
2025-12-08 03:35:07,254 [sql-log-2-thread-1] INFO  o.t.s.dao.sql.TbSqlBlockingQueue - Queue-1 [TS] queueSize [0] totalAdded [4] totalSaved [4] totalFailed [0]
2025-12-08 03:35:07,298 [sql-log-2-thread-1] INFO  o.t.s.dao.sql.TbSqlBlockingQueue - Queue-1 [TS Latest] queueSize [0] totalAdded [4] totalSaved [4] totalFailed [0]
2025-12-08 03:35:19,287 [rule-dispatcher-0-4] INFO  o.t.server.actors.TbActorMailbox - [RULE_NODE|4ee21770-cf62-11f0-b928-f5b3ab8e93ac] Failed to init actor, attempt 3, going to retry in attempts in 15000ms
2025-12-08 03:35:24,840 [sql-log-2-thread-1] INFO  o.t.s.dao.sql.TbSqlBlockingQueue - Queue-2 [Events] queueSize [0] totalAdded [2] totalSaved [2] totalFailed [0]
2025-12-08 03:35:31,272 [TB-Scheduling-16] INFO  o.t.s.dao.aspect.SqlDaoCallsAspect - Total timing statistics below:
2025-12-08 03:35:31,273 [TB-Scheduling-16] INFO  o.t.s.dao.aspect.SqlDaoCallsAspect - [5489b160-ccf1-11f0-81f3-0bf1425738f5]: calls: 3, failures: 0, exec time: 38 
2025-12-08 03:35:31,273 [TB-Scheduling-16] INFO  o.t.s.dao.aspect.SqlDaoCallsAspect - [5489b160-ccf1-11f0-81f3-0bf1425738f5] Top 3 methods by timing:
2025-12-08 03:35:31,273 [TB-Scheduling-16] INFO  o.t.s.dao.aspect.SqlDaoCallsAspect - [5489b160-ccf1-11f0-81f3-0bf1425738f5]: method: JpaQueueStatsDao.findByTenantIdQueueNameAndServiceId(..), calls: 1, failures: 0, exec time: 33
2025-12-08 03:35:31,273 [TB-Scheduling-16] INFO  o.t.s.dao.aspect.SqlDaoCallsAspect - [5489b160-ccf1-11f0-81f3-0bf1425738f5]: method: JpaAbstractDao.findById(..), calls: 1, failures: 0, exec time: 4
2025-12-08 03:35:31,273 [TB-Scheduling-16] INFO  o.t.s.dao.aspect.SqlDaoCallsAspect - [5489b160-ccf1-11f0-81f3-0bf1425738f5]: method: JpaAbstractDao.save(..), calls: 1, failures: 0, exec time: 1
2025-12-08 03:35:31,285 [TB-Scheduling-14] INFO  o.t.s.c.t.s.DefaultTransportService - Transport Stats: openConnections [0]
2025-12-08 03:35:37,251 [sql-log-2-thread-1] INFO  o.t.s.dao.sql.TbSqlBlockingQueue - Queue-1 [TS] queueSize [0] totalAdded [7] totalSaved [7] totalFailed [0]
2025-12-08 03:35:37,296 [sql-log-2-thread-1] INFO  o.t.s.dao.sql.TbSqlBlockingQueue - Queue-1 [TS Latest] queueSize [0] totalAdded [7] totalSaved [7] totalFailed [0]
2025-12-08 03:36:04,296 [rule-dispatcher-0-1] INFO  o.t.server.actors.TbActorMailbox - [RULE_NODE|4ee21770-cf62-11f0-b928-f5b3ab8e93ac] Failed to init actor, attempt 4, going to retry in attempts in 20000ms
2025-12-08 03:36:04,836 [sql-log-2-thread-1] INFO  o.t.s.dao.sql.TbSqlBlockingQueue - Queue-2 [Events] queueSize [0] totalAdded [2] totalSaved [2] totalFailed [0]
2025-12-08 03:36:07,250 [sql-log-2-thread-1] INFO  o.t.s.dao.sql.TbSqlBlockingQueue - Queue-1 [TS] queueSize [0] totalAdded [4] totalSaved [4] totalFailed [0]
2025-12-08 03:36:07,295 [sql-log-2-thread-1] INFO  o.t.s.dao.sql.TbSqlBlockingQueue - Queue-1 [TS Latest] queueSize [0] totalAdded [4] totalSaved [4] totalFailed [0]
2025-12-08 03:36:31,271 [TB-Scheduling-4] INFO  o.t.s.dao.aspect.SqlDaoCallsAspect - Total timing statistics below:
2025-12-08 03:36:31,271 [TB-Scheduling-4] INFO  o.t.s.dao.aspect.SqlDaoCallsAspect - [5489b160-ccf1-11f0-81f3-0bf1425738f5]: calls: 2, failures: 0, exec time: 12 
2025-12-08 03:36:31,271 [TB-Scheduling-4] INFO  o.t.s.dao.aspect.SqlDaoCallsAspect - [5489b160-ccf1-11f0-81f3-0bf1425738f5] Top 3 methods by timing:
2025-12-08 03:36:31,271 [TB-Scheduling-4] INFO  o.t.s.dao.aspect.SqlDaoCallsAspect - [5489b160-ccf1-11f0-81f3-0bf1425738f5]: method: JpaAbstractDao.findById(..), calls: 2, failures: 0, exec time: 12
2025-12-08 03:36:31,282 [TB-Scheduling-2] INFO  o.t.s.c.t.s.DefaultTransportService - Transport Stats: openConnections [0]
2025-12-08 03:36:37,247 [sql-log-2-thread-1] INFO  o.t.s.dao.sql.TbSqlBlockingQueue - Queue-1 [TS] queueSize [0] totalAdded [7] totalSaved [7] totalFailed [0]
2025-12-08 03:36:37,292 [sql-log-2-thread-1] INFO  o.t.s.dao.sql.TbSqlBlockingQueue - Queue-1 [TS Latest] queueSize [0] totalAdded [7] totalSaved [7] totalFailed [0]
2025-12-08 03:36:54,307 [rule-dispatcher-0-1] INFO  o.t.server.actors.TbActorMailbox - [RULE_NODE|4ee21770-cf62-11f0-b928-f5b3ab8e93ac] Failed to init actor, attempt 5, going to retry in attempts in 25000ms
2025-12-08 03:36:54,834 [sql-log-2-thread-1] INFO  o.t.s.dao.sql.TbSqlBlockingQueue - Queue-2 [Events] queueSize [0] totalAdded [2] totalSaved [2] totalFailed [0]
2025-12-08 03:37:07,245 [sql-log-2-thread-1] INFO  o.t.s.dao.sql.TbSqlBlockingQueue - Queue-1 [TS] queueSize [0] totalAdded [4] totalSaved [4] totalFailed [0]
2025-12-08 03:37:07,291 [sql-log-2-thread-1] INFO  o.t.s.dao.sql.TbSqlBlockingQueue - Queue-1 [TS Latest] queueSize [0] totalAdded [4] totalSaved [4] totalFailed [0]
2025-12-08 03:37:31,268 [TB-Scheduling-5] INFO  o.t.s.dao.aspect.SqlDaoCallsAspect - Total timing statistics below:
2025-12-08 03:37:31,268 [TB-Scheduling-5] INFO  o.t.s.dao.aspect.SqlDaoCallsAspect - [5489b160-ccf1-11f0-81f3-0bf1425738f5]: calls: 6, failures: 0, exec time: 40 
2025-12-08 03:37:31,268 [TB-Scheduling-5] INFO  o.t.s.dao.aspect.SqlDaoCallsAspect - [5489b160-ccf1-11f0-81f3-0bf1425738f5] Top 3 methods by timing:
2025-12-08 03:37:31,268 [TB-Scheduling-5] INFO  o.t.s.dao.aspect.SqlDaoCallsAspect - [5489b160-ccf1-11f0-81f3-0bf1425738f5]: method: JpaAbstractDao.findById(..), calls: 4, failures: 0, exec time: 24
2025-12-08 03:37:31,268 [TB-Scheduling-5] INFO  o.t.s.dao.aspect.SqlDaoCallsAspect - [5489b160-ccf1-11f0-81f3-0bf1425738f5]: method: JpaWidgetTypeDao.findWidgetTypesInfosByWidgetsBundleId(..), calls: 1, failures: 0, exec time: 12
2025-12-08 03:37:31,269 [TB-Scheduling-5] INFO  o.t.s.dao.aspect.SqlDaoCallsAspect - [5489b160-ccf1-11f0-81f3-0bf1425738f5]: method: JpaUserCredentialsDao.findByUserId(..), calls: 1, failures: 0, exec time: 4
2025-12-08 03:37:31,279 [TB-Scheduling-1] INFO  o.t.s.c.t.s.DefaultTransportService - Transport Stats: openConnections [0]
2025-12-08 03:37:37,243 [sql-log-2-thread-1] INFO  o.t.s.dao.sql.TbSqlBlockingQueue - Queue-1 [TS] queueSize [0] totalAdded [7] totalSaved [7] totalFailed [0]
2025-12-08 03:37:37,288 [sql-log-2-thread-1] INFO  o.t.s.dao.sql.TbSqlBlockingQueue - Queue-1 [TS Latest] queueSize [0] totalAdded [7] totalSaved [7] totalFailed [0]
2025-12-08 03:37:49,313 [rule-dispatcher-0-1] INFO  o.t.server.actors.TbActorMailbox - [RULE_NODE|4ee21770-cf62-11f0-b928-f5b3ab8e93ac] Failed to init actor, attempt 6, going to retry in attempts in 30000ms
2025-12-08 03:37:54,830 [sql-log-2-thread-1] INFO  o.t.s.dao.sql.TbSqlBlockingQueue - Queue-2 [Events] queueSize [0] totalAdded [2] totalSaved [2] totalFailed [0]
2025-12-08 03:38:07,241 [sql-log-2-thread-1] INFO  o.t.s.dao.sql.TbSqlBlockingQueue - Queue-1 [TS] queueSize [0] totalAdded [4] totalSaved [4] totalFailed [0]
2025-12-08 03:38:07,286 [sql-log-2-thread-1] INFO  o.t.s.dao.sql.TbSqlBlockingQueue - Queue-1 [TS Latest] queueSize [0] totalAdded [4] totalSaved [4] totalFailed [0]
2025-12-08 03:38:31,266 [TB-Scheduling-6] INFO  o.t.s.dao.aspect.SqlDaoCallsAspect - Total timing statistics below:
2025-12-08 03:38:31,267 [TB-Scheduling-6] INFO  o.t.s.dao.aspect.SqlDaoCallsAspect - [5489b160-ccf1-11f0-81f3-0bf1425738f5]: calls: 1, failures: 0, exec time: 4 
2025-12-08 03:38:31,268 [TB-Scheduling-6] INFO  o.t.s.dao.aspect.SqlDaoCallsAspect - [5489b160-ccf1-11f0-81f3-0bf1425738f5] Top 3 methods by timing:
2025-12-08 03:38:31,268 [TB-Scheduling-6] INFO  o.t.s.dao.aspect.SqlDaoCallsAspect - [5489b160-ccf1-11f0-81f3-0bf1425738f5]: method: JpaAbstractDao.findById(..), calls: 1, failures: 0, exec time: 4
2025-12-08 03:38:31,275 [TB-Scheduling-4] INFO  o.t.s.c.t.s.DefaultTransportService - Transport Stats: openConnections [0]
2025-12-08 03:38:47,240 [sql-log-2-thread-1] INFO  o.t.s.dao.sql.TbSqlBlockingQueue - Queue-1 [TS] queueSize [0] totalAdded [7] totalSaved [7] totalFailed [0]
2025-12-08 03:38:47,285 [sql-log-2-thread-1] INFO  o.t.s.dao.sql.TbSqlBlockingQueue - Queue-1 [TS Latest] queueSize [0] totalAdded [7] totalSaved [7] totalFailed [0]
2025-12-08 03:38:49,319 [rule-dispatcher-0-1] INFO  o.t.server.actors.TbActorMailbox - [RULE_NODE|4ee21770-cf62-11f0-b928-f5b3ab8e93ac] Failed to init actor, attempt 7, going to retry in attempts in 35000ms
2025-12-08 03:38:54,826 [sql-log-2-thread-1] INFO  o.t.s.dao.sql.TbSqlBlockingQueue - Queue-2 [Events] queueSize [0] totalAdded [2] totalSaved [2] totalFailed [0]
2025-12-08 03:39:07,237 [sql-log-2-thread-1] INFO  o.t.s.dao.sql.TbSqlBlockingQueue - Queue-1 [TS] queueSize [0] totalAdded [7] totalSaved [7] totalFailed [0]
2025-12-08 03:39:07,282 [sql-log-2-thread-1] INFO  o.t.s.dao.sql.TbSqlBlockingQueue - Queue-1 [TS Latest] queueSize [0] totalAdded [7] totalSaved [7] totalFailed [0]
2025-12-08 03:39:31,264 [TB-Scheduling-9] INFO  o.t.s.dao.aspect.SqlDaoCallsAspect - Total timing statistics below:
2025-12-08 03:39:31,265 [TB-Scheduling-9] INFO  o.t.s.dao.aspect.SqlDaoCallsAspect - [5489b160-ccf1-11f0-81f3-0bf1425738f5]: calls: 1, failures: 0, exec time: 7 
2025-12-08 03:39:31,265 [TB-Scheduling-9] INFO  o.t.s.dao.aspect.SqlDaoCallsAspect - [5489b160-ccf1-11f0-81f3-0bf1425738f5] Top 3 methods by timing:
2025-12-08 03:39:31,265 [TB-Scheduling-9] INFO  o.t.s.dao.aspect.SqlDaoCallsAspect - [5489b160-ccf1-11f0-81f3-0bf1425738f5]: method: JpaAbstractDao.findById(..), calls: 1, failures: 0, exec time: 7
2025-12-08 03:39:31,272 [TB-Scheduling-11] INFO  o.t.s.c.t.s.DefaultTransportService - Transport Stats: openConnections [0]
2025-12-08 03:39:47,235 [sql-log-2-thread-1] INFO  o.t.s.dao.sql.TbSqlBlockingQueue - Queue-1 [TS] queueSize [0] totalAdded [7] totalSaved [7] totalFailed [0]
2025-12-08 03:39:47,280 [sql-log-2-thread-1] INFO  o.t.s.dao.sql.TbSqlBlockingQueue - Queue-1 [TS Latest] queueSize [0] totalAdded [7] totalSaved [7] totalFailed [0]
2025-12-08 03:39:54,326 [rule-dispatcher-0-1] INFO  o.t.server.actors.TbActorMailbox - [RULE_NODE|4ee21770-cf62-11f0-b928-f5b3ab8e93ac] Failed to init actor, attempt 8, going to retry in attempts in 40000ms
2025-12-08 03:39:54,822 [sql-log-2-thread-1] INFO  o.t.s.dao.sql.TbSqlBlockingQueue - Queue-2 [Events] queueSize [0] totalAdded [2] totalSaved [2] totalFailed [0]
2025-12-08 03:40:07,234 [sql-log-2-thread-1] INFO  o.t.s.dao.sql.TbSqlBlockingQueue - Queue-1 [TS] queueSize [0] totalAdded [4] totalSaved [4] totalFailed [0]
2025-12-08 03:40:07,279 [sql-log-2-thread-1] INFO  o.t.s.dao.sql.TbSqlBlockingQueue - Queue-1 [TS Latest] queueSize [0] totalAdded [4] totalSaved [4] totalFailed [0]
2025-12-08 03:40:31,269 [TB-Scheduling-14] INFO  o.t.s.c.t.s.DefaultTransportService - Transport Stats: openConnections [0]
2025-12-08 03:40:47,231 [sql-log-2-thread-1] INFO  o.t.s.dao.sql.TbSqlBlockingQueue - Queue-1 [TS] queueSize [0] totalAdded [7] totalSaved [7] totalFailed [0]
2025-12-08 03:40:47,276 [sql-log-2-thread-1] INFO  o.t.s.dao.sql.TbSqlBlockingQueue - Queue-1 [TS Latest] queueSize [0] totalAdded [7] totalSaved [7] totalFailed [0]
2025-12-08 03:41:04,333 [rule-dispatcher-0-4] INFO  o.t.server.actors.TbActorMailbox - [RULE_NODE|4ee21770-cf62-11f0-b928-f5b3ab8e93ac] Failed to init actor, attempt 9, going to retry in attempts in 45000ms
2025-12-08 03:41:04,816 [sql-log-2-thread-1] INFO  o.t.s.dao.sql.TbSqlBlockingQueue - Queue-2 [Events] queueSize [0] totalAdded [2] totalSaved [2] totalFailed [0]
2025-12-08 03:41:07,230 [sql-log-2-thread-1] INFO  o.t.s.dao.sql.TbSqlBlockingQueue - Queue-1 [TS] queueSize [0] totalAdded [4] totalSaved [4] totalFailed [0]
2025-12-08 03:41:07,275 [sql-log-2-thread-1] INFO  o.t.s.dao.sql.TbSqlBlockingQueue - Queue-1 [TS Latest] queueSize [0] totalAdded [4] totalSaved [4] totalFailed [0]
2025-12-08 03:41:31,259 [TB-Scheduling-10] INFO  o.t.s.dao.aspect.SqlDaoCallsAspect - Total timing statistics below:
2025-12-08 03:41:31,259 [TB-Scheduling-10] INFO  o.t.s.dao.aspect.SqlDaoCallsAspect - [5489b160-ccf1-11f0-81f3-0bf1425738f5]: calls: 1, failures: 0, exec time: 5 
2025-12-08 03:41:31,259 [TB-Scheduling-10] INFO  o.t.s.dao.aspect.SqlDaoCallsAspect - [5489b160-ccf1-11f0-81f3-0bf1425738f5] Top 3 methods by timing:
2025-12-08 03:41:31,259 [TB-Scheduling-10] INFO  o.t.s.dao.aspect.SqlDaoCallsAspect - [5489b160-ccf1-11f0-81f3-0bf1425738f5]: method: JpaAbstractDao.findById(..), calls: 1, failures: 0, exec time: 5
2025-12-08 03:41:31,266 [TB-Scheduling-12] INFO  o.t.s.c.t.s.DefaultTransportService - Transport Stats: openConnections [0]
2025-12-08 03:41:47,228 [sql-log-2-thread-1] INFO  o.t.s.dao.sql.TbSqlBlockingQueue - Queue-1 [TS] queueSize [0] totalAdded [7] totalSaved [7] totalFailed [0]
2025-12-08 03:41:47,273 [sql-log-2-thread-1] INFO  o.t.s.dao.sql.TbSqlBlockingQueue - Queue-1 [TS Latest] queueSize [0] totalAdded [7] totalSaved [7] totalFailed [0]
2025-12-08 03:42:07,225 [sql-log-2-thread-1] INFO  o.t.s.dao.sql.TbSqlBlockingQueue - Queue-1 [TS] queueSize [0] totalAdded [4] totalSaved [4] totalFailed [0]
2025-12-08 03:42:07,271 [sql-log-2-thread-1] INFO  o.t.s.dao.sql.TbSqlBlockingQueue - Queue-1 [TS Latest] queueSize [0] totalAdded [4] totalSaved [4] totalFailed [0]
2025-12-08 03:42:19,343 [rule-dispatcher-0-1] INFO  o.t.server.actors.TbActorMailbox - [RULE_NODE|4ee21770-cf62-11f0-b928-f5b3ab8e93ac] Failed to init actor, attempt 10, going to stop attempts.
org.thingsboard.server.actors.TbActorException: Failed to init actor
	at org.thingsboard.server.actors.service.ComponentActor.initProcessor(ComponentActor.java:76)
	at org.thingsboard.server.actors.service.ComponentActor.init(ComponentActor.java:61)
	at org.thingsboard.server.actors.TbActorMailbox.tryInit(TbActorMailbox.java:69)
	at org.thingsboard.server.actors.TbActorMailbox.lambda$tryInit$1(TbActorMailbox.java:91)
	at java.base/java.util.concurrent.ForkJoinTask$RunnableExecuteAction.exec(ForkJoinTask.java:1395)
	at java.base/java.util.concurrent.ForkJoinTask.doExec(ForkJoinTask.java:373)
	at java.base/java.util.concurrent.ForkJoinPool$WorkQueue.topLevelExec(ForkJoinPool.java:1182)
	at java.base/java.util.concurrent.ForkJoinPool.scan(ForkJoinPool.java:1655)
	at java.base/java.util.concurrent.ForkJoinPool.runWorker(ForkJoinPool.java:1622)
	at java.base/java.util.concurrent.ForkJoinWorkerThread.run(ForkJoinWorkerThread.java:165)
Caused by: org.thingsboard.rule.engine.api.TbNodeException: java.lang.RuntimeException: Failed to connect to MQTT broker at 192.168.126.86:8888.
	at org.thingsboard.rule.engine.mqtt.TbMqttNode.init(TbMqttNode.java:80)
	at org.thingsboard.server.actors.ruleChain.RuleNodeActorMessageProcessor.initComponent(RuleNodeActorMessageProcessor.java:182)
	at org.thingsboard.server.actors.ruleChain.RuleNodeActorMessageProcessor.start(RuleNodeActorMessageProcessor.java:68)
	at org.thingsboard.server.actors.service.ComponentActor.initProcessor(ComponentActor.java:67)
	... 9 common frames omitted
Caused by: java.lang.RuntimeException: Failed to connect to MQTT broker at 192.168.126.86:8888.
	at org.thingsboard.rule.engine.mqtt.TbMqttNode.initClient(TbMqttNode.java:146)
	at org.thingsboard.rule.engine.mqtt.TbMqttNode.init(TbMqttNode.java:76)
	... 12 common frames omitted
2025-12-08 03:42:19,577 [NotificationExecutorService-0-3] INFO  o.t.s.d.s.i.s.SqlPartitioningRepository - Saving partition 1764806400000-1765411200000 for table notification
2025-12-08 03:42:24,812 [sql-log-2-thread-1] INFO  o.t.s.dao.sql.TbSqlBlockingQueue - Queue-2 [Events] queueSize [0] totalAdded [3] totalSaved [3] totalFailed [0]
2025-12-08 03:42:31,256 [TB-Scheduling-10] INFO  o.t.s.dao.aspect.SqlDaoCallsAspect - Total timing statistics below:
2025-12-08 03:42:31,256 [TB-Scheduling-10] INFO  o.t.s.dao.aspect.SqlDaoCallsAspect - [5489b160-ccf1-11f0-81f3-0bf1425738f5]: calls: 9, failures: 0, exec time: 188 
2025-12-08 03:42:31,256 [TB-Scheduling-10] INFO  o.t.s.dao.aspect.SqlDaoCallsAspect - [5489b160-ccf1-11f0-81f3-0bf1425738f5] Top 3 methods by timing:
2025-12-08 03:42:31,256 [TB-Scheduling-10] INFO  o.t.s.dao.aspect.SqlDaoCallsAspect - [5489b160-ccf1-11f0-81f3-0bf1425738f5]: method: JpaAbstractDao.findById(..), calls: 3, failures: 0, exec time: 116
2025-12-08 03:42:31,256 [TB-Scheduling-10] INFO  o.t.s.dao.aspect.SqlDaoCallsAspect - [5489b160-ccf1-11f0-81f3-0bf1425738f5]: method: JpaAbstractDao.save(..), calls: 2, failures: 0, exec time: 42
2025-12-08 03:42:31,256 [TB-Scheduling-10] INFO  o.t.s.dao.aspect.SqlDaoCallsAspect - [5489b160-ccf1-11f0-81f3-0bf1425738f5]: method: JpaNotificationRequestDao.updateById(..), calls: 1, failures: 0, exec time: 17
2025-12-08 03:42:31,263 [TB-Scheduling-7] INFO  o.t.s.c.t.s.DefaultTransportService - Transport Stats: openConnections [0]
2025-12-08 03:42:47,223 [sql-log-2-thread-1] INFO  o.t.s.dao.sql.TbSqlBlockingQueue - Queue-1 [TS] queueSize [0] totalAdded [7] totalSaved [7] totalFailed [0]
2025-12-08 03:42:47,268 [sql-log-2-thread-1] INFO  o.t.s.dao.sql.TbSqlBlockingQueue - Queue-1 [TS Latest] queueSize [0] totalAdded [7] totalSaved [7] totalFailed [0]
2025-12-08 03:43:07,221 [sql-log-2-thread-1] INFO  o.t.s.dao.sql.TbSqlBlockingQueue - Queue-1 [TS] queueSize [0] totalAdded [4] totalSaved [4] totalFailed [0]
2025-12-08 03:43:07,267 [sql-log-2-thread-1] INFO  o.t.s.dao.sql.TbSqlBlockingQueue - Queue-1 [TS Latest] queueSize [0] totalAdded [4] totalSaved [4] totalFailed [0]
2025-12-08 03:43:31,259 [TB-Scheduling-2] INFO  o.t.s.c.t.s.DefaultTransportService - Transport Stats: openConnections [0]
2025-12-08 03:43:47,220 [sql-log-2-thread-1] INFO  o.t.s.dao.sql.TbSqlBlockingQueue - Queue-1 [TS] queueSize [0] totalAdded [7] totalSaved [7] totalFailed [0]
2025-12-08 03:43:47,265 [sql-log-2-thread-1] INFO  o.t.s.dao.sql.TbSqlBlockingQueue - Queue-1 [TS Latest] queueSize [0] totalAdded [7] totalSaved [7] totalFailed [0]
2025-12-08 03:44:07,218 [sql-log-2-thread-1] INFO  o.t.s.dao.sql.TbSqlBlockingQueue - Queue-1 [TS] queueSize [0] totalAdded [4] totalSaved [4] totalFailed [0]
2025-12-08 03:44:07,263 [sql-log-2-thread-1] INFO  o.t.s.dao.sql.TbSqlBlockingQueue - Queue-1 [TS Latest] queueSize [0] totalAdded [4] totalSaved [4] totalFailed [0]
2025-12-08 03:44:31,256 [TB-Scheduling-6] INFO  o.t.s.c.t.s.DefaultTransportService - Transport Stats: openConnections [0]
2025-12-08 03:44:47,216 [sql-log-2-thread-1] INFO  o.t.s.dao.sql.TbSqlBlockingQueue - Queue-1 [TS] queueSize [0] totalAdded [7] totalSaved [7] totalFailed [0]
2025-12-08 03:44:47,261 [sql-log-2-thread-1] INFO  o.t.s.dao.sql.TbSqlBlockingQueue - Queue-1 [TS Latest] queueSize [0] totalAdded [7] totalSaved [7] totalFailed [0]
2025-12-08 03:45:07,214 [sql-log-2-thread-1] INFO  o.t.s.dao.sql.TbSqlBlockingQueue - Queue-1 [TS] queueSize [0] totalAdded [4] totalSaved [4] totalFailed [0]
2025-12-08 03:45:07,259 [sql-log-2-thread-1] INFO  o.t.s.dao.sql.TbSqlBlockingQueue - Queue-1 [TS Latest] queueSize [0] totalAdded [4] totalSaved [4] totalFailed [0]
2025-12-08 03:45:31,253 [TB-Scheduling-5] INFO  o.t.s.c.t.s.DefaultTransportService - Transport Stats: openConnections [0]
2025-12-08 03:45:47,212 [sql-log-2-thread-1] INFO  o.t.s.dao.sql.TbSqlBlockingQueue - Queue-1 [TS] queueSize [0] totalAdded [7] totalSaved [7] totalFailed [0]
2025-12-08 03:45:47,257 [sql-log-2-thread-1] INFO  o.t.s.dao.sql.TbSqlBlockingQueue - Queue-1 [TS Latest] queueSize [0] totalAdded [7] totalSaved [7] totalFailed [0]
2025-12-08 03:46:07,210 [sql-log-2-thread-1] INFO  o.t.s.dao.sql.TbSqlBlockingQueue - Queue-1 [TS] queueSize [0] totalAdded [4] totalSaved [4] totalFailed [0]
2025-12-08 03:46:07,255 [sql-log-2-thread-1] INFO  o.t.s.dao.sql.TbSqlBlockingQueue - Queue-1 [TS Latest] queueSize [0] totalAdded [4] totalSaved [4] totalFailed [0]
2025-12-08 03:46:31,251 [TB-Scheduling-1] INFO  o.t.s.c.t.s.DefaultTransportService - Transport Stats: openConnections [0]
2025-12-08 03:46:47,208 [sql-log-2-thread-1] INFO  o.t.s.dao.sql.TbSqlBlockingQueue - Queue-1 [TS] queueSize [0] totalAdded [7] totalSaved [7] totalFailed [0]
2025-12-08 03:46:47,253 [sql-log-2-thread-1] INFO  o.t.s.dao.sql.TbSqlBlockingQueue - Queue-1 [TS Latest] queueSize [0] totalAdded [7] totalSaved [7] totalFailed [0]
2025-12-08 03:47:07,205 [sql-log-2-thread-1] INFO  o.t.s.dao.sql.TbSqlBlockingQueue - Queue-1 [TS] queueSize [0] totalAdded [4] totalSaved [4] totalFailed [0]
2025-12-08 03:47:07,250 [sql-log-2-thread-1] INFO  o.t.s.dao.sql.TbSqlBlockingQueue - Queue-1 [TS Latest] queueSize [0] totalAdded [4] totalSaved [4] totalFailed [0]
2025-12-08 03:47:31,248 [TB-Scheduling-2] INFO  o.t.s.c.t.s.DefaultTransportService - Transport Stats: openConnections [0]
2025-12-08 03:47:47,203 [sql-log-2-thread-1] INFO  o.t.s.dao.sql.TbSqlBlockingQueue - Queue-1 [TS] queueSize [0] totalAdded [7] totalSaved [7] totalFailed [0]
2025-12-08 03:47:47,248 [sql-log-2-thread-1] INFO  o.t.s.dao.sql.TbSqlBlockingQueue - Queue-1 [TS Latest] queueSize [0] totalAdded [7] totalSaved [7] totalFailed [0]
2025-12-08 03:48:07,201 [sql-log-2-thread-1] INFO  o.t.s.dao.sql.TbSqlBlockingQueue - Queue-1 [TS] queueSize [0] totalAdded [4] totalSaved [4] totalFailed [0]
2025-12-08 03:48:07,246 [sql-log-2-thread-1] INFO  o.t.s.dao.sql.TbSqlBlockingQueue - Queue-1 [TS Latest] queueSize [0] totalAdded [4] totalSaved [4] totalFailed [0]
2025-12-08 03:48:31,246 [TB-Scheduling-12] INFO  o.t.s.c.t.s.DefaultTransportService - Transport Stats: openConnections [0]
2025-12-08 03:48:57,199 [sql-log-2-thread-1] INFO  o.t.s.dao.sql.TbSqlBlockingQueue - Queue-1 [TS] queueSize [0] totalAdded [7] totalSaved [7] totalFailed [0]
2025-12-08 03:48:57,244 [sql-log-2-thread-1] INFO  o.t.s.dao.sql.TbSqlBlockingQueue - Queue-1 [TS Latest] queueSize [0] totalAdded [7] totalSaved [7] totalFailed [0]
2025-12-08 03:49:07,197 [sql-log-2-thread-1] INFO  o.t.s.dao.sql.TbSqlBlockingQueue - Queue-1 [TS] queueSize [0] totalAdded [4] totalSaved [4] totalFailed [0]
2025-12-08 03:49:07,242 [sql-log-2-thread-1] INFO  o.t.s.dao.sql.TbSqlBlockingQueue - Queue-1 [TS Latest] queueSize [0] totalAdded [4] totalSaved [4] totalFailed [0]
2025-12-08 03:49:31,242 [TB-Scheduling-1] INFO  o.t.s.c.t.s.DefaultTransportService - Transport Stats: openConnections [0]
2025-12-08 03:49:57,195 [sql-log-2-thread-1] INFO  o.t.s.dao.sql.TbSqlBlockingQueue - Queue-1 [TS] queueSize [0] totalAdded [7] totalSaved [7] totalFailed [0]
2025-12-08 03:49:57,240 [sql-log-2-thread-1] INFO  o.t.s.dao.sql.TbSqlBlockingQueue - Queue-1 [TS Latest] queueSize [0] totalAdded [7] totalSaved [7] totalFailed [0]
2025-12-08 03:50:07,193 [sql-log-2-thread-1] INFO  o.t.s.dao.sql.TbSqlBlockingQueue - Queue-1 [TS] queueSize [0] totalAdded [4] totalSaved [4] totalFailed [0]
2025-12-08 03:50:07,238 [sql-log-2-thread-1] INFO  o.t.s.dao.sql.TbSqlBlockingQueue - Queue-1 [TS Latest] queueSize [0] totalAdded [4] totalSaved [4] totalFailed [0]
2025-12-08 03:50:15,640 [http-nio-0.0.0.0-9090-exec-6] INFO  o.t.s.c.plugin.TbWebSocketHandler - [5489b160-ccf1-11f0-81f3-0bf1425738f5][550b6480-ccf1-11f0-81f3-0bf1425738f5][d9d6e96b-d52d-4a52-b27d-9006253b36c2] Session is closed
2025-12-08 08:18:29,399 [background-preinit] INFO  o.h.validator.internal.util.Version - HV000001: Hibernate Validator 8.0.3.Final
2025-12-08 08:18:29,564 [main] INFO  o.t.s.ThingsboardServerApplication - Starting ThingsboardServerApplication v4.2.1 using Java 17.0.16 with PID 22 (/usr/share/thingsboard/bin/thingsboard.jar started by thingsboard in /)
2025-12-08 08:18:29,567 [main] INFO  o.t.s.ThingsboardServerApplication - No active profile set, falling back to 1 default profile: "default"
2025-12-08 08:18:30,242 [main] WARN  o.s.c.a.AnnotationTypeMapping - Support for convention-based annotation attribute overrides is deprecated and will be removed in Spring Framework 7.0. Please annotate the following attributes in @org.thingsboard.server.config.annotations.ApiOperation with appropriate @AliasFor declarations: [hidden, requestBody, responses]
2025-12-08 08:18:35,611 [main] INFO  o.s.d.r.c.RepositoryConfigurationDelegate - Multiple Spring Data modules found, entering strict repository configuration mode
2025-12-08 08:18:35,613 [main] INFO  o.s.d.r.c.RepositoryConfigurationDelegate - Bootstrapping Spring Data JPA repositories in LAZY mode.
2025-12-08 08:18:35,993 [main] INFO  o.s.d.r.c.RepositoryConfigurationDelegate - Finished Spring Data repository scanning in 354 ms. Found 7 JPA repository interfaces.
2025-12-08 08:18:35,998 [main] INFO  o.s.d.r.c.RepositoryConfigurationDelegate - Multiple Spring Data modules found, entering strict repository configuration mode
2025-12-08 08:18:35,998 [main] INFO  o.s.d.r.c.RepositoryConfigurationDelegate - Bootstrapping Spring Data JPA repositories in LAZY mode.
2025-12-08 08:18:36,428 [main] INFO  o.s.d.r.c.RepositoryConfigurationDelegate - Finished Spring Data repository scanning in 426 ms. Found 57 JPA repository interfaces.
2025-12-08 08:18:36,430 [main] INFO  o.s.d.r.c.RepositoryConfigurationDelegate - Multiple Spring Data modules found, entering strict repository configuration mode
2025-12-08 08:18:36,431 [main] INFO  o.s.d.r.c.RepositoryConfigurationDelegate - Bootstrapping Spring Data JPA repositories in LAZY mode.
2025-12-08 08:18:36,445 [main] INFO  o.s.d.r.c.RepositoryConfigurationDelegate - Finished Spring Data repository scanning in 11 ms. Found 1 JPA repository interface.
2025-12-08 08:18:36,446 [main] INFO  o.s.d.r.c.RepositoryConfigurationDelegate - Multiple Spring Data modules found, entering strict repository configuration mode
2025-12-08 08:18:36,447 [main] INFO  o.s.d.r.c.RepositoryConfigurationDelegate - Bootstrapping Spring Data JPA repositories in LAZY mode.
2025-12-08 08:18:36,458 [main] INFO  o.s.d.r.c.RepositoryConfigurationDelegate - Finished Spring Data repository scanning in 9 ms. Found 1 JPA repository interface.
2025-12-08 08:18:37,825 [main] INFO  o.s.i.c.DefaultConfiguringBeanFactoryPostProcessor - No bean named 'errorChannel' has been explicitly defined. Therefore, a default PublishSubscribeChannel will be created.
2025-12-08 08:18:37,880 [main] INFO  o.s.i.c.DefaultConfiguringBeanFactoryPostProcessor - No bean named 'integrationHeaderChannelRegistry' has been explicitly defined. Therefore, a default DefaultHeaderChannelRegistry will be created.
2025-12-08 08:18:39,851 [main] INFO  o.t.s.q.d.DefaultTbServiceInfoProvider - Current Service ID: 79f60819dd0a
2025-12-08 08:18:41,822 [main] INFO  o.h.jpa.internal.util.LogHelper - HHH000204: Processing PersistenceUnitInfo [name: default]
2025-12-08 08:18:42,134 [main] INFO  org.hibernate.Version - HHH000412: Hibernate ORM core version 6.6.29.Final
2025-12-08 08:18:42,268 [main] INFO  o.h.c.i.RegionFactoryInitiator - HHH000026: Second-level cache disabled
2025-12-08 08:18:42,549 [main] INFO  com.zaxxer.hikari.HikariDataSource - HikariPool-1 - Starting...
2025-12-08 08:18:42,814 [main] INFO  com.zaxxer.hikari.pool.HikariPool - HikariPool-1 - Added connection org.postgresql.jdbc.PgConnection@50bae745
2025-12-08 08:18:42,817 [main] INFO  com.zaxxer.hikari.HikariDataSource - HikariPool-1 - Start completed.
2025-12-08 08:18:42,965 [main] INFO  o.hibernate.orm.connections.pooling - HHH10001005: Database info:
	Database JDBC URL [Connecting through datasource 'HikariDataSource (HikariPool-1)']
	Database driver: undefined/unknown
	Database version: 12.0
	Autocommit mode: undefined/unknown
	Isolation level: undefined/unknown
	Minimum pool size: undefined/unknown
	Maximum pool size: undefined/unknown
2025-12-08 08:18:43,773 [main] INFO  o.s.o.j.p.SpringPersistenceUnitInfo - No LoadTimeWeaver setup: ignoring JPA class transformer
2025-12-08 08:18:49,362 [main] INFO  o.h.e.t.j.p.i.JtaPlatformInitiator - HHH000489: No JTA platform available (set 'hibernate.transaction.jta.platform' to enable JTA platform integration)
2025-12-08 08:18:49,394 [main] INFO  o.s.o.j.LocalContainerEntityManagerFactoryBean - Initialized JPA EntityManagerFactory for persistence unit 'default'
2025-12-08 08:18:50,537 [main] INFO  o.s.d.j.r.query.QueryEnhancerFactory - Hibernate is in classpath; If applicable, HQL parser will be used.
2025-12-08 08:18:57,353 [main] INFO  o.s.b.w.e.tomcat.TomcatWebServer - Tomcat initialized with port 9090 (http)
2025-12-08 08:18:57,384 [main] INFO  o.a.coyote.http11.Http11NioProtocol - The ["http-nio-0.0.0.0-9090"] connector has been configured to support HTTP upgrade to [h2c]
2025-12-08 08:18:57,385 [main] INFO  o.a.coyote.http11.Http11NioProtocol - Initializing ProtocolHandler ["http-nio-0.0.0.0-9090"]
2025-12-08 08:18:57,391 [main] INFO  o.a.catalina.core.StandardService - Starting service [Tomcat]
2025-12-08 08:18:57,392 [main] INFO  o.a.catalina.core.StandardEngine - Starting Servlet engine: [Apache Tomcat/10.1.46]
2025-12-08 08:18:57,508 [main] INFO  o.a.c.c.C.[Tomcat].[localhost].[/] - Initializing Spring embedded WebApplicationContext
2025-12-08 08:18:57,509 [main] INFO  o.s.b.w.s.c.ServletWebServerApplicationContext - Root WebApplicationContext: initialization completed in 27849 ms
2025-12-08 08:18:57,994 [main] INFO  o.t.s.d.a.CachedAttributesService - Going to use directExecutor for the local cache type caffeine
2025-12-08 08:18:59,402 [main] INFO  o.t.s.s.a.DefaultTbApiUsageStateService - Starting api usage service.
2025-12-08 08:18:59,414 [main] INFO  o.t.s.s.a.DefaultTbApiUsageStateService - Started api usage service.
2025-12-08 08:19:02,688 [main] INFO  o.t.s.t.h.config.PayloadSizeFilter - Initialized payload size filter with configuration: /api/image*/**=52428800;/api/resource/**=52428800;/api/**=16777216
2025-12-08 08:19:02,776 [main] INFO  o.t.s.t.h.config.PayloadSizeFilter - Initialized payload size filter with configuration: /api/v1/*/rpc/**=65536;/api/v1/**=52428800
2025-12-08 08:19:02,966 [main] INFO  o.t.s.q.e.EnvironmentLogService - ThingsBoard server environment: zookeeper.version=3.9.3-c26634f34490bb0ea7a09cc51e05ede3b4e320ee, built on 2024-10-17 23:21 UTC
2025-12-08 08:19:02,966 [main] INFO  o.t.s.q.e.EnvironmentLogService - ThingsBoard server environment: host.name=79f60819dd0a
2025-12-08 08:19:02,966 [main] INFO  o.t.s.q.e.EnvironmentLogService - ThingsBoard server environment: java.version=17.0.16
2025-12-08 08:19:02,966 [main] INFO  o.t.s.q.e.EnvironmentLogService - ThingsBoard server environment: java.vendor=Debian
2025-12-08 08:19:02,967 [main] INFO  o.t.s.q.e.EnvironmentLogService - ThingsBoard server environment: java.home=/usr/lib/jvm/java-17-openjdk-amd64
2025-12-08 08:19:02,967 [main] INFO  o.t.s.q.e.EnvironmentLogService - ThingsBoard server environment: java.class.path=/usr/share/thingsboard/bin/thingsboard.jar
2025-12-08 08:19:02,967 [main] INFO  o.t.s.q.e.EnvironmentLogService - ThingsBoard server environment: java.library.path=/usr/java/packages/lib:/usr/lib/x86_64-linux-gnu/jni:/lib/x86_64-linux-gnu:/usr/lib/x86_64-linux-gnu:/usr/lib/jni:/lib:/usr/lib
2025-12-08 08:19:02,967 [main] INFO  o.t.s.q.e.EnvironmentLogService - ThingsBoard server environment: java.io.tmpdir=/tmp
2025-12-08 08:19:02,968 [main] INFO  o.t.s.q.e.EnvironmentLogService - ThingsBoard server environment: java.compiler=<NA>
2025-12-08 08:19:02,968 [main] INFO  o.t.s.q.e.EnvironmentLogService - ThingsBoard server environment: os.name=Linux
2025-12-08 08:19:02,968 [main] INFO  o.t.s.q.e.EnvironmentLogService - ThingsBoard server environment: os.arch=amd64
2025-12-08 08:19:02,968 [main] INFO  o.t.s.q.e.EnvironmentLogService - ThingsBoard server environment: os.version=6.6.87.2-microsoft-standard-WSL2
2025-12-08 08:19:02,968 [main] INFO  o.t.s.q.e.EnvironmentLogService - ThingsBoard server environment: user.name=thingsboard
2025-12-08 08:19:02,968 [main] INFO  o.t.s.q.e.EnvironmentLogService - ThingsBoard server environment: user.home=/home/thingsboard
2025-12-08 08:19:02,969 [main] INFO  o.t.s.q.e.EnvironmentLogService - ThingsBoard server environment: user.dir=/
2025-12-08 08:19:02,969 [main] INFO  o.t.s.q.e.EnvironmentLogService - ThingsBoard server environment: os.memory.free=145MB
2025-12-08 08:19:02,969 [main] INFO  o.t.s.q.e.EnvironmentLogService - ThingsBoard server environment: os.memory.max=1898MB
2025-12-08 08:19:02,969 [main] INFO  o.t.s.q.e.EnvironmentLogService - ThingsBoard server environment: os.memory.total=480MB
2025-12-08 08:19:03,200 [main] INFO  d.n.internal.NashornDetection - Delight-nashorn-sandbox detected that JDK Nashorn is absent and standalone Nashorn is present, and will use Standalone Nashorn
2025-12-08 08:19:05,289 [main] INFO  o.t.s.a.service.DefaultActorService - Initializing actor system.
2025-12-08 08:19:05,309 [main] INFO  o.t.s.a.service.DefaultActorService - Actor system initialized.
2025-12-08 08:19:06,666 [main] INFO  o.t.s.c.t.c.ssl.SslCredentialsConfig - LWM2M Server DTLS Credentials: Skipping initialization of disabled SSL credentials.
2025-12-08 08:19:06,677 [main] INFO  o.t.s.c.t.c.ssl.SslCredentialsConfig - LWM2M Trust Credentials: Skipping initialization of disabled SSL credentials.
2025-12-08 08:19:06,693 [main] INFO  o.t.s.c.t.c.ssl.SslCredentialsConfig - LWM2M Bootstrap DTLS Credentials: Skipping initialization of disabled SSL credentials.
2025-12-08 08:19:07,398 [main] INFO  o.t.s.c.SystemInfoController - System build info: {"version":"4.2.1","artifact":"application","name":"ThingsBoard Server Application","type":"CE"}
2025-12-08 08:19:08,403 [main] INFO  o.t.s.c.adaptor.JsonConverterConfig - JSON max string value length = 0
2025-12-08 08:19:08,404 [main] INFO  o.t.s.c.adaptor.JsonConverterConfig - JSON type cast enabled = true
2025-12-08 08:19:08,543 [main] INFO  o.t.s.t.mqtt.MqttTransportService - Setting resource leak detector level to DISABLED
2025-12-08 08:19:08,544 [main] INFO  o.t.s.t.mqtt.MqttTransportService - Starting MQTT transport...
2025-12-08 08:19:08,635 [main] INFO  o.t.s.t.mqtt.MqttTransportService - Mqtt transport started!
2025-12-08 08:19:08,746 [main] INFO  o.e.c.elements.config.Configuration - defaults added COAP.
2025-12-08 08:19:08,784 [main] INFO  o.e.c.elements.config.Configuration - defaults added UDP.
2025-12-08 08:19:08,787 [main] INFO  o.e.c.c.network.RandomTokenGenerator - using tokens of 8 bytes in length
2025-12-08 08:19:08,826 [main] INFO  org.eclipse.californium.ban - Started.
2025-12-08 08:19:08,828 [main] INFO  o.e.c.core.network.CoapEndpoint - coap CoapEndpoint uses udp context
2025-12-08 08:19:08,845 [main] INFO  o.e.c.elements.config.Configuration - defaults added SYS.
2025-12-08 08:19:08,845 [main] INFO  o.e.c.c.network.stack.BlockwiseLayer - coap BlockwiseLayer uses MAX_MESSAGE_SIZE=1024, PREFERRED_BLOCK_SIZE=1024, BLOCKWISE_STATUS_LIFETIME=300000, MAX_RESOURCE_BODY_SIZE=268435456, BLOCKWISE_STRICT_BLOCK2_OPTION=true
2025-12-08 08:19:08,858 [main] INFO  o.e.californium.core.CoapServer - Starting server
2025-12-08 08:19:08,880 [main] INFO  o.e.c.elements.UDPConnector - UDPConnector starts up 1 sender threads and 1 receiver threads
2025-12-08 08:19:08,885 [main] INFO  o.e.c.elements.UDPConnector - UDPConnector listening on /[0:0:0:0:0:0:0:0]:5683, recv buf = 106496, send buf = 106496, recv packet size = 2048
2025-12-08 08:19:08,886 [main] INFO  o.e.c.core.network.CoapEndpoint - coap Started endpoint at coap://[0:0:0:0:0:0:0:0]:5683
2025-12-08 08:19:08,889 [main] INFO  o.t.s.t.coap.CoapTransportService - Starting CoAP transport...
2025-12-08 08:19:08,898 [main] INFO  o.t.s.t.coap.CoapTransportService - CoAP transport started!
2025-12-08 08:19:08,991 [main] INFO  o.t.s.t.l.b.LwM2MTransportBootstrapService - Starting LwM2M transport bootstrap server...
2025-12-08 08:19:09,025 [main] INFO  o.e.c.elements.util.JceProviderUtil - JCE default setup
2025-12-08 08:19:09,062 [main] INFO  o.e.c.elements.util.JceProviderUtil - RSA: true, EC: true, AES: not restricted
2025-12-08 08:19:09,074 [main] INFO  o.e.c.elements.util.JceProviderUtil - EdDSA supported by SunEC, Ed25519: true, Ed448: true
2025-12-08 08:19:09,074 [main] INFO  o.e.c.elements.util.JceProviderUtil - JCE setup: SunEC version 17, ready.
2025-12-08 08:19:09,161 [main] INFO  o.e.c.elements.config.Configuration - defaults added DTLS.
2025-12-08 08:19:09,572 [main] WARN  o.e.l.s.b.LeshanBootstrapServerBuilder - configStore is set but you also provide a custom SessionManager so this store will not be used
2025-12-08 08:19:09,583 [main] INFO  o.e.c.c.network.RandomTokenGenerator - using tokens of 8 bytes in length
2025-12-08 08:19:09,583 [main] INFO  o.e.c.core.network.CoapEndpoint - [Bootstrap Server-coap://0.0.0.0:5687] CoapEndpoint uses udp context
2025-12-08 08:19:09,584 [main] INFO  o.e.c.c.network.stack.BlockwiseLayer - [Bootstrap Server-coap://0.0.0.0:5687] BlockwiseLayer uses MAX_MESSAGE_SIZE=1024, PREFERRED_BLOCK_SIZE=1024, BLOCKWISE_STATUS_LIFETIME=300000, MAX_RESOURCE_BODY_SIZE=268435456, BLOCKWISE_STRICT_BLOCK2_OPTION=true
2025-12-08 08:19:09,591 [main] INFO  o.t.s.t.l.b.LwM2MTransportBootstrapService - Unable to load X509 files for LWM2MServer
2025-12-08 08:19:09,599 [main] WARN  o.e.l.s.c.b.e.c.CoapsBootstrapServerEndpointFactory - PskStore should be automatically set by Leshan. Using a custom implementation is not advised.
2025-12-08 08:19:09,642 [main] INFO  o.e.c.s.d.InMemoryReadWriteLockConnectionStore - Created new InMemoryConnectionStore [capacity: 150000, connection expiration threshold: 1800s]
2025-12-08 08:19:09,649 [main] INFO  o.e.c.c.network.RandomTokenGenerator - using tokens of 8 bytes in length
2025-12-08 08:19:09,649 [main] INFO  o.e.c.core.network.CoapEndpoint - [Bootstrap Server-coaps://0.0.0.0:5688] CoapEndpoint uses lwm2m correlation
2025-12-08 08:19:09,649 [main] INFO  o.e.c.c.network.stack.BlockwiseLayer - [Bootstrap Server-coaps://0.0.0.0:5688] BlockwiseLayer uses MAX_MESSAGE_SIZE=1024, PREFERRED_BLOCK_SIZE=1024, BLOCKWISE_STATUS_LIFETIME=300000, MAX_RESOURCE_BODY_SIZE=268435456, BLOCKWISE_STRICT_BLOCK2_OPTION=true
2025-12-08 08:19:09,654 [main] INFO  o.e.californium.core.CoapServer - Starting server
2025-12-08 08:19:09,665 [main] INFO  o.e.c.elements.UDPConnector - UDPConnector starts up 2 sender threads and 2 receiver threads
2025-12-08 08:19:09,668 [main] INFO  o.e.c.elements.UDPConnector - UDPConnector listening on /[0:0:0:0:0:0:0:0]:5687, recv buf = 106496, send buf = 106496, recv packet size = 2048
2025-12-08 08:19:09,669 [main] INFO  o.e.c.core.network.CoapEndpoint - [Bootstrap Server-coap://0.0.0.0:5687] Started endpoint at coap://[0:0:0:0:0:0:0:0]:5687
2025-12-08 08:19:09,681 [main] INFO  o.e.c.scandium.DTLSConnector - multiple network interfaces, using smallest MTU [IPv4 1500, IPv6 1280]
2025-12-08 08:19:09,687 [DTLS-Receiver-0-/[0:0:0:0:0:0:0:0]:5688] INFO  o.e.c.scandium.DTLSConnector - Starting worker thread [DTLS-Receiver-0-/[0:0:0:0:0:0:0:0]:5688]
2025-12-08 08:19:09,688 [main] INFO  o.e.c.scandium.DTLSConnector - DTLSConnector listening on /[0:0:0:0:0:0:0:0]:5688, recv buf = 106496, send buf = 106496, recv packet size = 16490, MTU = IPv4 1500 / IPv6 1280
2025-12-08 08:19:09,689 [DTLS-Receiver-1-/[0:0:0:0:0:0:0:0]:5688] INFO  o.e.c.scandium.DTLSConnector - Starting worker thread [DTLS-Receiver-1-/[0:0:0:0:0:0:0:0]:5688]
2025-12-08 08:19:09,692 [main] INFO  o.e.c.core.network.CoapEndpoint - [Bootstrap Server-coaps://0.0.0.0:5688] Started endpoint at coaps://[0:0:0:0:0:0:0:0]:5688
2025-12-08 08:19:09,693 [main] INFO  o.e.l.s.b.LeshanBootstrapServer - Bootstrap server started.
2025-12-08 08:19:09,693 [main] INFO  o.e.l.s.b.LeshanBootstrapServer - CoAP over UDP endpoint based on Californium library available at coap://[0:0:0:0:0:0:0:0]:5687.
2025-12-08 08:19:09,693 [main] INFO  o.e.l.s.b.LeshanBootstrapServer - CoAP over DTLS endpoint based on Californium/Scandium library available at coaps://[0:0:0:0:0:0:0:0]:5688.
2025-12-08 08:19:09,693 [main] INFO  o.t.s.t.l.b.LwM2MTransportBootstrapService - Started LwM2M transport bootstrap server.
2025-12-08 08:19:10,086 [main] INFO  o.t.s.t.s.s.SnmpTransportService - SNMP transport service initialized
2025-12-08 08:19:10,129 [main] INFO  o.t.s.d.s.NamedParameterJdbcTemplateConfiguration - Set jdbcTemplate query timeout [30] second(s)
2025-12-08 08:19:10,787 [main] INFO  o.s.s.c.a.a.c.InitializeAuthenticationProviderBeanManagerConfigurer$InitializeAuthenticationProviderManagerConfigurer - Found 3 AuthenticationProvider beans, with names [jwtAuthenticationProvider, refreshTokenAuthenticationProvider, restAuthenticationProvider]. Global Authentication Manager will not be configured with AuthenticationProviders. Consider publishing a single AuthenticationProvider bean, or wiring your Providers directly using the DSL.
2025-12-08 08:19:11,106 [main] INFO  o.s.b.a.w.s.WelcomePageHandlerMapping - Adding welcome page: class path resource [public/index.html]
2025-12-08 08:19:12,095 [main] INFO  o.s.b.a.e.web.EndpointLinksResolver - Exposing 1 endpoint beneath base path '/actuator'
2025-12-08 08:19:14,222 [main] WARN  i.m.c.i.b.cache.CaffeineCacheMetrics - The cache 'relations' is not recording statistics. No meters except 'cache.size' will be registered. Call 'Caffeine#recordStats()' prior to building the cache for metrics to be recorded.
2025-12-08 08:19:14,224 [main] WARN  i.m.c.i.b.cache.CaffeineCacheMetrics - The cache 'deviceCredentials' is not recording statistics. No meters except 'cache.size' will be registered. Call 'Caffeine#recordStats()' prior to building the cache for metrics to be recorded.
2025-12-08 08:19:14,225 [main] WARN  i.m.c.i.b.cache.CaffeineCacheMetrics - The cache 'devices' is not recording statistics. No meters except 'cache.size' will be registered. Call 'Caffeine#recordStats()' prior to building the cache for metrics to be recorded.
2025-12-08 08:19:14,225 [main] WARN  i.m.c.i.b.cache.CaffeineCacheMetrics - The cache 'sessions' is not recording statistics. No meters except 'cache.size' will be registered. Call 'Caffeine#recordStats()' prior to building the cache for metrics to be recorded.
2025-12-08 08:19:14,226 [main] WARN  i.m.c.i.b.cache.CaffeineCacheMetrics - The cache 'assets' is not recording statistics. No meters except 'cache.size' will be registered. Call 'Caffeine#recordStats()' prior to building the cache for metrics to be recorded.
2025-12-08 08:19:14,226 [main] WARN  i.m.c.i.b.cache.CaffeineCacheMetrics - The cache 'customers' is not recording statistics. No meters except 'cache.size' will be registered. Call 'Caffeine#recordStats()' prior to building the cache for metrics to be recorded.
2025-12-08 08:19:14,227 [main] WARN  i.m.c.i.b.cache.CaffeineCacheMetrics - The cache 'users' is not recording statistics. No meters except 'cache.size' will be registered. Call 'Caffeine#recordStats()' prior to building the cache for metrics to be recorded.
2025-12-08 08:19:14,227 [main] WARN  i.m.c.i.b.cache.CaffeineCacheMetrics - The cache 'entityViews' is not recording statistics. No meters except 'cache.size' will be registered. Call 'Caffeine#recordStats()' prior to building the cache for metrics to be recorded.
2025-12-08 08:19:14,228 [main] WARN  i.m.c.i.b.cache.CaffeineCacheMetrics - The cache 'claimDevices' is not recording statistics. No meters except 'cache.size' will be registered. Call 'Caffeine#recordStats()' prior to building the cache for metrics to be recorded.
2025-12-08 08:19:14,229 [main] WARN  i.m.c.i.b.cache.CaffeineCacheMetrics - The cache 'securitySettings' is not recording statistics. No meters except 'cache.size' will be registered. Call 'Caffeine#recordStats()' prior to building the cache for metrics to be recorded.
2025-12-08 08:19:14,229 [main] WARN  i.m.c.i.b.cache.CaffeineCacheMetrics - The cache 'tenantProfiles' is not recording statistics. No meters except 'cache.size' will be registered. Call 'Caffeine#recordStats()' prior to building the cache for metrics to be recorded.
2025-12-08 08:19:14,230 [main] WARN  i.m.c.i.b.cache.CaffeineCacheMetrics - The cache 'tenants' is not recording statistics. No meters except 'cache.size' will be registered. Call 'Caffeine#recordStats()' prior to building the cache for metrics to be recorded.
2025-12-08 08:19:14,230 [main] WARN  i.m.c.i.b.cache.CaffeineCacheMetrics - The cache 'tenantsExist' is not recording statistics. No meters except 'cache.size' will be registered. Call 'Caffeine#recordStats()' prior to building the cache for metrics to be recorded.
2025-12-08 08:19:14,231 [main] WARN  i.m.c.i.b.cache.CaffeineCacheMetrics - The cache 'deviceProfiles' is not recording statistics. No meters except 'cache.size' will be registered. Call 'Caffeine#recordStats()' prior to building the cache for metrics to be recorded.
2025-12-08 08:19:14,231 [main] WARN  i.m.c.i.b.cache.CaffeineCacheMetrics - The cache 'assetProfiles' is not recording statistics. No meters except 'cache.size' will be registered. Call 'Caffeine#recordStats()' prior to building the cache for metrics to be recorded.
2025-12-08 08:19:14,232 [main] WARN  i.m.c.i.b.cache.CaffeineCacheMetrics - The cache 'notificationSettings' is not recording statistics. No meters except 'cache.size' will be registered. Call 'Caffeine#recordStats()' prior to building the cache for metrics to be recorded.
2025-12-08 08:19:14,232 [main] WARN  i.m.c.i.b.cache.CaffeineCacheMetrics - The cache 'sentNotifications' is not recording statistics. No meters except 'cache.size' will be registered. Call 'Caffeine#recordStats()' prior to building the cache for metrics to be recorded.
2025-12-08 08:19:14,232 [main] WARN  i.m.c.i.b.cache.CaffeineCacheMetrics - The cache 'attributes' is not recording statistics. No meters except 'cache.size' will be registered. Call 'Caffeine#recordStats()' prior to building the cache for metrics to be recorded.
2025-12-08 08:19:14,233 [main] WARN  i.m.c.i.b.cache.CaffeineCacheMetrics - The cache 'tsLatest' is not recording statistics. No meters except 'cache.size' will be registered. Call 'Caffeine#recordStats()' prior to building the cache for metrics to be recorded.
2025-12-08 08:19:14,233 [main] WARN  i.m.c.i.b.cache.CaffeineCacheMetrics - The cache 'userSessionsInvalidation' is not recording statistics. No meters except 'cache.size' will be registered. Call 'Caffeine#recordStats()' prior to building the cache for metrics to be recorded.
2025-12-08 08:19:14,233 [main] WARN  i.m.c.i.b.cache.CaffeineCacheMetrics - The cache 'otaPackages' is not recording statistics. No meters except 'cache.size' will be registered. Call 'Caffeine#recordStats()' prior to building the cache for metrics to be recorded.
2025-12-08 08:19:14,234 [main] WARN  i.m.c.i.b.cache.CaffeineCacheMetrics - The cache 'otaPackagesData' is not recording statistics. No meters except 'cache.size' will be registered. Call 'Caffeine#recordStats()' prior to building the cache for metrics to be recorded.
2025-12-08 08:19:14,235 [main] WARN  i.m.c.i.b.cache.CaffeineCacheMetrics - The cache 'edges' is not recording statistics. No meters except 'cache.size' will be registered. Call 'Caffeine#recordStats()' prior to building the cache for metrics to be recorded.
2025-12-08 08:19:14,236 [main] WARN  i.m.c.i.b.cache.CaffeineCacheMetrics - The cache 'edgeSessions' is not recording statistics. No meters except 'cache.size' will be registered. Call 'Caffeine#recordStats()' prior to building the cache for metrics to be recorded.
2025-12-08 08:19:14,236 [main] WARN  i.m.c.i.b.cache.CaffeineCacheMetrics - The cache 'relatedEdges' is not recording statistics. No meters except 'cache.size' will be registered. Call 'Caffeine#recordStats()' prior to building the cache for metrics to be recorded.
2025-12-08 08:19:14,236 [main] WARN  i.m.c.i.b.cache.CaffeineCacheMetrics - The cache 'repositorySettings' is not recording statistics. No meters except 'cache.size' will be registered. Call 'Caffeine#recordStats()' prior to building the cache for metrics to be recorded.
2025-12-08 08:19:14,237 [main] WARN  i.m.c.i.b.cache.CaffeineCacheMetrics - The cache 'autoCommitSettings' is not recording statistics. No meters except 'cache.size' will be registered. Call 'Caffeine#recordStats()' prior to building the cache for metrics to be recorded.
2025-12-08 08:19:14,237 [main] WARN  i.m.c.i.b.cache.CaffeineCacheMetrics - The cache 'twoFaVerificationCodes' is not recording statistics. No meters except 'cache.size' will be registered. Call 'Caffeine#recordStats()' prior to building the cache for metrics to be recorded.
2025-12-08 08:19:14,238 [main] WARN  i.m.c.i.b.cache.CaffeineCacheMetrics - The cache 'versionControlTask' is not recording statistics. No meters except 'cache.size' will be registered. Call 'Caffeine#recordStats()' prior to building the cache for metrics to be recorded.
2025-12-08 08:19:14,238 [main] WARN  i.m.c.i.b.cache.CaffeineCacheMetrics - The cache 'userSettings' is not recording statistics. No meters except 'cache.size' will be registered. Call 'Caffeine#recordStats()' prior to building the cache for metrics to be recorded.
2025-12-08 08:19:14,238 [main] WARN  i.m.c.i.b.cache.CaffeineCacheMetrics - The cache 'dashboardTitles' is not recording statistics. No meters except 'cache.size' will be registered. Call 'Caffeine#recordStats()' prior to building the cache for metrics to be recorded.
2025-12-08 08:19:14,239 [main] WARN  i.m.c.i.b.cache.CaffeineCacheMetrics - The cache 'entityCount' is not recording statistics. No meters except 'cache.size' will be registered. Call 'Caffeine#recordStats()' prior to building the cache for metrics to be recorded.
2025-12-08 08:19:14,239 [main] WARN  i.m.c.i.b.cache.CaffeineCacheMetrics - The cache 'resourceInfo' is not recording statistics. No meters except 'cache.size' will be registered. Call 'Caffeine#recordStats()' prior to building the cache for metrics to be recorded.
2025-12-08 08:19:14,239 [main] WARN  i.m.c.i.b.cache.CaffeineCacheMetrics - The cache 'alarmTypes' is not recording statistics. No meters except 'cache.size' will be registered. Call 'Caffeine#recordStats()' prior to building the cache for metrics to be recorded.
2025-12-08 08:19:14,240 [main] WARN  i.m.c.i.b.cache.CaffeineCacheMetrics - The cache 'qrCodeSettings' is not recording statistics. No meters except 'cache.size' will be registered. Call 'Caffeine#recordStats()' prior to building the cache for metrics to be recorded.
2025-12-08 08:19:14,240 [main] WARN  i.m.c.i.b.cache.CaffeineCacheMetrics - The cache 'mobileSecretKey' is not recording statistics. No meters except 'cache.size' will be registered. Call 'Caffeine#recordStats()' prior to building the cache for metrics to be recorded.
2025-12-08 08:19:14,241 [main] WARN  i.m.c.i.b.cache.CaffeineCacheMetrics - The cache 'trendzSettings' is not recording statistics. No meters except 'cache.size' will be registered. Call 'Caffeine#recordStats()' prior to building the cache for metrics to be recorded.
2025-12-08 08:19:14,241 [main] WARN  i.m.c.i.b.cache.CaffeineCacheMetrics - The cache 'aiModel' is not recording statistics. No meters except 'cache.size' will be registered. Call 'Caffeine#recordStats()' prior to building the cache for metrics to be recorded.
2025-12-08 08:19:14,882 [main] INFO  o.s.i.endpoint.EventDrivenConsumer - Adding {logging-channel-adapter:_org.springframework.integration.errorLogger} as a subscriber to the 'errorChannel' channel
2025-12-08 08:19:14,884 [main] INFO  o.s.i.c.PublishSubscribeChannel - Channel 'application.errorChannel' has 1 subscriber(s).
2025-12-08 08:19:14,885 [main] INFO  o.s.i.endpoint.EventDrivenConsumer - started bean '_org.springframework.integration.errorLogger'
2025-12-08 08:19:14,912 [main] INFO  o.a.coyote.http11.Http11NioProtocol - Starting ProtocolHandler ["http-nio-0.0.0.0-9090"]
2025-12-08 08:19:14,945 [main] INFO  o.s.b.w.e.tomcat.TomcatWebServer - Tomcat started on port 9090 (http) with context path '/'
2025-12-08 08:19:15,006 [main] INFO  o.t.s.ThingsboardServerApplication - Started ThingsboardServerApplication in 46.652 seconds (process running for 49.308)
2025-12-08 08:19:15,009 [TB-Scheduling-2] INFO  o.t.s.c.t.s.DefaultTransportService - Transport Stats: openConnections [0]
2025-12-08 08:19:15,031 [main] INFO  o.t.s.q.c.c.QueueConsumerManager - [TB Version Control] Launching consumer
2025-12-08 08:19:15,033 [main] INFO  o.t.s.q.d.HashPartitionService - Recalculating partitions
2025-12-08 08:19:15,033 [main] INFO  o.t.s.q.d.HashPartitionService - [79f60819dd0a] Found common server: [TB_CORE, TB_RULE_ENGINE, TB_TRANSPORT, JS_EXECUTOR, TB_VC_EXECUTOR, EDQS, TASK_PROCESSOR]
2025-12-08 08:19:15,052 [main] INFO  o.t.s.q.d.HashPartitionService - Partitions changed: 
[QK(Main,TB_CORE,system)] - [0, 1, 2, 3, 4, 5, 6, 7, 8, 9]
[QK(Edge,TB_CORE,system)] - [0, 1, 2, 3, 4, 5, 6, 7, 8, 9]
2025-12-08 08:19:15,061 [api-usage-scheduled-19-thread-1] INFO  o.t.s.s.p.AbstractPartitionBasedService - [API Usage] CURRENT PARTITIONS: []
2025-12-08 08:19:15,061 [device-state-scheduled-21-thread-1] INFO  o.t.s.s.p.AbstractPartitionBasedService - [Device State] CURRENT PARTITIONS: []
2025-12-08 08:19:15,061 [main] INFO  o.t.s.a.service.DefaultActorService - Received partition change event.
2025-12-08 08:19:15,061 [api-usage-scheduled-19-thread-1] INFO  o.t.s.s.p.AbstractPartitionBasedService - [API Usage] NEW PARTITIONS: [tb_core.0, tb_core.2, tb_core.4, tb_core.6, tb_core.8, tb_core.1, tb_core.3, tb_core.5, tb_core.7, tb_core.9]
2025-12-08 08:19:15,061 [device-state-scheduled-21-thread-1] INFO  o.t.s.s.p.AbstractPartitionBasedService - [Device State] NEW PARTITIONS: [tb_core.0, tb_core.2, tb_core.4, tb_core.6, tb_core.8, tb_core.1, tb_core.3, tb_core.5, tb_core.7, tb_core.9]
2025-12-08 08:19:15,062 [api-usage-scheduled-19-thread-1] INFO  o.t.s.s.p.AbstractPartitionBasedService - [API Usage] ADDED PARTITIONS: [tb_core.0, tb_core.2, tb_core.4, tb_core.6, tb_core.8, tb_core.1, tb_core.3, tb_core.5, tb_core.7, tb_core.9]
2025-12-08 08:19:15,062 [device-state-scheduled-21-thread-1] INFO  o.t.s.s.p.AbstractPartitionBasedService - [Device State] ADDED PARTITIONS: [tb_core.0, tb_core.2, tb_core.4, tb_core.6, tb_core.8, tb_core.1, tb_core.3, tb_core.5, tb_core.7, tb_core.9]
2025-12-08 08:19:15,062 [device-state-scheduled-21-thread-1] INFO  o.t.s.s.p.AbstractPartitionBasedService - [Device State] REMOVED PARTITIONS: []
2025-12-08 08:19:15,062 [api-usage-scheduled-19-thread-1] INFO  o.t.s.s.p.AbstractPartitionBasedService - [API Usage] REMOVED PARTITIONS: []
2025-12-08 08:19:15,063 [api-usage-scheduled-19-thread-1] INFO  o.t.s.s.a.DefaultTbApiUsageStateService - Initializing tenant states.
2025-12-08 08:19:15,065 [notifications-scheduler-49-thread-1] INFO  o.t.s.s.p.AbstractPartitionBasedService - [Notifications scheduler] CURRENT PARTITIONS: []
2025-12-08 08:19:15,065 [notifications-scheduler-49-thread-1] INFO  o.t.s.s.p.AbstractPartitionBasedService - [Notifications scheduler] NEW PARTITIONS: [tb_core.0, tb_core.2, tb_core.4, tb_core.6, tb_core.8, tb_core.1, tb_core.3, tb_core.5, tb_core.7, tb_core.9]
2025-12-08 08:19:15,065 [notifications-scheduler-49-thread-1] INFO  o.t.s.s.p.AbstractPartitionBasedService - [Notifications scheduler] ADDED PARTITIONS: [tb_core.0, tb_core.2, tb_core.4, tb_core.6, tb_core.8, tb_core.1, tb_core.3, tb_core.5, tb_core.7, tb_core.9]
2025-12-08 08:19:15,065 [notifications-scheduler-49-thread-1] INFO  o.t.s.s.p.AbstractPartitionBasedService - [Notifications scheduler] REMOVED PARTITIONS: []
2025-12-08 08:19:15,071 [tb-core-mgmt-0-1] INFO  o.t.s.q.c.c.MainQueueConsumerManager - [QK(Main,TB_CORE,system)] Added partitions: [tb_core.0, tb_core.2, tb_core.4, tb_core.6, tb_core.8, tb_core.1, tb_core.3, tb_core.5, tb_core.7, tb_core.9], removed partitions: []
2025-12-08 08:19:15,072 [main] INFO  o.t.s.q.d.HashPartitionService - Partitions changed: 
[QK(CalculatedFields,TB_RULE_ENGINE,system)] - [0, 1, 2, 3, 4, 5, 6, 7, 8, 9]
[QK(CalculatedFieldStates,TB_RULE_ENGINE,system)] - [0, 1, 2, 3, 4, 5, 6, 7, 8, 9]
[QK(HighPriority,TB_RULE_ENGINE,system)] - [0, 1, 2, 3, 4, 5, 6, 7, 8, 9]
[QK(SequentialByOriginator,TB_RULE_ENGINE,system)] - [0, 1, 2, 3, 4, 5, 6, 7, 8, 9]
[QK(Main,TB_RULE_ENGINE,system)] - [0, 1, 2, 3, 4, 5, 6, 7, 8, 9]
2025-12-08 08:19:15,073 [tb-edge-mgmt-0-1] INFO  o.t.s.q.c.c.MainQueueConsumerManager - [QK(Edge,TB_CORE,system)] New partitions: [tb_edge.0, tb_edge.2, tb_edge.4, tb_edge.6, tb_edge.8, tb_edge.1, tb_edge.3, tb_edge.5, tb_edge.7, tb_edge.9]
2025-12-08 08:19:15,073 [main] INFO  o.t.s.a.service.DefaultActorService - Received partition change event.
2025-12-08 08:19:15,074 [main] INFO  o.t.s.q.d.HashPartitionService - Partitions changed: 
[QK(Main,TB_VC_EXECUTOR,system)] - [0, 1, 2, 3, 4, 5, 6, 7, 8, 9]
2025-12-08 08:19:15,074 [main] INFO  o.t.s.q.d.HashPartitionService - Partitions changed: 
[QK(Main,EDQS,system)] - [0, 1, 10, 11, 2, 3, 4, 5, 6, 7, 8, 9]
2025-12-08 08:19:15,075 [tb-edge-mgmt-0-1] INFO  o.t.s.q.c.c.MainQueueConsumerManager - [QK(Edge,TB_CORE,system)] Launching consumer
2025-12-08 08:19:15,075 [tb-core-mgmt-0-1] INFO  o.t.s.q.c.c.MainQueueConsumerManager - [QK(Main,TB_CORE,system)-0] Launching consumer
2025-12-08 08:19:15,075 [main] INFO  o.t.s.t.s.s.SnmpTransportBalancingService - Recalculating partitions for SNMP transports
2025-12-08 08:19:15,076 [main] INFO  o.t.s.t.s.s.SnmpTransportBalancingService - SNMP transports partitions have not changed
2025-12-08 08:19:15,077 [tb-core-mgmt-0-1] INFO  o.t.s.q.c.c.MainQueueConsumerManager - [QK(Main,TB_CORE,system)-2] Launching consumer
2025-12-08 08:19:15,080 [tb-core-mgmt-0-1] INFO  o.t.s.q.c.c.MainQueueConsumerManager - [QK(Main,TB_CORE,system)-4] Launching consumer
2025-12-08 08:19:15,081 [tb-core-mgmt-0-1] INFO  o.t.s.q.c.c.MainQueueConsumerManager - [QK(Main,TB_CORE,system)-6] Launching consumer
2025-12-08 08:19:15,082 [tb-core-mgmt-0-1] INFO  o.t.s.q.c.c.MainQueueConsumerManager - [QK(Main,TB_CORE,system)-8] Launching consumer
2025-12-08 08:19:15,084 [tb-core-mgmt-0-1] INFO  o.t.s.q.c.c.MainQueueConsumerManager - [QK(Main,TB_CORE,system)-1] Launching consumer
2025-12-08 08:19:15,085 [tb-core-mgmt-0-1] INFO  o.t.s.q.c.c.MainQueueConsumerManager - [QK(Main,TB_CORE,system)-3] Launching consumer
2025-12-08 08:19:15,086 [tb-core-mgmt-0-1] INFO  o.t.s.q.c.c.MainQueueConsumerManager - [QK(Main,TB_CORE,system)-5] Launching consumer
2025-12-08 08:19:15,086 [tb-core-mgmt-0-1] INFO  o.t.s.q.c.c.MainQueueConsumerManager - [QK(Main,TB_CORE,system)-7] Launching consumer
2025-12-08 08:19:15,087 [tb-core-mgmt-0-1] INFO  o.t.s.q.c.c.MainQueueConsumerManager - [QK(Main,TB_CORE,system)-9] Launching consumer
2025-12-08 08:19:15,372 [main] INFO  o.t.s.a.service.DefaultActorService - Received application ready event. Sending application init message to actor system
2025-12-08 08:19:15,373 [app-dispatcher-31-thread-1] INFO  o.t.server.actors.app.AppActor - Starting main system actor.
2025-12-08 08:19:15,393 [main] INFO  o.t.s.s.edge.rpc.EdgeGrpcService - Initializing Edge RPC service!
2025-12-08 08:19:15,408 [app-dispatcher-31-thread-1] INFO  o.t.server.actors.app.AppActor - Main system actor started.
2025-12-08 08:19:16,077 [main] INFO  o.t.s.s.edge.rpc.EdgeGrpcService - Going to start Edge RPC server using port: 7070
2025-12-08 08:19:16,106 [notifications-scheduler-49-thread-1] INFO  o.t.s.s.p.AbstractPartitionBasedService - [Notifications scheduler] Managing following partitions:
2025-12-08 08:19:16,107 [notifications-scheduler-49-thread-1] INFO  o.t.s.s.p.AbstractPartitionBasedService - [Notifications scheduler][tb_core.4]: 0 entities
2025-12-08 08:19:16,107 [notifications-scheduler-49-thread-1] INFO  o.t.s.s.p.AbstractPartitionBasedService - [Notifications scheduler][tb_core.8]: 0 entities
2025-12-08 08:19:16,107 [notifications-scheduler-49-thread-1] INFO  o.t.s.s.p.AbstractPartitionBasedService - [Notifications scheduler][tb_core.0]: 0 entities
2025-12-08 08:19:16,107 [notifications-scheduler-49-thread-1] INFO  o.t.s.s.p.AbstractPartitionBasedService - [Notifications scheduler][tb_core.3]: 0 entities
2025-12-08 08:19:16,108 [notifications-scheduler-49-thread-1] INFO  o.t.s.s.p.AbstractPartitionBasedService - [Notifications scheduler][tb_core.7]: 0 entities
2025-12-08 08:19:16,108 [notifications-scheduler-49-thread-1] INFO  o.t.s.s.p.AbstractPartitionBasedService - [Notifications scheduler][tb_core.2]: 0 entities
2025-12-08 08:19:16,108 [notifications-scheduler-49-thread-1] INFO  o.t.s.s.p.AbstractPartitionBasedService - [Notifications scheduler][tb_core.6]: 0 entities
2025-12-08 08:19:16,108 [notifications-scheduler-49-thread-1] INFO  o.t.s.s.p.AbstractPartitionBasedService - [Notifications scheduler][tb_core.5]: 0 entities
2025-12-08 08:19:16,108 [notifications-scheduler-49-thread-1] INFO  o.t.s.s.p.AbstractPartitionBasedService - [Notifications scheduler][tb_core.1]: 0 entities
2025-12-08 08:19:16,108 [notifications-scheduler-49-thread-1] INFO  o.t.s.s.p.AbstractPartitionBasedService - [Notifications scheduler][tb_core.9]: 0 entities
2025-12-08 08:19:16,329 [main] INFO  o.t.s.s.edge.rpc.EdgeGrpcService - Edge RPC service initialized!
2025-12-08 08:19:16,332 [main] INFO  o.t.s.q.c.c.QueueConsumerManager - [Housekeeper reprocessing] Launching consumer
2025-12-08 08:19:16,333 [main] INFO  o.t.s.q.c.c.QueueConsumerManager - [Housekeeper] Launching consumer
2025-12-08 08:19:16,334 [main] INFO  o.t.s.q.c.c.QueueConsumerManager - [job-stats] Launching consumer
2025-12-08 08:19:16,335 [main] INFO  o.t.s.q.c.c.QueueConsumerManager - [TB Rule Engine Notifications] Launching consumer
2025-12-08 08:19:16,339 [main] INFO  o.t.s.s.q.DefaultTbCalculatedFieldConsumerService - Handling partition change event: PartitionChangeEvent(super=TbApplicationEvent(sequenceNumber=2), serviceType=TB_RULE_ENGINE, newPartitions={QK(CalculatedFields,TB_RULE_ENGINE,system)=[tb_cf_event.1, tb_cf_event.3, tb_cf_event.5, tb_cf_event.7, tb_cf_event.9, tb_cf_event.0, tb_cf_event.2, tb_cf_event.4, tb_cf_event.6, tb_cf_event.8], QK(CalculatedFieldStates,TB_RULE_ENGINE,system)=[tb_cf_state.1, tb_cf_state.3, tb_cf_state.5, tb_cf_state.7, tb_cf_state.9, tb_cf_state.0, tb_cf_state.2, tb_cf_state.4, tb_cf_state.6, tb_cf_state.8], QK(HighPriority,TB_RULE_ENGINE,system)=[tb_rule_engine.hp.1, tb_rule_engine.hp.3, tb_rule_engine.hp.5, tb_rule_engine.hp.7, tb_rule_engine.hp.9, tb_rule_engine.hp.0, tb_rule_engine.hp.2, tb_rule_engine.hp.4, tb_rule_engine.hp.6, tb_rule_engine.hp.8], QK(SequentialByOriginator,TB_RULE_ENGINE,system)=[tb_rule_engine.sq.0, tb_rule_engine.sq.2, tb_rule_engine.sq.4, tb_rule_engine.sq.6, tb_rule_engine.sq.8, tb_rule_engine.sq.1, tb_rule_engine.sq.3, tb_rule_engine.sq.5, tb_rule_engine.sq.7, tb_rule_engine.sq.9], QK(Main,TB_RULE_ENGINE,system)=[tb_rule_engine.main.0, tb_rule_engine.main.2, tb_rule_engine.main.4, tb_rule_engine.main.6, tb_rule_engine.main.8, tb_rule_engine.main.1, tb_rule_engine.main.3, tb_rule_engine.main.5, tb_rule_engine.main.7, tb_rule_engine.main.9]}, oldPartitions={QK(Main,TB_VC_EXECUTOR,system)=[], QK(CalculatedFields,TB_RULE_ENGINE,system)=[], QK(CalculatedFieldStates,TB_RULE_ENGINE,system)=[], QK(Main,TB_CORE,system)=[], QK(HighPriority,TB_RULE_ENGINE,system)=[], QK(SequentialByOriginator,TB_RULE_ENGINE,system)=[], QK(Main,EDQS,system)=[], QK(Edge,TB_CORE,system)=[], QK(Main,TB_RULE_ENGINE,system)=[]})
2025-12-08 08:19:16,353 [main] INFO  o.t.s.q.c.c.QueueConsumerManager - [TB Core Notifications] Launching consumer
2025-12-08 08:19:16,354 [main] INFO  o.t.s.q.c.c.QueueConsumerManager - [TB Ota Package States] Launching consumer
2025-12-08 08:19:16,354 [tb-cf-mgmt-0-1] INFO  o.t.s.q.c.c.PartitionedQueueConsumerManager - [QK(CalculatedFields,TB_RULE_ENGINE,system)] Added partitions: [tb_cf_event.1, tb_cf_event.3, tb_cf_event.5, tb_cf_event.7, tb_cf_event.9, tb_cf_event.0, tb_cf_event.2, tb_cf_event.4, tb_cf_event.6, tb_cf_event.8]
2025-12-08 08:19:16,354 [tb-cf-mgmt-0-1] INFO  o.t.s.q.c.c.MainQueueConsumerManager - [QK(CalculatedFields,TB_RULE_ENGINE,system)-1] Launching consumer
2025-12-08 08:19:16,355 [tb-cf-mgmt-0-1] INFO  o.t.s.q.c.c.MainQueueConsumerManager - [QK(CalculatedFields,TB_RULE_ENGINE,system)-3] Launching consumer
2025-12-08 08:19:16,356 [main] INFO  o.t.s.q.c.c.QueueConsumerManager - [TB Usage Stats] Launching consumer
2025-12-08 08:19:16,357 [main] INFO  o.t.s.q.c.c.QueueConsumerManager - [TB Core Notifications] Launching consumer
2025-12-08 08:19:16,356 [tb-cf-mgmt-0-1] INFO  o.t.s.q.c.c.MainQueueConsumerManager - [QK(CalculatedFields,TB_RULE_ENGINE,system)-5] Launching consumer
2025-12-08 08:19:16,358 [notifications-tb-core-consumer-52-thread-11] INFO  o.t.s.s.q.DefaultTbCoreConsumerService - [79f60819dd0a] Processing core startup with partitions: [0, 1, 2, 3, 4, 5, 6, 7, 8, 9]
2025-12-08 08:19:16,358 [tb-cf-mgmt-0-1] INFO  o.t.s.q.c.c.MainQueueConsumerManager - [QK(CalculatedFields,TB_RULE_ENGINE,system)-7] Launching consumer
2025-12-08 08:19:16,359 [tb-cf-mgmt-0-1] INFO  o.t.s.q.c.c.MainQueueConsumerManager - [QK(CalculatedFields,TB_RULE_ENGINE,system)-9] Launching consumer
2025-12-08 08:19:16,360 [main] INFO  o.t.s.q.c.c.QueueConsumerManager - [TB Rule Engine Notifications] Launching consumer
2025-12-08 08:19:16,361 [tb-cf-mgmt-0-1] INFO  o.t.s.q.c.c.MainQueueConsumerManager - [QK(CalculatedFields,TB_RULE_ENGINE,system)-0] Launching consumer
2025-12-08 08:19:16,361 [DefaultTbLocalSubscriptionService-0-1] INFO  o.t.s.s.s.DefaultTbLocalSubscriptionService - [79f60819dd0a] Pushed 0 subscriptions to [79f60819dd0a]
2025-12-08 08:19:16,362 [tb-cf-mgmt-0-1] INFO  o.t.s.q.c.c.MainQueueConsumerManager - [QK(CalculatedFields,TB_RULE_ENGINE,system)-2] Launching consumer
2025-12-08 08:19:16,363 [tb-cf-mgmt-0-1] INFO  o.t.s.q.c.c.MainQueueConsumerManager - [QK(CalculatedFields,TB_RULE_ENGINE,system)-4] Launching consumer
2025-12-08 08:19:16,365 [tb-cf-mgmt-0-1] INFO  o.t.s.q.c.c.MainQueueConsumerManager - [QK(CalculatedFields,TB_RULE_ENGINE,system)-6] Launching consumer
2025-12-08 08:19:16,367 [tb-cf-mgmt-0-1] INFO  o.t.s.q.c.c.MainQueueConsumerManager - [QK(CalculatedFields,TB_RULE_ENGINE,system)-8] Launching consumer
2025-12-08 08:19:16,375 [main] INFO  o.t.s.s.q.DefaultTbRuleEngineConsumerService - Handling partition change event: PartitionChangeEvent(super=TbApplicationEvent(sequenceNumber=2), serviceType=TB_RULE_ENGINE, newPartitions={QK(CalculatedFields,TB_RULE_ENGINE,system)=[tb_cf_event.1, tb_cf_event.3, tb_cf_event.5, tb_cf_event.7, tb_cf_event.9, tb_cf_event.0, tb_cf_event.2, tb_cf_event.4, tb_cf_event.6, tb_cf_event.8], QK(CalculatedFieldStates,TB_RULE_ENGINE,system)=[tb_cf_state.1, tb_cf_state.3, tb_cf_state.5, tb_cf_state.7, tb_cf_state.9, tb_cf_state.0, tb_cf_state.2, tb_cf_state.4, tb_cf_state.6, tb_cf_state.8], QK(HighPriority,TB_RULE_ENGINE,system)=[tb_rule_engine.hp.1, tb_rule_engine.hp.3, tb_rule_engine.hp.5, tb_rule_engine.hp.7, tb_rule_engine.hp.9, tb_rule_engine.hp.0, tb_rule_engine.hp.2, tb_rule_engine.hp.4, tb_rule_engine.hp.6, tb_rule_engine.hp.8], QK(SequentialByOriginator,TB_RULE_ENGINE,system)=[tb_rule_engine.sq.0, tb_rule_engine.sq.2, tb_rule_engine.sq.4, tb_rule_engine.sq.6, tb_rule_engine.sq.8, tb_rule_engine.sq.1, tb_rule_engine.sq.3, tb_rule_engine.sq.5, tb_rule_engine.sq.7, tb_rule_engine.sq.9], QK(Main,TB_RULE_ENGINE,system)=[tb_rule_engine.main.0, tb_rule_engine.main.2, tb_rule_engine.main.4, tb_rule_engine.main.6, tb_rule_engine.main.8, tb_rule_engine.main.1, tb_rule_engine.main.3, tb_rule_engine.main.5, tb_rule_engine.main.7, tb_rule_engine.main.9]}, oldPartitions={QK(Main,TB_VC_EXECUTOR,system)=[], QK(CalculatedFields,TB_RULE_ENGINE,system)=[], QK(CalculatedFieldStates,TB_RULE_ENGINE,system)=[], QK(Main,TB_CORE,system)=[], QK(HighPriority,TB_RULE_ENGINE,system)=[], QK(SequentialByOriginator,TB_RULE_ENGINE,system)=[], QK(Main,EDQS,system)=[], QK(Edge,TB_CORE,system)=[], QK(Main,TB_RULE_ENGINE,system)=[]})
2025-12-08 08:19:16,378 [tb-rule-engine-mgmt-0-1] INFO  o.t.s.q.c.c.MainQueueConsumerManager - [QK(HighPriority,TB_RULE_ENGINE,system)] Added partitions: [tb_rule_engine.hp.1, tb_rule_engine.hp.3, tb_rule_engine.hp.5, tb_rule_engine.hp.7, tb_rule_engine.hp.9, tb_rule_engine.hp.0, tb_rule_engine.hp.2, tb_rule_engine.hp.4, tb_rule_engine.hp.6, tb_rule_engine.hp.8], removed partitions: []
2025-12-08 08:19:16,378 [main] INFO  o.t.s.s.t.TbCoreTransportApiService - Received application ready event. Starting polling for events.
2025-12-08 08:19:16,378 [tb-rule-engine-mgmt-0-1] INFO  o.t.s.q.c.c.MainQueueConsumerManager - [QK(HighPriority,TB_RULE_ENGINE,system)-1] Launching consumer
2025-12-08 08:19:16,379 [tb-rule-engine-mgmt-0-2] INFO  o.t.s.q.c.c.MainQueueConsumerManager - [QK(SequentialByOriginator,TB_RULE_ENGINE,system)] Added partitions: [tb_rule_engine.sq.0, tb_rule_engine.sq.2, tb_rule_engine.sq.4, tb_rule_engine.sq.6, tb_rule_engine.sq.8, tb_rule_engine.sq.1, tb_rule_engine.sq.3, tb_rule_engine.sq.5, tb_rule_engine.sq.7, tb_rule_engine.sq.9], removed partitions: []
2025-12-08 08:19:16,379 [tb-rule-engine-mgmt-0-2] INFO  o.t.s.q.c.c.MainQueueConsumerManager - [QK(SequentialByOriginator,TB_RULE_ENGINE,system)-0] Launching consumer
2025-12-08 08:19:16,380 [tb-rule-engine-mgmt-0-1] INFO  o.t.s.q.c.c.MainQueueConsumerManager - [QK(HighPriority,TB_RULE_ENGINE,system)-3] Launching consumer
2025-12-08 08:19:16,379 [tb-rule-engine-mgmt-0-3] INFO  o.t.s.q.c.c.MainQueueConsumerManager - [QK(Main,TB_RULE_ENGINE,system)] Added partitions: [tb_rule_engine.main.0, tb_rule_engine.main.2, tb_rule_engine.main.4, tb_rule_engine.main.6, tb_rule_engine.main.8, tb_rule_engine.main.1, tb_rule_engine.main.3, tb_rule_engine.main.5, tb_rule_engine.main.7, tb_rule_engine.main.9], removed partitions: []
2025-12-08 08:19:16,380 [tb-rule-engine-mgmt-0-3] INFO  o.t.s.q.c.c.MainQueueConsumerManager - [QK(Main,TB_RULE_ENGINE,system)-0] Launching consumer
2025-12-08 08:19:16,384 [main] INFO  o.t.s.q.c.c.QueueConsumerManager - [TB Transport] Launching consumer
2025-12-08 08:19:16,384 [tb-rule-engine-mgmt-0-1] INFO  o.t.s.q.c.c.MainQueueConsumerManager - [QK(HighPriority,TB_RULE_ENGINE,system)-5] Launching consumer
2025-12-08 08:19:16,386 [tb-rule-engine-mgmt-0-2] INFO  o.t.s.q.c.c.MainQueueConsumerManager - [QK(SequentialByOriginator,TB_RULE_ENGINE,system)-2] Launching consumer
2025-12-08 08:19:16,387 [tb-rule-engine-mgmt-0-3] INFO  o.t.s.q.c.c.MainQueueConsumerManager - [QK(Main,TB_RULE_ENGINE,system)-2] Launching consumer
2025-12-08 08:19:16,387 [tb-rule-engine-mgmt-0-2] INFO  o.t.s.q.c.c.MainQueueConsumerManager - [QK(SequentialByOriginator,TB_RULE_ENGINE,system)-4] Launching consumer
2025-12-08 08:19:16,391 [tb-rule-engine-mgmt-0-2] INFO  o.t.s.q.c.c.MainQueueConsumerManager - [QK(SequentialByOriginator,TB_RULE_ENGINE,system)-6] Launching consumer
2025-12-08 08:19:16,389 [tb-rule-engine-mgmt-0-1] INFO  o.t.s.q.c.c.MainQueueConsumerManager - [QK(HighPriority,TB_RULE_ENGINE,system)-7] Launching consumer
2025-12-08 08:19:16,392 [tb-rule-engine-mgmt-0-2] INFO  o.t.s.q.c.c.MainQueueConsumerManager - [QK(SequentialByOriginator,TB_RULE_ENGINE,system)-8] Launching consumer
2025-12-08 08:19:16,394 [tb-rule-engine-mgmt-0-1] INFO  o.t.s.q.c.c.MainQueueConsumerManager - [QK(HighPriority,TB_RULE_ENGINE,system)-9] Launching consumer
2025-12-08 08:19:16,395 [tb-rule-engine-mgmt-0-2] INFO  o.t.s.q.c.c.MainQueueConsumerManager - [QK(SequentialByOriginator,TB_RULE_ENGINE,system)-1] Launching consumer
2025-12-08 08:19:16,395 [tb-rule-engine-mgmt-0-1] INFO  o.t.s.q.c.c.MainQueueConsumerManager - [QK(HighPriority,TB_RULE_ENGINE,system)-0] Launching consumer
2025-12-08 08:19:16,396 [tb-rule-engine-mgmt-0-2] INFO  o.t.s.q.c.c.MainQueueConsumerManager - [QK(SequentialByOriginator,TB_RULE_ENGINE,system)-3] Launching consumer
2025-12-08 08:19:16,390 [tb-rule-engine-mgmt-0-3] INFO  o.t.s.q.c.c.MainQueueConsumerManager - [QK(Main,TB_RULE_ENGINE,system)-4] Launching consumer
2025-12-08 08:19:16,397 [tb-rule-engine-mgmt-0-3] INFO  o.t.s.q.c.c.MainQueueConsumerManager - [QK(Main,TB_RULE_ENGINE,system)-6] Launching consumer
2025-12-08 08:19:16,398 [tb-rule-engine-mgmt-0-2] INFO  o.t.s.q.c.c.MainQueueConsumerManager - [QK(SequentialByOriginator,TB_RULE_ENGINE,system)-5] Launching consumer
2025-12-08 08:19:16,399 [tb-rule-engine-mgmt-0-2] INFO  o.t.s.q.c.c.MainQueueConsumerManager - [QK(SequentialByOriginator,TB_RULE_ENGINE,system)-7] Launching consumer
2025-12-08 08:19:16,400 [tb-rule-engine-mgmt-0-1] INFO  o.t.s.q.c.c.MainQueueConsumerManager - [QK(HighPriority,TB_RULE_ENGINE,system)-2] Launching consumer
2025-12-08 08:19:16,400 [tb-rule-engine-mgmt-0-3] INFO  o.t.s.q.c.c.MainQueueConsumerManager - [QK(Main,TB_RULE_ENGINE,system)-8] Launching consumer
2025-12-08 08:19:16,401 [tb-rule-engine-mgmt-0-1] INFO  o.t.s.q.c.c.MainQueueConsumerManager - [QK(HighPriority,TB_RULE_ENGINE,system)-4] Launching consumer
2025-12-08 08:19:16,401 [tb-rule-engine-mgmt-0-2] INFO  o.t.s.q.c.c.MainQueueConsumerManager - [QK(SequentialByOriginator,TB_RULE_ENGINE,system)-9] Launching consumer
2025-12-08 08:19:16,402 [tb-rule-engine-mgmt-0-3] INFO  o.t.s.q.c.c.MainQueueConsumerManager - [QK(Main,TB_RULE_ENGINE,system)-1] Launching consumer
2025-12-08 08:19:16,406 [tb-rule-engine-mgmt-0-3] INFO  o.t.s.q.c.c.MainQueueConsumerManager - [QK(Main,TB_RULE_ENGINE,system)-3] Launching consumer
2025-12-08 08:19:16,409 [tb-rule-engine-mgmt-0-1] INFO  o.t.s.q.c.c.MainQueueConsumerManager - [QK(HighPriority,TB_RULE_ENGINE,system)-6] Launching consumer
2025-12-08 08:19:16,409 [tb-rule-engine-mgmt-0-3] INFO  o.t.s.q.c.c.MainQueueConsumerManager - [QK(Main,TB_RULE_ENGINE,system)-5] Launching consumer
2025-12-08 08:19:16,433 [tb-rule-engine-mgmt-0-3] INFO  o.t.s.q.c.c.MainQueueConsumerManager - [QK(Main,TB_RULE_ENGINE,system)-7] Launching consumer
2025-12-08 08:19:16,433 [tb-rule-engine-mgmt-0-1] INFO  o.t.s.q.c.c.MainQueueConsumerManager - [QK(HighPriority,TB_RULE_ENGINE,system)-8] Launching consumer
2025-12-08 08:19:16,434 [tb-rule-engine-mgmt-0-3] INFO  o.t.s.q.c.c.MainQueueConsumerManager - [QK(Main,TB_RULE_ENGINE,system)-9] Launching consumer
2025-12-08 08:19:16,436 [device-state-scheduled-21-thread-1] INFO  o.t.s.s.s.DefaultDeviceStateService - [tb_core.6] Submit task for device states: 1
2025-12-08 08:19:16,438 [device-state-scheduled-21-thread-1] INFO  o.t.s.s.s.DefaultDeviceStateService - [tb_core.4] Submit task for device states: 1
2025-12-08 08:19:16,440 [device-state-scheduled-21-thread-1] INFO  o.t.s.s.s.DefaultDeviceStateService - [tb_core.7] Submit task for device states: 1
2025-12-08 08:19:16,440 [device-state-scheduled-21-thread-1] INFO  o.t.s.s.s.DefaultDeviceStateService - [tb_core.9] Submit task for device states: 3
2025-12-08 08:19:16,440 [device-state-scheduled-21-thread-1] INFO  o.t.s.s.s.DefaultDeviceStateService - [tb_core.5] Submit task for device states: 2
2025-12-08 08:19:16,440 [device-state-scheduled-21-thread-1] INFO  o.t.s.s.s.DefaultDeviceStateService - [tb_core.2] Submit task for device states: 2
2025-12-08 08:19:16,440 [device-state-scheduled-21-thread-1] INFO  o.t.s.s.s.DefaultDeviceStateService - [tb_core.1] Submit task for device states: 3
2025-12-08 08:19:16,494 [main] INFO  o.e.c.c.network.RandomTokenGenerator - using tokens of 8 bytes in length
2025-12-08 08:19:16,495 [main] INFO  o.e.c.core.network.CoapEndpoint - [LWM2M Server-coap://0.0.0.0:5685] CoapEndpoint uses udp context
2025-12-08 08:19:16,495 [main] INFO  o.e.c.c.network.stack.BlockwiseLayer - [LWM2M Server-coap://0.0.0.0:5685] BlockwiseLayer uses MAX_MESSAGE_SIZE=1024, PREFERRED_BLOCK_SIZE=1024, BLOCKWISE_STATUS_LIFETIME=300000, MAX_RESOURCE_BODY_SIZE=268435456, BLOCKWISE_STRICT_BLOCK2_OPTION=true
2025-12-08 08:19:16,499 [main] INFO  o.t.s.t.l.s.DefaultLwM2mTransportService - Unable to load X509 files for LWM2MServer
2025-12-08 08:19:16,504 [main] WARN  o.e.l.s.c.e.c.CoapsServerEndpointFactory - PskStore should be automatically set by Leshan. Using a custom implementation is not advised.
2025-12-08 08:19:16,505 [main] INFO  o.e.c.s.d.InMemoryReadWriteLockConnectionStore - Created new InMemoryConnectionStore [capacity: 150000, connection expiration threshold: 1800s]
2025-12-08 08:19:16,506 [main] INFO  o.e.c.c.network.RandomTokenGenerator - using tokens of 8 bytes in length
2025-12-08 08:19:16,508 [main] INFO  o.e.c.core.network.CoapEndpoint - [LWM2M Server-coaps://0.0.0.0:5686] CoapEndpoint uses lwm2m correlation
2025-12-08 08:19:16,508 [main] INFO  o.e.c.c.network.stack.BlockwiseLayer - [LWM2M Server-coaps://0.0.0.0:5686] BlockwiseLayer uses MAX_MESSAGE_SIZE=1024, PREFERRED_BLOCK_SIZE=1024, BLOCKWISE_STATUS_LIFETIME=300000, MAX_RESOURCE_BODY_SIZE=268435456, BLOCKWISE_STRICT_BLOCK2_OPTION=true
2025-12-08 08:19:16,511 [device-state-0-3] INFO  o.t.s.s.s.DefaultDeviceStateService - [7] Initialized 1 out of 1 device states
2025-12-08 08:19:16,511 [device-state-0-2] INFO  o.t.s.s.s.DefaultDeviceStateService - [4] Initialized 1 out of 1 device states
2025-12-08 08:19:16,511 [device-state-0-6] INFO  o.t.s.s.s.DefaultDeviceStateService - [2] Initialized 2 out of 2 device states
2025-12-08 08:19:16,511 [device-state-0-7] INFO  o.t.s.s.s.DefaultDeviceStateService - [1] Initialized 3 out of 3 device states
2025-12-08 08:19:16,511 [device-state-0-1] INFO  o.t.s.s.s.DefaultDeviceStateService - [6] Initialized 1 out of 1 device states
2025-12-08 08:19:16,511 [device-state-0-4] INFO  o.t.s.s.s.DefaultDeviceStateService - [9] Initialized 3 out of 3 device states
2025-12-08 08:19:16,512 [device-state-0-5] INFO  o.t.s.s.s.DefaultDeviceStateService - [5] Initialized 2 out of 2 device states
2025-12-08 08:19:16,513 [device-state-0-4] INFO  o.t.s.s.p.AbstractPartitionBasedService - [Device State] Managing following partitions:
2025-12-08 08:19:16,513 [device-state-0-4] INFO  o.t.s.s.p.AbstractPartitionBasedService - [Device State][tb_core.4]: 1 entities
2025-12-08 08:19:16,514 [device-state-0-4] INFO  o.t.s.s.p.AbstractPartitionBasedService - [Device State][tb_core.8]: 0 entities
2025-12-08 08:19:16,515 [device-state-0-4] INFO  o.t.s.s.p.AbstractPartitionBasedService - [Device State][tb_core.0]: 0 entities
2025-12-08 08:19:16,515 [device-state-0-4] INFO  o.t.s.s.p.AbstractPartitionBasedService - [Device State][tb_core.3]: 0 entities
2025-12-08 08:19:16,515 [device-state-0-4] INFO  o.t.s.s.p.AbstractPartitionBasedService - [Device State][tb_core.7]: 1 entities
2025-12-08 08:19:16,515 [device-state-0-4] INFO  o.t.s.s.p.AbstractPartitionBasedService - [Device State][tb_core.2]: 2 entities
2025-12-08 08:19:16,515 [device-state-0-4] INFO  o.t.s.s.p.AbstractPartitionBasedService - [Device State][tb_core.6]: 1 entities
2025-12-08 08:19:16,515 [device-state-0-4] INFO  o.t.s.s.p.AbstractPartitionBasedService - [Device State][tb_core.5]: 2 entities
2025-12-08 08:19:16,515 [device-state-0-4] INFO  o.t.s.s.p.AbstractPartitionBasedService - [Device State][tb_core.1]: 3 entities
2025-12-08 08:19:16,515 [device-state-0-4] INFO  o.t.s.s.p.AbstractPartitionBasedService - [Device State][tb_core.9]: 3 entities
2025-12-08 08:19:16,523 [main] INFO  o.t.s.t.l.s.DefaultLwM2mTransportService - Starting LwM2M transport server...
2025-12-08 08:19:16,525 [main] INFO  o.e.californium.core.CoapServer - Starting server
2025-12-08 08:19:16,530 [main] INFO  o.e.c.elements.UDPConnector - UDPConnector starts up 2 sender threads and 2 receiver threads
2025-12-08 08:19:16,534 [main] INFO  o.e.c.elements.UDPConnector - UDPConnector listening on /[0:0:0:0:0:0:0:0]:5685, recv buf = 106496, send buf = 106496, recv packet size = 2048
2025-12-08 08:19:16,534 [main] INFO  o.e.c.core.network.CoapEndpoint - [LWM2M Server-coap://0.0.0.0:5685] Started endpoint at coap://[0:0:0:0:0:0:0:0]:5685
2025-12-08 08:19:16,541 [main] INFO  o.e.c.scandium.DTLSConnector - multiple network interfaces, using smallest MTU [IPv4 1500, IPv6 1280]
2025-12-08 08:19:16,543 [DTLS-Receiver-0-/[0:0:0:0:0:0:0:0]:5686] INFO  o.e.c.scandium.DTLSConnector - Starting worker thread [DTLS-Receiver-0-/[0:0:0:0:0:0:0:0]:5686]
2025-12-08 08:19:16,544 [main] INFO  o.e.c.scandium.DTLSConnector - DTLSConnector listening on /[0:0:0:0:0:0:0:0]:5686, recv buf = 106496, send buf = 106496, recv packet size = 16490, MTU = IPv4 1500 / IPv6 1280
2025-12-08 08:19:16,544 [DTLS-Receiver-1-/[0:0:0:0:0:0:0:0]:5686] INFO  o.e.c.scandium.DTLSConnector - Starting worker thread [DTLS-Receiver-1-/[0:0:0:0:0:0:0:0]:5686]
2025-12-08 08:19:16,544 [main] INFO  o.e.c.core.network.CoapEndpoint - [LWM2M Server-coaps://0.0.0.0:5686] Started endpoint at coaps://[0:0:0:0:0:0:0:0]:5686
2025-12-08 08:19:16,544 [main] INFO  o.eclipse.leshan.server.LeshanServer - LWM2M server started.
2025-12-08 08:19:16,544 [main] INFO  o.eclipse.leshan.server.LeshanServer - CoAP over UDP endpoint based on Californium library available at coap://[0:0:0:0:0:0:0:0]:5685.
2025-12-08 08:19:16,545 [main] INFO  o.eclipse.leshan.server.LeshanServer - CoAP over DTLS endpoint based on Californium/Scandium library available at coaps://[0:0:0:0:0:0:0:0]:5686.
2025-12-08 08:19:16,550 [main] INFO  o.t.s.t.l.s.DefaultLwM2mTransportService - Started LwM2M transport server.
2025-12-08 08:19:16,550 [main] INFO  o.t.s.t.snmp.SnmpTransportContext - Initializing SNMP devices sessions
2025-12-08 08:19:17,931 [main] INFO  o.t.s.ThingsboardServerApplication - Started ThingsBoard in 49 seconds
2025-12-08 08:19:17,940 [DbCallbackExecutorService-0-1] INFO  o.t.s.s.p.AbstractPartitionBasedService - [API Usage] Managing following partitions:
2025-12-08 08:19:17,941 [DbCallbackExecutorService-0-1] INFO  o.t.s.s.p.AbstractPartitionBasedService - [API Usage][tb_core.4]: 0 entities
2025-12-08 08:19:17,941 [DbCallbackExecutorService-0-1] INFO  o.t.s.s.p.AbstractPartitionBasedService - [API Usage][tb_core.8]: 0 entities
2025-12-08 08:19:17,941 [DbCallbackExecutorService-0-1] INFO  o.t.s.s.p.AbstractPartitionBasedService - [API Usage][tb_core.0]: 0 entities
2025-12-08 08:19:17,941 [DbCallbackExecutorService-0-1] INFO  o.t.s.s.p.AbstractPartitionBasedService - [API Usage][tb_core.3]: 1 entities
2025-12-08 08:19:17,941 [DbCallbackExecutorService-0-1] INFO  o.t.s.s.p.AbstractPartitionBasedService - [API Usage][tb_core.7]: 1 entities
2025-12-08 08:19:17,941 [DbCallbackExecutorService-0-1] INFO  o.t.s.s.p.AbstractPartitionBasedService - [API Usage][tb_core.2]: 0 entities
2025-12-08 08:19:17,941 [DbCallbackExecutorService-0-1] INFO  o.t.s.s.p.AbstractPartitionBasedService - [API Usage][tb_core.6]: 0 entities
2025-12-08 08:19:17,941 [DbCallbackExecutorService-0-1] INFO  o.t.s.s.p.AbstractPartitionBasedService - [API Usage][tb_core.5]: 0 entities
2025-12-08 08:19:17,941 [DbCallbackExecutorService-0-1] INFO  o.t.s.s.p.AbstractPartitionBasedService - [API Usage][tb_core.1]: 0 entities
2025-12-08 08:19:17,941 [DbCallbackExecutorService-0-1] INFO  o.t.s.s.p.AbstractPartitionBasedService - [API Usage][tb_core.9]: 0 entities
2025-12-08 08:19:18,607 [rule-dispatcher-0-5] INFO  o.t.s.d.s.i.s.SqlPartitioningRepository - Saving partition 1764806400000-1765411200000 for table lc_event
2025-12-08 08:19:18,676 [sql-log-2-thread-1] INFO  o.t.s.dao.sql.TbSqlBlockingQueue - Queue-1 [TS] queueSize [0] totalAdded [7] totalSaved [7] totalFailed [0]
2025-12-08 08:19:18,712 [sql-log-2-thread-1] INFO  o.t.s.dao.sql.TbSqlBlockingQueue - Queue-1 [TS Latest] queueSize [0] totalAdded [7] totalSaved [7] totalFailed [0]
2025-12-08 08:19:19,353 [rule-dispatcher-0-3] INFO  c.d.oss.driver.api.core.uuid.Uuids - PID obtained through native call to getpid(): 22
2025-12-08 08:19:25,491 [sql-log-2-thread-1] INFO  o.t.s.dao.sql.TbSqlBlockingQueue - Queue-0 [Events] queueSize [0] totalAdded [7] totalSaved [7] totalFailed [0]
2025-12-08 08:19:25,494 [sql-log-2-thread-1] INFO  o.t.s.dao.sql.TbSqlBlockingQueue - Queue-1 [Events] queueSize [0] totalAdded [2] totalSaved [2] totalFailed [0]
2025-12-08 08:19:25,495 [sql-log-2-thread-1] INFO  o.t.s.dao.sql.TbSqlBlockingQueue - Queue-2 [Events] queueSize [0] totalAdded [9] totalSaved [9] totalFailed [0]
2025-12-08 08:19:26,275 [git-sync-43-thread-1] INFO  o.t.s.s.sync.DefaultGitSyncService - [gateways-dashboard] Initialized repository
2025-12-08 08:19:27,354 [git-sync-43-thread-1] INFO  o.t.s.d.resource.BaseResourceService - Updating system resource gateway-management-extension.js
2025-12-08 08:19:27,376 [git-sync-43-thread-1] INFO  org.owasp.validator.html.Policy - Attempting to load AntiSamy policy from an input stream.
2025-12-08 08:19:27,669 [git-sync-43-thread-1] WARN  org.owasp.validator.html.Policy - The directive "noopenerAndNoreferrerAnchors" is enabled by default, but disabled in this policy. It is recommended to leave it enabled to prevent reverse tabnabbing attacks.
2025-12-08 08:19:27,875 [app-dispatcher-31-thread-1] WARN  o.t.server.actors.app.AppActor - Message has system tenant id: ComponentLifecycleMsg(tenantId=13814000-1dd2-11b2-8080-808080808080, entityId=54758d20-ccf1-11f0-81f3-0bf1425738f5, event=UPDATED, oldName=null, name=null, oldProfileId=null, profileId=null, info=null)
2025-12-08 08:19:28,228 [app-dispatcher-31-thread-1] WARN  o.t.server.actors.app.AppActor - Message has system tenant id: ComponentLifecycleMsg(tenantId=13814000-1dd2-11b2-8080-808080808080, entityId=5471bc90-ccf1-11f0-81f3-0bf1425738f5, event=UPDATED, oldName=null, name=null, oldProfileId=null, profileId=null, info=null)
2025-12-08 08:19:28,993 [git-sync-43-thread-1] INFO  o.t.s.d.resource.BaseResourceService - Updating system resource gateways_dashboard.json
2025-12-08 08:19:29,009 [git-sync-43-thread-1] INFO  o.t.s.s.e.d.DashboardSyncService - Gateways dashboard sync completed
2025-12-08 08:19:29,010 [app-dispatcher-31-thread-1] WARN  o.t.server.actors.app.AppActor - Message has system tenant id: ComponentLifecycleMsg(tenantId=13814000-1dd2-11b2-8080-808080808080, entityId=5485b9c0-ccf1-11f0-81f3-0bf1425738f5, event=UPDATED, oldName=null, name=null, oldProfileId=null, profileId=null, info=null)
2025-12-08 08:19:48,670 [rule-dispatcher-0-4] INFO  o.t.s.d.s.i.s.SqlPartitioningRepository - Saving partition 1764806400000-1765411200000 for table error_event
2025-12-08 08:19:48,675 [rule-dispatcher-0-4] INFO  o.t.server.actors.TbActorMailbox - [RULE_NODE|4ee21770-cf62-11f0-b928-f5b3ab8e93ac] Failed to init actor, attempt 1, going to retry in attempts in 5000ms
2025-12-08 08:19:55,481 [sql-log-2-thread-1] INFO  o.t.s.dao.sql.TbSqlBlockingQueue - Queue-2 [Events] queueSize [0] totalAdded [2] totalSaved [2] totalFailed [0]
2025-12-08 08:20:14,978 [TB-Scheduling-8] INFO  o.t.s.dao.aspect.SqlDaoCallsAspect - Total timing statistics below:
2025-12-08 08:20:14,981 [TB-Scheduling-8] INFO  o.t.s.dao.aspect.SqlDaoCallsAspect - [5489b160-ccf1-11f0-81f3-0bf1425738f5]: calls: 49, failures: 0, exec time: 4327 
2025-12-08 08:20:14,982 [TB-Scheduling-8] INFO  o.t.s.dao.aspect.SqlDaoCallsAspect - [5489b160-ccf1-11f0-81f3-0bf1425738f5] Top 3 methods by timing:
2025-12-08 08:20:14,983 [TB-Scheduling-8] INFO  o.t.s.dao.aspect.SqlDaoCallsAspect - [5489b160-ccf1-11f0-81f3-0bf1425738f5]: method: JpaAbstractDao.findById(..), calls: 38, failures: 0, exec time: 1887
2025-12-08 08:20:14,983 [TB-Scheduling-8] INFO  o.t.s.dao.aspect.SqlDaoCallsAspect - [5489b160-ccf1-11f0-81f3-0bf1425738f5]: method: JpaCalculatedFieldLinkDao.findAllByTenantId(..), calls: 1, failures: 0, exec time: 1333
2025-12-08 08:20:14,983 [TB-Scheduling-8] INFO  o.t.s.dao.aspect.SqlDaoCallsAspect - [5489b160-ccf1-11f0-81f3-0bf1425738f5]: method: JpaRuleChainDao.findRuleChainsByTenantIdAndType(..), calls: 1, failures: 0, exec time: 429
2025-12-08 08:20:14,992 [TB-Scheduling-11] INFO  o.t.s.c.t.s.DefaultTransportService - Transport Stats: openConnections [0]
2025-12-08 08:20:14,992 [TB-Scheduling-16] INFO  o.t.s.s.queue.EdgeConsumerStats - Edge Stats: totalMsgs = [14] edgeNfs = [14] coreNfEdgeHPUpd = [0] coreNfEdgeUpd = [0] coreNfEdgeSyncReq = [0] coreNfEdgeSyncResp = [0] coreNfEdgeCompLfcl = [0] 
2025-12-08 08:20:14,993 [TB-Scheduling-10] INFO  o.t.s.s.queue.TbCoreConsumerStats - Core Stats: totalMsgs = [4] sessionEvents = [0] getAttr = [0] subToAttr = [0] subToRpc = [0] toDevRpc = [0] subInfo = [0] claimDevice = [0] deviceState = [0] subMsgs = [0] deviceConnect = [0] deviceActivity = [0] deviceDisconnect = [0] deviceInactivity = [0] deviceInactivityTimeoutUpdate = [0] coreNfOther = [1] coreNfCompLfcl = [3] coreNfDevRpcRsp = [0] coreNfNfRlProc = [0] coreNfQueueUpd = [0] coreNfQueueDel = [0] coreNfSubSvc = [0] coreNfSubMgr = [0] coreNfVCRsp = [0] 
2025-12-08 08:20:23,682 [rule-dispatcher-0-4] INFO  o.t.server.actors.TbActorMailbox - [RULE_NODE|4ee21770-cf62-11f0-b928-f5b3ab8e93ac] Failed to init actor, attempt 2, going to retry in attempts in 10000ms
2025-12-08 08:20:25,476 [sql-log-2-thread-1] INFO  o.t.s.dao.sql.TbSqlBlockingQueue - Queue-2 [Events] queueSize [0] totalAdded [2] totalSaved [2] totalFailed [0]
2025-12-08 08:20:28,657 [sql-log-2-thread-1] INFO  o.t.s.dao.sql.TbSqlBlockingQueue - Queue-1 [TS] queueSize [0] totalAdded [7] totalSaved [7] totalFailed [0]
2025-12-08 08:20:28,693 [sql-log-2-thread-1] INFO  o.t.s.dao.sql.TbSqlBlockingQueue - Queue-1 [TS Latest] queueSize [0] totalAdded [7] totalSaved [7] totalFailed [0]
2025-12-08 08:20:51,726 [background-preinit] INFO  o.h.validator.internal.util.Version - HV000001: Hibernate Validator 8.0.3.Final
2025-12-08 08:20:51,920 [main] INFO  o.t.s.ThingsboardServerApplication - Starting ThingsboardServerApplication v4.2.1 using Java 17.0.16 with PID 22 (/usr/share/thingsboard/bin/thingsboard.jar started by thingsboard in /)
2025-12-08 08:20:51,922 [main] INFO  o.t.s.ThingsboardServerApplication - No active profile set, falling back to 1 default profile: "default"
2025-12-08 08:20:52,625 [main] WARN  o.s.c.a.AnnotationTypeMapping - Support for convention-based annotation attribute overrides is deprecated and will be removed in Spring Framework 7.0. Please annotate the following attributes in @org.thingsboard.server.config.annotations.ApiOperation with appropriate @AliasFor declarations: [hidden, requestBody, responses]
2025-12-08 08:20:58,061 [main] INFO  o.s.d.r.c.RepositoryConfigurationDelegate - Multiple Spring Data modules found, entering strict repository configuration mode
2025-12-08 08:20:58,061 [main] INFO  o.s.d.r.c.RepositoryConfigurationDelegate - Bootstrapping Spring Data JPA repositories in LAZY mode.
2025-12-08 08:20:58,386 [main] INFO  o.s.d.r.c.RepositoryConfigurationDelegate - Finished Spring Data repository scanning in 301 ms. Found 7 JPA repository interfaces.
2025-12-08 08:20:58,397 [main] INFO  o.s.d.r.c.RepositoryConfigurationDelegate - Multiple Spring Data modules found, entering strict repository configuration mode
2025-12-08 08:20:58,398 [main] INFO  o.s.d.r.c.RepositoryConfigurationDelegate - Bootstrapping Spring Data JPA repositories in LAZY mode.
2025-12-08 08:20:58,815 [main] INFO  o.s.d.r.c.RepositoryConfigurationDelegate - Finished Spring Data repository scanning in 413 ms. Found 57 JPA repository interfaces.
2025-12-08 08:20:58,818 [main] INFO  o.s.d.r.c.RepositoryConfigurationDelegate - Multiple Spring Data modules found, entering strict repository configuration mode
2025-12-08 08:20:58,818 [main] INFO  o.s.d.r.c.RepositoryConfigurationDelegate - Bootstrapping Spring Data JPA repositories in LAZY mode.
2025-12-08 08:20:58,835 [main] INFO  o.s.d.r.c.RepositoryConfigurationDelegate - Finished Spring Data repository scanning in 12 ms. Found 1 JPA repository interface.
2025-12-08 08:20:58,836 [main] INFO  o.s.d.r.c.RepositoryConfigurationDelegate - Multiple Spring Data modules found, entering strict repository configuration mode
2025-12-08 08:20:58,837 [main] INFO  o.s.d.r.c.RepositoryConfigurationDelegate - Bootstrapping Spring Data JPA repositories in LAZY mode.
2025-12-08 08:20:58,851 [main] INFO  o.s.d.r.c.RepositoryConfigurationDelegate - Finished Spring Data repository scanning in 10 ms. Found 1 JPA repository interface.
2025-12-08 08:21:01,061 [main] INFO  o.s.i.c.DefaultConfiguringBeanFactoryPostProcessor - No bean named 'errorChannel' has been explicitly defined. Therefore, a default PublishSubscribeChannel will be created.
2025-12-08 08:21:01,108 [main] INFO  o.s.i.c.DefaultConfiguringBeanFactoryPostProcessor - No bean named 'integrationHeaderChannelRegistry' has been explicitly defined. Therefore, a default DefaultHeaderChannelRegistry will be created.
2025-12-08 08:21:03,008 [main] INFO  o.t.s.q.d.DefaultTbServiceInfoProvider - Current Service ID: 79f60819dd0a
2025-12-08 08:21:04,999 [main] INFO  o.h.jpa.internal.util.LogHelper - HHH000204: Processing PersistenceUnitInfo [name: default]
2025-12-08 08:21:05,196 [main] INFO  org.hibernate.Version - HHH000412: Hibernate ORM core version 6.6.29.Final
2025-12-08 08:21:05,319 [main] INFO  o.h.c.i.RegionFactoryInitiator - HHH000026: Second-level cache disabled
2025-12-08 08:21:05,644 [main] INFO  com.zaxxer.hikari.HikariDataSource - HikariPool-1 - Starting...
2025-12-08 08:21:05,893 [main] INFO  com.zaxxer.hikari.pool.HikariPool - HikariPool-1 - Added connection org.postgresql.jdbc.PgConnection@726e3907
2025-12-08 08:21:05,899 [main] INFO  com.zaxxer.hikari.HikariDataSource - HikariPool-1 - Start completed.
2025-12-08 08:21:06,010 [main] INFO  o.hibernate.orm.connections.pooling - HHH10001005: Database info:
	Database JDBC URL [Connecting through datasource 'HikariDataSource (HikariPool-1)']
	Database driver: undefined/unknown
	Database version: 12.0
	Autocommit mode: undefined/unknown
	Isolation level: undefined/unknown
	Minimum pool size: undefined/unknown
	Maximum pool size: undefined/unknown
2025-12-08 08:21:06,667 [main] INFO  o.s.o.j.p.SpringPersistenceUnitInfo - No LoadTimeWeaver setup: ignoring JPA class transformer
2025-12-08 08:21:11,534 [main] INFO  o.h.e.t.j.p.i.JtaPlatformInitiator - HHH000489: No JTA platform available (set 'hibernate.transaction.jta.platform' to enable JTA platform integration)
2025-12-08 08:21:11,559 [main] INFO  o.s.o.j.LocalContainerEntityManagerFactoryBean - Initialized JPA EntityManagerFactory for persistence unit 'default'
2025-12-08 08:21:12,397 [main] INFO  o.s.d.j.r.query.QueryEnhancerFactory - Hibernate is in classpath; If applicable, HQL parser will be used.
2025-12-08 08:22:00,281 [background-preinit] INFO  o.h.validator.internal.util.Version - HV000001: Hibernate Validator 8.0.3.Final
2025-12-08 08:22:00,429 [main] INFO  o.t.s.ThingsboardServerApplication - Starting ThingsboardServerApplication v4.2.1 using Java 17.0.16 with PID 22 (/usr/share/thingsboard/bin/thingsboard.jar started by thingsboard in /)
2025-12-08 08:22:00,431 [main] INFO  o.t.s.ThingsboardServerApplication - No active profile set, falling back to 1 default profile: "default"
2025-12-08 08:22:00,983 [main] WARN  o.s.c.a.AnnotationTypeMapping - Support for convention-based annotation attribute overrides is deprecated and will be removed in Spring Framework 7.0. Please annotate the following attributes in @org.thingsboard.server.config.annotations.ApiOperation with appropriate @AliasFor declarations: [hidden, requestBody, responses]
2025-12-08 08:22:05,470 [main] INFO  o.s.d.r.c.RepositoryConfigurationDelegate - Multiple Spring Data modules found, entering strict repository configuration mode
2025-12-08 08:22:05,471 [main] INFO  o.s.d.r.c.RepositoryConfigurationDelegate - Bootstrapping Spring Data JPA repositories in LAZY mode.
2025-12-08 08:22:05,817 [main] INFO  o.s.d.r.c.RepositoryConfigurationDelegate - Finished Spring Data repository scanning in 326 ms. Found 7 JPA repository interfaces.
2025-12-08 08:22:05,823 [main] INFO  o.s.d.r.c.RepositoryConfigurationDelegate - Multiple Spring Data modules found, entering strict repository configuration mode
2025-12-08 08:22:05,824 [main] INFO  o.s.d.r.c.RepositoryConfigurationDelegate - Bootstrapping Spring Data JPA repositories in LAZY mode.
2025-12-08 08:22:06,342 [main] INFO  o.s.d.r.c.RepositoryConfigurationDelegate - Finished Spring Data repository scanning in 513 ms. Found 57 JPA repository interfaces.
2025-12-08 08:22:06,344 [main] INFO  o.s.d.r.c.RepositoryConfigurationDelegate - Multiple Spring Data modules found, entering strict repository configuration mode
2025-12-08 08:22:06,345 [main] INFO  o.s.d.r.c.RepositoryConfigurationDelegate - Bootstrapping Spring Data JPA repositories in LAZY mode.
2025-12-08 08:22:06,359 [main] INFO  o.s.d.r.c.RepositoryConfigurationDelegate - Finished Spring Data repository scanning in 11 ms. Found 1 JPA repository interface.
2025-12-08 08:22:06,360 [main] INFO  o.s.d.r.c.RepositoryConfigurationDelegate - Multiple Spring Data modules found, entering strict repository configuration mode
2025-12-08 08:22:06,361 [main] INFO  o.s.d.r.c.RepositoryConfigurationDelegate - Bootstrapping Spring Data JPA repositories in LAZY mode.
2025-12-08 08:22:06,375 [main] INFO  o.s.d.r.c.RepositoryConfigurationDelegate - Finished Spring Data repository scanning in 10 ms. Found 1 JPA repository interface.
2025-12-08 08:22:07,820 [main] INFO  o.s.i.c.DefaultConfiguringBeanFactoryPostProcessor - No bean named 'errorChannel' has been explicitly defined. Therefore, a default PublishSubscribeChannel will be created.
2025-12-08 08:22:07,850 [main] INFO  o.s.i.c.DefaultConfiguringBeanFactoryPostProcessor - No bean named 'integrationHeaderChannelRegistry' has been explicitly defined. Therefore, a default DefaultHeaderChannelRegistry will be created.
2025-12-08 08:22:09,559 [main] INFO  o.t.s.q.d.DefaultTbServiceInfoProvider - Current Service ID: b545cacd0d45
2025-12-08 08:22:11,402 [main] INFO  o.h.jpa.internal.util.LogHelper - HHH000204: Processing PersistenceUnitInfo [name: default]
2025-12-08 08:22:11,551 [main] INFO  org.hibernate.Version - HHH000412: Hibernate ORM core version 6.6.29.Final
2025-12-08 08:22:11,637 [main] INFO  o.h.c.i.RegionFactoryInitiator - HHH000026: Second-level cache disabled
2025-12-08 08:22:11,898 [main] INFO  com.zaxxer.hikari.HikariDataSource - HikariPool-1 - Starting...
2025-12-08 08:22:12,119 [main] INFO  com.zaxxer.hikari.pool.HikariPool - HikariPool-1 - Added connection org.postgresql.jdbc.PgConnection@50bae745
2025-12-08 08:22:12,123 [main] INFO  com.zaxxer.hikari.HikariDataSource - HikariPool-1 - Start completed.
2025-12-08 08:22:12,226 [main] INFO  o.hibernate.orm.connections.pooling - HHH10001005: Database info:
	Database JDBC URL [Connecting through datasource 'HikariDataSource (HikariPool-1)']
	Database driver: undefined/unknown
	Database version: 12.0
	Autocommit mode: undefined/unknown
	Isolation level: undefined/unknown
	Minimum pool size: undefined/unknown
	Maximum pool size: undefined/unknown
2025-12-08 08:22:12,860 [main] INFO  o.s.o.j.p.SpringPersistenceUnitInfo - No LoadTimeWeaver setup: ignoring JPA class transformer
2025-12-08 08:22:17,381 [main] INFO  o.h.e.t.j.p.i.JtaPlatformInitiator - HHH000489: No JTA platform available (set 'hibernate.transaction.jta.platform' to enable JTA platform integration)
2025-12-08 08:22:17,406 [main] INFO  o.s.o.j.LocalContainerEntityManagerFactoryBean - Initialized JPA EntityManagerFactory for persistence unit 'default'
2025-12-08 08:22:18,218 [main] INFO  o.s.d.j.r.query.QueryEnhancerFactory - Hibernate is in classpath; If applicable, HQL parser will be used.
2025-12-08 08:22:24,194 [main] INFO  o.s.b.w.e.tomcat.TomcatWebServer - Tomcat initialized with port 9090 (http)
2025-12-08 08:22:24,219 [main] INFO  o.a.coyote.http11.Http11NioProtocol - The ["http-nio-0.0.0.0-9090"] connector has been configured to support HTTP upgrade to [h2c]
2025-12-08 08:22:24,220 [main] INFO  o.a.coyote.http11.Http11NioProtocol - Initializing ProtocolHandler ["http-nio-0.0.0.0-9090"]
2025-12-08 08:22:24,224 [main] INFO  o.a.catalina.core.StandardService - Starting service [Tomcat]
2025-12-08 08:22:24,225 [main] INFO  o.a.catalina.core.StandardEngine - Starting Servlet engine: [Apache Tomcat/10.1.46]
2025-12-08 08:22:24,307 [main] INFO  o.a.c.c.C.[Tomcat].[localhost].[/] - Initializing Spring embedded WebApplicationContext
2025-12-08 08:22:24,309 [main] INFO  o.s.b.w.s.c.ServletWebServerApplicationContext - Root WebApplicationContext: initialization completed in 23808 ms
2025-12-08 08:22:24,716 [main] INFO  o.t.s.d.a.CachedAttributesService - Going to use directExecutor for the local cache type caffeine
2025-12-08 08:22:25,974 [main] INFO  o.t.s.s.a.DefaultTbApiUsageStateService - Starting api usage service.
2025-12-08 08:22:25,988 [main] INFO  o.t.s.s.a.DefaultTbApiUsageStateService - Started api usage service.
2025-12-08 08:22:28,881 [main] INFO  o.t.s.t.h.config.PayloadSizeFilter - Initialized payload size filter with configuration: /api/image*/**=52428800;/api/resource/**=52428800;/api/**=16777216
2025-12-08 08:22:28,953 [main] INFO  o.t.s.t.h.config.PayloadSizeFilter - Initialized payload size filter with configuration: /api/v1/*/rpc/**=65536;/api/v1/**=52428800
2025-12-08 08:22:29,108 [main] INFO  o.t.s.q.e.EnvironmentLogService - ThingsBoard server environment: zookeeper.version=3.9.3-c26634f34490bb0ea7a09cc51e05ede3b4e320ee, built on 2024-10-17 23:21 UTC
2025-12-08 08:22:29,109 [main] INFO  o.t.s.q.e.EnvironmentLogService - ThingsBoard server environment: host.name=b545cacd0d45
2025-12-08 08:22:29,109 [main] INFO  o.t.s.q.e.EnvironmentLogService - ThingsBoard server environment: java.version=17.0.16
2025-12-08 08:22:29,109 [main] INFO  o.t.s.q.e.EnvironmentLogService - ThingsBoard server environment: java.vendor=Debian
2025-12-08 08:22:29,109 [main] INFO  o.t.s.q.e.EnvironmentLogService - ThingsBoard server environment: java.home=/usr/lib/jvm/java-17-openjdk-amd64
2025-12-08 08:22:29,109 [main] INFO  o.t.s.q.e.EnvironmentLogService - ThingsBoard server environment: java.class.path=/usr/share/thingsboard/bin/thingsboard.jar
2025-12-08 08:22:29,109 [main] INFO  o.t.s.q.e.EnvironmentLogService - ThingsBoard server environment: java.library.path=/usr/java/packages/lib:/usr/lib/x86_64-linux-gnu/jni:/lib/x86_64-linux-gnu:/usr/lib/x86_64-linux-gnu:/usr/lib/jni:/lib:/usr/lib
2025-12-08 08:22:29,110 [main] INFO  o.t.s.q.e.EnvironmentLogService - ThingsBoard server environment: java.io.tmpdir=/tmp
2025-12-08 08:22:29,110 [main] INFO  o.t.s.q.e.EnvironmentLogService - ThingsBoard server environment: java.compiler=<NA>
2025-12-08 08:22:29,110 [main] INFO  o.t.s.q.e.EnvironmentLogService - ThingsBoard server environment: os.name=Linux
2025-12-08 08:22:29,110 [main] INFO  o.t.s.q.e.EnvironmentLogService - ThingsBoard server environment: os.arch=amd64
2025-12-08 08:22:29,110 [main] INFO  o.t.s.q.e.EnvironmentLogService - ThingsBoard server environment: os.version=6.6.87.2-microsoft-standard-WSL2
2025-12-08 08:22:29,110 [main] INFO  o.t.s.q.e.EnvironmentLogService - ThingsBoard server environment: user.name=thingsboard
2025-12-08 08:22:29,110 [main] INFO  o.t.s.q.e.EnvironmentLogService - ThingsBoard server environment: user.home=/home/thingsboard
2025-12-08 08:22:29,110 [main] INFO  o.t.s.q.e.EnvironmentLogService - ThingsBoard server environment: user.dir=/
2025-12-08 08:22:29,110 [main] INFO  o.t.s.q.e.EnvironmentLogService - ThingsBoard server environment: os.memory.free=106MB
2025-12-08 08:22:29,110 [main] INFO  o.t.s.q.e.EnvironmentLogService - ThingsBoard server environment: os.memory.max=1898MB
2025-12-08 08:22:29,110 [main] INFO  o.t.s.q.e.EnvironmentLogService - ThingsBoard server environment: os.memory.total=553MB
2025-12-08 08:22:29,313 [main] INFO  d.n.internal.NashornDetection - Delight-nashorn-sandbox detected that JDK Nashorn is absent and standalone Nashorn is present, and will use Standalone Nashorn
2025-12-08 08:22:31,077 [main] INFO  o.t.s.a.service.DefaultActorService - Initializing actor system.
2025-12-08 08:22:31,095 [main] INFO  o.t.s.a.service.DefaultActorService - Actor system initialized.
2025-12-08 08:22:32,410 [main] INFO  o.t.s.c.t.c.ssl.SslCredentialsConfig - LWM2M Server DTLS Credentials: Skipping initialization of disabled SSL credentials.
2025-12-08 08:22:32,423 [main] INFO  o.t.s.c.t.c.ssl.SslCredentialsConfig - LWM2M Trust Credentials: Skipping initialization of disabled SSL credentials.
2025-12-08 08:22:32,441 [main] INFO  o.t.s.c.t.c.ssl.SslCredentialsConfig - LWM2M Bootstrap DTLS Credentials: Skipping initialization of disabled SSL credentials.
2025-12-08 08:22:33,041 [main] INFO  o.t.s.c.SystemInfoController - System build info: {"version":"4.2.1","artifact":"application","name":"ThingsBoard Server Application","type":"CE"}
2025-12-08 08:22:33,958 [main] INFO  o.t.s.c.adaptor.JsonConverterConfig - JSON max string value length = 0
2025-12-08 08:22:33,958 [main] INFO  o.t.s.c.adaptor.JsonConverterConfig - JSON type cast enabled = true
2025-12-08 08:22:34,072 [main] INFO  o.t.s.t.mqtt.MqttTransportService - Setting resource leak detector level to DISABLED
2025-12-08 08:22:34,072 [main] INFO  o.t.s.t.mqtt.MqttTransportService - Starting MQTT transport...
2025-12-08 08:22:34,161 [main] INFO  o.t.s.t.mqtt.MqttTransportService - Mqtt transport started!
2025-12-08 08:22:34,256 [main] INFO  o.e.c.elements.config.Configuration - defaults added COAP.
2025-12-08 08:22:34,272 [main] INFO  o.e.c.elements.config.Configuration - defaults added UDP.
2025-12-08 08:22:34,274 [main] INFO  o.e.c.c.network.RandomTokenGenerator - using tokens of 8 bytes in length
2025-12-08 08:22:34,310 [main] INFO  org.eclipse.californium.ban - Started.
2025-12-08 08:22:34,312 [main] INFO  o.e.c.core.network.CoapEndpoint - coap CoapEndpoint uses udp context
2025-12-08 08:22:34,334 [main] INFO  o.e.c.elements.config.Configuration - defaults added SYS.
2025-12-08 08:22:34,335 [main] INFO  o.e.c.c.network.stack.BlockwiseLayer - coap BlockwiseLayer uses MAX_MESSAGE_SIZE=1024, PREFERRED_BLOCK_SIZE=1024, BLOCKWISE_STATUS_LIFETIME=300000, MAX_RESOURCE_BODY_SIZE=268435456, BLOCKWISE_STRICT_BLOCK2_OPTION=true
2025-12-08 08:22:34,351 [main] INFO  o.e.californium.core.CoapServer - Starting server
2025-12-08 08:22:34,372 [main] INFO  o.e.c.elements.UDPConnector - UDPConnector starts up 1 sender threads and 1 receiver threads
2025-12-08 08:22:34,377 [main] INFO  o.e.c.elements.UDPConnector - UDPConnector listening on /[0:0:0:0:0:0:0:0]:5683, recv buf = 106496, send buf = 106496, recv packet size = 2048
2025-12-08 08:22:34,378 [main] INFO  o.e.c.core.network.CoapEndpoint - coap Started endpoint at coap://[0:0:0:0:0:0:0:0]:5683
2025-12-08 08:22:34,382 [main] INFO  o.t.s.t.coap.CoapTransportService - Starting CoAP transport...
2025-12-08 08:22:34,390 [main] INFO  o.t.s.t.coap.CoapTransportService - CoAP transport started!
2025-12-08 08:22:34,455 [main] INFO  o.t.s.t.l.b.LwM2MTransportBootstrapService - Starting LwM2M transport bootstrap server...
2025-12-08 08:22:34,485 [main] INFO  o.e.c.elements.util.JceProviderUtil - JCE default setup
2025-12-08 08:22:34,512 [main] INFO  o.e.c.elements.util.JceProviderUtil - RSA: true, EC: true, AES: not restricted
2025-12-08 08:22:34,521 [main] INFO  o.e.c.elements.util.JceProviderUtil - EdDSA supported by SunEC, Ed25519: true, Ed448: true
2025-12-08 08:22:34,521 [main] INFO  o.e.c.elements.util.JceProviderUtil - JCE setup: SunEC version 17, ready.
2025-12-08 08:22:34,593 [main] INFO  o.e.c.elements.config.Configuration - defaults added DTLS.
2025-12-08 08:22:34,904 [main] WARN  o.e.l.s.b.LeshanBootstrapServerBuilder - configStore is set but you also provide a custom SessionManager so this store will not be used
2025-12-08 08:22:34,913 [main] INFO  o.e.c.c.network.RandomTokenGenerator - using tokens of 8 bytes in length
2025-12-08 08:22:34,914 [main] INFO  o.e.c.core.network.CoapEndpoint - [Bootstrap Server-coap://0.0.0.0:5687] CoapEndpoint uses udp context
2025-12-08 08:22:34,915 [main] INFO  o.e.c.c.network.stack.BlockwiseLayer - [Bootstrap Server-coap://0.0.0.0:5687] BlockwiseLayer uses MAX_MESSAGE_SIZE=1024, PREFERRED_BLOCK_SIZE=1024, BLOCKWISE_STATUS_LIFETIME=300000, MAX_RESOURCE_BODY_SIZE=268435456, BLOCKWISE_STRICT_BLOCK2_OPTION=true
2025-12-08 08:22:34,925 [main] INFO  o.t.s.t.l.b.LwM2MTransportBootstrapService - Unable to load X509 files for LWM2MServer
2025-12-08 08:22:34,928 [main] WARN  o.e.l.s.c.b.e.c.CoapsBootstrapServerEndpointFactory - PskStore should be automatically set by Leshan. Using a custom implementation is not advised.
2025-12-08 08:22:34,960 [main] INFO  o.e.c.s.d.InMemoryReadWriteLockConnectionStore - Created new InMemoryConnectionStore [capacity: 150000, connection expiration threshold: 1800s]
2025-12-08 08:22:34,965 [main] INFO  o.e.c.c.network.RandomTokenGenerator - using tokens of 8 bytes in length
2025-12-08 08:22:34,966 [main] INFO  o.e.c.core.network.CoapEndpoint - [Bootstrap Server-coaps://0.0.0.0:5688] CoapEndpoint uses lwm2m correlation
2025-12-08 08:22:34,966 [main] INFO  o.e.c.c.network.stack.BlockwiseLayer - [Bootstrap Server-coaps://0.0.0.0:5688] BlockwiseLayer uses MAX_MESSAGE_SIZE=1024, PREFERRED_BLOCK_SIZE=1024, BLOCKWISE_STATUS_LIFETIME=300000, MAX_RESOURCE_BODY_SIZE=268435456, BLOCKWISE_STRICT_BLOCK2_OPTION=true
2025-12-08 08:22:34,969 [main] INFO  o.e.californium.core.CoapServer - Starting server
2025-12-08 08:22:34,979 [main] INFO  o.e.c.elements.UDPConnector - UDPConnector starts up 2 sender threads and 2 receiver threads
2025-12-08 08:22:34,981 [main] INFO  o.e.c.elements.UDPConnector - UDPConnector listening on /[0:0:0:0:0:0:0:0]:5687, recv buf = 106496, send buf = 106496, recv packet size = 2048
2025-12-08 08:22:34,982 [main] INFO  o.e.c.core.network.CoapEndpoint - [Bootstrap Server-coap://0.0.0.0:5687] Started endpoint at coap://[0:0:0:0:0:0:0:0]:5687
2025-12-08 08:22:34,994 [main] INFO  o.e.c.scandium.DTLSConnector - multiple network interfaces, using smallest MTU [IPv4 1500, IPv6 1280]
2025-12-08 08:22:34,998 [DTLS-Receiver-0-/[0:0:0:0:0:0:0:0]:5688] INFO  o.e.c.scandium.DTLSConnector - Starting worker thread [DTLS-Receiver-0-/[0:0:0:0:0:0:0:0]:5688]
2025-12-08 08:22:34,998 [main] INFO  o.e.c.scandium.DTLSConnector - DTLSConnector listening on /[0:0:0:0:0:0:0:0]:5688, recv buf = 106496, send buf = 106496, recv packet size = 16490, MTU = IPv4 1500 / IPv6 1280
2025-12-08 08:22:34,999 [DTLS-Receiver-1-/[0:0:0:0:0:0:0:0]:5688] INFO  o.e.c.scandium.DTLSConnector - Starting worker thread [DTLS-Receiver-1-/[0:0:0:0:0:0:0:0]:5688]
2025-12-08 08:22:34,999 [main] INFO  o.e.c.core.network.CoapEndpoint - [Bootstrap Server-coaps://0.0.0.0:5688] Started endpoint at coaps://[0:0:0:0:0:0:0:0]:5688
2025-12-08 08:22:34,999 [main] INFO  o.e.l.s.b.LeshanBootstrapServer - Bootstrap server started.
2025-12-08 08:22:34,999 [main] INFO  o.e.l.s.b.LeshanBootstrapServer - CoAP over UDP endpoint based on Californium library available at coap://[0:0:0:0:0:0:0:0]:5687.
2025-12-08 08:22:35,000 [main] INFO  o.e.l.s.b.LeshanBootstrapServer - CoAP over DTLS endpoint based on Californium/Scandium library available at coaps://[0:0:0:0:0:0:0:0]:5688.
2025-12-08 08:22:35,000 [main] INFO  o.t.s.t.l.b.LwM2MTransportBootstrapService - Started LwM2M transport bootstrap server.
2025-12-08 08:22:35,301 [main] INFO  o.t.s.t.s.s.SnmpTransportService - SNMP transport service initialized
2025-12-08 08:22:35,331 [main] INFO  o.t.s.d.s.NamedParameterJdbcTemplateConfiguration - Set jdbcTemplate query timeout [30] second(s)
2025-12-08 08:22:35,791 [main] INFO  o.s.s.c.a.a.c.InitializeAuthenticationProviderBeanManagerConfigurer$InitializeAuthenticationProviderManagerConfigurer - Found 3 AuthenticationProvider beans, with names [jwtAuthenticationProvider, refreshTokenAuthenticationProvider, restAuthenticationProvider]. Global Authentication Manager will not be configured with AuthenticationProviders. Consider publishing a single AuthenticationProvider bean, or wiring your Providers directly using the DSL.
2025-12-08 08:22:36,122 [main] INFO  o.s.b.a.w.s.WelcomePageHandlerMapping - Adding welcome page: class path resource [public/index.html]
2025-12-08 08:22:36,941 [main] INFO  o.s.b.a.e.web.EndpointLinksResolver - Exposing 1 endpoint beneath base path '/actuator'
2025-12-08 08:22:38,852 [main] WARN  i.m.c.i.b.cache.CaffeineCacheMetrics - The cache 'relations' is not recording statistics. No meters except 'cache.size' will be registered. Call 'Caffeine#recordStats()' prior to building the cache for metrics to be recorded.
2025-12-08 08:22:38,856 [main] WARN  i.m.c.i.b.cache.CaffeineCacheMetrics - The cache 'deviceCredentials' is not recording statistics. No meters except 'cache.size' will be registered. Call 'Caffeine#recordStats()' prior to building the cache for metrics to be recorded.
2025-12-08 08:22:38,856 [main] WARN  i.m.c.i.b.cache.CaffeineCacheMetrics - The cache 'devices' is not recording statistics. No meters except 'cache.size' will be registered. Call 'Caffeine#recordStats()' prior to building the cache for metrics to be recorded.
2025-12-08 08:22:38,857 [main] WARN  i.m.c.i.b.cache.CaffeineCacheMetrics - The cache 'sessions' is not recording statistics. No meters except 'cache.size' will be registered. Call 'Caffeine#recordStats()' prior to building the cache for metrics to be recorded.
2025-12-08 08:22:38,858 [main] WARN  i.m.c.i.b.cache.CaffeineCacheMetrics - The cache 'assets' is not recording statistics. No meters except 'cache.size' will be registered. Call 'Caffeine#recordStats()' prior to building the cache for metrics to be recorded.
2025-12-08 08:22:38,859 [main] WARN  i.m.c.i.b.cache.CaffeineCacheMetrics - The cache 'customers' is not recording statistics. No meters except 'cache.size' will be registered. Call 'Caffeine#recordStats()' prior to building the cache for metrics to be recorded.
2025-12-08 08:22:38,860 [main] WARN  i.m.c.i.b.cache.CaffeineCacheMetrics - The cache 'users' is not recording statistics. No meters except 'cache.size' will be registered. Call 'Caffeine#recordStats()' prior to building the cache for metrics to be recorded.
2025-12-08 08:22:38,861 [main] WARN  i.m.c.i.b.cache.CaffeineCacheMetrics - The cache 'entityViews' is not recording statistics. No meters except 'cache.size' will be registered. Call 'Caffeine#recordStats()' prior to building the cache for metrics to be recorded.
2025-12-08 08:22:38,862 [main] WARN  i.m.c.i.b.cache.CaffeineCacheMetrics - The cache 'claimDevices' is not recording statistics. No meters except 'cache.size' will be registered. Call 'Caffeine#recordStats()' prior to building the cache for metrics to be recorded.
2025-12-08 08:22:38,864 [main] WARN  i.m.c.i.b.cache.CaffeineCacheMetrics - The cache 'securitySettings' is not recording statistics. No meters except 'cache.size' will be registered. Call 'Caffeine#recordStats()' prior to building the cache for metrics to be recorded.
2025-12-08 08:22:38,865 [main] WARN  i.m.c.i.b.cache.CaffeineCacheMetrics - The cache 'tenantProfiles' is not recording statistics. No meters except 'cache.size' will be registered. Call 'Caffeine#recordStats()' prior to building the cache for metrics to be recorded.
2025-12-08 08:22:38,865 [main] WARN  i.m.c.i.b.cache.CaffeineCacheMetrics - The cache 'tenants' is not recording statistics. No meters except 'cache.size' will be registered. Call 'Caffeine#recordStats()' prior to building the cache for metrics to be recorded.
2025-12-08 08:22:38,866 [main] WARN  i.m.c.i.b.cache.CaffeineCacheMetrics - The cache 'tenantsExist' is not recording statistics. No meters except 'cache.size' will be registered. Call 'Caffeine#recordStats()' prior to building the cache for metrics to be recorded.
2025-12-08 08:22:38,866 [main] WARN  i.m.c.i.b.cache.CaffeineCacheMetrics - The cache 'deviceProfiles' is not recording statistics. No meters except 'cache.size' will be registered. Call 'Caffeine#recordStats()' prior to building the cache for metrics to be recorded.
2025-12-08 08:22:38,867 [main] WARN  i.m.c.i.b.cache.CaffeineCacheMetrics - The cache 'assetProfiles' is not recording statistics. No meters except 'cache.size' will be registered. Call 'Caffeine#recordStats()' prior to building the cache for metrics to be recorded.
2025-12-08 08:22:38,867 [main] WARN  i.m.c.i.b.cache.CaffeineCacheMetrics - The cache 'notificationSettings' is not recording statistics. No meters except 'cache.size' will be registered. Call 'Caffeine#recordStats()' prior to building the cache for metrics to be recorded.
2025-12-08 08:22:38,868 [main] WARN  i.m.c.i.b.cache.CaffeineCacheMetrics - The cache 'sentNotifications' is not recording statistics. No meters except 'cache.size' will be registered. Call 'Caffeine#recordStats()' prior to building the cache for metrics to be recorded.
2025-12-08 08:22:38,868 [main] WARN  i.m.c.i.b.cache.CaffeineCacheMetrics - The cache 'attributes' is not recording statistics. No meters except 'cache.size' will be registered. Call 'Caffeine#recordStats()' prior to building the cache for metrics to be recorded.
2025-12-08 08:22:38,869 [main] WARN  i.m.c.i.b.cache.CaffeineCacheMetrics - The cache 'tsLatest' is not recording statistics. No meters except 'cache.size' will be registered. Call 'Caffeine#recordStats()' prior to building the cache for metrics to be recorded.
2025-12-08 08:22:38,870 [main] WARN  i.m.c.i.b.cache.CaffeineCacheMetrics - The cache 'userSessionsInvalidation' is not recording statistics. No meters except 'cache.size' will be registered. Call 'Caffeine#recordStats()' prior to building the cache for metrics to be recorded.
2025-12-08 08:22:38,870 [main] WARN  i.m.c.i.b.cache.CaffeineCacheMetrics - The cache 'otaPackages' is not recording statistics. No meters except 'cache.size' will be registered. Call 'Caffeine#recordStats()' prior to building the cache for metrics to be recorded.
2025-12-08 08:22:38,871 [main] WARN  i.m.c.i.b.cache.CaffeineCacheMetrics - The cache 'otaPackagesData' is not recording statistics. No meters except 'cache.size' will be registered. Call 'Caffeine#recordStats()' prior to building the cache for metrics to be recorded.
2025-12-08 08:22:38,872 [main] WARN  i.m.c.i.b.cache.CaffeineCacheMetrics - The cache 'edges' is not recording statistics. No meters except 'cache.size' will be registered. Call 'Caffeine#recordStats()' prior to building the cache for metrics to be recorded.
2025-12-08 08:22:38,872 [main] WARN  i.m.c.i.b.cache.CaffeineCacheMetrics - The cache 'edgeSessions' is not recording statistics. No meters except 'cache.size' will be registered. Call 'Caffeine#recordStats()' prior to building the cache for metrics to be recorded.
2025-12-08 08:22:38,873 [main] WARN  i.m.c.i.b.cache.CaffeineCacheMetrics - The cache 'relatedEdges' is not recording statistics. No meters except 'cache.size' will be registered. Call 'Caffeine#recordStats()' prior to building the cache for metrics to be recorded.
2025-12-08 08:22:38,873 [main] WARN  i.m.c.i.b.cache.CaffeineCacheMetrics - The cache 'repositorySettings' is not recording statistics. No meters except 'cache.size' will be registered. Call 'Caffeine#recordStats()' prior to building the cache for metrics to be recorded.
2025-12-08 08:22:38,874 [main] WARN  i.m.c.i.b.cache.CaffeineCacheMetrics - The cache 'autoCommitSettings' is not recording statistics. No meters except 'cache.size' will be registered. Call 'Caffeine#recordStats()' prior to building the cache for metrics to be recorded.
2025-12-08 08:22:38,874 [main] WARN  i.m.c.i.b.cache.CaffeineCacheMetrics - The cache 'twoFaVerificationCodes' is not recording statistics. No meters except 'cache.size' will be registered. Call 'Caffeine#recordStats()' prior to building the cache for metrics to be recorded.
2025-12-08 08:22:38,875 [main] WARN  i.m.c.i.b.cache.CaffeineCacheMetrics - The cache 'versionControlTask' is not recording statistics. No meters except 'cache.size' will be registered. Call 'Caffeine#recordStats()' prior to building the cache for metrics to be recorded.
2025-12-08 08:22:38,877 [main] WARN  i.m.c.i.b.cache.CaffeineCacheMetrics - The cache 'userSettings' is not recording statistics. No meters except 'cache.size' will be registered. Call 'Caffeine#recordStats()' prior to building the cache for metrics to be recorded.
2025-12-08 08:22:38,878 [main] WARN  i.m.c.i.b.cache.CaffeineCacheMetrics - The cache 'dashboardTitles' is not recording statistics. No meters except 'cache.size' will be registered. Call 'Caffeine#recordStats()' prior to building the cache for metrics to be recorded.
2025-12-08 08:22:38,878 [main] WARN  i.m.c.i.b.cache.CaffeineCacheMetrics - The cache 'entityCount' is not recording statistics. No meters except 'cache.size' will be registered. Call 'Caffeine#recordStats()' prior to building the cache for metrics to be recorded.
2025-12-08 08:22:38,879 [main] WARN  i.m.c.i.b.cache.CaffeineCacheMetrics - The cache 'resourceInfo' is not recording statistics. No meters except 'cache.size' will be registered. Call 'Caffeine#recordStats()' prior to building the cache for metrics to be recorded.
2025-12-08 08:22:38,879 [main] WARN  i.m.c.i.b.cache.CaffeineCacheMetrics - The cache 'alarmTypes' is not recording statistics. No meters except 'cache.size' will be registered. Call 'Caffeine#recordStats()' prior to building the cache for metrics to be recorded.
2025-12-08 08:22:38,879 [main] WARN  i.m.c.i.b.cache.CaffeineCacheMetrics - The cache 'qrCodeSettings' is not recording statistics. No meters except 'cache.size' will be registered. Call 'Caffeine#recordStats()' prior to building the cache for metrics to be recorded.
2025-12-08 08:22:38,880 [main] WARN  i.m.c.i.b.cache.CaffeineCacheMetrics - The cache 'mobileSecretKey' is not recording statistics. No meters except 'cache.size' will be registered. Call 'Caffeine#recordStats()' prior to building the cache for metrics to be recorded.
2025-12-08 08:22:38,881 [main] WARN  i.m.c.i.b.cache.CaffeineCacheMetrics - The cache 'trendzSettings' is not recording statistics. No meters except 'cache.size' will be registered. Call 'Caffeine#recordStats()' prior to building the cache for metrics to be recorded.
2025-12-08 08:22:38,882 [main] WARN  i.m.c.i.b.cache.CaffeineCacheMetrics - The cache 'aiModel' is not recording statistics. No meters except 'cache.size' will be registered. Call 'Caffeine#recordStats()' prior to building the cache for metrics to be recorded.
2025-12-08 08:22:39,595 [main] INFO  o.s.i.endpoint.EventDrivenConsumer - Adding {logging-channel-adapter:_org.springframework.integration.errorLogger} as a subscriber to the 'errorChannel' channel
2025-12-08 08:22:39,596 [main] INFO  o.s.i.c.PublishSubscribeChannel - Channel 'application.errorChannel' has 1 subscriber(s).
2025-12-08 08:22:39,597 [main] INFO  o.s.i.endpoint.EventDrivenConsumer - started bean '_org.springframework.integration.errorLogger'
2025-12-08 08:22:39,621 [main] INFO  o.a.coyote.http11.Http11NioProtocol - Starting ProtocolHandler ["http-nio-0.0.0.0-9090"]
2025-12-08 08:22:39,653 [main] INFO  o.s.b.w.e.tomcat.TomcatWebServer - Tomcat started on port 9090 (http) with context path '/'
2025-12-08 08:22:39,726 [main] INFO  o.t.s.ThingsboardServerApplication - Started ThingsboardServerApplication in 40.378 seconds (process running for 42.484)
2025-12-08 08:22:39,732 [TB-Scheduling-2] INFO  o.t.s.c.t.s.DefaultTransportService - Transport Stats: openConnections [0]
2025-12-08 08:22:39,754 [main] INFO  o.t.s.q.c.c.QueueConsumerManager - [TB Version Control] Launching consumer
2025-12-08 08:22:39,757 [main] INFO  o.t.s.q.d.HashPartitionService - Recalculating partitions
2025-12-08 08:22:39,758 [main] INFO  o.t.s.q.d.HashPartitionService - [b545cacd0d45] Found common server: [TB_CORE, TB_RULE_ENGINE, TB_TRANSPORT, JS_EXECUTOR, TB_VC_EXECUTOR, EDQS, TASK_PROCESSOR]
2025-12-08 08:22:39,777 [main] INFO  o.t.s.q.d.HashPartitionService - Partitions changed: 
[QK(Main,TB_CORE,system)] - [0, 1, 2, 3, 4, 5, 6, 7, 8, 9]
[QK(Edge,TB_CORE,system)] - [0, 1, 2, 3, 4, 5, 6, 7, 8, 9]
2025-12-08 08:22:39,785 [device-state-scheduled-21-thread-1] INFO  o.t.s.s.p.AbstractPartitionBasedService - [Device State] CURRENT PARTITIONS: []
2025-12-08 08:22:39,786 [device-state-scheduled-21-thread-1] INFO  o.t.s.s.p.AbstractPartitionBasedService - [Device State] NEW PARTITIONS: [tb_core.0, tb_core.2, tb_core.4, tb_core.6, tb_core.8, tb_core.1, tb_core.3, tb_core.5, tb_core.7, tb_core.9]
2025-12-08 08:22:39,786 [main] INFO  o.t.s.a.service.DefaultActorService - Received partition change event.
2025-12-08 08:22:39,786 [api-usage-scheduled-19-thread-1] INFO  o.t.s.s.p.AbstractPartitionBasedService - [API Usage] CURRENT PARTITIONS: []
2025-12-08 08:22:39,786 [device-state-scheduled-21-thread-1] INFO  o.t.s.s.p.AbstractPartitionBasedService - [Device State] ADDED PARTITIONS: [tb_core.0, tb_core.2, tb_core.4, tb_core.6, tb_core.8, tb_core.1, tb_core.3, tb_core.5, tb_core.7, tb_core.9]
2025-12-08 08:22:39,786 [api-usage-scheduled-19-thread-1] INFO  o.t.s.s.p.AbstractPartitionBasedService - [API Usage] NEW PARTITIONS: [tb_core.0, tb_core.2, tb_core.4, tb_core.6, tb_core.8, tb_core.1, tb_core.3, tb_core.5, tb_core.7, tb_core.9]
2025-12-08 08:22:39,786 [device-state-scheduled-21-thread-1] INFO  o.t.s.s.p.AbstractPartitionBasedService - [Device State] REMOVED PARTITIONS: []
2025-12-08 08:22:39,786 [api-usage-scheduled-19-thread-1] INFO  o.t.s.s.p.AbstractPartitionBasedService - [API Usage] ADDED PARTITIONS: [tb_core.0, tb_core.2, tb_core.4, tb_core.6, tb_core.8, tb_core.1, tb_core.3, tb_core.5, tb_core.7, tb_core.9]
2025-12-08 08:22:39,786 [api-usage-scheduled-19-thread-1] INFO  o.t.s.s.p.AbstractPartitionBasedService - [API Usage] REMOVED PARTITIONS: []
2025-12-08 08:22:39,788 [api-usage-scheduled-19-thread-1] INFO  o.t.s.s.a.DefaultTbApiUsageStateService - Initializing tenant states.
2025-12-08 08:22:39,790 [notifications-scheduler-49-thread-1] INFO  o.t.s.s.p.AbstractPartitionBasedService - [Notifications scheduler] CURRENT PARTITIONS: []
2025-12-08 08:22:39,790 [notifications-scheduler-49-thread-1] INFO  o.t.s.s.p.AbstractPartitionBasedService - [Notifications scheduler] NEW PARTITIONS: [tb_core.0, tb_core.2, tb_core.4, tb_core.6, tb_core.8, tb_core.1, tb_core.3, tb_core.5, tb_core.7, tb_core.9]
2025-12-08 08:22:39,790 [notifications-scheduler-49-thread-1] INFO  o.t.s.s.p.AbstractPartitionBasedService - [Notifications scheduler] ADDED PARTITIONS: [tb_core.0, tb_core.2, tb_core.4, tb_core.6, tb_core.8, tb_core.1, tb_core.3, tb_core.5, tb_core.7, tb_core.9]
2025-12-08 08:22:39,790 [notifications-scheduler-49-thread-1] INFO  o.t.s.s.p.AbstractPartitionBasedService - [Notifications scheduler] REMOVED PARTITIONS: []
2025-12-08 08:22:39,795 [tb-core-mgmt-0-1] INFO  o.t.s.q.c.c.MainQueueConsumerManager - [QK(Main,TB_CORE,system)] Added partitions: [tb_core.0, tb_core.2, tb_core.4, tb_core.6, tb_core.8, tb_core.1, tb_core.3, tb_core.5, tb_core.7, tb_core.9], removed partitions: []
2025-12-08 08:22:39,796 [main] INFO  o.t.s.q.d.HashPartitionService - Partitions changed: 
[QK(CalculatedFields,TB_RULE_ENGINE,system)] - [0, 1, 2, 3, 4, 5, 6, 7, 8, 9]
[QK(CalculatedFieldStates,TB_RULE_ENGINE,system)] - [0, 1, 2, 3, 4, 5, 6, 7, 8, 9]
[QK(HighPriority,TB_RULE_ENGINE,system)] - [0, 1, 2, 3, 4, 5, 6, 7, 8, 9]
[QK(SequentialByOriginator,TB_RULE_ENGINE,system)] - [0, 1, 2, 3, 4, 5, 6, 7, 8, 9]
[QK(Main,TB_RULE_ENGINE,system)] - [0, 1, 2, 3, 4, 5, 6, 7, 8, 9]
2025-12-08 08:22:39,797 [tb-edge-mgmt-0-1] INFO  o.t.s.q.c.c.MainQueueConsumerManager - [QK(Edge,TB_CORE,system)] New partitions: [tb_edge.0, tb_edge.2, tb_edge.4, tb_edge.6, tb_edge.8, tb_edge.1, tb_edge.3, tb_edge.5, tb_edge.7, tb_edge.9]
2025-12-08 08:22:39,797 [main] INFO  o.t.s.a.service.DefaultActorService - Received partition change event.
2025-12-08 08:22:39,798 [main] INFO  o.t.s.q.d.HashPartitionService - Partitions changed: 
[QK(Main,TB_VC_EXECUTOR,system)] - [0, 1, 2, 3, 4, 5, 6, 7, 8, 9]
2025-12-08 08:22:39,798 [main] INFO  o.t.s.q.d.HashPartitionService - Partitions changed: 
[QK(Main,EDQS,system)] - [0, 1, 10, 11, 2, 3, 4, 5, 6, 7, 8, 9]
2025-12-08 08:22:39,800 [tb-core-mgmt-0-1] INFO  o.t.s.q.c.c.MainQueueConsumerManager - [QK(Main,TB_CORE,system)-0] Launching consumer
2025-12-08 08:22:39,799 [main] INFO  o.t.s.t.s.s.SnmpTransportBalancingService - Recalculating partitions for SNMP transports
2025-12-08 08:22:39,800 [tb-edge-mgmt-0-1] INFO  o.t.s.q.c.c.MainQueueConsumerManager - [QK(Edge,TB_CORE,system)] Launching consumer
2025-12-08 08:22:39,800 [main] INFO  o.t.s.t.s.s.SnmpTransportBalancingService - SNMP transports partitions have not changed
2025-12-08 08:22:39,801 [tb-core-mgmt-0-1] INFO  o.t.s.q.c.c.MainQueueConsumerManager - [QK(Main,TB_CORE,system)-2] Launching consumer
2025-12-08 08:22:39,802 [tb-core-mgmt-0-1] INFO  o.t.s.q.c.c.MainQueueConsumerManager - [QK(Main,TB_CORE,system)-4] Launching consumer
2025-12-08 08:22:39,802 [tb-core-mgmt-0-1] INFO  o.t.s.q.c.c.MainQueueConsumerManager - [QK(Main,TB_CORE,system)-6] Launching consumer
2025-12-08 08:22:39,803 [tb-core-mgmt-0-1] INFO  o.t.s.q.c.c.MainQueueConsumerManager - [QK(Main,TB_CORE,system)-8] Launching consumer
2025-12-08 08:22:39,804 [tb-core-mgmt-0-1] INFO  o.t.s.q.c.c.MainQueueConsumerManager - [QK(Main,TB_CORE,system)-1] Launching consumer
2025-12-08 08:22:39,805 [tb-core-mgmt-0-1] INFO  o.t.s.q.c.c.MainQueueConsumerManager - [QK(Main,TB_CORE,system)-3] Launching consumer
2025-12-08 08:22:39,806 [tb-core-mgmt-0-1] INFO  o.t.s.q.c.c.MainQueueConsumerManager - [QK(Main,TB_CORE,system)-5] Launching consumer
2025-12-08 08:22:39,807 [tb-core-mgmt-0-1] INFO  o.t.s.q.c.c.MainQueueConsumerManager - [QK(Main,TB_CORE,system)-7] Launching consumer
2025-12-08 08:22:39,808 [tb-core-mgmt-0-1] INFO  o.t.s.q.c.c.MainQueueConsumerManager - [QK(Main,TB_CORE,system)-9] Launching consumer
2025-12-08 08:22:40,098 [main] INFO  o.t.s.a.service.DefaultActorService - Received application ready event. Sending application init message to actor system
2025-12-08 08:22:40,099 [app-dispatcher-31-thread-1] INFO  o.t.server.actors.app.AppActor - Starting main system actor.
2025-12-08 08:22:40,117 [main] INFO  o.t.s.s.edge.rpc.EdgeGrpcService - Initializing Edge RPC service!
2025-12-08 08:22:40,622 [main] INFO  o.t.s.s.edge.rpc.EdgeGrpcService - Going to start Edge RPC server using port: 7070
2025-12-08 08:22:40,666 [app-dispatcher-31-thread-1] INFO  o.t.server.actors.app.AppActor - Main system actor started.
2025-12-08 08:22:40,687 [notifications-scheduler-49-thread-1] INFO  o.t.s.s.p.AbstractPartitionBasedService - [Notifications scheduler] Managing following partitions:
2025-12-08 08:22:40,688 [notifications-scheduler-49-thread-1] INFO  o.t.s.s.p.AbstractPartitionBasedService - [Notifications scheduler][tb_core.4]: 0 entities
2025-12-08 08:22:40,688 [notifications-scheduler-49-thread-1] INFO  o.t.s.s.p.AbstractPartitionBasedService - [Notifications scheduler][tb_core.8]: 0 entities
2025-12-08 08:22:40,688 [notifications-scheduler-49-thread-1] INFO  o.t.s.s.p.AbstractPartitionBasedService - [Notifications scheduler][tb_core.0]: 0 entities
2025-12-08 08:22:40,688 [notifications-scheduler-49-thread-1] INFO  o.t.s.s.p.AbstractPartitionBasedService - [Notifications scheduler][tb_core.3]: 0 entities
2025-12-08 08:22:40,688 [notifications-scheduler-49-thread-1] INFO  o.t.s.s.p.AbstractPartitionBasedService - [Notifications scheduler][tb_core.7]: 0 entities
2025-12-08 08:22:40,688 [notifications-scheduler-49-thread-1] INFO  o.t.s.s.p.AbstractPartitionBasedService - [Notifications scheduler][tb_core.2]: 0 entities
2025-12-08 08:22:40,688 [notifications-scheduler-49-thread-1] INFO  o.t.s.s.p.AbstractPartitionBasedService - [Notifications scheduler][tb_core.6]: 0 entities
2025-12-08 08:22:40,689 [notifications-scheduler-49-thread-1] INFO  o.t.s.s.p.AbstractPartitionBasedService - [Notifications scheduler][tb_core.5]: 0 entities
2025-12-08 08:22:40,689 [notifications-scheduler-49-thread-1] INFO  o.t.s.s.p.AbstractPartitionBasedService - [Notifications scheduler][tb_core.1]: 0 entities
2025-12-08 08:22:40,689 [notifications-scheduler-49-thread-1] INFO  o.t.s.s.p.AbstractPartitionBasedService - [Notifications scheduler][tb_core.9]: 0 entities
2025-12-08 08:22:40,800 [device-state-scheduled-21-thread-1] INFO  o.t.s.s.s.DefaultDeviceStateService - [tb_core.6] Submit task for device states: 1
2025-12-08 08:22:40,802 [device-state-scheduled-21-thread-1] INFO  o.t.s.s.s.DefaultDeviceStateService - [tb_core.4] Submit task for device states: 1
2025-12-08 08:22:40,803 [device-state-scheduled-21-thread-1] INFO  o.t.s.s.s.DefaultDeviceStateService - [tb_core.7] Submit task for device states: 1
2025-12-08 08:22:40,805 [device-state-scheduled-21-thread-1] INFO  o.t.s.s.s.DefaultDeviceStateService - [tb_core.9] Submit task for device states: 3
2025-12-08 08:22:40,805 [device-state-scheduled-21-thread-1] INFO  o.t.s.s.s.DefaultDeviceStateService - [tb_core.5] Submit task for device states: 2
2025-12-08 08:22:40,806 [device-state-scheduled-21-thread-1] INFO  o.t.s.s.s.DefaultDeviceStateService - [tb_core.2] Submit task for device states: 2
2025-12-08 08:22:40,806 [device-state-scheduled-21-thread-1] INFO  o.t.s.s.s.DefaultDeviceStateService - [tb_core.1] Submit task for device states: 3
2025-12-08 08:22:40,820 [main] INFO  o.t.s.s.edge.rpc.EdgeGrpcService - Edge RPC service initialized!
2025-12-08 08:22:40,824 [main] INFO  o.t.s.q.c.c.QueueConsumerManager - [Housekeeper reprocessing] Launching consumer
2025-12-08 08:22:40,826 [main] INFO  o.t.s.q.c.c.QueueConsumerManager - [Housekeeper] Launching consumer
2025-12-08 08:22:40,826 [main] INFO  o.t.s.q.c.c.QueueConsumerManager - [job-stats] Launching consumer
2025-12-08 08:22:40,827 [main] INFO  o.t.s.q.c.c.QueueConsumerManager - [TB Rule Engine Notifications] Launching consumer
2025-12-08 08:22:40,830 [main] INFO  o.t.s.s.q.DefaultTbCalculatedFieldConsumerService - Handling partition change event: PartitionChangeEvent(super=TbApplicationEvent(sequenceNumber=2), serviceType=TB_RULE_ENGINE, newPartitions={QK(CalculatedFields,TB_RULE_ENGINE,system)=[tb_cf_event.1, tb_cf_event.3, tb_cf_event.5, tb_cf_event.7, tb_cf_event.9, tb_cf_event.0, tb_cf_event.2, tb_cf_event.4, tb_cf_event.6, tb_cf_event.8], QK(CalculatedFieldStates,TB_RULE_ENGINE,system)=[tb_cf_state.1, tb_cf_state.3, tb_cf_state.5, tb_cf_state.7, tb_cf_state.9, tb_cf_state.0, tb_cf_state.2, tb_cf_state.4, tb_cf_state.6, tb_cf_state.8], QK(HighPriority,TB_RULE_ENGINE,system)=[tb_rule_engine.hp.1, tb_rule_engine.hp.3, tb_rule_engine.hp.5, tb_rule_engine.hp.7, tb_rule_engine.hp.9, tb_rule_engine.hp.0, tb_rule_engine.hp.2, tb_rule_engine.hp.4, tb_rule_engine.hp.6, tb_rule_engine.hp.8], QK(SequentialByOriginator,TB_RULE_ENGINE,system)=[tb_rule_engine.sq.0, tb_rule_engine.sq.2, tb_rule_engine.sq.4, tb_rule_engine.sq.6, tb_rule_engine.sq.8, tb_rule_engine.sq.1, tb_rule_engine.sq.3, tb_rule_engine.sq.5, tb_rule_engine.sq.7, tb_rule_engine.sq.9], QK(Main,TB_RULE_ENGINE,system)=[tb_rule_engine.main.0, tb_rule_engine.main.2, tb_rule_engine.main.4, tb_rule_engine.main.6, tb_rule_engine.main.8, tb_rule_engine.main.1, tb_rule_engine.main.3, tb_rule_engine.main.5, tb_rule_engine.main.7, tb_rule_engine.main.9]}, oldPartitions={QK(Main,TB_VC_EXECUTOR,system)=[], QK(CalculatedFields,TB_RULE_ENGINE,system)=[], QK(CalculatedFieldStates,TB_RULE_ENGINE,system)=[], QK(Main,TB_CORE,system)=[], QK(HighPriority,TB_RULE_ENGINE,system)=[], QK(SequentialByOriginator,TB_RULE_ENGINE,system)=[], QK(Main,EDQS,system)=[], QK(Edge,TB_CORE,system)=[], QK(Main,TB_RULE_ENGINE,system)=[]})
2025-12-08 08:22:40,843 [main] INFO  o.t.s.q.c.c.QueueConsumerManager - [TB Core Notifications] Launching consumer
2025-12-08 08:22:40,843 [tb-cf-mgmt-0-1] INFO  o.t.s.q.c.c.PartitionedQueueConsumerManager - [QK(CalculatedFields,TB_RULE_ENGINE,system)] Added partitions: [tb_cf_event.1, tb_cf_event.3, tb_cf_event.5, tb_cf_event.7, tb_cf_event.9, tb_cf_event.0, tb_cf_event.2, tb_cf_event.4, tb_cf_event.6, tb_cf_event.8]
2025-12-08 08:22:40,844 [tb-cf-mgmt-0-1] INFO  o.t.s.q.c.c.MainQueueConsumerManager - [QK(CalculatedFields,TB_RULE_ENGINE,system)-1] Launching consumer
2025-12-08 08:22:40,844 [main] INFO  o.t.s.q.c.c.QueueConsumerManager - [TB Ota Package States] Launching consumer
2025-12-08 08:22:40,845 [tb-cf-mgmt-0-1] INFO  o.t.s.q.c.c.MainQueueConsumerManager - [QK(CalculatedFields,TB_RULE_ENGINE,system)-3] Launching consumer
2025-12-08 08:22:40,846 [main] INFO  o.t.s.q.c.c.QueueConsumerManager - [TB Usage Stats] Launching consumer
2025-12-08 08:22:40,847 [tb-cf-mgmt-0-1] INFO  o.t.s.q.c.c.MainQueueConsumerManager - [QK(CalculatedFields,TB_RULE_ENGINE,system)-5] Launching consumer
2025-12-08 08:22:40,847 [main] INFO  o.t.s.q.c.c.QueueConsumerManager - [TB Core Notifications] Launching consumer
2025-12-08 08:22:40,849 [main] INFO  o.t.s.q.c.c.QueueConsumerManager - [TB Rule Engine Notifications] Launching consumer
2025-12-08 08:22:40,849 [notifications-tb-core-consumer-52-thread-11] INFO  o.t.s.s.q.DefaultTbCoreConsumerService - [b545cacd0d45] Processing core startup with partitions: [0, 1, 2, 3, 4, 5, 6, 7, 8, 9]
2025-12-08 08:22:40,849 [tb-cf-mgmt-0-1] INFO  o.t.s.q.c.c.MainQueueConsumerManager - [QK(CalculatedFields,TB_RULE_ENGINE,system)-7] Launching consumer
2025-12-08 08:22:40,851 [tb-cf-mgmt-0-1] INFO  o.t.s.q.c.c.MainQueueConsumerManager - [QK(CalculatedFields,TB_RULE_ENGINE,system)-9] Launching consumer
2025-12-08 08:22:40,853 [tb-cf-mgmt-0-1] INFO  o.t.s.q.c.c.MainQueueConsumerManager - [QK(CalculatedFields,TB_RULE_ENGINE,system)-0] Launching consumer
2025-12-08 08:22:40,853 [DefaultTbLocalSubscriptionService-0-1] INFO  o.t.s.s.s.DefaultTbLocalSubscriptionService - [b545cacd0d45] Pushed 0 subscriptions to [b545cacd0d45]
2025-12-08 08:22:40,860 [tb-cf-mgmt-0-1] INFO  o.t.s.q.c.c.MainQueueConsumerManager - [QK(CalculatedFields,TB_RULE_ENGINE,system)-2] Launching consumer
2025-12-08 08:22:40,863 [tb-cf-mgmt-0-1] INFO  o.t.s.q.c.c.MainQueueConsumerManager - [QK(CalculatedFields,TB_RULE_ENGINE,system)-4] Launching consumer
2025-12-08 08:22:40,864 [tb-cf-mgmt-0-1] INFO  o.t.s.q.c.c.MainQueueConsumerManager - [QK(CalculatedFields,TB_RULE_ENGINE,system)-6] Launching consumer
2025-12-08 08:22:40,865 [tb-cf-mgmt-0-1] INFO  o.t.s.q.c.c.MainQueueConsumerManager - [QK(CalculatedFields,TB_RULE_ENGINE,system)-8] Launching consumer
2025-12-08 08:22:40,866 [main] INFO  o.t.s.s.q.DefaultTbRuleEngineConsumerService - Handling partition change event: PartitionChangeEvent(super=TbApplicationEvent(sequenceNumber=2), serviceType=TB_RULE_ENGINE, newPartitions={QK(CalculatedFields,TB_RULE_ENGINE,system)=[tb_cf_event.1, tb_cf_event.3, tb_cf_event.5, tb_cf_event.7, tb_cf_event.9, tb_cf_event.0, tb_cf_event.2, tb_cf_event.4, tb_cf_event.6, tb_cf_event.8], QK(CalculatedFieldStates,TB_RULE_ENGINE,system)=[tb_cf_state.1, tb_cf_state.3, tb_cf_state.5, tb_cf_state.7, tb_cf_state.9, tb_cf_state.0, tb_cf_state.2, tb_cf_state.4, tb_cf_state.6, tb_cf_state.8], QK(HighPriority,TB_RULE_ENGINE,system)=[tb_rule_engine.hp.1, tb_rule_engine.hp.3, tb_rule_engine.hp.5, tb_rule_engine.hp.7, tb_rule_engine.hp.9, tb_rule_engine.hp.0, tb_rule_engine.hp.2, tb_rule_engine.hp.4, tb_rule_engine.hp.6, tb_rule_engine.hp.8], QK(SequentialByOriginator,TB_RULE_ENGINE,system)=[tb_rule_engine.sq.0, tb_rule_engine.sq.2, tb_rule_engine.sq.4, tb_rule_engine.sq.6, tb_rule_engine.sq.8, tb_rule_engine.sq.1, tb_rule_engine.sq.3, tb_rule_engine.sq.5, tb_rule_engine.sq.7, tb_rule_engine.sq.9], QK(Main,TB_RULE_ENGINE,system)=[tb_rule_engine.main.0, tb_rule_engine.main.2, tb_rule_engine.main.4, tb_rule_engine.main.6, tb_rule_engine.main.8, tb_rule_engine.main.1, tb_rule_engine.main.3, tb_rule_engine.main.5, tb_rule_engine.main.7, tb_rule_engine.main.9]}, oldPartitions={QK(Main,TB_VC_EXECUTOR,system)=[], QK(CalculatedFields,TB_RULE_ENGINE,system)=[], QK(CalculatedFieldStates,TB_RULE_ENGINE,system)=[], QK(Main,TB_CORE,system)=[], QK(HighPriority,TB_RULE_ENGINE,system)=[], QK(SequentialByOriginator,TB_RULE_ENGINE,system)=[], QK(Main,EDQS,system)=[], QK(Edge,TB_CORE,system)=[], QK(Main,TB_RULE_ENGINE,system)=[]})
2025-12-08 08:22:40,869 [tb-rule-engine-mgmt-0-1] INFO  o.t.s.q.c.c.MainQueueConsumerManager - [QK(HighPriority,TB_RULE_ENGINE,system)] Added partitions: [tb_rule_engine.hp.1, tb_rule_engine.hp.3, tb_rule_engine.hp.5, tb_rule_engine.hp.7, tb_rule_engine.hp.9, tb_rule_engine.hp.0, tb_rule_engine.hp.2, tb_rule_engine.hp.4, tb_rule_engine.hp.6, tb_rule_engine.hp.8], removed partitions: []
2025-12-08 08:22:40,869 [tb-rule-engine-mgmt-0-1] INFO  o.t.s.q.c.c.MainQueueConsumerManager - [QK(HighPriority,TB_RULE_ENGINE,system)-1] Launching consumer
2025-12-08 08:22:40,870 [tb-rule-engine-mgmt-0-2] INFO  o.t.s.q.c.c.MainQueueConsumerManager - [QK(SequentialByOriginator,TB_RULE_ENGINE,system)] Added partitions: [tb_rule_engine.sq.0, tb_rule_engine.sq.2, tb_rule_engine.sq.4, tb_rule_engine.sq.6, tb_rule_engine.sq.8, tb_rule_engine.sq.1, tb_rule_engine.sq.3, tb_rule_engine.sq.5, tb_rule_engine.sq.7, tb_rule_engine.sq.9], removed partitions: []
2025-12-08 08:22:40,870 [tb-rule-engine-mgmt-0-2] INFO  o.t.s.q.c.c.MainQueueConsumerManager - [QK(SequentialByOriginator,TB_RULE_ENGINE,system)-0] Launching consumer
2025-12-08 08:22:40,870 [main] INFO  o.t.s.s.t.TbCoreTransportApiService - Received application ready event. Starting polling for events.
2025-12-08 08:22:40,870 [tb-rule-engine-mgmt-0-3] INFO  o.t.s.q.c.c.MainQueueConsumerManager - [QK(Main,TB_RULE_ENGINE,system)] Added partitions: [tb_rule_engine.main.0, tb_rule_engine.main.2, tb_rule_engine.main.4, tb_rule_engine.main.6, tb_rule_engine.main.8, tb_rule_engine.main.1, tb_rule_engine.main.3, tb_rule_engine.main.5, tb_rule_engine.main.7, tb_rule_engine.main.9], removed partitions: []
2025-12-08 08:22:40,870 [tb-rule-engine-mgmt-0-1] INFO  o.t.s.q.c.c.MainQueueConsumerManager - [QK(HighPriority,TB_RULE_ENGINE,system)-3] Launching consumer
2025-12-08 08:22:40,870 [tb-rule-engine-mgmt-0-3] INFO  o.t.s.q.c.c.MainQueueConsumerManager - [QK(Main,TB_RULE_ENGINE,system)-0] Launching consumer
2025-12-08 08:22:40,871 [tb-rule-engine-mgmt-0-2] INFO  o.t.s.q.c.c.MainQueueConsumerManager - [QK(SequentialByOriginator,TB_RULE_ENGINE,system)-2] Launching consumer
2025-12-08 08:22:40,871 [tb-rule-engine-mgmt-0-1] INFO  o.t.s.q.c.c.MainQueueConsumerManager - [QK(HighPriority,TB_RULE_ENGINE,system)-5] Launching consumer
2025-12-08 08:22:40,872 [tb-rule-engine-mgmt-0-3] INFO  o.t.s.q.c.c.MainQueueConsumerManager - [QK(Main,TB_RULE_ENGINE,system)-2] Launching consumer
2025-12-08 08:22:40,872 [device-state-0-6] INFO  o.t.s.s.s.DefaultDeviceStateService - [2] Initialized 2 out of 2 device states
2025-12-08 08:22:40,872 [device-state-0-2] INFO  o.t.s.s.s.DefaultDeviceStateService - [4] Initialized 1 out of 1 device states
2025-12-08 08:22:40,872 [device-state-0-7] INFO  o.t.s.s.s.DefaultDeviceStateService - [1] Initialized 3 out of 3 device states
2025-12-08 08:22:40,872 [device-state-0-5] INFO  o.t.s.s.s.DefaultDeviceStateService - [5] Initialized 2 out of 2 device states
2025-12-08 08:22:40,872 [device-state-0-4] INFO  o.t.s.s.s.DefaultDeviceStateService - [9] Initialized 3 out of 3 device states
2025-12-08 08:22:40,872 [tb-rule-engine-mgmt-0-2] INFO  o.t.s.q.c.c.MainQueueConsumerManager - [QK(SequentialByOriginator,TB_RULE_ENGINE,system)-4] Launching consumer
2025-12-08 08:22:40,872 [device-state-0-1] INFO  o.t.s.s.s.DefaultDeviceStateService - [6] Initialized 1 out of 1 device states
2025-12-08 08:22:40,874 [device-state-0-3] INFO  o.t.s.s.s.DefaultDeviceStateService - [7] Initialized 1 out of 1 device states
2025-12-08 08:22:40,875 [tb-rule-engine-mgmt-0-1] INFO  o.t.s.q.c.c.MainQueueConsumerManager - [QK(HighPriority,TB_RULE_ENGINE,system)-7] Launching consumer
2025-12-08 08:22:40,875 [device-state-0-3] INFO  o.t.s.s.p.AbstractPartitionBasedService - [Device State] Managing following partitions:
2025-12-08 08:22:40,875 [device-state-0-3] INFO  o.t.s.s.p.AbstractPartitionBasedService - [Device State][tb_core.4]: 1 entities
2025-12-08 08:22:40,875 [tb-rule-engine-mgmt-0-3] INFO  o.t.s.q.c.c.MainQueueConsumerManager - [QK(Main,TB_RULE_ENGINE,system)-4] Launching consumer
2025-12-08 08:22:40,875 [device-state-0-3] INFO  o.t.s.s.p.AbstractPartitionBasedService - [Device State][tb_core.8]: 0 entities
2025-12-08 08:22:40,875 [device-state-0-3] INFO  o.t.s.s.p.AbstractPartitionBasedService - [Device State][tb_core.0]: 0 entities
2025-12-08 08:22:40,875 [tb-rule-engine-mgmt-0-2] INFO  o.t.s.q.c.c.MainQueueConsumerManager - [QK(SequentialByOriginator,TB_RULE_ENGINE,system)-6] Launching consumer
2025-12-08 08:22:40,875 [device-state-0-3] INFO  o.t.s.s.p.AbstractPartitionBasedService - [Device State][tb_core.3]: 0 entities
2025-12-08 08:22:40,875 [device-state-0-3] INFO  o.t.s.s.p.AbstractPartitionBasedService - [Device State][tb_core.7]: 1 entities
2025-12-08 08:22:40,876 [tb-rule-engine-mgmt-0-1] INFO  o.t.s.q.c.c.MainQueueConsumerManager - [QK(HighPriority,TB_RULE_ENGINE,system)-9] Launching consumer
2025-12-08 08:22:40,876 [device-state-0-3] INFO  o.t.s.s.p.AbstractPartitionBasedService - [Device State][tb_core.2]: 2 entities
2025-12-08 08:22:40,876 [device-state-0-3] INFO  o.t.s.s.p.AbstractPartitionBasedService - [Device State][tb_core.6]: 1 entities
2025-12-08 08:22:40,876 [device-state-0-3] INFO  o.t.s.s.p.AbstractPartitionBasedService - [Device State][tb_core.5]: 2 entities
2025-12-08 08:22:40,876 [tb-rule-engine-mgmt-0-3] INFO  o.t.s.q.c.c.MainQueueConsumerManager - [QK(Main,TB_RULE_ENGINE,system)-6] Launching consumer
2025-12-08 08:22:40,877 [tb-rule-engine-mgmt-0-2] INFO  o.t.s.q.c.c.MainQueueConsumerManager - [QK(SequentialByOriginator,TB_RULE_ENGINE,system)-8] Launching consumer
2025-12-08 08:22:40,876 [device-state-0-3] INFO  o.t.s.s.p.AbstractPartitionBasedService - [Device State][tb_core.1]: 3 entities
2025-12-08 08:22:40,877 [device-state-0-3] INFO  o.t.s.s.p.AbstractPartitionBasedService - [Device State][tb_core.9]: 3 entities
2025-12-08 08:22:40,877 [tb-rule-engine-mgmt-0-1] INFO  o.t.s.q.c.c.MainQueueConsumerManager - [QK(HighPriority,TB_RULE_ENGINE,system)-0] Launching consumer
2025-12-08 08:22:40,878 [main] INFO  o.t.s.q.c.c.QueueConsumerManager - [TB Transport] Launching consumer
2025-12-08 08:22:40,878 [tb-rule-engine-mgmt-0-3] INFO  o.t.s.q.c.c.MainQueueConsumerManager - [QK(Main,TB_RULE_ENGINE,system)-8] Launching consumer
2025-12-08 08:22:40,879 [tb-rule-engine-mgmt-0-1] INFO  o.t.s.q.c.c.MainQueueConsumerManager - [QK(HighPriority,TB_RULE_ENGINE,system)-2] Launching consumer
2025-12-08 08:22:40,880 [tb-rule-engine-mgmt-0-2] INFO  o.t.s.q.c.c.MainQueueConsumerManager - [QK(SequentialByOriginator,TB_RULE_ENGINE,system)-1] Launching consumer
2025-12-08 08:22:40,880 [tb-rule-engine-mgmt-0-3] INFO  o.t.s.q.c.c.MainQueueConsumerManager - [QK(Main,TB_RULE_ENGINE,system)-1] Launching consumer
2025-12-08 08:22:40,881 [tb-rule-engine-mgmt-0-1] INFO  o.t.s.q.c.c.MainQueueConsumerManager - [QK(HighPriority,TB_RULE_ENGINE,system)-4] Launching consumer
2025-12-08 08:22:40,881 [tb-rule-engine-mgmt-0-1] INFO  o.t.s.q.c.c.MainQueueConsumerManager - [QK(HighPriority,TB_RULE_ENGINE,system)-6] Launching consumer
2025-12-08 08:22:40,882 [tb-rule-engine-mgmt-0-3] INFO  o.t.s.q.c.c.MainQueueConsumerManager - [QK(Main,TB_RULE_ENGINE,system)-3] Launching consumer
2025-12-08 08:22:40,882 [tb-rule-engine-mgmt-0-1] INFO  o.t.s.q.c.c.MainQueueConsumerManager - [QK(HighPriority,TB_RULE_ENGINE,system)-8] Launching consumer
2025-12-08 08:22:40,883 [tb-rule-engine-mgmt-0-2] INFO  o.t.s.q.c.c.MainQueueConsumerManager - [QK(SequentialByOriginator,TB_RULE_ENGINE,system)-3] Launching consumer
2025-12-08 08:22:40,883 [tb-rule-engine-mgmt-0-3] INFO  o.t.s.q.c.c.MainQueueConsumerManager - [QK(Main,TB_RULE_ENGINE,system)-5] Launching consumer
2025-12-08 08:22:40,884 [tb-rule-engine-mgmt-0-2] INFO  o.t.s.q.c.c.MainQueueConsumerManager - [QK(SequentialByOriginator,TB_RULE_ENGINE,system)-5] Launching consumer
2025-12-08 08:22:40,885 [tb-rule-engine-mgmt-0-3] INFO  o.t.s.q.c.c.MainQueueConsumerManager - [QK(Main,TB_RULE_ENGINE,system)-7] Launching consumer
2025-12-08 08:22:40,885 [tb-rule-engine-mgmt-0-2] INFO  o.t.s.q.c.c.MainQueueConsumerManager - [QK(SequentialByOriginator,TB_RULE_ENGINE,system)-7] Launching consumer
2025-12-08 08:22:40,886 [tb-rule-engine-mgmt-0-3] INFO  o.t.s.q.c.c.MainQueueConsumerManager - [QK(Main,TB_RULE_ENGINE,system)-9] Launching consumer
2025-12-08 08:22:40,887 [tb-rule-engine-mgmt-0-2] INFO  o.t.s.q.c.c.MainQueueConsumerManager - [QK(SequentialByOriginator,TB_RULE_ENGINE,system)-9] Launching consumer
2025-12-08 08:22:40,923 [main] INFO  o.e.c.c.network.RandomTokenGenerator - using tokens of 8 bytes in length
2025-12-08 08:22:40,924 [main] INFO  o.e.c.core.network.CoapEndpoint - [LWM2M Server-coap://0.0.0.0:5685] CoapEndpoint uses udp context
2025-12-08 08:22:40,924 [main] INFO  o.e.c.c.network.stack.BlockwiseLayer - [LWM2M Server-coap://0.0.0.0:5685] BlockwiseLayer uses MAX_MESSAGE_SIZE=1024, PREFERRED_BLOCK_SIZE=1024, BLOCKWISE_STATUS_LIFETIME=300000, MAX_RESOURCE_BODY_SIZE=268435456, BLOCKWISE_STRICT_BLOCK2_OPTION=true
2025-12-08 08:22:40,927 [main] INFO  o.t.s.t.l.s.DefaultLwM2mTransportService - Unable to load X509 files for LWM2MServer
2025-12-08 08:22:40,929 [main] WARN  o.e.l.s.c.e.c.CoapsServerEndpointFactory - PskStore should be automatically set by Leshan. Using a custom implementation is not advised.
2025-12-08 08:22:40,930 [main] INFO  o.e.c.s.d.InMemoryReadWriteLockConnectionStore - Created new InMemoryConnectionStore [capacity: 150000, connection expiration threshold: 1800s]
2025-12-08 08:22:40,931 [main] INFO  o.e.c.c.network.RandomTokenGenerator - using tokens of 8 bytes in length
2025-12-08 08:22:40,931 [main] INFO  o.e.c.core.network.CoapEndpoint - [LWM2M Server-coaps://0.0.0.0:5686] CoapEndpoint uses lwm2m correlation
2025-12-08 08:22:40,931 [main] INFO  o.e.c.c.network.stack.BlockwiseLayer - [LWM2M Server-coaps://0.0.0.0:5686] BlockwiseLayer uses MAX_MESSAGE_SIZE=1024, PREFERRED_BLOCK_SIZE=1024, BLOCKWISE_STATUS_LIFETIME=300000, MAX_RESOURCE_BODY_SIZE=268435456, BLOCKWISE_STRICT_BLOCK2_OPTION=true
2025-12-08 08:22:40,949 [main] INFO  o.t.s.t.l.s.DefaultLwM2mTransportService - Starting LwM2M transport server...
2025-12-08 08:22:40,951 [main] INFO  o.e.californium.core.CoapServer - Starting server
2025-12-08 08:22:40,957 [main] INFO  o.e.c.elements.UDPConnector - UDPConnector starts up 2 sender threads and 2 receiver threads
2025-12-08 08:22:40,959 [main] INFO  o.e.c.elements.UDPConnector - UDPConnector listening on /[0:0:0:0:0:0:0:0]:5685, recv buf = 106496, send buf = 106496, recv packet size = 2048
2025-12-08 08:22:40,959 [main] INFO  o.e.c.core.network.CoapEndpoint - [LWM2M Server-coap://0.0.0.0:5685] Started endpoint at coap://[0:0:0:0:0:0:0:0]:5685
2025-12-08 08:22:40,967 [main] INFO  o.e.c.scandium.DTLSConnector - multiple network interfaces, using smallest MTU [IPv4 1500, IPv6 1280]
2025-12-08 08:22:40,970 [DTLS-Receiver-0-/[0:0:0:0:0:0:0:0]:5686] INFO  o.e.c.scandium.DTLSConnector - Starting worker thread [DTLS-Receiver-0-/[0:0:0:0:0:0:0:0]:5686]
2025-12-08 08:22:40,970 [main] INFO  o.e.c.scandium.DTLSConnector - DTLSConnector listening on /[0:0:0:0:0:0:0:0]:5686, recv buf = 106496, send buf = 106496, recv packet size = 16490, MTU = IPv4 1500 / IPv6 1280
2025-12-08 08:22:40,971 [main] INFO  o.e.c.core.network.CoapEndpoint - [LWM2M Server-coaps://0.0.0.0:5686] Started endpoint at coaps://[0:0:0:0:0:0:0:0]:5686
2025-12-08 08:22:40,971 [DTLS-Receiver-1-/[0:0:0:0:0:0:0:0]:5686] INFO  o.e.c.scandium.DTLSConnector - Starting worker thread [DTLS-Receiver-1-/[0:0:0:0:0:0:0:0]:5686]
2025-12-08 08:22:40,971 [main] INFO  o.eclipse.leshan.server.LeshanServer - LWM2M server started.
2025-12-08 08:22:40,971 [main] INFO  o.eclipse.leshan.server.LeshanServer - CoAP over UDP endpoint based on Californium library available at coap://[0:0:0:0:0:0:0:0]:5685.
2025-12-08 08:22:40,971 [main] INFO  o.eclipse.leshan.server.LeshanServer - CoAP over DTLS endpoint based on Californium/Scandium library available at coaps://[0:0:0:0:0:0:0:0]:5686.
2025-12-08 08:22:40,978 [main] INFO  o.t.s.t.l.s.DefaultLwM2mTransportService - Started LwM2M transport server.
2025-12-08 08:22:40,979 [main] INFO  o.t.s.t.snmp.SnmpTransportContext - Initializing SNMP devices sessions
2025-12-08 08:22:41,866 [DbCallbackExecutorService-0-1] INFO  o.t.s.s.p.AbstractPartitionBasedService - [API Usage] Managing following partitions:
2025-12-08 08:22:41,866 [DbCallbackExecutorService-0-1] INFO  o.t.s.s.p.AbstractPartitionBasedService - [API Usage][tb_core.4]: 0 entities
2025-12-08 08:22:41,867 [DbCallbackExecutorService-0-1] INFO  o.t.s.s.p.AbstractPartitionBasedService - [API Usage][tb_core.8]: 0 entities
2025-12-08 08:22:41,867 [DbCallbackExecutorService-0-1] INFO  o.t.s.s.p.AbstractPartitionBasedService - [API Usage][tb_core.0]: 0 entities
2025-12-08 08:22:41,867 [DbCallbackExecutorService-0-1] INFO  o.t.s.s.p.AbstractPartitionBasedService - [API Usage][tb_core.3]: 1 entities
2025-12-08 08:22:41,867 [DbCallbackExecutorService-0-1] INFO  o.t.s.s.p.AbstractPartitionBasedService - [API Usage][tb_core.7]: 1 entities
2025-12-08 08:22:41,867 [DbCallbackExecutorService-0-1] INFO  o.t.s.s.p.AbstractPartitionBasedService - [API Usage][tb_core.2]: 0 entities
2025-12-08 08:22:41,867 [DbCallbackExecutorService-0-1] INFO  o.t.s.s.p.AbstractPartitionBasedService - [API Usage][tb_core.6]: 0 entities
2025-12-08 08:22:41,867 [DbCallbackExecutorService-0-1] INFO  o.t.s.s.p.AbstractPartitionBasedService - [API Usage][tb_core.5]: 0 entities
2025-12-08 08:22:41,867 [DbCallbackExecutorService-0-1] INFO  o.t.s.s.p.AbstractPartitionBasedService - [API Usage][tb_core.1]: 0 entities
2025-12-08 08:22:41,867 [DbCallbackExecutorService-0-1] INFO  o.t.s.s.p.AbstractPartitionBasedService - [API Usage][tb_core.9]: 0 entities
2025-12-08 08:22:41,903 [main] INFO  o.t.s.ThingsboardServerApplication - Started ThingsBoard in 42 seconds
2025-12-08 08:22:42,551 [rule-dispatcher-0-5] INFO  o.t.s.d.s.i.s.SqlPartitioningRepository - Saving partition 1764806400000-1765411200000 for table lc_event
2025-12-08 08:22:42,671 [sql-log-2-thread-1] INFO  o.t.s.dao.sql.TbSqlBlockingQueue - Queue-0 [Events] queueSize [0] totalAdded [1] totalSaved [1] totalFailed [0]
2025-12-08 08:22:42,672 [sql-log-2-thread-1] INFO  o.t.s.dao.sql.TbSqlBlockingQueue - Queue-1 [Events] queueSize [0] totalAdded [9] totalSaved [9] totalFailed [0]
2025-12-08 08:22:42,672 [sql-log-2-thread-1] INFO  o.t.s.dao.sql.TbSqlBlockingQueue - Queue-2 [Events] queueSize [2] totalAdded [7] totalSaved [5] totalFailed [0]
2025-12-08 08:22:43,595 [rule-dispatcher-0-8] INFO  c.d.oss.driver.api.core.uuid.Uuids - PID obtained through native call to getpid(): 22
2025-12-08 08:22:45,324 [sql-log-2-thread-1] INFO  o.t.s.dao.sql.TbSqlBlockingQueue - Queue-1 [TS] queueSize [0] totalAdded [7] totalSaved [7] totalFailed [0]
2025-12-08 08:22:45,362 [sql-log-2-thread-1] INFO  o.t.s.dao.sql.TbSqlBlockingQueue - Queue-1 [TS Latest] queueSize [0] totalAdded [7] totalSaved [7] totalFailed [0]
2025-12-08 08:22:52,182 [git-sync-43-thread-1] INFO  o.t.s.s.sync.DefaultGitSyncService - [gateways-dashboard] Initialized repository
2025-12-08 08:22:52,671 [sql-log-2-thread-1] INFO  o.t.s.dao.sql.TbSqlBlockingQueue - Queue-0 [Events] queueSize [0] totalAdded [1] totalSaved [1] totalFailed [0]
2025-12-08 08:22:52,672 [sql-log-2-thread-1] INFO  o.t.s.dao.sql.TbSqlBlockingQueue - Queue-2 [Events] queueSize [0] totalAdded [0] totalSaved [2] totalFailed [0]
2025-12-08 08:22:53,157 [git-sync-43-thread-1] INFO  o.t.s.d.resource.BaseResourceService - Updating system resource gateway-management-extension.js
2025-12-08 08:22:53,174 [git-sync-43-thread-1] INFO  org.owasp.validator.html.Policy - Attempting to load AntiSamy policy from an input stream.
2025-12-08 08:22:53,350 [git-sync-43-thread-1] WARN  org.owasp.validator.html.Policy - The directive "noopenerAndNoreferrerAnchors" is enabled by default, but disabled in this policy. It is recommended to leave it enabled to prevent reverse tabnabbing attacks.
2025-12-08 08:22:53,508 [app-dispatcher-31-thread-1] WARN  o.t.server.actors.app.AppActor - Message has system tenant id: ComponentLifecycleMsg(tenantId=13814000-1dd2-11b2-8080-808080808080, entityId=54758d20-ccf1-11f0-81f3-0bf1425738f5, event=UPDATED, oldName=null, name=null, oldProfileId=null, profileId=null, info=null)
2025-12-08 08:22:53,786 [app-dispatcher-31-thread-1] WARN  o.t.server.actors.app.AppActor - Message has system tenant id: ComponentLifecycleMsg(tenantId=13814000-1dd2-11b2-8080-808080808080, entityId=5471bc90-ccf1-11f0-81f3-0bf1425738f5, event=UPDATED, oldName=null, name=null, oldProfileId=null, profileId=null, info=null)
2025-12-08 08:22:54,230 [git-sync-43-thread-1] INFO  o.t.s.d.resource.BaseResourceService - Updating system resource gateways_dashboard.json
2025-12-08 08:22:54,238 [git-sync-43-thread-1] INFO  o.t.s.s.e.d.DashboardSyncService - Gateways dashboard sync completed
2025-12-08 08:22:54,239 [app-dispatcher-31-thread-1] WARN  o.t.server.actors.app.AppActor - Message has system tenant id: ComponentLifecycleMsg(tenantId=13814000-1dd2-11b2-8080-808080808080, entityId=5485b9c0-ccf1-11f0-81f3-0bf1425738f5, event=UPDATED, oldName=null, name=null, oldProfileId=null, profileId=null, info=null)
2025-12-08 08:23:12,637 [rule-dispatcher-0-4] INFO  o.t.s.d.s.i.s.SqlPartitioningRepository - Saving partition 1764806400000-1765411200000 for table error_event
2025-12-08 08:23:12,642 [rule-dispatcher-0-4] INFO  o.t.server.actors.TbActorMailbox - [RULE_NODE|4ee21770-cf62-11f0-b928-f5b3ab8e93ac] Failed to init actor, attempt 1, going to retry in attempts in 5000ms
2025-12-08 08:23:12,668 [sql-log-2-thread-1] INFO  o.t.s.dao.sql.TbSqlBlockingQueue - Queue-1 [Events] queueSize [0] totalAdded [2] totalSaved [2] totalFailed [0]
2025-12-08 08:23:39,705 [TB-Scheduling-14] INFO  o.t.s.dao.aspect.SqlDaoCallsAspect - Total timing statistics below:
2025-12-08 08:23:39,707 [TB-Scheduling-14] INFO  o.t.s.dao.aspect.SqlDaoCallsAspect - [5489b160-ccf1-11f0-81f3-0bf1425738f5]: calls: 49, failures: 0, exec time: 3543 
2025-12-08 08:23:39,708 [TB-Scheduling-14] INFO  o.t.s.dao.aspect.SqlDaoCallsAspect - [5489b160-ccf1-11f0-81f3-0bf1425738f5] Top 3 methods by timing:
2025-12-08 08:23:39,708 [TB-Scheduling-14] INFO  o.t.s.dao.aspect.SqlDaoCallsAspect - [5489b160-ccf1-11f0-81f3-0bf1425738f5]: method: JpaApiUsageStateDao.findApiUsageStateByEntityId(..), calls: 2, failures: 0, exec time: 1167
2025-12-08 08:23:39,709 [TB-Scheduling-14] INFO  o.t.s.dao.aspect.SqlDaoCallsAspect - [5489b160-ccf1-11f0-81f3-0bf1425738f5]: method: JpaAbstractDao.findById(..), calls: 38, failures: 0, exec time: 1106
2025-12-08 08:23:39,709 [TB-Scheduling-14] INFO  o.t.s.dao.aspect.SqlDaoCallsAspect - [5489b160-ccf1-11f0-81f3-0bf1425738f5]: method: JpaRelationDao.findAllByFrom(..), calls: 3, failures: 0, exec time: 471
2025-12-08 08:23:39,727 [TB-Scheduling-6] INFO  o.t.s.c.t.s.DefaultTransportService - Transport Stats: openConnections [0]
2025-12-08 08:23:39,727 [TB-Scheduling-11] INFO  o.t.s.s.queue.EdgeConsumerStats - Edge Stats: totalMsgs = [14] edgeNfs = [14] coreNfEdgeHPUpd = [0] coreNfEdgeUpd = [0] coreNfEdgeSyncReq = [0] coreNfEdgeSyncResp = [0] coreNfEdgeCompLfcl = [0] 
2025-12-08 08:23:39,727 [TB-Scheduling-4] INFO  o.t.s.s.queue.TbCoreConsumerStats - Core Stats: totalMsgs = [4] sessionEvents = [0] getAttr = [0] subToAttr = [0] subToRpc = [0] toDevRpc = [0] subInfo = [0] claimDevice = [0] deviceState = [0] subMsgs = [0] deviceConnect = [0] deviceActivity = [0] deviceDisconnect = [0] deviceInactivity = [0] deviceInactivityTimeoutUpdate = [0] coreNfOther = [1] coreNfCompLfcl = [3] coreNfDevRpcRsp = [0] coreNfNfRlProc = [0] coreNfQueueUpd = [0] coreNfQueueDel = [0] coreNfSubSvc = [0] coreNfSubMgr = [0] coreNfVCRsp = [0] 
2025-12-08 08:23:45,317 [sql-log-2-thread-1] INFO  o.t.s.dao.sql.TbSqlBlockingQueue - Queue-1 [TS] queueSize [0] totalAdded [7] totalSaved [7] totalFailed [0]
2025-12-08 08:23:45,355 [sql-log-2-thread-1] INFO  o.t.s.dao.sql.TbSqlBlockingQueue - Queue-1 [TS Latest] queueSize [0] totalAdded [7] totalSaved [7] totalFailed [0]
2025-12-08 08:23:47,654 [rule-dispatcher-0-4] INFO  o.t.server.actors.TbActorMailbox - [RULE_NODE|4ee21770-cf62-11f0-b928-f5b3ab8e93ac] Failed to init actor, attempt 2, going to retry in attempts in 10000ms
2025-12-08 08:23:52,665 [sql-log-2-thread-1] INFO  o.t.s.dao.sql.TbSqlBlockingQueue - Queue-1 [Events] queueSize [0] totalAdded [2] totalSaved [2] totalFailed [0]
2025-12-08 08:24:25,314 [sql-log-2-thread-1] INFO  o.t.s.dao.sql.TbSqlBlockingQueue - Queue-1 [TS] queueSize [0] totalAdded [4] totalSaved [4] totalFailed [0]
2025-12-08 08:24:25,351 [sql-log-2-thread-1] INFO  o.t.s.dao.sql.TbSqlBlockingQueue - Queue-1 [TS Latest] queueSize [0] totalAdded [4] totalSaved [4] totalFailed [0]
2025-12-08 08:24:27,666 [rule-dispatcher-0-4] INFO  o.t.server.actors.TbActorMailbox - [RULE_NODE|4ee21770-cf62-11f0-b928-f5b3ab8e93ac] Failed to init actor, attempt 3, going to retry in attempts in 15000ms
2025-12-08 08:24:32,662 [sql-log-2-thread-1] INFO  o.t.s.dao.sql.TbSqlBlockingQueue - Queue-1 [Events] queueSize [0] totalAdded [2] totalSaved [2] totalFailed [0]
2025-12-08 08:24:39,704 [TB-Scheduling-4] INFO  o.t.s.dao.aspect.SqlDaoCallsAspect - Total timing statistics below:
2025-12-08 08:24:39,704 [TB-Scheduling-4] INFO  o.t.s.dao.aspect.SqlDaoCallsAspect - [5489b160-ccf1-11f0-81f3-0bf1425738f5]: calls: 1, failures: 0, exec time: 9 
2025-12-08 08:24:39,704 [TB-Scheduling-4] INFO  o.t.s.dao.aspect.SqlDaoCallsAspect - [5489b160-ccf1-11f0-81f3-0bf1425738f5] Top 3 methods by timing:
2025-12-08 08:24:39,704 [TB-Scheduling-4] INFO  o.t.s.dao.aspect.SqlDaoCallsAspect - [5489b160-ccf1-11f0-81f3-0bf1425738f5]: method: JpaAbstractDao.findById(..), calls: 1, failures: 0, exec time: 9
2025-12-08 08:24:39,722 [TB-Scheduling-6] INFO  o.t.s.c.t.s.DefaultTransportService - Transport Stats: openConnections [0]
2025-12-08 08:24:45,310 [sql-log-2-thread-1] INFO  o.t.s.dao.sql.TbSqlBlockingQueue - Queue-1 [TS] queueSize [0] totalAdded [7] totalSaved [7] totalFailed [0]
2025-12-08 08:24:45,348 [sql-log-2-thread-1] INFO  o.t.s.dao.sql.TbSqlBlockingQueue - Queue-1 [TS Latest] queueSize [0] totalAdded [7] totalSaved [7] totalFailed [0]
2025-12-08 08:25:12,671 [rule-dispatcher-0-3] INFO  o.t.server.actors.TbActorMailbox - [RULE_NODE|4ee21770-cf62-11f0-b928-f5b3ab8e93ac] Failed to init actor, attempt 4, going to retry in attempts in 20000ms
2025-12-08 08:25:22,652 [sql-log-2-thread-1] INFO  o.t.s.dao.sql.TbSqlBlockingQueue - Queue-1 [Events] queueSize [0] totalAdded [2] totalSaved [2] totalFailed [0]
2025-12-08 08:25:25,304 [sql-log-2-thread-1] INFO  o.t.s.dao.sql.TbSqlBlockingQueue - Queue-1 [TS] queueSize [0] totalAdded [4] totalSaved [4] totalFailed [0]
2025-12-08 08:25:25,342 [sql-log-2-thread-1] INFO  o.t.s.dao.sql.TbSqlBlockingQueue - Queue-1 [TS Latest] queueSize [0] totalAdded [4] totalSaved [4] totalFailed [0]
2025-12-08 08:25:39,696 [TB-Scheduling-4] INFO  o.t.s.dao.aspect.SqlDaoCallsAspect - Total timing statistics below:
2025-12-08 08:25:39,696 [TB-Scheduling-4] INFO  o.t.s.dao.aspect.SqlDaoCallsAspect - [5489b160-ccf1-11f0-81f3-0bf1425738f5]: calls: 2, failures: 0, exec time: 10 
2025-12-08 08:25:39,696 [TB-Scheduling-4] INFO  o.t.s.dao.aspect.SqlDaoCallsAspect - [5489b160-ccf1-11f0-81f3-0bf1425738f5] Top 3 methods by timing:
2025-12-08 08:25:39,697 [TB-Scheduling-4] INFO  o.t.s.dao.aspect.SqlDaoCallsAspect - [5489b160-ccf1-11f0-81f3-0bf1425738f5]: method: JpaAbstractDao.findById(..), calls: 2, failures: 0, exec time: 10
2025-12-08 08:25:39,714 [TB-Scheduling-12] INFO  o.t.s.c.t.s.DefaultTransportService - Transport Stats: openConnections [0]
2025-12-08 08:25:55,304 [sql-log-2-thread-1] INFO  o.t.s.dao.sql.TbSqlBlockingQueue - Queue-1 [TS] queueSize [0] totalAdded [7] totalSaved [7] totalFailed [0]
2025-12-08 08:25:55,341 [sql-log-2-thread-1] INFO  o.t.s.dao.sql.TbSqlBlockingQueue - Queue-1 [TS Latest] queueSize [0] totalAdded [7] totalSaved [7] totalFailed [0]
2025-12-08 08:26:02,683 [rule-dispatcher-0-3] INFO  o.t.server.actors.TbActorMailbox - [RULE_NODE|4ee21770-cf62-11f0-b928-f5b3ab8e93ac] Failed to init actor, attempt 5, going to retry in attempts in 25000ms
2025-12-08 08:26:12,648 [sql-log-2-thread-1] INFO  o.t.s.dao.sql.TbSqlBlockingQueue - Queue-1 [Events] queueSize [0] totalAdded [2] totalSaved [2] totalFailed [0]
2025-12-08 08:26:25,300 [sql-log-2-thread-1] INFO  o.t.s.dao.sql.TbSqlBlockingQueue - Queue-1 [TS] queueSize [0] totalAdded [4] totalSaved [4] totalFailed [0]
2025-12-08 08:26:25,338 [sql-log-2-thread-1] INFO  o.t.s.dao.sql.TbSqlBlockingQueue - Queue-1 [TS Latest] queueSize [0] totalAdded [4] totalSaved [4] totalFailed [0]
2025-12-08 08:26:39,694 [TB-Scheduling-5] INFO  o.t.s.dao.aspect.SqlDaoCallsAspect - Total timing statistics below:
2025-12-08 08:26:39,695 [TB-Scheduling-5] INFO  o.t.s.dao.aspect.SqlDaoCallsAspect - [5489b160-ccf1-11f0-81f3-0bf1425738f5]: calls: 1, failures: 0, exec time: 6 
2025-12-08 08:26:39,695 [TB-Scheduling-5] INFO  o.t.s.dao.aspect.SqlDaoCallsAspect - [5489b160-ccf1-11f0-81f3-0bf1425738f5] Top 3 methods by timing:
2025-12-08 08:26:39,695 [TB-Scheduling-5] INFO  o.t.s.dao.aspect.SqlDaoCallsAspect - [5489b160-ccf1-11f0-81f3-0bf1425738f5]: method: JpaAbstractDao.findById(..), calls: 1, failures: 0, exec time: 6
2025-12-08 08:26:39,711 [TB-Scheduling-11] INFO  o.t.s.c.t.s.DefaultTransportService - Transport Stats: openConnections [0]
2025-12-08 08:26:55,297 [sql-log-2-thread-1] INFO  o.t.s.dao.sql.TbSqlBlockingQueue - Queue-1 [TS] queueSize [0] totalAdded [7] totalSaved [7] totalFailed [0]
2025-12-08 08:26:55,334 [sql-log-2-thread-1] INFO  o.t.s.dao.sql.TbSqlBlockingQueue - Queue-1 [TS Latest] queueSize [0] totalAdded [7] totalSaved [7] totalFailed [0]
2025-12-08 08:26:57,688 [rule-dispatcher-0-3] INFO  o.t.server.actors.TbActorMailbox - [RULE_NODE|4ee21770-cf62-11f0-b928-f5b3ab8e93ac] Failed to init actor, attempt 6, going to retry in attempts in 30000ms
2025-12-08 08:27:02,644 [sql-log-2-thread-1] INFO  o.t.s.dao.sql.TbSqlBlockingQueue - Queue-1 [Events] queueSize [0] totalAdded [2] totalSaved [2] totalFailed [0]
2025-12-08 08:27:25,294 [sql-log-2-thread-1] INFO  o.t.s.dao.sql.TbSqlBlockingQueue - Queue-1 [TS] queueSize [0] totalAdded [4] totalSaved [4] totalFailed [0]
2025-12-08 08:27:25,331 [sql-log-2-thread-1] INFO  o.t.s.dao.sql.TbSqlBlockingQueue - Queue-1 [TS Latest] queueSize [0] totalAdded [4] totalSaved [4] totalFailed [0]
2025-12-08 08:27:39,689 [TB-Scheduling-6] INFO  o.t.s.dao.aspect.SqlDaoCallsAspect - Total timing statistics below:
2025-12-08 08:27:39,690 [TB-Scheduling-6] INFO  o.t.s.dao.aspect.SqlDaoCallsAspect - [5489b160-ccf1-11f0-81f3-0bf1425738f5]: calls: 1, failures: 0, exec time: 3 
2025-12-08 08:27:39,690 [TB-Scheduling-6] INFO  o.t.s.dao.aspect.SqlDaoCallsAspect - [5489b160-ccf1-11f0-81f3-0bf1425738f5] Top 3 methods by timing:
2025-12-08 08:27:39,690 [TB-Scheduling-6] INFO  o.t.s.dao.aspect.SqlDaoCallsAspect - [5489b160-ccf1-11f0-81f3-0bf1425738f5]: method: JpaAbstractDao.findById(..), calls: 1, failures: 0, exec time: 3
2025-12-08 08:27:39,706 [TB-Scheduling-10] INFO  o.t.s.c.t.s.DefaultTransportService - Transport Stats: openConnections [0]
2025-12-08 08:27:55,290 [sql-log-2-thread-1] INFO  o.t.s.dao.sql.TbSqlBlockingQueue - Queue-1 [TS] queueSize [0] totalAdded [7] totalSaved [7] totalFailed [0]
2025-12-08 08:27:55,328 [sql-log-2-thread-1] INFO  o.t.s.dao.sql.TbSqlBlockingQueue - Queue-1 [TS Latest] queueSize [0] totalAdded [7] totalSaved [7] totalFailed [0]
2025-12-08 08:27:57,691 [rule-dispatcher-0-3] INFO  o.t.server.actors.TbActorMailbox - [RULE_NODE|4ee21770-cf62-11f0-b928-f5b3ab8e93ac] Failed to init actor, attempt 7, going to retry in attempts in 35000ms
2025-12-08 08:28:02,638 [sql-log-2-thread-1] INFO  o.t.s.dao.sql.TbSqlBlockingQueue - Queue-1 [Events] queueSize [0] totalAdded [2] totalSaved [2] totalFailed [0]
2025-12-08 08:28:25,287 [sql-log-2-thread-1] INFO  o.t.s.dao.sql.TbSqlBlockingQueue - Queue-1 [TS] queueSize [0] totalAdded [5] totalSaved [5] totalFailed [0]
2025-12-08 08:28:25,325 [sql-log-2-thread-1] INFO  o.t.s.dao.sql.TbSqlBlockingQueue - Queue-1 [TS Latest] queueSize [0] totalAdded [5] totalSaved [5] totalFailed [0]
2025-12-08 08:28:39,685 [TB-Scheduling-9] INFO  o.t.s.dao.aspect.SqlDaoCallsAspect - Total timing statistics below:
2025-12-08 08:28:39,686 [TB-Scheduling-9] INFO  o.t.s.dao.aspect.SqlDaoCallsAspect - [5489b160-ccf1-11f0-81f3-0bf1425738f5]: calls: 1, failures: 0, exec time: 4 
2025-12-08 08:28:39,686 [TB-Scheduling-9] INFO  o.t.s.dao.aspect.SqlDaoCallsAspect - [5489b160-ccf1-11f0-81f3-0bf1425738f5] Top 3 methods by timing:
2025-12-08 08:28:39,686 [TB-Scheduling-9] INFO  o.t.s.dao.aspect.SqlDaoCallsAspect - [5489b160-ccf1-11f0-81f3-0bf1425738f5]: method: JpaAbstractDao.findById(..), calls: 1, failures: 0, exec time: 4
2025-12-08 08:28:39,700 [TB-Scheduling-7] INFO  o.t.s.c.t.s.DefaultTransportService - Transport Stats: openConnections [0]
2025-12-08 08:28:55,284 [sql-log-2-thread-1] INFO  o.t.s.dao.sql.TbSqlBlockingQueue - Queue-1 [TS] queueSize [0] totalAdded [7] totalSaved [7] totalFailed [0]
2025-12-08 08:28:55,322 [sql-log-2-thread-1] INFO  o.t.s.dao.sql.TbSqlBlockingQueue - Queue-1 [TS Latest] queueSize [0] totalAdded [7] totalSaved [7] totalFailed [0]
2025-12-08 08:29:02,694 [rule-dispatcher-0-3] INFO  o.t.server.actors.TbActorMailbox - [RULE_NODE|4ee21770-cf62-11f0-b928-f5b3ab8e93ac] Failed to init actor, attempt 8, going to retry in attempts in 40000ms
2025-12-08 08:29:12,629 [sql-log-2-thread-1] INFO  o.t.s.dao.sql.TbSqlBlockingQueue - Queue-1 [Events] queueSize [0] totalAdded [2] totalSaved [2] totalFailed [0]
2025-12-08 08:29:25,281 [sql-log-2-thread-1] INFO  o.t.s.dao.sql.TbSqlBlockingQueue - Queue-1 [TS] queueSize [0] totalAdded [4] totalSaved [4] totalFailed [0]
2025-12-08 08:29:25,319 [sql-log-2-thread-1] INFO  o.t.s.dao.sql.TbSqlBlockingQueue - Queue-1 [TS Latest] queueSize [0] totalAdded [4] totalSaved [4] totalFailed [0]
2025-12-08 08:29:39,695 [TB-Scheduling-16] INFO  o.t.s.c.t.s.DefaultTransportService - Transport Stats: openConnections [0]
2025-12-08 08:29:55,278 [sql-log-2-thread-1] INFO  o.t.s.dao.sql.TbSqlBlockingQueue - Queue-1 [TS] queueSize [0] totalAdded [7] totalSaved [7] totalFailed [0]
2025-12-08 08:29:55,316 [sql-log-2-thread-1] INFO  o.t.s.dao.sql.TbSqlBlockingQueue - Queue-1 [TS Latest] queueSize [0] totalAdded [7] totalSaved [7] totalFailed [0]
2025-12-08 08:30:12,696 [rule-dispatcher-0-8] INFO  o.t.server.actors.TbActorMailbox - [RULE_NODE|4ee21770-cf62-11f0-b928-f5b3ab8e93ac] Failed to init actor, attempt 9, going to retry in attempts in 45000ms
2025-12-08 08:30:22,617 [sql-log-2-thread-1] INFO  o.t.s.dao.sql.TbSqlBlockingQueue - Queue-1 [Events] queueSize [0] totalAdded [2] totalSaved [2] totalFailed [0]
2025-12-08 08:30:25,270 [sql-log-2-thread-1] INFO  o.t.s.dao.sql.TbSqlBlockingQueue - Queue-1 [TS] queueSize [0] totalAdded [4] totalSaved [4] totalFailed [0]
2025-12-08 08:30:25,308 [sql-log-2-thread-1] INFO  o.t.s.dao.sql.TbSqlBlockingQueue - Queue-1 [TS Latest] queueSize [0] totalAdded [4] totalSaved [4] totalFailed [0]
2025-12-08 08:30:39,670 [TB-Scheduling-11] INFO  o.t.s.dao.aspect.SqlDaoCallsAspect - Total timing statistics below:
2025-12-08 08:30:39,670 [TB-Scheduling-11] INFO  o.t.s.dao.aspect.SqlDaoCallsAspect - [5489b160-ccf1-11f0-81f3-0bf1425738f5]: calls: 1, failures: 0, exec time: 8 
2025-12-08 08:30:39,670 [TB-Scheduling-11] INFO  o.t.s.dao.aspect.SqlDaoCallsAspect - [5489b160-ccf1-11f0-81f3-0bf1425738f5] Top 3 methods by timing:
2025-12-08 08:30:39,671 [TB-Scheduling-11] INFO  o.t.s.dao.aspect.SqlDaoCallsAspect - [5489b160-ccf1-11f0-81f3-0bf1425738f5]: method: JpaAbstractDao.findById(..), calls: 1, failures: 0, exec time: 8
2025-12-08 08:30:39,684 [TB-Scheduling-4] INFO  o.t.s.c.t.s.DefaultTransportService - Transport Stats: openConnections [0]
2025-12-08 08:30:55,271 [sql-log-2-thread-1] INFO  o.t.s.dao.sql.TbSqlBlockingQueue - Queue-1 [TS] queueSize [0] totalAdded [7] totalSaved [7] totalFailed [0]
2025-12-08 08:30:55,309 [sql-log-2-thread-1] INFO  o.t.s.dao.sql.TbSqlBlockingQueue - Queue-1 [TS Latest] queueSize [0] totalAdded [7] totalSaved [7] totalFailed [0]
2025-12-08 08:31:25,269 [sql-log-2-thread-1] INFO  o.t.s.dao.sql.TbSqlBlockingQueue - Queue-1 [TS] queueSize [0] totalAdded [4] totalSaved [4] totalFailed [0]
2025-12-08 08:31:25,306 [sql-log-2-thread-1] INFO  o.t.s.dao.sql.TbSqlBlockingQueue - Queue-1 [TS Latest] queueSize [0] totalAdded [4] totalSaved [4] totalFailed [0]
2025-12-08 08:31:27,712 [rule-dispatcher-0-3] INFO  o.t.server.actors.TbActorMailbox - [RULE_NODE|4ee21770-cf62-11f0-b928-f5b3ab8e93ac] Failed to init actor, attempt 10, going to stop attempts.
org.thingsboard.server.actors.TbActorException: Failed to init actor
	at org.thingsboard.server.actors.service.ComponentActor.initProcessor(ComponentActor.java:76)
	at org.thingsboard.server.actors.service.ComponentActor.init(ComponentActor.java:61)
	at org.thingsboard.server.actors.TbActorMailbox.tryInit(TbActorMailbox.java:69)
	at org.thingsboard.server.actors.TbActorMailbox.lambda$tryInit$1(TbActorMailbox.java:91)
	at java.base/java.util.concurrent.ForkJoinTask$RunnableExecuteAction.exec(ForkJoinTask.java:1395)
	at java.base/java.util.concurrent.ForkJoinTask.doExec(ForkJoinTask.java:373)
	at java.base/java.util.concurrent.ForkJoinPool$WorkQueue.topLevelExec(ForkJoinPool.java:1182)
	at java.base/java.util.concurrent.ForkJoinPool.scan(ForkJoinPool.java:1655)
	at java.base/java.util.concurrent.ForkJoinPool.runWorker(ForkJoinPool.java:1622)
	at java.base/java.util.concurrent.ForkJoinWorkerThread.run(ForkJoinWorkerThread.java:165)
Caused by: org.thingsboard.rule.engine.api.TbNodeException: java.lang.RuntimeException: Failed to connect to MQTT broker at 192.168.126.86:8888.
	at org.thingsboard.rule.engine.mqtt.TbMqttNode.init(TbMqttNode.java:80)
	at org.thingsboard.server.actors.ruleChain.RuleNodeActorMessageProcessor.initComponent(RuleNodeActorMessageProcessor.java:182)
	at org.thingsboard.server.actors.ruleChain.RuleNodeActorMessageProcessor.start(RuleNodeActorMessageProcessor.java:68)
	at org.thingsboard.server.actors.service.ComponentActor.initProcessor(ComponentActor.java:67)
	... 9 common frames omitted
Caused by: java.lang.RuntimeException: Failed to connect to MQTT broker at 192.168.126.86:8888.
	at org.thingsboard.rule.engine.mqtt.TbMqttNode.initClient(TbMqttNode.java:146)
	at org.thingsboard.rule.engine.mqtt.TbMqttNode.init(TbMqttNode.java:76)
	... 12 common frames omitted
2025-12-08 08:31:28,298 [NotificationExecutorService-0-1] INFO  o.t.s.d.s.i.s.SqlPartitioningRepository - Saving partition 1764806400000-1765411200000 for table notification
2025-12-08 08:31:32,617 [sql-log-2-thread-1] INFO  o.t.s.dao.sql.TbSqlBlockingQueue - Queue-1 [Events] queueSize [0] totalAdded [3] totalSaved [3] totalFailed [0]
2025-12-08 08:31:39,671 [TB-Scheduling-13] INFO  o.t.s.dao.aspect.SqlDaoCallsAspect - Total timing statistics below:
2025-12-08 08:31:39,671 [TB-Scheduling-13] INFO  o.t.s.dao.aspect.SqlDaoCallsAspect - [5489b160-ccf1-11f0-81f3-0bf1425738f5]: calls: 9, failures: 0, exec time: 467 
2025-12-08 08:31:39,671 [TB-Scheduling-13] INFO  o.t.s.dao.aspect.SqlDaoCallsAspect - [5489b160-ccf1-11f0-81f3-0bf1425738f5] Top 3 methods by timing:
2025-12-08 08:31:39,671 [TB-Scheduling-13] INFO  o.t.s.dao.aspect.SqlDaoCallsAspect - [5489b160-ccf1-11f0-81f3-0bf1425738f5]: method: JpaAbstractDao.findById(..), calls: 3, failures: 0, exec time: 218
2025-12-08 08:31:39,672 [TB-Scheduling-13] INFO  o.t.s.dao.aspect.SqlDaoCallsAspect - [5489b160-ccf1-11f0-81f3-0bf1425738f5]: method: JpaUserDao.findTenantAdmins(..), calls: 1, failures: 0, exec time: 79
2025-12-08 08:31:39,672 [TB-Scheduling-13] INFO  o.t.s.dao.aspect.SqlDaoCallsAspect - [5489b160-ccf1-11f0-81f3-0bf1425738f5]: method: JpaAbstractDao.save(..), calls: 2, failures: 0, exec time: 76
2025-12-08 08:31:39,684 [TB-Scheduling-1] INFO  o.t.s.c.t.s.DefaultTransportService - Transport Stats: openConnections [0]
2025-12-08 08:31:55,265 [sql-log-2-thread-1] INFO  o.t.s.dao.sql.TbSqlBlockingQueue - Queue-1 [TS] queueSize [0] totalAdded [7] totalSaved [7] totalFailed [0]
2025-12-08 08:31:55,303 [sql-log-2-thread-1] INFO  o.t.s.dao.sql.TbSqlBlockingQueue - Queue-1 [TS Latest] queueSize [0] totalAdded [7] totalSaved [7] totalFailed [0]
2025-12-08 08:32:25,263 [sql-log-2-thread-1] INFO  o.t.s.dao.sql.TbSqlBlockingQueue - Queue-1 [TS] queueSize [0] totalAdded [4] totalSaved [4] totalFailed [0]
2025-12-08 08:32:25,301 [sql-log-2-thread-1] INFO  o.t.s.dao.sql.TbSqlBlockingQueue - Queue-1 [TS Latest] queueSize [0] totalAdded [4] totalSaved [4] totalFailed [0]
2025-12-08 08:32:39,679 [TB-Scheduling-14] INFO  o.t.s.c.t.s.DefaultTransportService - Transport Stats: openConnections [0]
2025-12-08 08:32:55,259 [sql-log-2-thread-1] INFO  o.t.s.dao.sql.TbSqlBlockingQueue - Queue-1 [TS] queueSize [0] totalAdded [7] totalSaved [7] totalFailed [0]
2025-12-08 08:32:55,297 [sql-log-2-thread-1] INFO  o.t.s.dao.sql.TbSqlBlockingQueue - Queue-1 [TS Latest] queueSize [0] totalAdded [7] totalSaved [7] totalFailed [0]
2025-12-08 08:33:25,256 [sql-log-2-thread-1] INFO  o.t.s.dao.sql.TbSqlBlockingQueue - Queue-1 [TS] queueSize [0] totalAdded [4] totalSaved [4] totalFailed [0]
2025-12-08 08:33:25,294 [sql-log-2-thread-1] INFO  o.t.s.dao.sql.TbSqlBlockingQueue - Queue-1 [TS Latest] queueSize [0] totalAdded [4] totalSaved [4] totalFailed [0]
2025-12-08 08:33:39,674 [TB-Scheduling-4] INFO  o.t.s.c.t.s.DefaultTransportService - Transport Stats: openConnections [0]
2025-12-08 08:33:55,254 [sql-log-2-thread-1] INFO  o.t.s.dao.sql.TbSqlBlockingQueue - Queue-1 [TS] queueSize [0] totalAdded [7] totalSaved [7] totalFailed [0]
2025-12-08 08:33:55,291 [sql-log-2-thread-1] INFO  o.t.s.dao.sql.TbSqlBlockingQueue - Queue-1 [TS Latest] queueSize [0] totalAdded [7] totalSaved [7] totalFailed [0]
2025-12-08 08:34:25,252 [sql-log-2-thread-1] INFO  o.t.s.dao.sql.TbSqlBlockingQueue - Queue-1 [TS] queueSize [0] totalAdded [4] totalSaved [4] totalFailed [0]
2025-12-08 08:34:25,288 [sql-log-2-thread-1] INFO  o.t.s.dao.sql.TbSqlBlockingQueue - Queue-1 [TS Latest] queueSize [0] totalAdded [4] totalSaved [4] totalFailed [0]
2025-12-08 08:34:39,670 [TB-Scheduling-3] INFO  o.t.s.c.t.s.DefaultTransportService - Transport Stats: openConnections [0]
2025-12-08 08:34:55,247 [sql-log-2-thread-1] INFO  o.t.s.dao.sql.TbSqlBlockingQueue - Queue-1 [TS] queueSize [0] totalAdded [7] totalSaved [7] totalFailed [0]
2025-12-08 08:34:55,285 [sql-log-2-thread-1] INFO  o.t.s.dao.sql.TbSqlBlockingQueue - Queue-1 [TS Latest] queueSize [0] totalAdded [7] totalSaved [7] totalFailed [0]
2025-12-08 08:35:25,245 [sql-log-2-thread-1] INFO  o.t.s.dao.sql.TbSqlBlockingQueue - Queue-1 [TS] queueSize [0] totalAdded [4] totalSaved [4] totalFailed [0]
2025-12-08 08:35:25,283 [sql-log-2-thread-1] INFO  o.t.s.dao.sql.TbSqlBlockingQueue - Queue-1 [TS Latest] queueSize [0] totalAdded [4] totalSaved [4] totalFailed [0]
2025-12-08 08:35:39,665 [TB-Scheduling-14] INFO  o.t.s.c.t.s.DefaultTransportService - Transport Stats: openConnections [0]
2025-12-08 08:36:05,243 [sql-log-2-thread-1] INFO  o.t.s.dao.sql.TbSqlBlockingQueue - Queue-1 [TS] queueSize [0] totalAdded [7] totalSaved [7] totalFailed [0]
2025-12-08 08:36:05,280 [sql-log-2-thread-1] INFO  o.t.s.dao.sql.TbSqlBlockingQueue - Queue-1 [TS Latest] queueSize [0] totalAdded [7] totalSaved [7] totalFailed [0]
2025-12-08 08:36:25,240 [sql-log-2-thread-1] INFO  o.t.s.dao.sql.TbSqlBlockingQueue - Queue-1 [TS] queueSize [0] totalAdded [4] totalSaved [4] totalFailed [0]
2025-12-08 08:36:25,278 [sql-log-2-thread-1] INFO  o.t.s.dao.sql.TbSqlBlockingQueue - Queue-1 [TS Latest] queueSize [0] totalAdded [4] totalSaved [4] totalFailed [0]
2025-12-08 08:36:39,661 [TB-Scheduling-15] INFO  o.t.s.c.t.s.DefaultTransportService - Transport Stats: openConnections [0]
2025-12-08 08:37:05,237 [sql-log-2-thread-1] INFO  o.t.s.dao.sql.TbSqlBlockingQueue - Queue-1 [TS] queueSize [0] totalAdded [7] totalSaved [7] totalFailed [0]
2025-12-08 08:37:05,275 [sql-log-2-thread-1] INFO  o.t.s.dao.sql.TbSqlBlockingQueue - Queue-1 [TS Latest] queueSize [0] totalAdded [7] totalSaved [7] totalFailed [0]
2025-12-08 08:37:25,235 [sql-log-2-thread-1] INFO  o.t.s.dao.sql.TbSqlBlockingQueue - Queue-1 [TS] queueSize [0] totalAdded [4] totalSaved [4] totalFailed [0]
2025-12-08 08:37:25,272 [sql-log-2-thread-1] INFO  o.t.s.dao.sql.TbSqlBlockingQueue - Queue-1 [TS Latest] queueSize [0] totalAdded [4] totalSaved [4] totalFailed [0]
2025-12-08 08:37:39,656 [TB-Scheduling-15] INFO  o.t.s.c.t.s.DefaultTransportService - Transport Stats: openConnections [0]
2025-12-08 08:38:05,232 [sql-log-2-thread-1] INFO  o.t.s.dao.sql.TbSqlBlockingQueue - Queue-1 [TS] queueSize [0] totalAdded [7] totalSaved [7] totalFailed [0]
2025-12-08 08:38:05,270 [sql-log-2-thread-1] INFO  o.t.s.dao.sql.TbSqlBlockingQueue - Queue-1 [TS Latest] queueSize [0] totalAdded [7] totalSaved [7] totalFailed [0]
2025-12-08 08:38:25,230 [sql-log-2-thread-1] INFO  o.t.s.dao.sql.TbSqlBlockingQueue - Queue-1 [TS] queueSize [0] totalAdded [4] totalSaved [4] totalFailed [0]
2025-12-08 08:38:25,268 [sql-log-2-thread-1] INFO  o.t.s.dao.sql.TbSqlBlockingQueue - Queue-1 [TS Latest] queueSize [0] totalAdded [4] totalSaved [4] totalFailed [0]
2025-12-08 08:38:39,653 [TB-Scheduling-1] INFO  o.t.s.c.t.s.DefaultTransportService - Transport Stats: openConnections [0]
2025-12-08 08:39:05,227 [sql-log-2-thread-1] INFO  o.t.s.dao.sql.TbSqlBlockingQueue - Queue-1 [TS] queueSize [0] totalAdded [7] totalSaved [7] totalFailed [0]
2025-12-08 08:39:05,265 [sql-log-2-thread-1] INFO  o.t.s.dao.sql.TbSqlBlockingQueue - Queue-1 [TS Latest] queueSize [0] totalAdded [7] totalSaved [7] totalFailed [0]
2025-12-08 08:39:25,226 [sql-log-2-thread-1] INFO  o.t.s.dao.sql.TbSqlBlockingQueue - Queue-1 [TS] queueSize [0] totalAdded [4] totalSaved [4] totalFailed [0]
2025-12-08 08:39:25,263 [sql-log-2-thread-1] INFO  o.t.s.dao.sql.TbSqlBlockingQueue - Queue-1 [TS Latest] queueSize [0] totalAdded [4] totalSaved [4] totalFailed [0]
2025-12-08 08:39:39,649 [TB-Scheduling-1] INFO  o.t.s.c.t.s.DefaultTransportService - Transport Stats: openConnections [0]
2025-12-08 08:40:05,222 [sql-log-2-thread-1] INFO  o.t.s.dao.sql.TbSqlBlockingQueue - Queue-1 [TS] queueSize [0] totalAdded [7] totalSaved [7] totalFailed [0]
2025-12-08 08:40:05,260 [sql-log-2-thread-1] INFO  o.t.s.dao.sql.TbSqlBlockingQueue - Queue-1 [TS Latest] queueSize [0] totalAdded [7] totalSaved [7] totalFailed [0]
2025-12-08 08:40:25,220 [sql-log-2-thread-1] INFO  o.t.s.dao.sql.TbSqlBlockingQueue - Queue-1 [TS] queueSize [0] totalAdded [4] totalSaved [4] totalFailed [0]
2025-12-08 08:40:25,257 [sql-log-2-thread-1] INFO  o.t.s.dao.sql.TbSqlBlockingQueue - Queue-1 [TS Latest] queueSize [0] totalAdded [4] totalSaved [4] totalFailed [0]
2025-12-08 08:40:39,645 [TB-Scheduling-16] INFO  o.t.s.c.t.s.DefaultTransportService - Transport Stats: openConnections [0]
2025-12-08 08:41:05,218 [sql-log-2-thread-1] INFO  o.t.s.dao.sql.TbSqlBlockingQueue - Queue-1 [TS] queueSize [0] totalAdded [7] totalSaved [7] totalFailed [0]
2025-12-08 08:41:05,255 [sql-log-2-thread-1] INFO  o.t.s.dao.sql.TbSqlBlockingQueue - Queue-1 [TS Latest] queueSize [0] totalAdded [7] totalSaved [7] totalFailed [0]
2025-12-08 08:41:25,215 [sql-log-2-thread-1] INFO  o.t.s.dao.sql.TbSqlBlockingQueue - Queue-1 [TS] queueSize [0] totalAdded [4] totalSaved [4] totalFailed [0]
2025-12-08 08:41:25,253 [sql-log-2-thread-1] INFO  o.t.s.dao.sql.TbSqlBlockingQueue - Queue-1 [TS Latest] queueSize [0] totalAdded [4] totalSaved [4] totalFailed [0]
2025-12-08 08:41:39,641 [TB-Scheduling-12] INFO  o.t.s.c.t.s.DefaultTransportService - Transport Stats: openConnections [0]
2025-12-08 08:42:05,212 [sql-log-2-thread-1] INFO  o.t.s.dao.sql.TbSqlBlockingQueue - Queue-1 [TS] queueSize [0] totalAdded [7] totalSaved [7] totalFailed [0]
2025-12-08 08:42:05,250 [sql-log-2-thread-1] INFO  o.t.s.dao.sql.TbSqlBlockingQueue - Queue-1 [TS Latest] queueSize [0] totalAdded [7] totalSaved [7] totalFailed [0]
2025-12-08 08:42:25,210 [sql-log-2-thread-1] INFO  o.t.s.dao.sql.TbSqlBlockingQueue - Queue-1 [TS] queueSize [0] totalAdded [4] totalSaved [4] totalFailed [0]
2025-12-08 08:42:25,247 [sql-log-2-thread-1] INFO  o.t.s.dao.sql.TbSqlBlockingQueue - Queue-1 [TS Latest] queueSize [0] totalAdded [4] totalSaved [4] totalFailed [0]
2025-12-08 08:42:39,636 [TB-Scheduling-4] INFO  o.t.s.c.t.s.DefaultTransportService - Transport Stats: openConnections [0]
2025-12-08 08:43:05,207 [sql-log-2-thread-1] INFO  o.t.s.dao.sql.TbSqlBlockingQueue - Queue-1 [TS] queueSize [0] totalAdded [7] totalSaved [7] totalFailed [0]
2025-12-08 08:43:05,245 [sql-log-2-thread-1] INFO  o.t.s.dao.sql.TbSqlBlockingQueue - Queue-1 [TS Latest] queueSize [0] totalAdded [7] totalSaved [7] totalFailed [0]
2025-12-08 08:43:25,205 [sql-log-2-thread-1] INFO  o.t.s.dao.sql.TbSqlBlockingQueue - Queue-1 [TS] queueSize [0] totalAdded [4] totalSaved [4] totalFailed [0]
2025-12-08 08:43:25,242 [sql-log-2-thread-1] INFO  o.t.s.dao.sql.TbSqlBlockingQueue - Queue-1 [TS Latest] queueSize [0] totalAdded [4] totalSaved [4] totalFailed [0]
2025-12-08 08:43:39,632 [TB-Scheduling-12] INFO  o.t.s.c.t.s.DefaultTransportService - Transport Stats: openConnections [0]
2025-12-08 08:44:05,202 [sql-log-2-thread-1] INFO  o.t.s.dao.sql.TbSqlBlockingQueue - Queue-1 [TS] queueSize [0] totalAdded [7] totalSaved [7] totalFailed [0]
2025-12-08 08:44:05,240 [sql-log-2-thread-1] INFO  o.t.s.dao.sql.TbSqlBlockingQueue - Queue-1 [TS Latest] queueSize [0] totalAdded [7] totalSaved [7] totalFailed [0]
2025-12-08 08:44:25,200 [sql-log-2-thread-1] INFO  o.t.s.dao.sql.TbSqlBlockingQueue - Queue-1 [TS] queueSize [0] totalAdded [4] totalSaved [4] totalFailed [0]
2025-12-08 08:44:25,238 [sql-log-2-thread-1] INFO  o.t.s.dao.sql.TbSqlBlockingQueue - Queue-1 [TS Latest] queueSize [0] totalAdded [4] totalSaved [4] totalFailed [0]
2025-12-08 08:44:39,630 [TB-Scheduling-12] INFO  o.t.s.c.t.s.DefaultTransportService - Transport Stats: openConnections [0]
2025-12-08 08:45:05,198 [sql-log-2-thread-1] INFO  o.t.s.dao.sql.TbSqlBlockingQueue - Queue-1 [TS] queueSize [0] totalAdded [7] totalSaved [7] totalFailed [0]
2025-12-08 08:45:05,236 [sql-log-2-thread-1] INFO  o.t.s.dao.sql.TbSqlBlockingQueue - Queue-1 [TS Latest] queueSize [0] totalAdded [7] totalSaved [7] totalFailed [0]
2025-12-08 08:45:25,195 [sql-log-2-thread-1] INFO  o.t.s.dao.sql.TbSqlBlockingQueue - Queue-1 [TS] queueSize [0] totalAdded [4] totalSaved [4] totalFailed [0]
2025-12-08 08:45:25,233 [sql-log-2-thread-1] INFO  o.t.s.dao.sql.TbSqlBlockingQueue - Queue-1 [TS Latest] queueSize [0] totalAdded [4] totalSaved [4] totalFailed [0]
2025-12-08 08:45:39,627 [TB-Scheduling-7] INFO  o.t.s.c.t.s.DefaultTransportService - Transport Stats: openConnections [0]
2025-12-08 08:46:15,191 [sql-log-2-thread-1] INFO  o.t.s.dao.sql.TbSqlBlockingQueue - Queue-1 [TS] queueSize [0] totalAdded [7] totalSaved [7] totalFailed [0]
2025-12-08 08:46:15,228 [sql-log-2-thread-1] INFO  o.t.s.dao.sql.TbSqlBlockingQueue - Queue-1 [TS Latest] queueSize [0] totalAdded [7] totalSaved [7] totalFailed [0]
2025-12-08 08:46:25,191 [sql-log-2-thread-1] INFO  o.t.s.dao.sql.TbSqlBlockingQueue - Queue-1 [TS] queueSize [0] totalAdded [4] totalSaved [4] totalFailed [0]
2025-12-08 08:46:25,228 [sql-log-2-thread-1] INFO  o.t.s.dao.sql.TbSqlBlockingQueue - Queue-1 [TS Latest] queueSize [0] totalAdded [4] totalSaved [4] totalFailed [0]
2025-12-08 08:46:39,624 [TB-Scheduling-7] INFO  o.t.s.c.t.s.DefaultTransportService - Transport Stats: openConnections [0]
2025-12-08 08:47:15,186 [sql-log-2-thread-1] INFO  o.t.s.dao.sql.TbSqlBlockingQueue - Queue-1 [TS] queueSize [0] totalAdded [7] totalSaved [7] totalFailed [0]
2025-12-08 08:47:15,223 [sql-log-2-thread-1] INFO  o.t.s.dao.sql.TbSqlBlockingQueue - Queue-1 [TS Latest] queueSize [0] totalAdded [7] totalSaved [7] totalFailed [0]
2025-12-08 08:47:25,186 [sql-log-2-thread-1] INFO  o.t.s.dao.sql.TbSqlBlockingQueue - Queue-1 [TS] queueSize [0] totalAdded [4] totalSaved [4] totalFailed [0]
2025-12-08 08:47:25,223 [sql-log-2-thread-1] INFO  o.t.s.dao.sql.TbSqlBlockingQueue - Queue-1 [TS Latest] queueSize [0] totalAdded [4] totalSaved [4] totalFailed [0]
2025-12-08 08:47:39,620 [TB-Scheduling-7] INFO  o.t.s.c.t.s.DefaultTransportService - Transport Stats: openConnections [0]
2025-12-08 08:48:15,181 [sql-log-2-thread-1] INFO  o.t.s.dao.sql.TbSqlBlockingQueue - Queue-1 [TS] queueSize [0] totalAdded [7] totalSaved [7] totalFailed [0]
2025-12-08 08:48:15,219 [sql-log-2-thread-1] INFO  o.t.s.dao.sql.TbSqlBlockingQueue - Queue-1 [TS Latest] queueSize [0] totalAdded [7] totalSaved [7] totalFailed [0]
2025-12-08 08:48:25,182 [sql-log-2-thread-1] INFO  o.t.s.dao.sql.TbSqlBlockingQueue - Queue-1 [TS] queueSize [0] totalAdded [4] totalSaved [4] totalFailed [0]
2025-12-08 08:48:25,219 [sql-log-2-thread-1] INFO  o.t.s.dao.sql.TbSqlBlockingQueue - Queue-1 [TS Latest] queueSize [0] totalAdded [4] totalSaved [4] totalFailed [0]
2025-12-08 08:48:39,617 [TB-Scheduling-13] INFO  o.t.s.c.t.s.DefaultTransportService - Transport Stats: openConnections [0]
2025-12-08 08:49:15,177 [sql-log-2-thread-1] INFO  o.t.s.dao.sql.TbSqlBlockingQueue - Queue-1 [TS] queueSize [0] totalAdded [7] totalSaved [7] totalFailed [0]
2025-12-08 08:49:15,215 [sql-log-2-thread-1] INFO  o.t.s.dao.sql.TbSqlBlockingQueue - Queue-1 [TS Latest] queueSize [0] totalAdded [7] totalSaved [7] totalFailed [0]
2025-12-08 08:49:25,177 [sql-log-2-thread-1] INFO  o.t.s.dao.sql.TbSqlBlockingQueue - Queue-1 [TS] queueSize [0] totalAdded [4] totalSaved [4] totalFailed [0]
2025-12-08 08:49:25,214 [sql-log-2-thread-1] INFO  o.t.s.dao.sql.TbSqlBlockingQueue - Queue-1 [TS Latest] queueSize [0] totalAdded [4] totalSaved [4] totalFailed [0]
2025-12-08 08:49:39,613 [TB-Scheduling-5] INFO  o.t.s.c.t.s.DefaultTransportService - Transport Stats: openConnections [0]
2025-12-08 08:50:15,172 [sql-log-2-thread-1] INFO  o.t.s.dao.sql.TbSqlBlockingQueue - Queue-1 [TS] queueSize [0] totalAdded [7] totalSaved [7] totalFailed [0]
2025-12-08 08:50:15,210 [sql-log-2-thread-1] INFO  o.t.s.dao.sql.TbSqlBlockingQueue - Queue-1 [TS Latest] queueSize [0] totalAdded [7] totalSaved [7] totalFailed [0]
2025-12-08 08:50:25,172 [sql-log-2-thread-1] INFO  o.t.s.dao.sql.TbSqlBlockingQueue - Queue-1 [TS] queueSize [0] totalAdded [4] totalSaved [4] totalFailed [0]
2025-12-08 08:50:25,210 [sql-log-2-thread-1] INFO  o.t.s.dao.sql.TbSqlBlockingQueue - Queue-1 [TS Latest] queueSize [0] totalAdded [4] totalSaved [4] totalFailed [0]
2025-12-08 08:50:39,609 [TB-Scheduling-5] INFO  o.t.s.c.t.s.DefaultTransportService - Transport Stats: openConnections [0]
2025-12-08 08:51:15,167 [sql-log-2-thread-1] INFO  o.t.s.dao.sql.TbSqlBlockingQueue - Queue-1 [TS] queueSize [0] totalAdded [7] totalSaved [7] totalFailed [0]
2025-12-08 08:51:15,205 [sql-log-2-thread-1] INFO  o.t.s.dao.sql.TbSqlBlockingQueue - Queue-1 [TS Latest] queueSize [0] totalAdded [7] totalSaved [7] totalFailed [0]
2025-12-08 08:51:25,167 [sql-log-2-thread-1] INFO  o.t.s.dao.sql.TbSqlBlockingQueue - Queue-1 [TS] queueSize [0] totalAdded [4] totalSaved [4] totalFailed [0]
2025-12-08 08:51:25,205 [sql-log-2-thread-1] INFO  o.t.s.dao.sql.TbSqlBlockingQueue - Queue-1 [TS Latest] queueSize [0] totalAdded [4] totalSaved [4] totalFailed [0]
2025-12-08 08:51:39,606 [TB-Scheduling-3] INFO  o.t.s.c.t.s.DefaultTransportService - Transport Stats: openConnections [0]
2025-12-08 08:52:15,163 [sql-log-2-thread-1] INFO  o.t.s.dao.sql.TbSqlBlockingQueue - Queue-1 [TS] queueSize [0] totalAdded [7] totalSaved [7] totalFailed [0]
2025-12-08 08:52:15,200 [sql-log-2-thread-1] INFO  o.t.s.dao.sql.TbSqlBlockingQueue - Queue-1 [TS Latest] queueSize [0] totalAdded [7] totalSaved [7] totalFailed [0]
2025-12-08 08:52:25,163 [sql-log-2-thread-1] INFO  o.t.s.dao.sql.TbSqlBlockingQueue - Queue-1 [TS] queueSize [0] totalAdded [4] totalSaved [4] totalFailed [0]
2025-12-08 08:52:25,200 [sql-log-2-thread-1] INFO  o.t.s.dao.sql.TbSqlBlockingQueue - Queue-1 [TS Latest] queueSize [0] totalAdded [4] totalSaved [4] totalFailed [0]
2025-12-08 08:52:39,602 [TB-Scheduling-11] INFO  o.t.s.c.t.s.DefaultTransportService - Transport Stats: openConnections [0]
2025-12-08 08:53:15,159 [sql-log-2-thread-1] INFO  o.t.s.dao.sql.TbSqlBlockingQueue - Queue-1 [TS] queueSize [0] totalAdded [7] totalSaved [7] totalFailed [0]
2025-12-08 08:53:15,197 [sql-log-2-thread-1] INFO  o.t.s.dao.sql.TbSqlBlockingQueue - Queue-1 [TS Latest] queueSize [0] totalAdded [7] totalSaved [7] totalFailed [0]
2025-12-08 08:53:25,158 [sql-log-2-thread-1] INFO  o.t.s.dao.sql.TbSqlBlockingQueue - Queue-1 [TS] queueSize [0] totalAdded [4] totalSaved [4] totalFailed [0]
2025-12-08 08:53:25,196 [sql-log-2-thread-1] INFO  o.t.s.dao.sql.TbSqlBlockingQueue - Queue-1 [TS Latest] queueSize [0] totalAdded [4] totalSaved [4] totalFailed [0]
2025-12-08 08:53:39,599 [TB-Scheduling-7] INFO  o.t.s.c.t.s.DefaultTransportService - Transport Stats: openConnections [0]
2025-12-08 08:54:15,154 [sql-log-2-thread-1] INFO  o.t.s.dao.sql.TbSqlBlockingQueue - Queue-1 [TS] queueSize [0] totalAdded [7] totalSaved [7] totalFailed [0]
2025-12-08 08:54:15,192 [sql-log-2-thread-1] INFO  o.t.s.dao.sql.TbSqlBlockingQueue - Queue-1 [TS Latest] queueSize [0] totalAdded [7] totalSaved [7] totalFailed [0]
2025-12-08 08:54:25,154 [sql-log-2-thread-1] INFO  o.t.s.dao.sql.TbSqlBlockingQueue - Queue-1 [TS] queueSize [0] totalAdded [4] totalSaved [4] totalFailed [0]
2025-12-08 08:54:25,192 [sql-log-2-thread-1] INFO  o.t.s.dao.sql.TbSqlBlockingQueue - Queue-1 [TS Latest] queueSize [0] totalAdded [4] totalSaved [4] totalFailed [0]
2025-12-08 08:54:39,595 [TB-Scheduling-8] INFO  o.t.s.c.t.s.DefaultTransportService - Transport Stats: openConnections [0]
2025-12-08 08:55:15,150 [sql-log-2-thread-1] INFO  o.t.s.dao.sql.TbSqlBlockingQueue - Queue-1 [TS] queueSize [0] totalAdded [7] totalSaved [7] totalFailed [0]
2025-12-08 08:55:15,188 [sql-log-2-thread-1] INFO  o.t.s.dao.sql.TbSqlBlockingQueue - Queue-1 [TS Latest] queueSize [0] totalAdded [7] totalSaved [7] totalFailed [0]
2025-12-08 08:55:25,150 [sql-log-2-thread-1] INFO  o.t.s.dao.sql.TbSqlBlockingQueue - Queue-1 [TS] queueSize [0] totalAdded [4] totalSaved [4] totalFailed [0]
2025-12-08 08:55:25,188 [sql-log-2-thread-1] INFO  o.t.s.dao.sql.TbSqlBlockingQueue - Queue-1 [TS Latest] queueSize [0] totalAdded [4] totalSaved [4] totalFailed [0]
2025-12-08 08:55:39,592 [TB-Scheduling-11] INFO  o.t.s.c.t.s.DefaultTransportService - Transport Stats: openConnections [0]
2025-12-08 08:56:25,146 [sql-log-2-thread-1] INFO  o.t.s.dao.sql.TbSqlBlockingQueue - Queue-1 [TS] queueSize [0] totalAdded [11] totalSaved [11] totalFailed [0]
2025-12-08 08:56:25,184 [sql-log-2-thread-1] INFO  o.t.s.dao.sql.TbSqlBlockingQueue - Queue-1 [TS Latest] queueSize [0] totalAdded [11] totalSaved [11] totalFailed [0]
2025-12-08 08:56:39,590 [TB-Scheduling-1] INFO  o.t.s.c.t.s.DefaultTransportService - Transport Stats: openConnections [0]
2025-12-08 08:57:25,142 [sql-log-2-thread-1] INFO  o.t.s.dao.sql.TbSqlBlockingQueue - Queue-1 [TS] queueSize [0] totalAdded [11] totalSaved [11] totalFailed [0]
2025-12-08 08:57:25,180 [sql-log-2-thread-1] INFO  o.t.s.dao.sql.TbSqlBlockingQueue - Queue-1 [TS Latest] queueSize [0] totalAdded [11] totalSaved [11] totalFailed [0]
2025-12-08 08:57:39,588 [TB-Scheduling-10] INFO  o.t.s.c.t.s.DefaultTransportService - Transport Stats: openConnections [0]
2025-12-08 08:58:25,138 [sql-log-2-thread-1] INFO  o.t.s.dao.sql.TbSqlBlockingQueue - Queue-1 [TS] queueSize [0] totalAdded [11] totalSaved [11] totalFailed [0]
2025-12-08 08:58:25,175 [sql-log-2-thread-1] INFO  o.t.s.dao.sql.TbSqlBlockingQueue - Queue-1 [TS Latest] queueSize [0] totalAdded [11] totalSaved [11] totalFailed [0]
2025-12-08 08:58:39,585 [TB-Scheduling-12] INFO  o.t.s.c.t.s.DefaultTransportService - Transport Stats: openConnections [0]
2025-12-08 08:59:25,134 [sql-log-2-thread-1] INFO  o.t.s.dao.sql.TbSqlBlockingQueue - Queue-1 [TS] queueSize [0] totalAdded [11] totalSaved [11] totalFailed [0]
2025-12-08 08:59:25,172 [sql-log-2-thread-1] INFO  o.t.s.dao.sql.TbSqlBlockingQueue - Queue-1 [TS Latest] queueSize [0] totalAdded [11] totalSaved [11] totalFailed [0]
2025-12-08 08:59:39,583 [TB-Scheduling-9] INFO  o.t.s.c.t.s.DefaultTransportService - Transport Stats: openConnections [0]
2025-12-08 09:00:25,130 [sql-log-2-thread-1] INFO  o.t.s.dao.sql.TbSqlBlockingQueue - Queue-1 [TS] queueSize [0] totalAdded [13] totalSaved [13] totalFailed [0]
2025-12-08 09:00:25,168 [sql-log-2-thread-1] INFO  o.t.s.dao.sql.TbSqlBlockingQueue - Queue-1 [TS Latest] queueSize [0] totalAdded [13] totalSaved [13] totalFailed [0]
2025-12-08 09:00:39,580 [TB-Scheduling-2] INFO  o.t.s.c.t.s.DefaultTransportService - Transport Stats: openConnections [0]
2025-12-08 09:01:25,125 [sql-log-2-thread-1] INFO  o.t.s.dao.sql.TbSqlBlockingQueue - Queue-1 [TS] queueSize [0] totalAdded [11] totalSaved [11] totalFailed [0]
2025-12-08 09:01:25,165 [sql-log-2-thread-1] INFO  o.t.s.dao.sql.TbSqlBlockingQueue - Queue-1 [TS Latest] queueSize [0] totalAdded [11] totalSaved [11] totalFailed [0]
2025-12-08 09:01:39,577 [TB-Scheduling-11] INFO  o.t.s.c.t.s.DefaultTransportService - Transport Stats: openConnections [0]
2025-12-08 09:02:25,122 [sql-log-2-thread-1] INFO  o.t.s.dao.sql.TbSqlBlockingQueue - Queue-1 [TS] queueSize [0] totalAdded [11] totalSaved [11] totalFailed [0]
2025-12-08 09:02:25,160 [sql-log-2-thread-1] INFO  o.t.s.dao.sql.TbSqlBlockingQueue - Queue-1 [TS Latest] queueSize [0] totalAdded [11] totalSaved [11] totalFailed [0]
